start_time,end_time,open,close,low,high,h_open,h_close,h_low,h_high,finish,atr_14,macd_13_34,st_signal,av2_open,av2_close,histo2,qqe,ema_h200,ema_200,fastk,fastd,xo_signal,macd_hists
2023-06-01 00:00:00,2023-06-01 00:00:59,2.0851,2.0898,2.085,2.09,2.0867883235234927,2.087475,2.085,2.09,True,0.0037963989107162024,-0.0002061326633686837,0,2.083982215016331,2.084186664341038,2.0832098663458396,0.0,2.089493004975621,2.089530659595213,35.304366608664395,23.97183664055554,0,2
2023-06-01 00:01:00,2023-06-01 00:01:59,2.0897,2.0881,2.088,2.0902,2.087131661761746,2.089,2.088,2.0902,True,0.003682370417093599,-0.00015328845709491846,0,2.0840844396786844,2.0843000372252676,2.514815229198618,0.0,2.0894880994534755,2.089516424176355,47.31485833694628,34.994959821686756,0,2
2023-06-01 00:02:00,2023-06-01 00:02:59,2.0881,2.0855,2.0852,2.09,2.088065830880873,2.0872,2.0852,2.09,True,0.0037622011015869075,-0.00030166097105828156,0,2.0841922384519758,2.0844091933229696,-0.051086754711775484,-0.0,2.0894653322947345,2.08947645975669,47.57024963234525,43.39649152598528,0,1
2023-06-01 00:03:00,2023-06-01 00:03:59,2.0855,2.084,2.082,2.0856,2.0876329154404365,2.084275,2.082,2.0876329154404365,True,0.0037506153086164173,-0.0004975435521384773,0,2.0843007158874727,2.084494211977435,-3.2546614503335505,-3.2546614503335505,2.0894136871972746,2.0894219676198076,34.63153754313053,43.17221517080733,0,1
2023-06-01 00:04:00,2023-06-01 00:04:59,2.084,2.0821,2.0803,2.084,2.085953957720218,2.0826,2.0803,2.085953957720218,True,0.0037469999294295485,-0.0007419643732943797,0,2.084397463932454,2.084548151453404,-7.163552151670352,-7.163552151670352,2.0893458893147145,2.0893491122206056,11.718173943040052,31.306653706171915,0,-2
2023-06-01 00:05:00,2023-06-01 00:05:59,2.0821,2.0815,2.0799,2.0822,2.084276978860109,2.0814250000000003,2.0799,2.084276978860109,True,0.00364364279161315,-0.0009164384289236608,0,2.084472807692929,2.0845691902418366,-10.325044946931541,-10.325044946931541,2.0892670744956625,2.089271011601495,-4.026408835973901e-14,15.449903828723484,-1,-2
2023-06-01 00:06:00,2023-06-01 00:06:59,2.0816,2.0789,2.0789,2.0816,2.082850989430055,2.08025,2.0789,2.082850989430055,True,0.003576239735069348,-0.001173502861520355,0,2.0845209989673825,2.0845561199895606,-14.638287769414134,-14.638287769414134,2.0891773523613772,2.0891678174562065,-4.026408835973901e-14,3.906057981013294,0,-2
2023-06-01 00:07:00,2023-06-01 00:07:59,2.079,2.082,2.0789,2.0822,2.081550494715027,2.0805249999999997,2.0789,2.0822,True,0.0035565083254215273,-0.0010796497668048633,0,2.0845385594784713,2.0845181719179435,-12.114311275365736,-12.114311275365736,2.0890912593030553,2.089096495889478,1.3983088242439232,0.46610294141458425,0,-2
2023-06-01 00:08:00,2023-06-01 00:08:59,2.0821,2.0835,2.082,2.0849,2.0810377473575135,2.083125,2.082,2.0849,True,0.0035096148736057284,-0.0008710831529418472,0,2.0845283656982074,2.0844787364933395,-8.267483657729592,-8.267483657729592,2.089031893538846,2.0890408093632145,14.916421986529523,5.438243603591105,0,-1
2023-06-01 00:09:00,2023-06-01 00:09:59,2.0837,2.0846,2.082,2.0847,2.082081373678757,2.08375,2.082,2.0847,True,0.003451785239776774,-0.0006237213474803873,0,2.0845035510957732,2.0844426887988856,-4.168734015293772,-4.168734015293772,2.0889793373842305,2.0889966222053715,31.05526506269199,15.789998624488447,0,-1
2023-06-01 00:10:00,2023-06-01 00:10:59,2.0847,2.0877,2.0847,2.0878,2.0829156868393786,2.0862249999999998,2.0847,2.0878,True,0.0034338005797927254,-0.00022422212557765697,0,2.0844731199473294,2.0844265367457986,2.1700538744717974,0.0,2.0889519310420988,2.088983720491885,55.23075709774954,33.73414804899031,0,-1
2023-06-01 00:11:00,2023-06-01 00:11:59,2.0878,2.0903,2.0875,2.0905,2.0845703434196894,2.0890250000000004,2.0875,2.0905,True,0.003402814824093253,0.00022178225621733878,0,2.084449828346564,2.08444537046904,8.63980399815798,8.63980399815798,2.088952658096406,2.0889968178004237,75.04597726879727,53.77733314307957,1,2
2023-06-01 00:12:00,2023-06-01 00:12:59,2.0904,2.0931,2.0899,2.0934,2.086797671709845,2.0917000000000003,2.0899,2.0934,True,0.0034097566223722947,0.0006911811532151891,0,2.084447599407802,2.0845099728654235,14.832354266800735,14.832354266800735,2.088979994831765,2.0890376454840016,92.24046752596814,74.17240063083828,0,2
2023-06-01 00:13:00,2023-06-01 00:13:59,2.0931,2.0951,2.0931,2.0953,2.0892488358549226,2.09415,2.0931,2.0953,True,0.0033233454350599704,0.001098644666049153,0,2.084478786136613,2.0846269756243916,20.064379982005292,20.064379982005292,2.08903143766926,2.0890979674194843,99.99999999999996,89.09548159825509,0,2
2023-06-01 00:14:00,2023-06-01 00:14:59,2.0952,2.0969,2.095,2.0975,2.0916994179274613,2.09615,2.095,2.0975,True,0.0032645350468413973,0.0014322627855807377,0,2.0845528808805023,2.0847981529209076,24.432919728615715,24.432919728615715,2.089102269135237,2.0891755995844647,99.99999999999996,97.41348917532264,0,2
2023-06-01 00:15:00,2023-06-01 00:15:59,2.0966,2.0979,2.0942,2.099,2.0939247089637307,2.0969249999999997,2.0942,2.099,True,0.00337421111492418,0.0016459632939767558,0,2.084675516900705,2.0850161250777126,27.810576209453842,27.810576209453842,2.0891801072532945,2.0892624095388483,99.99999999999996,99.9999999999999,0,2
2023-06-01 00:16:00,2023-06-01 00:16:59,2.0979,2.0942,2.0937,2.098,2.095424854481865,2.09595,2.0937,2.098,True,0.003440338892429578,0.001447565677826509,0,2.084845820989209,2.085262754099432,22.475583301328854,22.475583301328854,2.0892474693701772,2.089311539792193,97.01236071692854,99.0041202389761,0,1
2023-06-01 00:17:00,2023-06-01 00:17:59,2.0943,2.0916,2.0916,2.0947,2.0956874272409327,2.09305,2.0916,2.0956874272409327,True,0.0034160289715417422,0.0010647068558735711,0,2.0850542875443208,2.085510355651013,15.108138658591628,15.108138658591628,2.089285305495847,2.0893343105405293,86.02382767296842,94.3453961299656,0,1
2023-06-01 00:18:00,2023-06-01 00:18:59,2.0916,2.0919,2.091,2.0936,2.094368713620466,2.092025,2.091,2.094368713620466,True,0.003357741187860169,0.0007768966433088715,0,2.085282321597667,2.085749991482182,10.609602474489222,10.609602474489222,2.0893125661376795,2.0893598397888824,72.49135379812942,85.17584739600875,0,1
2023-06-01 00:19:00,2023-06-01 00:19:59,2.092,2.0923,2.0905,2.0928,2.0931968568102333,2.0919000000000003,2.0905,2.0931968568102333,True,0.0032821882458701547,0.0005690490977150416,0,2.0855161565399247,2.085980854056072,8.23026315869948,0.0,2.08933831174825,2.0893890951143663,61.62947633217714,73.38155260109163,0,1
2023-06-01 00:20:00,2023-06-01 00:20:59,2.0924,2.0886,2.0886,2.0933,2.0925484284051166,2.090725,2.0886,2.0933,True,0.0033834605140222974,0.00014015987787896087,0,2.0857485052979983,2.0861951636704648,1.3153131101910418,0.0,2.089352109641302,2.089381243421686,55.289071534412805,63.13663388823975,0,1
2023-06-01 00:21:00,2023-06-01 00:21:59,2.0886,2.0848,2.0842,2.089,2.0916367142025583,2.08665,2.0842,2.0916367142025583,True,0.0034846419058778416,-0.00041946927556076085,0,2.0859718344842317,2.086367011797951,-6.658956075735581,-6.658956075735581,2.0893252229782044,2.089335658910027,35.48821207591846,50.802253314169434,0,1
2023-06-01 00:22:00,2023-06-01 00:22:59,2.085,2.0846,2.0825,2.0862,2.089143357101279,2.084575,2.0825,2.089143357101279,True,0.003500024626886554,-0.0007909576007749334,0,2.0861694231410914,2.0864900139305833,-12.127810898436515,-12.127810898436515,2.0892779570779236,2.0892885379258477,16.004395491608836,35.593893033979995,0,1
2023-06-01 00:23:00,2023-06-01 00:23:59,2.0846,2.084,2.0831,2.085,2.0868591785506396,2.084175,2.0831,2.0868591785506396,True,0.0033857371535375154,-0.0010502652655460757,-1,2.086329718535837,2.0865709709171285,-16.283470310972014,-16.283470310972014,2.089227181385606,2.089235915657929,-3.789561257387201e-14,17.164202522509047,0,-2
2023-06-01 00:24:00,2023-06-01 00:24:59,2.084,2.0852,2.0834,2.0861,2.08551708927532,2.084675,2.0834,2.0861,True,0.0033367559282848304,-0.0011002590240603428,0,2.0864503447264826,2.086621700545183,-16.072005089756125,-16.072005089756125,2.0891818860484355,2.0891957572931736,1.4427408340243772,5.8157121085443535,-1,-2
2023-06-01 00:25:00,2023-06-01 00:25:59,2.0849,2.0835,2.0826,2.0849,2.08509604463766,2.0839749999999997,2.0826,2.08509604463766,True,0.0032841305048359254,-0.0012097411184753045,0,2.0865360226358325,2.0866434811576977,-17.870094738704744,-17.870094738704744,2.089130076237008,2.0891390830912515,1.4427408340243772,0.9618272226828672,0,-2
2023-06-01 00:26:00,2023-06-01 00:26:59,2.0836,2.0877,2.0831,2.088,2.0845355223188298,2.0856000000000003,2.0831,2.088,True,0.003399549754490511,-0.0009462222044032396,0,2.086589751896765,2.0866534697966577,-11.10632518038225,-11.10632518038225,2.0890949511003214,2.0891247638565127,6.2816572159221735,3.055712961323604,0,-1
2023-06-01 00:27:00,2023-06-01 00:27:59,2.0878,2.0896,2.0877,2.0901,2.085067761159415,2.0888,2.0877,2.0901,True,0.003328153343455487,-0.000609547614530136,0,2.086621610846711,2.086676061402311,-4.161399620019701,-4.161399620019701,2.0890920162635025,2.0891294925743584,17.783632830569335,8.502676960171923,0,-1
2023-06-01 00:28:00,2023-06-01 00:28:59,2.0897,2.0901,2.0897,2.0935,2.0869338805797075,2.0907500000000003,2.0897,2.0935,True,0.0033689995332086835,-0.00033569646300763887,0,2.086648836124511,2.08672179948359,1.0894860591311755,0.0,2.0891085136141143,2.089139149364663,34.89759583898912,19.65429529516017,1,-1
2023-06-01 00:29:00,2023-06-01 00:29:59,2.0902,2.089,2.0889,2.0907,2.088841940289854,2.0897,2.0889,2.0907,True,0.0032569281379794777,-0.00022392415522510514,0,2.0866853178040503,2.086778243019392,2.355819147826665,0.0,2.0891143990507897,2.0891377647938705,45.99774482726239,32.89299116560691,0,-1
2023-06-01 00:30:00,2023-06-01 00:30:59,2.0891,2.0894,2.0878,2.0894,2.089270970144927,2.0889249999999997,2.0878,2.0894,True,0.0031385761281237886,-0.0001187363967153197,0,2.086731780411721,2.086837410447961,3.8817533502734207,0.0,2.08911251448312,2.089140374099404,52.537730274660554,44.47769031363732,0,-1
2023-06-01 00:31:00,2023-06-01 00:31:59,2.09,2.0937,2.09,2.0937,2.0890979850724634,2.09185,2.09,2.0937,True,0.0032215349761149604,0.00024509396020341444,0,2.0867845954298407,2.0869183850756134,10.196419603352076,10.196419603352076,2.0891397531449796,2.0891857435113503,68.7571005995741,55.764191900498986,0,2
2023-06-01 00:32:00,2023-06-01 00:32:59,2.0938,2.0916,2.0898,2.0942,2.0904739925362317,2.0923499999999997,2.0898,2.0942,True,0.0033057110492496033,0.00032055213784773723,0,2.0868514902527266,2.0870194036241383,10.089881279591744,10.089881279591744,2.089171695899756,2.089209765963974,86.15136856273637,69.14873314565698,0,2
2023-06-01 00:33:00,2023-06-01 00:33:59,2.0916,2.093,2.0905,2.0934,2.091411996268116,2.0921250000000002,2.0905,2.0934,True,0.0032767316885889105,0.00044565760526251905,0,2.086935446938432,2.0871339660585746,11.684392260621472,11.684392260621472,2.0892010820102063,2.0892474797354765,98.854735203941,84.58773478875047,0,2
2023-06-01 00:34:00,2023-06-01 00:34:59,2.093,2.0948,2.0929,2.0948,2.091768498134058,2.093875,2.0929,2.0948,True,0.0031783937108325606,0.0006239455523340902,0,2.087034706498503,2.0872704125305677,14.6344999766373,14.6344999766373,2.089247588656871,2.0893027286933323,98.854735203941,94.62027965687275,0,2
2023-06-01 00:35:00,2023-06-01 00:35:59,2.0948,2.0938,2.0926,2.0954,2.092821749067029,2.09415,2.0926,2.0954,True,0.0031513655886302445,0.0006355941489526074,0,2.087152559514535,2.0874250390837794,14.320117666537854,14.320117666537854,2.0892963688692405,2.089347477661558,98.854735203941,98.85473520394096,0,2
2023-06-01 00:36:00,2023-06-01 00:36:59,2.0939,2.0901,2.0901,2.0941,2.0934858745335143,2.0920500000000004,2.0901,2.0941,True,0.003211982332299513,0.00035280174420716836,0,2.0872887992991567,2.087578509806917,7.718515164705039,7.718515164705039,2.0893237681839745,2.08935496544602,90.31553388220603,96.00833476336264,0,1
2023-06-01 00:37:00,2023-06-01 00:37:59,2.0902,2.0883,2.0881,2.0911,2.0927679372667574,2.089425,2.0881,2.0927679372667574,True,0.0031968407371352698,2.2050731863221523e-05,0,2.0874336545530365,2.0877120072729416,1.0992583657922879,0.0,2.089324775465726,2.089344468277403,70.39118929798151,86.5204861280428,0,1
2023-06-01 00:38:00,2023-06-01 00:38:59,2.0881,2.0882,2.0879,2.089,2.0910964686333786,2.0883,2.0879,2.0910964686333786,True,0.003047066398768472,-0.0002083215155845061,0,2.087572830912989,2.087821145022193,-3.4381112805179725,-3.4381112805179725,2.0893145786949225,2.089333080533349,46.54530934072375,69.08401084030372,0,1
2023-06-01 00:39:00,2023-06-01 00:39:59,2.088,2.0857,2.0855,2.088,2.089698234316689,2.0868,2.0855,2.089698234316689,True,0.0030222759417135757,-0.0005276838867561719,0,2.0876969879675906,2.0879000637988954,-9.317196486047962,-9.317196486047962,2.089289558011391,2.089296930478291,22.89644212518434,46.61098025462982,0,-2
2023-06-01 00:40:00,2023-06-01 00:40:59,2.0858,2.0871,2.0852,2.0871,2.0882491171583446,2.0863,2.0852,2.0882491171583446,True,0.0029421133744483214,-0.0006219522822555686,0,2.087798525883243,2.087951218967525,-10.08396971014502,-10.08396971014502,2.0892598111655065,2.0892750704735317,9.487453376075521,26.309734947327826,0,-2
2023-06-01 00:41:00,2023-06-01 00:41:59,2.0872,2.0873,2.0858,2.0883,2.087274558579172,2.08715,2.0858,2.0883,True,0.002910533847702009,-0.0006477283552656146,0,2.0878748724253837,2.0879859965773546,-10.137069232011378,-10.137069232011378,2.089238818019581,2.089255418031009,4.129859764820188,12.171251755359974,-1,-2
2023-06-01 00:42:00,2023-06-01 00:42:59,2.0873,2.0897,2.0872,2.0909,2.087212279289586,2.088775,2.0872,2.0909,True,0.0029669242871518528,-0.000476150093469401,0,2.087930434501369,2.088018790636707,-5.290952373064208,-5.290952373064208,2.0892342029149082,2.089259841732193,15.71527848194136,9.777530540945646,0,-1
2023-06-01 00:43:00,2023-06-01 00:43:59,2.0899,2.0904,2.0899,2.0906,2.087993639644793,2.0902,2.0899,2.0906,True,0.0028192868380695546,-0.00030047376722017226,0,2.087974612569038,2.088059575046134,-0.8684046391406568,-0.0,2.089243812836153,2.089271186590579,33.28918948330392,17.711442576688444,1,-1
2023-06-01 00:44:00,2023-06-01 00:44:59,2.0905,2.0898,2.089,2.0905,2.0890968198223963,2.08995,2.089,2.0905,True,0.0027250520639217333,-0.0002186877131036939,0,2.088017093807586,2.08810465522408,0.6376642658320861,0.0,2.0892508395741016,2.0892764484155486,45.56863530694876,31.524367757397968,0,-1
2023-06-01 00:45:00,2023-06-01 00:45:59,2.0897,2.0909,2.0897,2.0915,2.089523409911198,2.09045,2.0897,2.0915,True,0.0026589769164987384,-8.434815129701825e-05,0,2.0880608745158327,2.0881562387245616,3.820682469164069,0.0,2.089262771518638,2.0892926031576824,52.59180497511144,43.81654325512133,0,-1
2023-06-01 00:46:00,2023-06-01 00:46:59,2.091,2.0918,2.0907,2.0918,2.0899867049555994,2.0913250000000003,2.0907,2.0918,True,0.0025476214224631213,6.436071540274189e-05,0,2.088108556620197,2.088218591849472,7.5568225473504285,7.5568225473504285,2.0892832912050197,2.089317552379994,57.44987681151782,51.870105697859294,0,2
2023-06-01 00:47:00,2023-06-01 00:47:59,2.0919,2.0941,2.0901,2.0945,2.0906558524778,2.09265,2.0901,2.0945,True,0.0026799341780014666,0.00031157797424602885,0,2.0881635742348346,2.0882980870757772,13.214347261145718,13.214347261145718,2.0893167907950194,2.0893651389234766,68.94002613916196,59.66056930859704,0,2
2023-06-01 00:48:00,2023-06-01 00:48:59,2.0942,2.0896,2.0891,2.0958,2.0916529262388996,2.092175,2.0891,2.0958,True,0.0029670817367156424,0.00014458996075732773,0,2.088230830655306,2.0883872739721254,7.31133881917922,7.31133881917922,2.089345230687606,2.089367475849611,75.47201076964716,67.28730457344227,0,1
2023-06-01 00:49:00,2023-06-01 00:49:59,2.0896,2.0905,2.088,2.0906,2.09191396311945,2.0896749999999997,2.088,2.09191396311945,True,0.0029408616126645045,8.735262901002295e-05,0,2.088309052313716,2.088466326612838,4.928639132041845,0.0,2.0893485119742965,2.0893787447466297,67.46182413276877,70.62462034719259,0,1
2023-06-01 00:50:00,2023-06-01 00:50:59,2.0906,2.0929,2.0903,2.0934,2.090794481559725,2.0918,2.0903,2.0934,True,0.002952228640331317,0.0002063568384278676,0,2.0883876894632776,2.0885514378574963,6.908057142757265,6.908057142757265,2.089372904889975,2.089413782112335,65.08392575117814,69.33925355119798,0,2
2023-06-01 00:51:00,2023-06-01 00:51:59,2.0929,2.0897,2.0884,2.0929,2.0912972407798627,2.0909750000000003,2.0884,2.0929,True,0.0030627837374505207,4.962664409672939e-05,0,2.088469563660387,2.0886350747526388,3.038718318871041,0.0,2.0893888461348507,2.089416630051516,60.60950134399639,64.38508374264772,0,1
2023-06-01 00:52:00,2023-06-01 00:52:59,2.0897,2.0891,2.0853,2.0898,2.0911361203899315,2.0884750000000003,2.0853,2.0911361203899315,True,0.003165442041918321,-0.00010013272604544475,0,2.088552319206513,2.0886998243853316,-0.3624797517326712,-0.0,2.089379753138484,2.0894134795037393,53.670875544210645,59.788100879795,0,-2
2023-06-01 00:53:00,2023-06-01 00:53:59,2.0896,2.0927,2.0896,2.0936,2.089805560194966,2.0913749999999998,2.0896,2.0936,True,0.003260767610352707,4.950212713235357e-05,0,2.0886260717959226,2.08876915677618,2.7338881827643675,0.0,2.0893996063410865,2.0894461812002194,50.15481261664217,54.81172983494968,0,2
2023-06-01 00:54:00,2023-06-01 00:54:59,2.0928,2.0929,2.0922,2.0945,2.0905902800974827,2.0931,2.0922,2.0945,True,0.0031921413524703688,0.00015276253434338733,0,2.0886976142860516,2.088853456845296,5.050330885875191,0.0,2.0894364261784886,2.089480547556436,58.16744586290349,53.99771134125205,0,2
2023-06-01 00:55:00,2023-06-01 00:55:59,2.0929,2.0934,2.0921,2.0934,2.0918451400487417,2.09295,2.0921,2.0934,True,0.0030569883987224913,0.00024172628141468728,0,2.088775535565674,2.0889479335251298,7.29839037228588,7.29839037228588,2.089471387112036,2.089519547083238,77.81862095860764,62.046959812717716,0,2
2023-06-01 00:56:00,2023-06-01 00:56:59,2.0939,2.0945,2.0938,2.095,2.092397570024371,2.0943,2.0938,2.095,True,0.002952917798813761,0.00035820071135767527,0,2.088861734545402,2.0890590365473307,10.343893483639953,10.343893483639953,2.0895194330114184,2.0895691038286786,89.14646068499087,75.04417583550061,0,2
2023-06-01 00:57:00,2023-06-01 00:57:59,2.0946,2.0945,2.0942,2.0956,2.0933487850121857,2.094725,2.0942,2.0956,True,0.0028419950988985134,0.0004112187868227353,0,2.0889603855463665,2.08918538327289,12.374228891209341,12.374228891209341,2.089571229697872,2.089618167472174,93.80101216347559,86.92203126902466,0,2
2023-06-01 00:58:00,2023-06-01 00:58:59,2.0946,2.0931,2.0931,2.0947,2.094036892506093,2.0938749999999997,2.0931,2.0947,True,0.0027532811632628926,0.0003241586055773059,0,2.0890728844096285,2.089317032696458,9.695818943468076,9.695818943468076,2.089614053282968,2.0896528125719533,93.59807034518315,92.18184773121648,0,1
2023-06-01 00:59:00,2023-06-01 00:59:59,2.0932,2.0946,2.0919,2.0955,2.0939559462530464,2.0938,2.0919,2.0955,True,0.0028137610801726894,0.0003487702720397037,0,2.089194958553043,2.0894514391366497,10.79732055115526,10.79732055115526,2.0896557044940827,2.089702038317506,86.61865913649704,91.33924721505188,0,2
2023-06-01 01:00:00,2023-06-01 01:00:59,2.0946,2.0955,2.0946,2.0988,2.0938779731265234,2.095875,2.0946,2.0988,True,0.0029127781458746704,0.00040276391498038247,0,2.0893231988448466,2.089601330730992,13.01366087457842,13.01366087457842,2.089717588031455,2.089759729478526,86.61865913649704,88.94512953939237,0,2
2023-06-01 01:01:00,2023-06-01 01:01:59,2.096,2.0934,2.0929,2.0975,2.094876486563262,2.09495,2.0929,2.0975,True,0.0030332939925979035,0.0002669578413318043,0,2.0894622647879193,2.0897560389966507,8.831265589286573,8.831265589286573,2.089769651832137,2.0897959510757547,86.37620120567347,86.53783982622247,0,1
2023-06-01 01:02:00,2023-06-01 01:02:59,2.0937,2.0926,2.0926,2.0937,2.094913243281631,2.09315,2.0926,2.094913243281631,True,0.0028952015645552034,0.00010324486387097405,0,2.089609151892285,2.089901128084045,4.30679860737191,0.0,2.08980328713729,2.0898238520600754,74.83308233325688,82.6093142251424,0,1
2023-06-01 01:03:00,2023-06-01 01:03:59,2.0928,2.0922,2.0918,2.0936,2.0940316216408155,2.0926,2.0918,2.0940316216408155,True,0.0028169728813726745,-4.390039423199073e-05,0,2.089755139988165,2.090033874874401,0.4107583661783778,0.0,2.0898311151259734,2.089847495323159,52.902306004998344,71.37052984797616,0,1
2023-06-01 01:04:00,2023-06-01 01:04:59,2.092,2.0933,2.0911,2.094,2.0933158108204077,2.0926,2.0911,2.094,True,0.002822903389846048,-7.079877583297855e-05,0,2.089894507431283,2.090155993703348,0.9001636285548003,0.0,2.0898586662192473,2.0898818486035258,37.61591726238017,55.11710186687839,0,1
2023-06-01 01:05:00,2023-06-01 01:05:59,2.0936,2.0932,2.0911,2.0938,2.092957905410204,2.092925,2.0911,2.0938,True,0.0028141245762856107,-0.00010091631275658294,0,2.0900252505673156,2.090271137044125,0.9272530400613874,0.0,2.0898891770031356,2.0899148650353316,36.28049741041225,42.26624022593018,0,1
2023-06-01 01:06:00,2023-06-01 01:06:59,2.0932,2.0939,2.0929,2.0939,2.092941452705102,2.093475,2.0929,2.0939,True,0.0026845442494080594,-7.674101201440766e-05,0,2.0901481938057205,2.0903837721131477,3.018569627668306,0.0,2.0899248568339504,2.089954518119557,33.43865742452135,35.77835736577119,0,2
2023-06-01 01:07:00,2023-06-01 01:07:59,2.0938,2.0915,2.0912,2.0938,2.093208226352551,2.092575,2.0912,2.0938,True,0.0026856482315931927,-0.00023099528848471366,0,2.0902659829594343,2.0904874846487034,-2.127020355747568,-0.0,2.0899512264176923,2.0899698960487156,22.03610041944655,30.585085084793317,0,1
2023-06-01 01:08:00,2023-06-01 01:08:59,2.0915,2.0914,2.0911,2.0923,2.092891613176276,2.0915749999999997,2.0911,2.092891613176276,True,0.0025795305007650982,-0.00033559262566493263,0,2.090376733804069,2.0905765997691583,-5.768627422873983,-5.768627422873983,2.08996738336876,2.0899841259387784,8.560717019183835,21.34515828771718,0,-2
2023-06-01 01:09:00,2023-06-01 01:09:59,2.0913,2.0943,2.0913,2.0949,2.0922333065881378,2.09295,2.0913,2.0949,True,0.0026524211792818804,-0.0001971268324664657,0,2.0904766667866137,2.090663044779814,-0.4246646629861388,-0.0,2.0899970611461853,2.090027069959288,10.797630017939747,13.798149152189977,0,-1
2023-06-01 01:10:00,2023-06-01 01:10:59,2.0943,2.0943,2.0939,2.0959,2.092591653294069,2.0946000000000002,2.0939,2.0959,True,0.002605819666476016,-0.00010626541943223019,0,2.0905698557832135,2.090758115244259,3.1379771769390885,0.0,2.0900428615327904,2.0900695866761114,32.90954094548895,17.42262932753744,0,2
2023-06-01 01:11:00,2023-06-01 01:11:59,2.0943,2.0951,2.0941,2.0951,2.093595826647035,2.09465,2.0941,2.0951,True,0.002491118261727721,4.769449955091152e-06,0,2.090663985513736,2.0908596673578153,7.209529326020508,7.209529326020508,2.0900887037065936,2.090119640540031,55.35016255354344,33.01911117232398,0,2
2023-06-01 01:12:00,2023-06-01 01:12:59,2.0953,2.0913,2.091,2.0955,2.0941229133235177,2.093275,2.091,2.0955,True,0.002634609814461436,-0.00019157452089037892,0,2.0907618264357755,2.0909561918015394,0.7314217977631898,0.0,2.090120408147324,2.090131385410279,55.0254386997413,47.76171406625783,0,-2
2023-06-01 01:13:00,2023-06-01 01:13:59,2.0913,2.0935,2.0904,2.0942,2.093698956661759,2.0923499999999997,2.0904,2.0942,True,0.002717851970571335,-0.0001660915317567898,0,2.0908590091186574,2.0910417491814077,1.11486618552928,0.0,2.0901425931408832,2.090164903963411,36.02073584146811,48.79877903158422,0,-1
2023-06-01 01:14:00,2023-06-01 01:14:59,2.0932,2.0931,2.092,2.0952,2.0930244783308796,2.093375,2.092,2.0952,True,0.002752291115530532,-0.00017634930101971123,0,2.0909503791500326,2.0911251176902135,0.5554118288852621,0.0,2.0901747563932127,2.0901941088990985,27.803779136776686,39.6166512259953,0,-2
2023-06-01 01:15:00,2023-06-01 01:15:59,2.0931,2.0941,2.0931,2.0941,2.0931997391654398,2.0936000000000003,2.0931,2.0941,True,0.0026271274644212006,-0.00011296609455893841,0,2.0910377484201232,2.0912077346280884,2.270346376538484,0.0,2.090208838419151,2.090232973487167,36.3655627914434,33.396692589896,0,-1
2023-06-01 01:16:00,2023-06-01 01:16:59,2.0943,2.0965,2.0943,2.0974,2.0933998695827203,2.095625,2.0943,2.0974,True,0.0026751897883911047,9.136691484650048e-05,1,2.091122741524106,2.091303086662346,7.296584461893595,7.296584461893595,2.0902627305741843,2.090295331959932,66.59168805550071,43.58700999457354,0,2
2023-06-01 01:17:00,2023-06-01 01:17:59,2.0966,2.0969,2.0964,2.0986,2.09451243479136,2.097125,2.0964,2.0986,True,0.0026412476606488657,0.00024036212391299666,0,2.091212914093226,2.0914181025063856,11.191193365666258,11.191193365666258,2.0903310118620033,2.0903610500498826,85.70135648547098,62.88620244413831,0,2
2023-06-01 01:18:00,2023-06-01 01:18:59,2.097,2.0967,2.0961,2.098,2.09581871739568,2.0969499999999996,2.0961,2.098,True,0.0025883013991739477,0.0003053548851306247,0,2.0913155082998056,2.0915466099890416,13.118363091966259,13.118363091966259,2.0903968724404907,2.0904241241787394,98.39187496517913,83.56163983538356,0,2
2023-06-01 01:19:00,2023-06-01 01:19:59,2.0967,2.0977,2.0958,2.0979,2.09638435869784,2.0970250000000004,2.0958,2.0979,True,0.0025534227278043793,0.0003949066256680642,0,2.0914310591444236,2.0916853724154274,16.039868097773777,16.039868097773777,2.0904628239584957,2.09049652095308,97.21429124883493,93.76917423316162,0,2
2023-06-01 01:20:00,2023-06-01 01:20:59,2.0979,2.0982,2.0977,2.0994,2.09670467934892,2.0983,2.0977,2.0994,True,0.0024924639615326407,0.00046138534795276244,0,2.0915582157799255,2.0918400044292342,18.75510521588062,18.75510521588062,2.090540805809655,2.090573172485885,97.21429124883493,97.60681915428295,0,2
2023-06-01 01:21:00,2023-06-01 01:21:59,2.0981,2.0984,2.0971,2.0987,2.09750233967446,2.098075,2.0971,2.0987,True,0.002428716535708868,0.0004886371878875671,0,2.09169911010458,2.092004526001482,20.890727941758144,20.890727941758144,2.0906157729160264,2.0906510513666228,96.79191262380816,97.07349837382596,0,2
2023-06-01 01:22:00,2023-06-01 01:22:59,2.0984,2.0973,2.097,2.0991,2.09778866983723,2.09795,2.097,2.0991,True,0.002405236783158234,0.00039936346342056605,0,2.0918518180530308,2.092174847266758,17.309521868625552,17.309521868625552,2.0906887502999467,2.090717210059492,94.50238704150775,96.1695303047169,0,1
2023-06-01 01:23:00,2023-06-01 01:23:59,2.0972,2.0981,2.097,2.0981,2.097869334918615,2.0976,2.097,2.0981,True,0.0023120055843612246,0.0003683942948005119,0,2.0920133326598944,2.0923461647139185,16.894227657328884,16.894227657328884,2.0907575189536787,2.090790670655915,87.34352228174411,92.87927398235331,0,2
2023-06-01 01:24:00,2023-06-01 01:24:59,2.0981,2.0955,2.0955,2.099,2.0977346674593074,2.097025,2.0955,2.099,True,0.0023968623283354426,0.00014276694162109783,0,2.0921797486869065,2.0925131459307127,8.542534602124277,8.542534602124277,2.0908198819491646,2.0908375296543635,76.19961408646667,86.01517446990614,0,1
2023-06-01 01:25:00,2023-06-01 01:25:59,2.0954,2.0954,2.0935,2.0956,2.0973798337296534,2.094975,2.0935,2.0973798337296534,True,0.002375657876311482,-2.7387196561860783e-05,0,2.0923464473088096,2.092661502354016,2.7426402718517906,0.0,2.090861226407382,2.0908829273692455,48.12176357186533,70.55496664669201,0,1
2023-06-01 01:26:00,2023-06-01 01:26:59,2.0954,2.0953,2.0936,2.0954,2.0961774168648266,2.094925,2.0936,2.0961774168648266,True,0.002334539456574965,-0.00015399191574849138,0,2.0925039748314127,2.0927938344104136,-1.392476978736127,-0.0,2.0909016619655176,2.090926878340696,23.3331880256881,49.21818856134001,0,1
2023-06-01 01:27:00,2023-06-01 01:27:59,2.0952,2.0961,2.0952,2.0971,2.095551208432413,2.0959000000000003,2.0952,2.0971,True,0.002303500923962468,-0.00018479060780709046,0,2.0926489046209134,2.0929193319682953,-1.0025273013535951,-0.0,2.0909513966723283,2.090978352188052,11.336999892134955,27.597317163229434,0,1
2023-06-01 01:28:00,2023-06-01 01:28:59,2.096,2.0955,2.0946,2.0963,2.0957256042162067,2.0955999999999997,2.0946,2.0963,True,0.002260393715108009,-0.00024796327311903707,0,2.0927841182946043,2.093036529311682,-2.810830723456938,-0.0,2.090997651431808,2.0910233437085686,14.894763534490886,16.52165048410462,0,1
2023-06-01 01:29:00,2023-06-01 01:29:59,2.095,2.0915,2.0913,2.095,2.0956628021081034,2.0932000000000004,2.0913,2.0956628021081034,True,0.0023989370211717214,-0.000561968398577133,0,2.0929103238031432,2.093129921187099,-11.268314117939617,-11.268314117939617,2.091019565347909,2.0910280865572397,13.508870507098413,13.246877977908056,0,-2
2023-06-01 01:30:00,2023-06-01 01:30:59,2.0916,2.0937,2.0905,2.0937,2.094431401054052,2.092375,2.0905,2.094431401054052,True,0.002456155805373748,-0.0005979858421888144,0,2.093020122495121,2.0931982697052254,-10.44714492222866,-10.44714492222866,2.09103305225987,2.09105467276065,5.346137162443216,11.249923734677475,0,-2
2023-06-01 01:31:00,2023-06-01 01:31:59,2.0937,2.0979,2.0936,2.0982,2.093403200527026,2.09585,2.0936,2.0982,True,0.0026092875335613328,-0.00031453946938782046,0,2.093109196100173,2.0932702746640577,-2.800523803202843,-0.0,2.09108098208813,2.091122785469499,16.995883096841265,11.9502969221276,0,-1
2023-06-01 01:32:00,2023-06-01 01:32:59,2.0978,2.0959,2.0958,2.0978,2.094626600263513,2.096825,2.0958,2.0978,True,0.0025729098525926653,-0.00026190544676337564,0,2.093189735382115,2.0933513538706574,-1.2746406391809089,-0.0,2.0911381364952133,2.0911703199424396,37.71503064374699,20.01901696767713,0,-1
2023-06-01 01:33:00,2023-06-01 01:33:59,2.096,2.0967,2.0955,2.0973,2.0957258001317562,2.096375,2.0955,2.0973,True,0.002517702005978921,-0.00016843423368261804,0,2.0932705446263857,2.0934359335281987,0.9650055577976318,0.0,2.091190244589788,2.0912253416345545,56.25715762654497,36.98935712237772,0,-1
2023-06-01 01:34:00,2023-06-01 01:34:59,2.0968,2.0984,2.0968,2.0986,2.096050400065878,2.09765,2.0968,2.0986,True,0.002473580434123285,9.232086818493877e-06,0,2.093353239077292,2.0935314366649034,4.870372882048272,0.0,2.091254520763024,2.0912967312700315,63.737446078015545,52.56987811610247,0,2
2023-06-01 01:35:00,2023-06-01 01:35:59,2.0987,2.1038,2.0987,2.1042,2.096850200032939,2.10135,2.0987,2.1042,True,0.0027111818316859254,0.0004870554793810593,0,2.093442337871098,2.0936602706153113,12.230590891528088,12.230590891528088,2.091354973292745,2.0914211419041604,76.35163186444315,65.44874518966786,0,2
2023-06-01 01:36:00,2023-06-01 01:36:59,2.1037,2.101,2.1006,2.1048,2.0991001000164697,2.102525,2.1006,2.1048,True,0.0028175259865655007,0.0005744054054317078,0,2.0935513042432046,2.0938225239614106,12.207510212303873,12.207510212303873,2.0914661178370957,2.0915164539250144,91.1428382149785,77.07730538581237,0,2
2023-06-01 01:37:00,2023-06-01 01:37:59,2.101,2.1028,2.0995,2.103,2.100812550008235,2.101575,2.0995,2.103,True,0.0028662741303822703,0.000719871215383321,0,2.0936869141023076,2.0940034573919664,13.820714378675753,13.820714378675753,2.091566703729264,2.091628728015313,95.65983062568148,87.71810023503434,0,2
2023-06-01 01:38:00,2023-06-01 01:38:59,2.1028,2.1042,2.1025,2.1053,2.101193775004117,2.1037,2.1025,2.1053,True,0.002861540263926404,0.0008677757339652938,0,2.093845185747137,2.0942124361484966,16.077563823711642,16.077563823711642,2.091687433045391,2.0917538152987425,95.65983062568148,94.15416648878045,0,2
2023-06-01 01:39:00,2023-06-01 01:39:59,2.104,2.1062,2.104,2.1084,2.1024468875020585,2.1056500000000002,2.104,2.1084,True,0.0029714302450745147,0.0010503424217264369,0,2.094028810947817,2.0944554404446434,19.108173319626545,19.108173319626545,2.0918263640598647,2.0918975584300985,95.65983062568148,95.65983062568144,0,2
2023-06-01 01:40:00,2023-06-01 01:40:59,2.1062,2.1022,2.1018,2.1089,2.1040484437510294,2.104775,2.1018,2.1089,True,0.0032663280847120726,0.0008339789750548129,0,2.0942421256962303,2.0947175625889876,14.31338796117197,14.31338796117197,2.0919552062085227,2.0920000702865154,96.46272618625294,95.92746247920526,0,1
2023-06-01 01:41:00,2023-06-01 01:41:59,2.1023,2.1024,2.1012,2.103,2.1044117218755147,2.102225,2.1012,2.1044117218755147,True,0.003161590364375514,0.0006560476631967452,0,2.094479844142609,2.0949754422011626,11.359205887548306,11.359205887548306,2.092057393211423,2.0921035521742115,83.73965200739221,91.95406960644216,0,1
2023-06-01 01:42:00,2023-06-01 01:42:59,2.1024,2.1028,2.1011,2.1039,2.1033183609377573,2.10255,2.1011,2.1039,True,0.003135762481205812,0.0005235958432553904,0,2.0947276431718858,2.0952304421551653,9.94079518558761,9.94079518558761,2.0921617972590707,2.092209984490886,71.7248620469287,83.97574674685791,0,1
2023-06-01 01:43:00,2023-06-01 01:43:59,2.1027,2.1048,2.1026,2.1065,2.1029341804688784,2.1041499999999997,2.1026,2.1065,True,0.0031903508754054137,0.0005353541588305642,0,2.0949790426635255,2.0954924030647137,11.599023691082394,11.599023691082394,2.092281082858483,2.0923352582770463,66.62066218407887,74.02839207946654,0,2
2023-06-01 01:44:00,2023-06-01 01:44:59,2.1048,2.1026,2.1026,2.1056,2.103542090234439,2.1039,2.1026,2.1056,True,0.0031767543843050352,0.0003509467696344213,0,2.09523572286412,2.0957563317872245,8.51111945580061,0.0,2.092396693974319,2.092437395010608,63.10136759446266,67.14896394182337,0,1
2023-06-01 01:45:00,2023-06-01 01:45:59,2.1026,2.1016,2.1011,2.1039,2.1037210451172195,2.1023,2.1011,2.1039,True,0.0031498433568546533,0.00012970450263204798,0,2.095496027325672,2.0960090212494604,4.7847666346430415,0.0,2.0924952343327834,2.0925285652095074,47.40680373424551,59.042944504262294,0,1
2023-06-01 01:46:00,2023-06-01 01:46:59,2.1014,2.1035,2.101,2.1036,2.10301052255861,2.1023750000000003,2.101,2.1036,True,0.0031105688313650464,9.322606620755774e-05,0,2.0957525242875663,2.0962516428243636,5.44235302322528,0.0,2.092593540458825,2.0926377337148856,28.685575521622237,46.39791561677675,0,1
2023-06-01 01:47:00,2023-06-01 01:47:59,2.1037,2.1063,2.1037,2.108,2.102692761279305,2.105425,2.1037,2.108,True,0.003209813914838984,0.0002394029895284389,0,2.096002083555965,2.0965055994823105,9.345862829001334,9.345862829001334,2.0927212166731652,2.092773676662996,27.212075381462466,34.43481821244335,0,2
2023-06-01 01:48:00,2023-06-01 01:48:59,2.106,2.1037,2.1027,2.106,2.1040588806396525,2.1046,2.1027,2.106,True,0.0032376843494933455,0.00012643257256919702,0,2.096253841519138,2.096761077540747,7.218935894641142,0.0,2.0928394135221886,2.09288239629819,30.683007646816108,28.86021951663356,0,1
2023-06-01 01:49:00,2023-06-01 01:49:59,2.1033,2.1039,2.1031,2.1044,2.1043294403198263,2.103675,2.1031,2.1044,True,0.0030992783245295404,4.27811876800863e-05,0,2.0965074595299424,2.0970096540736103,6.10090029372877,0.0,2.0929472303030625,2.0929920241957207,26.68265013004579,28.192577719441406,0,1
2023-06-01 01:50:00,2023-06-01 01:50:59,2.104,2.1042,2.1026,2.1042,2.104002220159913,2.10375,2.1026,2.1042,True,0.002992187015634592,-1.1371472969922379e-05,0,2.0967585568017766,2.097251606067246,5.867438526894539,0.0,2.0930547205488033,2.093103546343027,13.448824880685622,23.60482755251579,0,1
2023-06-01 01:51:00,2023-06-01 01:51:59,2.1041,2.1043,2.1035,2.1055,2.1038761100799563,2.10435,2.1035,2.1055,True,0.0029213165145178517,-5.77166814736069e-05,0,2.0970050814345114,2.097490799104656,5.907138847889506,0.0,2.0931671113891137,2.0932149538421014,10.149422671319526,16.760299227350263,0,1
2023-06-01 01:52:00,2023-06-01 01:52:59,2.1043,2.1029,2.1026,2.1043,2.1041130550399783,2.103525,2.1026,2.1043,True,0.002834079620623722,-0.00019969623942188213,0,2.097247940269584,2.097720518500458,2.558931610869017,0.0,2.0932701749573814,2.093311322460588,8.17914874397659,10.592465431993864,0,1
2023-06-01 01:53:00,2023-06-01 01:53:59,2.1031,2.1058,2.1031,2.1059,2.103819027519989,2.104475,2.1031,2.1059,True,0.002845931076293464,-0.00010194856193693593,0,2.097484229385021,2.0979477211225355,5.922849558381188,0.0,2.0933816657538253,2.093435587908741,12.98653539036178,10.43836893521925,0,2
2023-06-01 01:54:00,2023-06-01 01:54:59,2.1058,2.1063,2.1053,2.1064,2.1041470137599942,2.10595,2.1053,2.1064,True,0.0027212217137010494,-1.8003541329062248e-05,0,2.097715975253778,2.0981815034879614,8.916069734795677,8.916069734795677,2.093506723806026,2.0935635920091515,34.959258719905435,18.708314284747885,0,2
2023-06-01 01:55:00,2023-06-01 01:55:59,2.1064,2.1069,2.1063,2.1081,2.105048506879997,2.106925,2.1063,2.1081,True,0.002655420162722389,6.013521536251537e-05,0,2.09794873937087,2.0984255516728307,11.84612027344378,11.84612027344378,2.0936402389920357,2.093696292586175,68.29259205323876,38.74612872116861,0,2
2023-06-01 01:56:00,2023-06-01 01:56:59,2.1069,2.1066,2.1041,2.1069,2.1059867534399985,2.106125,2.1041,2.1069,True,0.0026657472939565136,6.91993083230479e-05,0,2.0981871455218504,2.098670518928686,12.767240655842528,12.767240655842528,2.093764465469727,2.09382468768482,81.18795249560296,61.47993442291567,0,2
2023-06-01 01:57:00,2023-06-01 01:57:59,2.1065,2.1041,2.104,2.1065,2.1060558767199993,2.105275,2.104,2.1065,True,0.0026610510586738854,-0.00011777256394474456,0,2.0984288322252684,2.098908697135758,6.622379677487011,0.0,2.09387899815162,2.0939269295984038,59.94524443902498,69.80859632928885,0,1
2023-06-01 01:58:00,2023-06-01 01:58:59,2.104,2.105,2.1039,2.1054,2.1056654383599995,2.1045749999999996,2.1039,2.1056654383599995,True,0.0025781188401971834,-0.00018975789446394132,0,2.098668764680513,2.099135093376758,4.741194180766584,0.0,2.0939854260307085,2.094037109403395,26.61191110569165,55.91503601343982,0,1
2023-06-01 01:59:00,2023-06-01 01:59:59,2.1046,2.1044,2.1042,2.1049,2.10512021918,2.104525,2.1042,2.10512021918,True,0.0024511103516116637,-0.00028671624536443386,0,2.0989019290286355,2.0993503172208605,2.0055358261334675,0.0,2.0940902974134876,2.0941402227426646,6.5255248416058125,31.027560128774102,0,1
2023-06-01 02:00:00,2023-06-01 02:00:59,2.1046,2.1069,2.1043,2.1079,2.1048226095900002,2.105925,2.1043,2.1079,True,0.00253317389792512,-0.00018242764961377356,0,2.0991261231247482,2.0995648737827124,5.592242703642825,0.0,2.0942080556481795,2.094267185700449,14.622710697941491,15.920048881746274,0,2
2023-06-01 02:01:00,2023-06-01 02:01:59,2.1069,2.1085,2.1068,2.1094,2.105373804795,2.1079,2.1068,2.1094,True,0.0025379471909304794,-1.4125532001093167e-05,0,2.0993454984537303,2.0997909835027113,10.330026336347423,10.330026336347423,2.0943442939004364,2.094408805743231,46.64903387144094,22.599089803662704,0,2
2023-06-01 02:02:00,2023-06-01 02:02:59,2.1084,2.1084,2.1065,2.1087,2.1066369023975,2.1079999999999997,2.1065,2.1087,True,0.0025138081058639996,7.145849900699842e-05,0,2.0995682409782206,2.100025323858575,13.163206759709816,13.163206759709816,2.094480171573069,2.0945480216064825,79.49454968724,46.92209808554077,0,2
2023-06-01 02:03:00,2023-06-01 02:03:59,2.1083,2.1082,2.1065,2.1083,2.1073184511987497,2.107825,2.1065,2.1083,True,0.002469964669730858,9.274639671417138e-05,0,2.0997967824183976,2.100263335741778,14.307087182076387,14.307087182076387,2.094612955935526,2.0946838621875123,94.81893777739515,73.65417377869198,0,2
2023-06-01 02:04:00,2023-06-01 02:04:59,2.1081,2.108,2.1075,2.1087,2.107571725599375,2.108075,2.1075,2.1087,True,0.002379252907607216,7.135767014217328e-05,0,2.1000300590800873,2.1005043204955047,14.237240911122356,14.237240911122356,2.094746906622735,2.0948163610712185,95.07839786505271,89.79729510989591,0,1
2023-06-01 02:05:00,2023-06-01 02:05:59,2.1079,2.1092,2.1079,2.11,2.1078233627996874,2.10875,2.1079,2.11,True,0.0023593062713495572,0.00011922100740028403,0,2.100267189787796,2.100750623617252,16.734939225782057,16.734939225782057,2.094886240885195,2.0949594818565793,95.566215382587,95.15451700834491,0,2
2023-06-01 02:06:00,2023-06-01 02:06:59,2.1091,2.1077,2.1076,2.1091,2.1082866813998438,2.108375,2.1076,2.1091,True,0.0023050701091102905,2.4371454037935315e-05,0,2.1005089067025238,2.1009968511273946,12.618830358858368,12.618830358858368,2.0950204573938,2.0950862531813894,92.78197218109831,94.47552847624597,0,1
2023-06-01 02:07:00,2023-06-01 02:07:59,2.1078,2.1134,2.1078,2.1148,2.1083308406999217,2.11095,2.1078,2.1148,True,0.0026475651013166896,0.0003351866950878921,0,2.100752878914959,2.101258996963837,17.84783361185643,17.84783361185643,2.0951789603053044,2.095268479517893,93.82952225327462,94.05923660565327,0,2
2023-06-01 02:08:00,2023-06-01 02:08:59,2.1131,2.1113,2.1105,2.117,2.109640420349961,2.112975,2.1105,2.117,True,0.0029227390226512083,0.0003589172875883015,0,2.1010059379393975,2.1015457704648175,16.421358163917915,16.421358163917915,2.0953560353271423,2.0954279971346303,93.82952225327462,93.48033889588247,0,2
2023-06-01 02:09:00,2023-06-01 02:09:59,2.1112,2.1119,2.1111,2.1125,2.11130771017498,2.111675,2.1111,2.1125,True,0.0028139719496046824,0.0003805302810568462,0,2.101275854202107,2.101841046545591,16.20648186764943,16.20648186764943,2.095518413085081,2.095591897660654,88.89845971397239,92.18583474017383,0,2
2023-06-01 02:10:00,2023-06-01 02:10:59,2.1119,2.1117,2.1117,2.1137,2.11149135508749,2.11225,2.1117,2.1137,True,0.0027558310960615067,0.000344325385842979,0,2.1015584503738483,2.1021449359707924,15.544202894117447,15.544202894117447,2.0956848965369708,2.095752177285921,79.86501905989455,87.53100034238048,0,1
2023-06-01 02:11:00,2023-06-01 02:11:59,2.1117,2.1093,2.1089,2.1117,2.1118706775437452,2.1104000000000003,2.1089,2.1118706775437452,True,0.002758986017771377,0.00012094567481544562,0,2.10185169317232,2.102440828770594,9.660679380001326,0.0,2.0958313154769015,2.0958869814920313,56.47306873686387,75.07884917024357,0,1
2023-06-01 02:12:00,2023-06-01 02:12:59,2.1092,2.109,2.1085,2.11,2.1111353387718728,2.1091749999999996,2.1085,2.1111353387718728,True,0.0026690584450734254,-6.961645365441286e-05,0,2.1021462609714567,2.1027199908289584,5.151912875299395,0.0,2.095964088457231,2.0960174592881304,35.903790482741826,57.41395942650005,0,1
2023-06-01 02:13:00,2023-06-01 02:13:59,2.109,2.1097,2.1086,2.1101,2.110155169385936,2.10935,2.1086,2.110155169385936,True,0.002585554270425328,-0.00016172007162766795,0,2.1024331259002076,2.102985265994436,3.8205564057728765,0.0,2.09609728160691,2.0961536039718305,12.526997001609061,34.967952073738225,0,1
2023-06-01 02:14:00,2023-06-01 02:14:59,2.1097,2.1072,2.1072,2.11,2.109752584692968,2.108525,2.1072,2.11,True,0.0026008718225377825,-0.0004051965227071532,0,2.102709195947322,2.103232127464379,-1.9364245803191977,-0.0,2.0962209404963934,2.0962635183601703,2.585613991306399,17.005467158552396,0,1
2023-06-01 02:15:00,2023-06-01 02:15:59,2.1071,2.106,2.1034,2.1073,2.109138792346484,2.10595,2.1034,2.109138792346484,True,0.002693666692356497,-0.0006458041460028164,0,2.10297066170585,2.1034451307316964,-7.495242399041707,-7.495242399041707,2.0963177470586185,2.096360398774497,0.9230991981226371,5.3452367303459996,0,-2
2023-06-01 02:16:00,2023-06-01 02:16:59,2.1055,2.1018,2.1006,2.1055,2.107544396173242,2.10335,2.1006,2.107544396173242,True,0.002886976214331022,-0.0010784141046636018,0,2.1032078962187732,2.1036121770040324,-15.096741002008315,-15.096741002008315,2.096387719724702,2.0964145241598255,-8.644936618414552e-14,1.1695710631429506,0,-2
2023-06-01 02:17:00,2023-06-01 02:17:59,2.1019,2.101,2.0987,2.1019,2.1054471980866207,2.100875,2.0987,2.1054471980866207,True,0.002909335056164527,-0.0013808326132618881,-1,2.1034100366114026,2.1037249137638714,-20.67945299604852,-20.67945299604852,2.0964323692796802,2.096460150785101,-8.644936618414552e-14,0.30769973270745543,-1,-2
2023-06-01 02:18:00,2023-06-01 02:18:59,2.101,2.1029,2.1,2.1029,2.1031610990433105,2.1017,2.1,2.1031610990433105,True,0.0029086682664384825,-0.0013981031123508933,0,2.1035674751876368,2.1037997791458793,-19.41706457564793,-19.41706457564793,2.096484783515703,2.0965242288867416,2.398912212472314,0.7996374041573477,0,-2
2023-06-01 02:19:00,2023-06-01 02:19:59,2.103,2.1049,2.103,2.1075,2.1024305495216553,2.1046,2.103,2.1075,True,0.003029477675978586,-0.001221101523924697,0,2.103683627166758,2.103864211553698,-14.394668008804949,-14.394668008804949,2.0965655319384324,2.0966075698928437,12.182899518111356,4.860603910194495,0,-1
2023-06-01 02:20:00,2023-06-01 02:20:59,2.1048,2.1053,2.1043,2.1073,2.1035152747608277,2.1054250000000003,2.1043,2.1073,True,0.0030273721276944097,-0.001034164744481247,0,2.1037739193602274,2.1039256483100854,-10.266255403749689,-10.266255403749689,2.0966536858494926,2.096694061734706,23.811645155915574,12.797818962166382,0,-1
2023-06-01 02:21:00,2023-06-01 02:21:59,2.1053,2.1047,2.1033,2.1053,2.1044701373804138,2.10465,2.1033,2.1053,True,0.002953988404287682,-0.000916080636135321,0,2.103849783835156,2.103978987723364,-8.664739993708864,-8.664739993708864,2.096733251164423,2.0967737228119727,31.454697190828096,22.48308062161831,0,-1
2023-06-01 02:22:00,2023-06-01 02:22:59,2.1047,2.1043,2.1043,2.1068,2.1045600686902066,2.105025,2.1043,2.1068,True,0.0029215606611242726,-0.0008326036952962494,0,2.1039143857792597,2.1040281589751677,-8.404951949369675,-8.404951949369675,2.096815756127961,2.096848611142202,34.20743260625804,29.824591651000535,0,-2
2023-06-01 02:23:00,2023-06-01 02:23:59,2.1043,2.1042,2.1039,2.1062,2.104792534345103,2.10465,2.1039,2.1062,True,0.0028771634710439654,-0.000753318510392995,0,2.1039712723772133,2.10407113833825,-8.457256286211134,-8.457256286211134,2.0968937088033046,2.0969217592900407,34.1576040341534,33.273244610413144,0,-1
2023-06-01 02:24:00,2023-06-01 02:24:59,2.1041,2.1046,2.1036,2.1059,2.1047212671725513,2.10455,2.1036,2.1059,True,0.002835937508826537,-0.0006447875449590139,0,2.104021205357731,2.1041082617933133,-7.094774314343091,-7.094774314343091,2.0969698908052616,2.096998159695115,38.81826544457501,35.72776736166211,0,-1
2023-06-01 02:25:00,2023-06-01 02:25:59,2.1048,2.1054,2.1033,2.1059,2.104635633586276,2.10485,2.1033,2.1059,True,0.0028190848296246527,-0.0004937398202014534,0,2.104064733575522,2.104142578463469,-3.5293626280049395,-3.5293626280049395,2.0970482998519753,2.0970817600961587,45.193785096206874,39.389884858311724,0,-1
2023-06-01 02:26:00,2023-06-01 02:26:59,2.1053,2.1067,2.1051,2.1067,2.104742816793138,2.10595,2.1051,2.1067,True,0.0027320073417943075,-0.00028689362347429203,0,2.104103656019495,2.1041819970530877,2.28618440679476,0.0,2.0971368739828016,2.097177463975799,57.97841365992388,47.330154733568556,0,-1
2023-06-01 02:27:00,2023-06-01 02:27:59,2.1069,2.1073,2.1067,2.1086,2.105346408396569,2.107375,2.1067,2.1086,True,0.002672578245951858,-0.00010079058084709532,0,2.104142826536291,2.1042349389817714,7.481878704666592,0.0,2.09723874588347,2.0972781857272835,76.6091213354507,59.92710669719378,0,-1
2023-06-01 02:28:00,2023-06-01 02:28:59,2.1076,2.1093,2.1076,2.1109,2.1063607041982846,2.1088500000000003,2.1076,2.1109,True,0.0027388226569553,0.00015971028689821864,0,2.104188882759031,2.1043082847610832,14.21032865747894,14.21032865747894,2.0973542807503014,2.097397805769798,91.03021229608318,75.20591576381922,1,-1
2023-06-01 02:29:00,2023-06-01 02:29:59,2.1094,2.1101,2.1088,2.111,2.1076053520991422,2.1098250000000003,2.1088,2.111,True,0.00270033532431565,0.00037406920296484224,0,2.104248583760057,2.104403880942318,19.646227121139205,19.646227121139205,2.0974783675090047,2.0975241957621384,99.99999999999993,89.21311121051123,0,-1
2023-06-01 02:30:00,2023-06-01 02:30:59,2.1101,2.1118,2.1091,2.1118,2.1087151760495715,2.1107,2.1091,2.1118,True,0.0027003113725788124,0.00061007521738312,0,2.104326232351187,2.1045223425605295,24.864909157311786,24.864909157311786,2.0976099260412533,2.0976662435655005,99.99999999999993,97.01007076536098,0,2
2023-06-01 02:31:00,2023-06-01 02:31:59,2.1118,2.1119,2.1105,2.1123,2.1097075880247855,2.111625,2.1105,2.1123,True,0.0026360034173945972,0.0007387702282643349,0,2.104424287455858,2.1046643400091005,28.427509704422604,28.427509704422604,2.0977493795134796,2.097807872982759,99.99999999999993,99.9999999999999,0,2
2023-06-01 02:32:00,2023-06-01 02:32:59,2.1118,2.1148,2.1111,2.116,2.110666294012393,2.113425,2.1111,2.116,True,0.0027977174590092775,0.0009831010915074634,1,2.1045443137324793,2.1048362430431617,32.595194187324864,32.595194187324864,2.0979053558367284,2.0979769488734776,99.99999999999993,99.9999999999999,0,2
2023-06-01 02:33:00,2023-06-01 02:33:59,2.1149,2.1171,2.1148,2.1198,2.1120456470061963,2.11665,2.1148,2.1198,True,0.0029550233547943534,0.0012484761959013007,0,2.1046902783878205,2.1050526384470407,36.164488649431405,36.164488649431405,2.0980918697089996,2.0981672279891646,99.99999999999993,99.9999999999999,0,2
2023-06-01 02:34:00,2023-06-01 02:34:59,2.1167,2.1122,2.1111,2.1169,2.114347823503098,2.114225,2.1111,2.1169,True,0.003172521686594773,0.0010197896316071877,0,2.104871458417431,2.1052859402250723,26.080066491488196,26.080066491488196,2.0982523983686114,2.0983068575614117,89.22100937869756,96.40700312623244,0,1
2023-06-01 02:35:00,2023-06-01 02:35:59,2.1122,2.1145,2.1122,2.1154,2.114286411751549,2.113575,2.1122,2.1154,True,0.003174484423266581,0.0009739939572498504,0,2.1050786993212514,2.105526492120812,22.063600493272546,22.063600493272546,2.0984048620664364,2.0984679833568207,75.82398220561949,88.34833052810562,0,2
2023-06-01 02:36:00,2023-06-01 02:36:59,2.1144,2.1146,2.1128,2.1149,2.1139307058757746,2.114175,2.1128,2.1149,True,0.0030977355358903958,0.0008960516371824562,0,2.1053025957210316,2.1057752182814657,19.50006287109757,19.50006287109757,2.098561778861795,2.09862850093536,63.80345328221231,76.28281495550974,0,2
2023-06-01 02:37:00,2023-06-01 02:37:59,2.1144,2.1126,2.1122,2.1151,2.1140528529378875,2.113575,2.1122,2.1151,True,0.0030836115690410747,0.0006553620362388613,0,2.1055389070012485,2.10602455693432,13.80124762710819,13.80124762710819,2.0987111641467524,2.0987675208265504,59.994672505969824,66.54070266460049,0,1
2023-06-01 02:38:00,2023-06-01 02:38:59,2.1126,2.113,2.1126,2.114,2.1138139264689437,2.1130500000000003,2.1126,2.114,True,0.0029633535998238444,0.00048375925776513373,0,2.105781731967784,2.1062690650199514,10.679789978500771,0.0,2.0988538391303666,2.098909137534744,55.90225372733244,59.90012650517147,0,1
2023-06-01 02:39:00,2023-06-01 02:39:59,2.113,2.1133,2.1112,2.1137,2.113431963234472,2.1128,2.1112,2.1137,True,0.0029302569141221374,0.0003568808855746548,0,2.1060253984938675,2.106506377114677,9.161119299886678,0.0,2.0989926069002136,2.09905233019609,46.335569846874485,54.077498693392194,0,1
2023-06-01 02:40:00,2023-06-01 02:40:59,2.1133,2.1129,2.1126,2.1153,2.113115981617236,2.113525,2.1126,2.1153,True,0.002913809991684836,0.00021603212846622259,0,2.106265887804272,2.106741369812825,7.102437881785903,0.0,2.0991372078265798,2.0991901179553327,37.633518989352126,46.62378085451963,0,1
2023-06-01 02:41:00,2023-06-01 02:41:59,2.1129,2.1125,2.1105,2.1136,2.113320490808618,2.112375,2.1105,2.1136,True,0.0029271092779930533,7.212220607515996e-05,0,2.1065036288085484,2.1069650339109356,4.61925530980902,0.0,2.0992689271516882,2.099322554592593,21.789631607734254,35.25290681465357,0,1
2023-06-01 02:42:00,2023-06-01 02:42:59,2.1124,2.1132,2.1115,2.1145,2.1128477454043093,2.1129,2.1115,2.1145,True,0.0029323157581364148,8.005229329773218e-06,0,2.1067343313597418,2.1071818464073147,4.9216345466332925,0.0,2.099404559717343,2.0994606386264976,12.79821870460008,24.07378976722877,0,1
2023-06-01 02:43:00,2023-06-01 02:43:59,2.1131,2.112,2.1119,2.1138,2.1128738727021545,2.1127,2.1119,2.1138,True,0.002858578918269529,-0.0001319432280580588,0,2.106958088883528,2.1073904048124756,1.5410334176280571,0.0,2.0995368526554787,2.099585408391408,3.996398368948666,12.861416227094283,0,1
2023-06-01 02:44:00,2023-06-01 02:44:59,2.112,2.1147,2.1118,2.1154,2.1127869363510774,2.113475,2.1118,2.1154,True,0.0029115375669645665,-4.6991669981070756e-05,0,2.107174246848002,2.107596351105304,5.604674945755001,0.0,2.0996755406887577,2.0997358023377624,9.54621073286002,8.78027593546954,0,2
2023-06-01 02:45:00,2023-06-01 02:45:59,2.1148,2.1134,2.1133,2.1173,2.113130968175539,2.1147,2.1133,2.1173,True,0.0029892848836099548,-9.465851199128884e-05,0,2.107385298976653,2.107807232655882,4.798231435766986,0.0,2.0998250377963323,2.099871764503556,18.635790695160964,10.7261332656565,0,1
2023-06-01 02:46:00,2023-06-01 02:46:59,2.1134,2.1127,2.1119,2.1135,2.1139154840877694,2.112875,2.1119,2.1139154840877694,True,0.0028900502490664054,-0.0001846296638254711,0,2.1075962658162677,2.1080080314570684,2.548053338488053,0.0,2.099954888166518,2.099999408637849,17.39409995254624,15.192033793522361,0,1
2023-06-01 02:47:00,2023-06-01 02:47:59,2.1127,2.1143,2.1127,2.1155,2.1133952420438846,2.1138000000000003,2.1127,2.1155,True,0.002883618088418815,-0.000139896603987554,0,2.1078021486366683,2.1082058608291376,4.675232818643131,0.0,2.100092650473319,2.100141703079263,20.882635129696098,18.970841925801054,0,2
2023-06-01 02:48:00,2023-06-01 02:48:59,2.1144,2.1149,2.1125,2.1151,2.1135976210219427,2.1142250000000002,2.1125,2.1151,True,0.0028633596535317684,-7.842459675280137e-05,0,2.108004004732903,2.108402910980876,7.27258860515488,0.0,2.100233270866619,2.1002885518048426,23.69518473209926,20.657306604780487,0,2
2023-06-01 02:49:00,2023-06-01 02:49:59,2.1149,2.1157,2.1141,2.1162,2.1139113105109715,2.1152249999999997,2.1141,2.1162,True,0.0028088339639937843,4.9520105909910996e-06,0,2.10820345785689,2.1086048567368354,10.51956125596626,0.0,2.100382442300782,2.1004418995480783,48.70105318625942,31.09295768268488,0,2
2023-06-01 02:50:00,2023-06-01 02:50:59,2.1159,2.1158,2.1129,2.1162,2.1145681552554856,2.1151999999999997,2.1129,2.1162,True,0.0028439172522799643,5.073908802556617e-05,0,2.108404157296863,2.108809099747192,12.880421721550185,12.880421721550185,2.100529880685849,2.100594716467998,68.4741096653459,46.95678252790148,0,2
2023-06-01 02:51:00,2023-06-01 02:51:59,2.116,2.1123,2.1121,2.1161,2.1148840776277424,2.114125,2.1121,2.1161,True,0.0029264945914028243,-0.00017677234484397928,0,2.1086066285220277,2.109006374434611,4.800707322492343,0.0,2.1006651555048954,2.100711186950903,61.07429546166565,59.416486104423605,0,1
2023-06-01 02:52:00,2023-06-01 02:52:59,2.1123,2.113,2.1119,2.1137,2.114504538813871,2.1127249999999997,2.1119,2.114504538813871,True,0.002846030692016926,-0.0002824762239695307,0,2.1088065014783193,2.1091872039093733,1.3210705436165213,0.0,2.100785153957583,2.1008334636976604,36.068427007505484,55.20561071150562,0,-2
2023-06-01 02:53:00,2023-06-01 02:53:59,2.1127,2.1126,2.1114,2.1127,2.1136147694069356,2.11235,2.1114,2.1136147694069356,True,0.0027570284997299904,-0.000379649288103359,0,2.1089968526938465,2.1093512723712577,-1.8872278597568481,-0.0,2.100900227052532,2.100950543660868,7.257022987357786,34.79991515217625,0,-2
2023-06-01 02:54:00,2023-06-01 02:54:59,2.1126,2.112,2.1111,2.1128,2.112982384703468,2.1121250000000003,2.1111,2.112982384703468,True,0.0026815264640349936,-0.0004800384970721015,0,2.1091740625325524,2.1094994753464205,-5.382640465219524,-5.382640465219524,2.1010119163355916,2.1010604885000634,-8.644936618414552e-14,14.441816664954338,0,-2
2023-06-01 02:55:00,2023-06-01 02:55:59,2.1123,2.1137,2.1115,2.1139,2.1125536923517343,2.11285,2.1115,2.1139,True,0.0026614174308896496,-0.0004195017494871339,0,2.1093367689394866,2.1096391447533054,-2.5325207552193945,-0.0,2.1011297082128495,2.101186254783645,6.984308127279377,4.747110371545635,0,-1
2023-06-01 02:56:00,2023-06-01 02:56:59,2.1137,2.1144,2.1137,2.115,2.112701846175867,2.1142,2.1137,2.115,True,0.0025641733286832515,-0.0003255259488638856,0,2.1094879568463965,2.109780399776885,1.0788113109938067,0.0,2.101259760867448,2.101317734835549,25.719245772676377,10.901184633318499,0,-1
2023-06-01 02:57:00,2023-06-01 02:57:59,2.1144,2.1137,2.1123,2.1144,2.1134509230879335,2.1136999999999997,2.1123,2.1144,True,0.002531018090920161,-0.0003096186275301743,0,2.1096341783116412,2.109918503476226,1.2271485112081777,0.0,2.1013835443414037,2.101440941454101,39.08135751141608,23.928303803790556,0,-2
2023-06-01 02:58:00,2023-06-01 02:58:59,2.1138,2.1141,2.1138,2.1159,2.1135754615439666,2.1144,2.1138,2.1159,True,0.002507373941568704,-0.0002689651029441822,0,2.1097763408939336,2.1100579813220106,2.5190407135626174,0.0,2.101513061313131,2.1015669022356525,51.46778548989281,38.75612959132837,0,-1
2023-06-01 02:59:00,2023-06-01 02:59:59,2.1142,2.1147,2.1136,2.1147,2.113987730771983,2.1143,2.1136,2.1147,True,0.002406847231456661,-0.00019998424829294334,0,2.109917161107972,2.110196897970256,5.13585744258036,0.0,2.101640294533896,2.1016975798253474,52.21614876566576,47.58843058899149,0,-1
2023-06-01 03:00:00,2023-06-01 03:00:59,2.1147,2.1144,2.1144,2.1187,2.1141438653859916,2.11555,2.1144,2.1187,True,0.0025420724292097704,-0.00017717378800769065,0,2.110057029539114,2.1103429959971236,5.557203316451847,0.0,2.10177869956341,2.1018239720658913,69.57300733383799,57.75231386313212,0,-1
2023-06-01 03:01:00,2023-06-01 03:01:59,2.1144,2.1115,2.1106,2.1155,2.1148469326929957,2.1129999999999995,2.1106,2.1155,True,0.002710495827123367,-0.0003632344951322705,0,2.110200012768119,2.110476249874214,-2.2967787781624693,-0.0,2.101890354294122,2.101920250950808,52.26614699698603,58.01843436549654,0,-2
2023-06-01 03:02:00,2023-06-01 03:02:59,2.1115,2.1104,2.1093,2.1115,2.1139234663464976,2.110675,2.1093,2.1139234663464976,True,0.0026740318394716804,-0.0005519614526292222,0,2.1103381313211664,2.1105825252259938,-9.287681655764693,-9.287681655764693,2.101977763704131,2.1020046265632377,32.78284607581608,51.54066680221331,0,-2
2023-06-01 03:03:00,2023-06-01 03:03:59,2.1103,2.1087,2.1086,2.1103,2.112299233173249,2.1094749999999998,2.1086,2.112299233173249,True,0.0026116009937951178,-0.0007741804629652624,0,2.11046032827358,2.1106585977569763,-16.031580074214304,-16.031580074214304,2.102052363070259,2.1020712471944494,2.06387576890414,29.03762294723536,-1,-2
2023-06-01 03:04:00,2023-06-01 03:04:59,2.1086,2.1076,2.106,2.1086,2.1108871165866243,2.1077000000000004,2.106,2.1108871165866243,True,0.002617915208524033,-0.0009656691054271025,0,2.110559463015278,2.110698191068628,-21.576476921925135,-21.576476921925135,2.1021085584625947,2.102126259660176,-9.325873406851315e-14,11.615573948239984,0,-2
2023-06-01 03:05:00,2023-06-01 03:05:59,2.1076,2.1089,2.1069,2.1092,2.109293558293312,2.1081499999999997,2.1069,2.109293558293312,True,0.002595206979343743,-0.0009625441438868697,0,2.110628827041953,2.110711879860693,-20.342882619795244,-20.342882619795244,2.102168672308738,2.1021936600615674,2.409932747725603,1.4912695055431577,0,-2
2023-06-01 03:06:00,2023-06-01 03:06:59,2.1089,2.1104,2.1084,2.1118,2.1087217791466557,2.109875,2.1084,2.1118,True,0.002652692195104909,-0.0008184500478383256,0,2.1106703534513227,2.110716915257117,-15.028309290196908,-15.028309290196908,2.1022453521862627,2.102275315185333,13.403415362493293,5.271116036739542,0,-1
2023-06-01 03:07:00,2023-06-01 03:07:59,2.1103,2.1119,2.1096,2.1122,2.109298389573328,2.1109999999999998,2.1096,2.1122,True,0.002648928466883141,-0.0005883483768148153,0,2.1106936343542197,2.11072282192252,-7.99622505505333,-7.99622505505333,2.1023324631097826,2.102371083193439,29.37346627352782,15.062271461248846,0,-1
2023-06-01 03:08:00,2023-06-01 03:08:59,2.1118,2.1117,2.1107,2.1119,2.110149194786664,2.111525,2.1107,2.1119,True,0.002545433576391479,-0.00042858213091236726,0,2.11070822813837,2.1107329760764304,-3.8663552571015742,-3.8663552571015742,2.102423931138541,2.1024639082362904,45.173517935328,29.316799857116308,0,-1
2023-06-01 03:09:00,2023-06-01 03:09:59,2.1118,2.1158,2.1118,2.1158,2.1108370973933317,2.1138000000000003,2.1118,2.1158,True,0.0026564740352206747,-2.590620007804573e-05,0,2.1107206021074,2.110762013559002,5.3255965189807455,0.0,2.1025371258535803,2.102596605666775,61.064481623502274,45.203821944119305,0,-1
2023-06-01 03:10:00,2023-06-01 03:10:59,2.1158,2.1146,2.1125,2.1158,2.112318548696666,2.114675,2.1125,2.1158,True,0.0027024401755620766,0.00015235267497713914,0,2.110741307833201,2.1108117222215483,8.271964851944482,0.0,2.102657900720709,2.1027160424263096,74.89891994175802,60.3789731668627,1,-1
2023-06-01 03:11:00,2023-06-01 03:11:59,2.1146,2.1146,2.1128,2.1148,2.113496774348333,2.1142,2.1128,2.1148,True,0.0026522658773076267,0.00025955256908928386,0,2.1107765150273745,2.110874105390026,10.236210407253637,10.236210407253637,2.102772747479707,2.1028342907603763,84.26952421789224,73.41097526105078,0,-1
2023-06-01 03:12:00,2023-06-01 03:12:59,2.1149,2.1135,2.1125,2.1149,2.1138483871741665,2.11395,2.1125,2.1149,True,0.0026342468860713806,0.0002401452695514823,0,2.1108253102087002,2.110944324005414,8.423502710911656,0.0,2.102883963922695,2.102940417220472,83.76546147722063,80.97796854562357,0,-1
2023-06-01 03:13:00,2023-06-01 03:13:59,2.1135,2.1132,2.1131,2.1139,2.1138991935870832,2.1134250000000003,2.1131,2.1139,True,0.00250322925135199,0.0001942189606784771,0,2.110884817107057,2.111016627690562,6.382169800361673,0.0,2.1029888498538125,2.1030425026212636,77.77449200103656,81.93649256538306,0,-2
2023-06-01 03:14:00,2023-06-01 03:14:59,2.1131,2.1141,2.1131,2.116,2.113662096793542,2.114075,2.1131,2.116,True,0.002531570019112555,0.0002151779201102987,0,2.1109507223988095,2.1110945365768754,7.263226640755427,0.0,2.1030991598055158,2.103152527470803,79.83815430817897,80.4593692621453,0,-1
2023-06-01 03:15:00,2023-06-01 03:15:59,2.114,2.1135,2.1126,2.114,2.1138685483967707,2.113525,2.1126,2.114,True,0.002457886446318805,0.00017523078475731416,0,2.1110226294878425,2.111172550354766,5.856194123442123,0.0,2.1032028995089433,2.1032554873964666,79.91366483455276,79.17543704792268,0,-2
2023-06-01 03:16:00,2023-06-01 03:16:59,2.1136,2.1156,2.1133,2.1158,2.1136967741983854,2.1145750000000003,2.1133,2.1158,True,0.0024608945572960296,0.0002825563055720579,0,2.1110975899213043,2.1112573155736905,9.59220501913142,0.0,2.10331605473771,2.103378318367646,87.5484903596424,82.4334365007913,0,-1
2023-06-01 03:17:00,2023-06-01 03:17:59,2.1155,2.1156,2.1151,2.1157,2.114135887099193,2.115475,2.1151,2.1157,True,0.0023279735174891658,0.00033581809367531153,0,2.1111774527474974,2.1113529896271923,12.082878949590949,12.082878949590949,2.103437039267683,2.1034999271401076,91.2375727001732,86.23324263145605,0,-1
2023-06-01 03:18:00,2023-06-01 03:18:59,2.1155,2.1136,2.1136,2.1155,2.1148054435495967,2.11455,2.1136,2.1155,True,0.002304546837668527,0.00021404354639862852,0,2.111265221187345,2.111450249373416,7.2483838870427135,0.0,2.1035476159913875,2.1036004253775196,92.25610367281809,90.34738891087783,0,-2
2023-06-01 03:19:00,2023-06-01 03:19:59,2.1137,2.1115,2.1115,2.1137,2.1146777217747985,2.1126,2.1115,2.1146777217747985,True,0.002297079206406504,-2.2636523011612458e-05,0,2.1113577352803805,2.1115347111676237,-0.22469909051037007,-0.0,2.1036376894641102,2.1036790281100815,70.74070554872831,84.74479397390645,0,-2
2023-06-01 03:20:00,2023-06-01 03:20:59,2.1115,2.1147,2.11,2.1148,2.1136388608873995,2.11275,2.11,2.1148,True,0.0024758592630917476,4.048545111635677e-05,0,2.1114462232240023,2.1116095467059957,1.9374314490513527,0.0,2.1037283592206864,2.1037886895219216,41.4192678427587,68.1386923547683,0,-1
2023-06-01 03:21:00,2023-06-01 03:21:59,2.1148,2.1141,2.1141,2.1159,2.1131944304437,2.114725,2.1141,2.1159,True,0.002427583601442323,3.396704891996745e-05,0,2.111527884964999,2.1116898405744156,2.086763297327046,0.0,2.1038377785319233,2.103891289626181,35.228714094619875,49.129562495368894,0,-1
2023-06-01 03:22:00,2023-06-01 03:22:59,2.114,2.1128,2.1128,2.114,2.11395971522185,2.1134,2.1128,2.114,True,0.00234704191562502,-6.533878186892384e-05,0,2.1116088627697076,2.11176479001405,-0.46645915129759885,-0.0,2.1039329250141927,2.1039799335104976,32.43057670029898,36.35951954589245,0,-2
2023-06-01 03:23:00,2023-06-01 03:23:59,2.1127,2.1146,2.1113,2.1151,2.113679857610925,2.113425,2.1113,2.1151,True,0.00245082463593752,-7.497792403250844e-06,0,2.111686826391879,2.1118351890410416,1.5648751131094372,0.0,2.104027373521514,2.104085605813876,35.80545273778579,34.48824784423481,0,-1
2023-06-01 03:24:00,2023-06-01 03:24:59,2.1141,2.1147,2.1136,2.1147,2.1135524288054626,2.114275,2.1136,2.1147,True,0.00235433716194199,3.278729731210782e-05,0,2.1117610077164604,2.1119073543879114,3.1151975856158174,0.0,2.104129339954136,2.1041912216764245,30.538365506570234,32.92479831488493,0,-1
2023-06-01 03:25:00,2023-06-01 03:25:59,2.1144,2.1135,2.113,2.1144,2.1139137144027313,2.113825,2.113,2.1144,True,0.00230759879323185,-2.928314532487969e-05,0,2.1118341810521857,2.1119773277612586,1.1447272041361387,0.0,2.104225814183448,2.1042838463363607,34.1825186927124,33.508778979022736,0,-2
2023-06-01 03:26:00,2023-06-01 03:26:59,2.1135,2.1143,2.1128,2.1149,2.1138693572013656,2.113875,2.1128,2.1149,True,0.002292770308001003,-1.755207040037097e-05,0,2.111905754406722,2.1120454383398544,1.8315481597754157,0.0,2.1043218259826175,2.1043835095568943,38.126767567924524,34.28255058906898,0,-1
2023-06-01 03:27:00,2023-06-01 03:27:59,2.1138,2.1134,2.1132,2.1141,2.113872178600683,2.113625,2.1132,2.1141,True,0.0022075724288580815,-7.517552859516235e-05,0,2.1119755963732882,2.1121098997501737,-0.07004710484591214,-0.0,2.104414394878313,2.1044732258797114,30.254853766882718,34.18804667583981,0,-2
2023-06-01 03:28:00,2023-06-01 03:28:59,2.1136,2.1109,2.1108,2.1166,2.113748589300341,2.112975,2.1108,2.1166,True,0.0024641743982253793,-0.0002846431900327945,0,2.112042748061731,2.1121665861795664,-6.06152104752524,-6.06152104752524,2.1044995750287776,2.1045371738809084,19.475890820955367,29.28583738525413,0,-2
2023-06-01 03:29:00,2023-06-01 03:29:59,2.1108,2.1084,2.1078,2.1108,2.113361794650171,2.10945,2.1078,2.113361794650171,True,0.002509590512637844,-0.0005824133830702115,0,2.1121046671206485,2.112192577133894,-12.925047558911793,-12.925047558911793,2.1045488329886903,2.1045756099616955,8.144870280892711,19.291871622910193,-1,-2
2023-06-01 03:30:00,2023-06-01 03:30:59,2.1084,2.1065,2.1044,2.1091,2.1114058973250853,2.1071,2.1044,2.1114058973250853,True,0.002666048333163723,-0.0008818108558164173,-1,2.112148622127271,2.1121780995001043,-19.035560566945822,-19.035560566945822,2.1045742177350717,2.1045947581212805,-8.408089039827853e-14,9.206920367282592,0,-2
2023-06-01 03:31:00,2023-06-01 03:31:59,2.1066,2.1058,2.1054,2.1072,2.109252948662543,2.10625,2.1054,2.109252948662543,True,0.0026041877379377604,-0.0010850926737191592,0,2.1121633608136876,2.1121260280903105,-23.610286546970777,-23.610286546970777,2.104590892185469,2.1046067505777852,-8.408089039827853e-14,2.714956760297442,0,-2
2023-06-01 03:32:00,2023-06-01 03:32:59,2.1059,2.1075,2.1059,2.1079,2.1077514743312715,2.1068,2.1059,2.1079,True,0.0025681743280850625,-0.0010507628312403589,0,2.112144694451999,2.1120484896864395,-21.434104165767398,-21.434104165767398,2.1046128733577527,2.10463553912925,3.3015774080202465,1.100525802673287,0,-2
2023-06-01 03:33:00,2023-06-01 03:33:59,2.1076,2.1068,2.1066,2.1089,2.1072757371656357,2.107475,2.1066,2.1089,True,0.0025490190189361587,-0.0010272070137828224,0,2.112096592069219,2.111956064152782,-20.922513100454303,-20.922513100454303,2.104641352229815,2.1046570760533374,10.603685851964554,4.6350877533281665,0,-2
2023-06-01 03:34:00,2023-06-01 03:34:59,2.107,2.1076,2.107,2.1089,2.107375368582818,2.1076250000000005,2.107,2.1089,True,0.0025169462318693214,-0.0009071403259164652,0,2.1120263281110003,2.11185358117412,-18.133724725772865,-18.133724725772865,2.104671040267329,2.1046863588786775,18.807612566923552,10.904291942302711,0,-1
2023-06-01 03:35:00,2023-06-01 03:35:59,2.1075,2.1101,2.1073,2.1108,2.107500184291409,2.1089249999999997,2.1073,2.1108,True,0.0025871643581643583,-0.0006120146811664539,0,2.11193995464256,2.111752802423001,-10.38143364357159,-10.38143364357159,2.104713368224868,2.1047402259545116,32.4231387773603,20.611479065416063,0,-1
2023-06-01 03:36:00,2023-06-01 03:36:59,2.1102,2.1097,2.1097,2.1105,2.1082125921457044,2.1100250000000003,2.1097,2.1105,True,0.002459509761152612,-0.00041481653620971935,0,2.1118463785327806,2.1116616040414304,-6.158954847845358,-6.158954847845358,2.104766220282332,2.1047895769400387,48.188295013263634,33.139682119182424,0,-1
2023-06-01 03:37:00,2023-06-01 03:37:59,2.1097,2.1097,2.109,2.11,2.1091187960728526,2.1096,2.109,2.11,True,0.002355259063927418,-0.00026167948899690646,0,2.1117539912871055,2.1115756581180913,-3.3439689840278675,-0.0,2.1048143175929557,2.1048384368709834,61.08358215539521,47.23167198200631,0,-1
2023-06-01 03:38:00,2023-06-01 03:38:59,2.1098,2.1104,2.1098,2.112,2.1093593980364265,2.1105,2.1098,2.112,True,0.0023513119879326,-9.547759936178748e-05,0,2.1116648247025984,2.1115006121296096,0.3587213879597684,0.0,2.1048708915472547,2.1048937758075903,72.10799985586901,60.45995900817589,0,-1
2023-06-01 03:39:00,2023-06-01 03:39:59,2.1104,2.1106,2.1093,2.1106,2.1099296990182133,2.110225,2.1093,2.1106,True,0.002276218274508817,3.7579152696314184e-05,0,2.111582718416104,2.1114327758393325,3.360381691940347,3.360381691940347,2.104924166258227,2.1049505541577633,75.46917571943958,69.55358591023453,0,-1
2023-06-01 03:40:00,2023-06-01 03:40:59,2.1106,2.1096,2.1091,2.1111,2.1100773495091065,2.1101,2.1091,2.1111,True,0.0022564883977581715,6.088551403600549e-05,0,2.111507747127718,2.1113702235913143,1.6975187259444198,0.0,2.1049756670914785,2.104996817300472,81.39340634658379,76.3235273072974,0,-1
2023-06-01 03:41:00,2023-06-01 03:41:59,2.1097,2.1116,2.1097,2.1126,2.1100886747545533,2.1109,2.1097,2.1126,True,0.0023095963693468813,0.0002178033608037594,0,2.111438985359516,2.1113177495326427,5.883687719768226,5.883687719768226,2.105034615677633,2.105062520610915,86.78521836098624,81.21593347566979,0,-1
2023-06-01 03:42:00,2023-06-01 03:42:59,2.1116,2.1098,2.1096,2.1121,2.1104943373772764,2.110775,2.1096,2.1121,True,0.0023231966286792432,0.0001931328060734666,0,2.111378367446079,2.111272712498233,3.3325103249934855,3.3325103249934855,2.105091733929597,2.105109659709314,92.80831067371692,86.99564512709556,0,-1
2023-06-01 03:43:00,2023-06-01 03:43:59,2.1097,2.1085,2.1083,2.1098,2.110634668688638,2.109075,2.1083,2.110634668688638,True,0.0022643968694878724,8.61378439245687e-05,0,2.1113255399721558,2.111222175879387,-1.2256631314785906,-0.0,2.1051313684178594,2.1051433944385747,87.28479674962439,88.95944192810909,0,-2
2023-06-01 03:44:00,2023-06-01 03:44:59,2.1084,2.1082,2.1072,2.1091,2.109854834344319,2.108225,2.1072,2.109854834344319,True,0.002238368521667311,-8.477169556211743e-07,0,2.1112738579257715,2.111161824230043,-4.884563548359473,-0.0,2.105162150821662,2.1051738084242606,70.75354765331379,83.61555169221828,0,-2
2023-06-01 03:45:00,2023-06-01 03:45:59,2.1082,2.1077,2.1076,2.1092,2.1090399171721597,2.1081749999999997,2.1076,2.1092,True,0.0021927707701196336,-8.470401490744649e-05,0,2.111217841077907,2.1110938161614854,-8.404499079076764,-8.404499079076764,2.1051921294204514,2.105198944658845,52.46573912921178,70.1680278440499,0,-2
2023-06-01 03:46:00,2023-06-01 03:46:59,2.1078,2.1078,2.1078,2.109,2.1086074585860795,2.1081000000000003,2.1078,2.109,True,0.002129001429396808,-0.00012149102252720237,0,2.111155828619696,2.111019732168151,-10.311113265217223,-10.311113265217223,2.1052210634560686,2.105224825806518,40.588628640714354,54.602638474413226,0,-2
2023-06-01 03:47:00,2023-06-01 03:47:59,2.1076,2.1093,2.1075,2.1099,2.10835372929304,2.108575,2.1075,2.1099,True,0.002148358470154192,-2.9996278794607424e-05,0,2.1110877803939236,2.1109446318566363,-5.888826716763269,-0.0,2.1052544359589933,2.105265374803468,38.54192630540285,43.86543135844291,0,-1
2023-06-01 03:48:00,2023-06-01 03:48:59,2.1091,2.1085,2.1074,2.1091,2.1084643646465198,2.108525,2.1074,2.1091,True,0.0021306185794288937,-1.7336695287521308e-05,0,2.1110162061252797,2.110868903605501,-5.511498056543488,-0.0,2.1052869788847746,2.1052975601288066,32.14042176858234,37.09032557156643,0,-1
2023-06-01 03:49:00,2023-06-01 03:49:59,2.1088,2.109,2.1086,2.1095,2.10849468232326,2.108975,2.1086,2.1095,True,0.0020498601094697108,3.29563163005424e-05,0,2.11094255486539,2.110796288027983,-3.462552179345188,-0.0,2.105323675612289,2.1053344003265297,38.66168014599116,36.448009406658706,0,-1
2023-06-01 03:50:00,2023-06-01 03:50:59,2.109,2.1081,2.1081,2.1099,2.1087348411616302,2.108775,2.1081,2.1099,True,0.0020320129587933205,9.26863137433757e-06,0,2.1108694214466865,2.110725249087687,-5.057031333942703,-0.0,2.105358017148485,2.1053619187312407,37.01736909461133,35.93982366972819,0,-2
2023-06-01 03:51:00,2023-06-01 03:51:59,2.1081,2.1114,2.1061,2.1115,2.1087549205808154,2.109275,2.1061,2.1115,True,0.002272583461736644,0.0002267985576878042,0,2.1107973352671867,2.1106593693793734,2.3370370563868548,0.0,2.1053969921022317,2.1054219991418752,52.00319289229858,42.56074737763361,0,-1
2023-06-01 03:52:00,2023-06-01 03:52:59,2.1111,2.1047,2.1025,2.1116,2.1090149602904074,2.107475,2.1025,2.1116,True,0.002760256071612606,-9.55681649463427e-05,0,2.11072835232328,2.110585653661306,-4.253534227040888,-0.0,2.105417668797732,2.105414815070812,35.85911444324492,41.62655881005153,0,-2
2023-06-01 03:53:00,2023-06-01 03:53:59,2.1048,2.1031,2.1027,2.1048,2.1082449801452037,2.1038500000000004,2.1027,2.1082449801452037,True,0.0027130949236402768,-0.0004026506752468661,0,2.110657002992293,2.1104814030108114,-10.042905642699992,-10.042905642699992,2.105402070103227,2.1053917820850327,22.74804359291352,36.870116976152254,0,-2
2023-06-01 03:54:00,2023-06-01 03:54:59,2.1031,2.1065,2.1025,2.1066,2.1060474900726023,2.104675,2.1025,2.1066,True,0.002812159571951669,-0.0003425495646614011,0,2.1105692030015524,2.1103594876409657,-8.00785760384695,-8.00785760384695,2.105394835574837,2.1054028091289627,6.806257400851006,21.8044718123364,0,-1
2023-06-01 03:55:00,2023-06-01 03:55:59,2.1064,2.1024,2.1024,2.1064,2.105361245036301,2.1044,2.1024,2.1064,True,0.002904148173955137,-0.0005614778697589549,0,2.110464345321259,2.1102226143899827,-10.692924010260725,-10.692924010260725,2.1053849367133957,2.105372930431162,12.696092749755323,14.083464581173198,0,-2
2023-06-01 03:56:00,2023-06-01 03:56:59,2.1023,2.1009,2.1008,2.1044,2.1048806225181504,2.1021,2.1008,2.1048806225181504,True,0.0029538518758154874,-0.0007717753868571025,0,2.110343479855621,2.11005912334408,-13.654870897936874,-13.654870897936874,2.105352250775949,2.1053284236607026,12.696092749755323,10.732814300120467,0,-2
2023-06-01 03:57:00,2023-06-01 03:57:59,2.1017,2.1008,2.0991,2.102,2.1034903112590753,2.1009,2.0991,2.1034903112590753,True,0.0029500053132572313,-0.0008697908645187921,0,2.1102013015998504,2.1098675643673293,-15.712851310900653,-15.712851310900653,2.105307949773203,2.105283364718805,5.889835348904231,10.427340282804876,0,-2
2023-06-01 03:58:00,2023-06-01 03:58:59,2.1008,2.1002,2.0985,2.1008,2.1021951556295377,2.100075,2.0985,2.1021951556295377,True,0.002903576362310284,-0.000923677519132421,0,2.11003443298359,2.10964956123217,-17.646764491218008,-17.646764491218008,2.1052558806212307,2.1052327839753344,-8.644936618414552e-14,6.195309366219739,0,-2
2023-06-01 03:59:00,2023-06-01 03:59:59,2.1,2.0986,2.0976,2.1,2.101135077814769,2.09905,2.0976,2.101135077814769,True,0.002881892336430989,-0.0010136775215857474,0,2.10984199710788,2.1094052015684195,-20.3762327528582,-20.3762327528582,2.105194130565298,2.1051667861248338,-8.644936618414552e-14,1.9632784496346025,0,-2
2023-06-01 04:00:00,2023-06-01 04:00:59,2.0989,2.0976,2.0969,2.1007,2.1000925389073846,2.098525,2.0969,2.1007,True,0.002947471455257317,-0.0010801872516398381,0,2.10962359933815,2.109138165733196,-23.018599081328354,-23.018599081328354,2.1051277710571856,2.1050914947206065,-8.644936618414552e-14,-1.700368241270351e-13,0,-2
2023-06-01 04:01:00,2023-06-01 04:01:59,2.0976,2.0971,2.097,2.0992,2.0993087694536925,2.097725,2.097,2.0993087694536925,True,0.002894080637024666,-0.0010924743650437448,0,2.109380882535673,2.1088496200877405,-25.197797078940688,-25.197797078940688,2.1050541116436814,2.1050119773602023,-8.644936618414552e-14,-1.700368241270351e-13,0,-2
2023-06-01 04:02:00,2023-06-01 04:02:59,2.0973,2.0946,2.0946,2.0974,2.0985168847268465,2.095975,2.0946,2.0985168847268465,True,0.0028873605915229134,-0.0012045124561181147,0,2.1091152513117066,2.1085341124863426,-28.404097407608884,-28.404097407608884,2.1049637722243415,2.104908375595424,-8.644936618414552e-14,-1.700368241270351e-13,0,-2
2023-06-01 04:03:00,2023-06-01 04:03:59,2.0945,2.0945,2.0934,2.095,2.0972459423634233,2.09435,2.0934,2.0972459423634233,True,0.0027954062635570103,-0.0012094743466972103,0,2.1088246818990246,2.1081883930369654,-30.603378648300733,-30.603378648300733,2.1048581625504674,2.1048048096691017,-8.644936618414552e-14,-1.700368241270351e-13,0,-2
2023-06-01 04:04:00,2023-06-01 04:04:59,2.0947,2.0963,2.0947,2.0966,2.0957979711817116,2.095575,2.0947,2.0966,True,0.002745734387588652,-0.0010127250507721416,0,2.108506537467995,2.107829664393034,-26.160053956772465,-26.160053956772465,2.1047657927738457,2.10472018469727,7.300162347479386,2.433387449159654,0,-1
2023-06-01 04:05:00,2023-06-01 04:05:59,2.0968,2.0965,2.0961,2.0979,2.095686485590856,2.096825,2.0961,2.0979,True,0.002678181931332337,-0.0008024577968577134,0,2.1081681009305147,2.1074717311080655,-22.591111523220977,-22.591111523220977,2.1046867799104243,2.10463839181471,26.37493219089049,11.225031512789846,0,-1
2023-06-01 04:06:00,2023-06-01 04:06:59,2.0965,2.0973,2.0955,2.0985,2.096255742795428,2.0969499999999996,2.0955,2.0985,True,0.0027011689362371784,-0.000550438347550565,0,2.1078199160192903,2.1071177374507193,-17.70401785669182,-17.70401785669182,2.1046097970257436,2.1045653729906832,53.32114133114258,28.998745289837398,0,-1
2023-06-01 04:07:00,2023-06-01 04:07:59,2.0975,2.0987,2.0975,2.0989,2.096602871397714,2.09815,2.0975,2.0989,True,0.0026225140122202242,-0.00024069845274630759,0,2.107468826735005,2.106777507539013,-10.691229401366279,-0.0,2.104545520438423,2.104507011070378,79.35431231699644,53.016795279676415,0,-1
2023-06-01 04:08:00,2023-06-01 04:08:59,2.0985,2.1,2.0978,2.101,2.097376435698857,2.0993250000000003,2.0978,2.101,True,0.0026637630113473575,8.598862207823913e-05,0,2.107123167137009,2.106458510009632,-3.245920914020388,-0.0,2.1044935749614235,2.1044621651890805,93.61287580691867,75.4294431516858,0,-1
2023-06-01 04:09:00,2023-06-01 04:09:59,2.0998,2.0998,2.0994,2.1006,2.0998,2.0999,2.0994,2.1006,True,0.0025592085105368223,0.00030596745218212755,0,2.1067908385733207,2.1061623626579604,1.0635608990875696,0.0,2.104447867747877,2.1044157754857067,99.9999999999999,90.98906270797158,0,-1
2023-06-01 04:10:00,2023-06-01 04:10:59,2.0999,2.0982,2.0975,2.1001,2.09985,2.098925,2.0975,2.1001,True,0.0025621221883556007,0.0003505799962619225,0,2.1064766006156406,2.105879547760792,-0.7197178608799035,-0.0,2.104392913839938,2.104353926973411,96.44885732908416,96.6872443786675,0,-1
2023-06-01 04:11:00,2023-06-01 04:11:59,2.0982,2.0978,2.0971,2.0987,2.0993874999999997,2.09795,2.0971,2.0993874999999997,True,0.002493399174901617,0.00036152319467013146,0,2.1061780741882163,2.105602480472896,-2.9083108331741627,-0.0,2.104328805244516,2.1042887137696957,89.59320738810008,95.34735490572797,0,-1
2023-06-01 04:12:00,2023-06-01 04:12:59,2.0981,2.1,2.0981,2.1007,2.09866875,2.099225,2.0981,2.1007,True,0.002522442090980066,0.0005279022754671194,0,2.1058902773305563,2.1053405871503643,1.4026518016760292,0.0,2.10427802111273,2.104246040000843,89.46542938090113,91.83583136602839,0,-1
2023-06-01 04:13:00,2023-06-01 04:13:59,2.1,2.1001,2.1,2.1006,2.098946875,2.100175,2.1,2.1006,True,0.0023851247987671997,0.0006424434500249552,0,2.1056154322404605,2.105098955274475,4.492692117126211,4.492692117126211,2.1042371950320065,2.1042047858714814,93.01657205181687,90.69173627360595,0,-1
2023-06-01 04:14:00,2023-06-01 04:14:59,2.1,2.0984,2.0974,2.1,2.0995609375,2.09895,2.0974,2.1,True,0.0024076158845695375,0.0005938497076508403,0,2.105357193757468,2.104866528426909,1.5257227377303622,0.0,2.104184586126215,2.1041470268080835,95.71911316860833,92.7337048671087,0,-1
2023-06-01 04:15:00,2023-06-01 04:15:59,2.0984,2.0963,2.0961,2.0989,2.09925546875,2.097425,2.0961,2.09925546875,True,0.002435643321386009,0.0004135678854439821,0,2.1051118610921886,2.104632480336445,-4.54412431676829,-0.0,2.10411732656277,2.1040689469393463,87.12836352554564,91.95468291532353,0,-2
2023-06-01 04:16:00,2023-06-01 04:16:59,2.0965,2.0956,2.095,2.0967,2.0983402343749997,2.09595,2.095,2.0983402343749997,True,0.0023830973698584076,0.00025156476137800634,0,2.104872170714317,2.104388641580238,-9.670450868597094,-0.0,2.1040360596317975,2.1039846788105967,74.55853105172098,85.80200258195823,0,-2
2023-06-01 04:17:00,2023-06-01 04:17:59,2.0956,2.0963,2.0956,2.0967,2.0971451171875,2.09605,2.0956,2.0971451171875,True,0.0022914475577256394,0.00020424226688638527,0,2.104630406147278,2.104139453663566,-10.652725972831512,-0.0,2.103956596351879,2.10390821434482,63.15150098182479,74.9461318530304,0,-2
2023-06-01 04:18:00,2023-06-01 04:18:59,2.0964,2.0956,2.0954,2.0965,2.09659755859375,2.095975,2.0954,2.09659755859375,True,0.002206344160745212,0.00013685553671024826,0,2.104384929905422,2.103887249429592,-12.695866319613508,-0.0,2.103877177482706,2.103825545545369,50.34418742468578,62.684739819410446,0,-2
2023-06-01 04:19:00,2023-06-01 04:19:59,2.0958,2.0961,2.0954,2.0961,2.096286279296875,2.09585,2.0954,2.096286279296875,True,0.00209874814926339,0.0001415844672884004,0,2.104136089667507,2.1036335431841158,-12.117466120319094,-0.0,2.103797305069943,2.103748674445415,39.94429765910176,51.1466620218707,0,-1
2023-06-01 04:20:00,2023-06-01 04:20:59,2.0961,2.0943,2.0943,2.0961,2.0960681396484375,2.0952,2.0943,2.0961,True,0.002077408995744562,3.4780616806083086e-05,0,2.1038848164258117,2.1033759353978208,-15.291756747909673,-15.291756747909673,2.1037117597458637,2.1036546577842667,22.17110321985722,37.48652943454818,0,-2
2023-06-01 04:21:00,2023-06-01 04:21:59,2.0944,2.0945,2.0941,2.095,2.095634069824219,2.0945,2.0941,2.095634069824219,True,0.0019933083531913877,-2.2512435184311036e-06,0,2.1036303759118162,2.1031122206199466,-16.56757799190804,-16.56757799190804,2.10362010044491,2.1035635666620354,10.363611093924542,24.159670657627768,0,-2
2023-06-01 04:22:00,2023-06-01 04:22:59,2.0944,2.096,2.0935,2.096,2.0950670349121094,2.0949750000000003,2.0935,2.096,True,0.0020295006136777133,9.663581126689164e-05,0,2.1033712982658814,2.1028487661336275,-11.876189297795037,-0.0,2.1035340795449606,2.1034883072922637,5.939774627130735,12.82482964697076,0,-1
2023-06-01 04:23:00,2023-06-01 04:23:59,2.0961,2.0964,2.0954,2.0964,2.095021017456055,2.096075,2.0954,2.0964,True,0.001955964855557869,0.00020337243432284055,0,2.1031100321997545,2.1025948713244422,-7.498012527938911,-0.0,2.103459859847996,2.1034177768714453,24.778695671938127,13.69402713099773,0,-1
2023-06-01 04:24:00,2023-06-01 04:24:59,2.0963,2.0963,2.0957,2.0966,2.095548008728027,2.096225,2.0957,2.0966,True,0.0018805387944466016,0.00027577403609977845,0,2.1028524517620983,2.1023512740642127,-4.937886053400675,-0.0,2.103387871192792,2.103346953220983,45.31419244955475,25.344220916207803,0,-1
2023-06-01 04:25:00,2023-06-01 04:25:59,2.0963,2.0961,2.0946,2.0963,2.095886504364014,2.0958249999999996,2.0946,2.0963,True,0.0018676431662718468,0.0003154189252049769,0,2.1026018629131555,2.102114711047571,-4.033427002452051,-0.0,2.103312618743112,2.10327484423371,56.773398579205384,42.28876223356602,0,-1
2023-06-01 04:26:00,2023-06-01 04:26:59,2.0962,2.0958,2.0943,2.0966,2.0958557521820067,2.0957250000000003,2.0943,2.0966,True,0.001898525797252427,0.00032473350966788234,0,2.102358286980363,2.1018846231078987,-4.6960532883521395,-0.0,2.1032371200491506,2.1032004676741707,54.528236177319364,52.20527573535977,0,-1
2023-06-01 04:27:00,2023-06-01 04:27:59,2.0958,2.0962,2.0958,2.0966,2.0957903760910037,2.0961000000000003,2.0958,2.0966,True,0.0018200596688772474,0.0003614902407091925,0,2.102121455044131,2.101663784588617,-3.0312109949096993,-0.0,2.1031661039292584,2.103130811279403,62.75854142406337,58.020058726862636,0,-1
2023-06-01 04:28:00,2023-06-01 04:28:59,2.0964,2.0967,2.0956,2.0967,2.0959451880455022,2.0963499999999997,2.0956,2.0967,True,0.0017686268353859908,0.0004206058120779215,0,2.101892619816374,2.101453458656019,0.4763785974928396,0.0,2.103098281999614,2.1030668231074685,78.69289400061523,65.32655720066593,0,-1
2023-06-01 04:29:00,2023-06-01 04:29:59,2.0968,2.0965,2.0963,2.0974,2.096147594022751,2.09675,2.0963,2.0974,True,0.0017208677757155702,0.000442836186295635,0,2.1016730392361964,2.1012555968418054,1.5699659811055042,0.0,2.1030351150145434,2.1030014815840112,95.43246869102721,78.96130137190187,0,2
2023-06-01 04:30:00,2023-06-01 04:30:59,2.0966,2.0948,2.0945,2.0974,2.0964487970113757,2.095825,2.0945,2.0974,True,0.001805091506021594,0.0003366409122696713,0,2.101464318039001,2.1010625591744105,-4.841975242556224,-0.0,2.1029633725765877,2.102919874802081,89.68389010080925,87.93641759748384,0,-2
2023-06-01 04:31:00,2023-06-01 04:31:59,2.0947,2.0953,2.0944,2.0953,2.096136898505688,2.094925,2.0944,2.096136898505688,True,0.001740442112734346,0.000302490001376895,0,2.1012634386067055,2.100868469078301,-6.335343103273274,-0.0,2.1028833887698557,2.102844055152309,70.54109222012077,85.21915033731902,0,2
2023-06-01 04:32:00,2023-06-01 04:32:59,2.0954,2.0971,2.0951,2.0983,2.095530949252844,2.0964750000000003,2.0951,2.0983,True,0.0018446962475390423,0.0004051002788092511,0,2.101065953842503,2.1006855167105005,-0.45838777137817743,-0.0,2.102819623707469,2.102786900374674,70.54109222012077,76.92202484701687,0,2
2023-06-01 04:33:00,2023-06-01 04:33:59,2.0972,2.0956,2.0956,2.0972,2.096002974626422,2.0964,2.0956,2.0972,True,0.0018272179441433838,0.00036457675651622654,0,2.1008757352765017,2.1005120738225718,-1.810085335760533,-0.0,2.1027557468546583,2.10271538892816,80.09679034731336,73.7263249291849,0,2
2023-06-01 04:34:00,2023-06-01 04:34:59,2.0956,2.0949,2.0948,2.0957,2.096201487313211,2.09525,2.0948,2.096201487313211,True,0.001760988090990262,0.0002875941900033789,0,2.1006939045495368,2.1003394175946997,-4.6247466318056,-0.0,2.102681062806353,2.102637623864198,87.41907781880907,79.35232012874765,0,1
2023-06-01 04:35:00,2023-06-01 04:35:59,2.0949,2.0949,2.0934,2.0949,2.0957257436566055,2.094525,2.0934,2.0957257436566055,True,0.0017423460844909616,0.0002380265539040382,0,2.100516661072118,2.100163591044147,-6.501187495835644,-0.0,2.1025999079525586,2.1025606325819672,65.3865340225956,77.63413406290591,0,1
2023-06-01 04:36:00,2023-06-01 04:36:59,2.0949,2.0948,2.0943,2.0949,2.0951253718283027,2.0947250000000004,2.0943,2.0951253718283027,True,0.0016607499355987454,0.00020116323761287976,0,2.1003401260581325,2.099987847046068,-8.087405432458624,-0.0,2.1025215506594983,2.102483412357271,40.95182985592922,64.58581389911122,0,1
2023-06-01 04:37:00,2023-06-01 04:37:59,2.0949,2.0968,2.0949,2.0969,2.0949251859141516,2.095875,2.0949,2.0969,True,0.0016921249401988345,0.0003178403108798037,0,2.1001639865521002,2.0998212640558407,-1.4292752959106636,-0.0,2.1024554158270656,2.1024268609905317,52.11676451072486,52.8183761297498,0,2
2023-06-01 04:38:00,2023-06-01 04:38:59,2.0969,2.0974,2.0964,2.0977,2.0954000929570755,2.0971,2.0964,2.0977,True,0.0016641160158989234,0.00043202846078209357,0,2.0999926253039702,2.099671441330733,4.530664149644004,4.530664149644004,2.1024021281073932,2.102376842473213,74.14930830693834,55.73930089119739,0,2
2023-06-01 04:39:00,2023-06-01 04:39:59,2.0973,2.0985,2.0973,2.0986,2.096250046478538,2.097925,2.0973,2.0986,True,0.0016381077290489742,0.0005730609923410564,0,2.0998320333173517,2.099541502400806,10.835635087837396,10.835635087837396,2.102357579569011,2.102338266926216,99.34442424560278,75.20349902108858,0,2
2023-06-01 04:40:00,2023-06-01 04:40:59,2.0984,2.0968,2.0967,2.0986,2.097087523239269,2.097625,2.0967,2.0986,True,0.0016568143198311912,0.0005321815557788319,0,2.0996867678590787,2.099426051322865,8.212219267460569,8.212219267460569,2.1023104892250406,2.1022831597926217,97.1486571543714,90.21412990230408,0,2
2023-06-01 04:41:00,2023-06-01 04:41:59,2.0969,2.0961,2.0956,2.0976,2.0973562616196344,2.0965499999999997,2.0956,2.0976,True,0.001681327582700376,0.0004432284270921012,0,2.0995564095909716,2.0993154231066273,4.325265172774216,4.325265172774216,2.102253170924294,2.1022216358145855,84.69973122850256,93.73093754282549,0,1
2023-06-01 04:42:00,2023-06-01 04:42:59,2.0961,2.0954,2.0954,2.0962,2.0969531308098173,2.0957749999999997,2.0954,2.0969531308098173,True,0.0016183756125074857,0.0003264643604957481,0,2.0994359163487997,2.099204033666354,-0.23485312972984218,-0.0,2.102188711512112,2.102153758841306,66.04428504544161,82.63089114277176,0,1
2023-06-01 04:43:00,2023-06-01 04:43:59,2.0955,2.0953,2.0953,2.0957,2.0963640654049085,2.0954499999999996,2.0953,2.0963640654049085,True,0.0015313487830426623,0.00023757199358740854,0,2.099319975007577,2.0990905793134362,-3.5633464633611567,-0.0,2.10212165965627,2.1020855622359202,47.72485400885472,66.1562900942662,0,1
2023-06-01 04:44:00,2023-06-01 04:44:59,2.0952,2.0926,2.0917,2.0952,2.095907032702454,2.093675,2.0917,2.095907032702454,True,0.001679109584253904,-7.982967324707876e-06,0,2.0992052771605065,2.098964099270138,-11.19487450077603,-0.0,2.102037613291531,2.10199117853208,26.94506473269845,46.90473459566483,0,1
2023-06-01 04:45:00,2023-06-01 04:45:59,2.0926,2.0916,2.0895,2.0926,2.094791016351227,2.091575,2.0895,2.094791016351227,True,0.001780601756807188,-0.00022721571245420784,0,2.099084688215322,2.0988138235635265,-17.48759096049732,-17.48759096049732,2.10193350768664,2.101887783720816,12.267177582426072,28.979032107992982,0,-2
2023-06-01 04:46:00,2023-06-01 04:46:59,2.0916,2.0902,2.0902,2.0917,2.0931830081756138,2.090925,2.0902,2.0931830081756138,True,0.0017605587741781072,-0.0004466448434551559,0,2.098949255889424,2.0986413847237517,-23.044904138402597,-23.044904138402597,2.1018239702967234,2.1017714873653848,0.10461813130810071,13.105620148810777,0,-2
2023-06-01 04:47:00,2023-06-01 04:47:59,2.0903,2.0905,2.0903,2.0909,2.0920540040878066,2.0905,2.0903,2.0920540040878066,True,0.0016848045760225385,-0.0005390483791244793,0,2.0987953203065874,2.098449763855224,-25.344544638179023,-25.344544638179023,2.101711293975363,2.1016593332622464,-1.1231756265791167e-13,4.123931904577922,0,-2
2023-06-01 04:48:00,2023-06-01 04:48:59,2.0904,2.0913,2.0898,2.0914,2.0912770020439035,2.090725,2.0898,2.0914,True,0.0016787471063066622,-0.0005100114554284251,0,2.0986225420809053,2.0982458993027793,-23.1962421626008,-23.1962421626008,2.101601977617399,2.1015562553193385,1.729656908369903,0.6114250132258656,0,-2
2023-06-01 04:49:00,2023-06-01 04:49:59,2.0912,2.0912,2.0911,2.0914,2.0910010010219517,2.091225,2.0911,2.0914,True,0.001580265170141914,-0.0004646448697524868,0,2.0984342206918423,2.098037224471247,-21.974503965749438,-21.974503965749438,2.1014987241087684,2.101453208002728,7.329657192301713,3.019771366890403,0,-2
2023-06-01 04:50:00,2023-06-01 04:50:59,2.0913,2.0926,2.0913,2.0926,2.091113000510976,2.0919499999999998,2.0913,2.0926,True,0.0015673890865603377,-0.0003071417781052531,0,2.0982357225815447,2.0978311684754356,-15.265495658335809,-15.265495658335809,2.1014037119285818,2.1013651163808107,18.311162511610817,9.123492204094047,0,-1
2023-06-01 04:51:00,2023-06-01 04:51:59,2.0926,2.0926,2.0924,2.0934,2.091531500255488,2.0927499999999997,2.0924,2.0934,True,0.0015268612946631628,-0.00017970911401276788,0,2.09803344552849,2.0976340769214405,-10.792823453393389,-0.0,2.101317605342228,2.1012779012924443,33.092022784007206,19.577614162639815,0,-1
2023-06-01 04:52:00,2023-06-01 04:52:59,2.0926,2.0907,2.0902,2.0937,2.0921407501277436,2.0918,2.0902,2.0937,True,0.0016677997736158142,-0.0002074316800593193,0,2.0978337612249653,2.097438877382899,-13.140062007413178,-13.140062007413178,2.101222902801509,2.101172648543266,39.70858760872797,30.370590968115234,0,-2
2023-06-01 04:53:00,2023-06-01 04:53:59,2.0909,2.0905,2.0894,2.0909,2.091970375063872,2.0904249999999998,2.0894,2.091970375063872,True,0.001655814075500403,-0.0002173120728635046,0,2.0976363193039322,2.0972370727555885,-15.136440456971286,-15.136440456971286,2.1011154609825886,2.1010664530353726,35.97354122044275,36.25805053772587,0,-2
2023-06-01 04:54:00,2023-06-01 04:54:59,2.0903,2.0912,2.0896,2.0912,2.0911976875319356,2.090575,2.0896,2.0912,True,0.001651827355821822,-0.00015314426406923872,0,2.09743669602976,2.097032481649314,-13.13522969745948,-13.13522969745948,2.1010105807738064,2.1009682793733293,30.091037223552036,35.257722017574146,0,-1
2023-06-01 04:55:00,2023-06-01 04:55:59,2.0916,2.0895,2.0893,2.0918,2.090886343765968,2.0905500000000004,2.0893,2.0918,True,0.0017124111161202595,-0.00020830442693980326,0,2.097234588839537,2.0968269289145334,-15.839823612021306,-15.839823612021306,2.1009064953929726,2.100854167140759,30.537775206507785,32.20078455016742,0,-2
2023-06-01 04:56:00,2023-06-01 04:56:59,2.0896,2.0888,2.0878,2.0898,2.090718171882984,2.089,2.0878,2.090718171882984,True,0.001732953179254511,-0.00026922568021556324,0,2.097030758877035,2.096611394744855,-18.867450448495546,-18.867450448495546,2.1007880228019977,2.1007342251791594,26.840955804857757,29.15658941163909,0,-2
2023-06-01 04:57:00,2023-06-01 04:57:59,2.0889,2.0881,2.0877,2.0889,2.089859085941492,2.0884,2.0877,2.089859085941492,True,0.0016948850950220683,-0.0003306968627248669,0,2.096821076810945,2.0963853642768244,-21.997181853831336,-21.997181853831336,2.10066475889352,2.1006085114957846,16.29643427337115,24.55838842824546,0,-2
2023-06-01 04:58:00,2023-06-01 04:58:59,2.0886,2.0899,2.088,2.0899,2.089129542970746,2.0891,2.088,2.0899,True,0.00170953615966335,-0.0002177951760004332,0,2.0966032205438845,2.096157423553097,-16.495425337453312,-16.495425337453312,2.100549686665724,2.100501959142593,15.029665364758996,19.389018480995862,0,-1
2023-06-01 04:59:00,2023-06-01 04:59:59,2.0899,2.0897,2.0892,2.0904,2.089114771485373,2.0898000000000003,2.0892,2.0904,True,0.0016731407196873872,-0.00013401241987634222,0,2.0963803220484905,2.0959343455318216,-13.381538806210997,-13.381538806210997,2.1004427246093487,2.1003944769620695,33.5213737071769,21.615824448435575,0,-1
2023-06-01 05:00:00,2023-06-01 05:00:59,2.0896,2.0882,2.0878,2.09,2.0894573857426866,2.0888999999999998,2.0878,2.09,True,0.001710773525423985,-0.00016174167990110414,0,2.096157333790156,2.095710451545728,-14.897867312131304,-14.897867312131304,2.1003278716281613,2.100273138882845,48.0344215956342,32.19515355585659,0,-2
2023-06-01 05:01:00,2023-06-01 05:01:59,2.0884,2.0883,2.0882,2.0895,2.089178692871343,2.0886000000000005,2.0882,2.0895,True,0.0016814325593222774,-0.00015034353105123624,0,2.095933892667942,2.095485392976603,-15.462113416558232,-15.462113416558232,2.10021117638808,2.100154003172568,48.80205530098717,43.45261686793265,0,-1
2023-06-01 05:02:00,2023-06-01 05:02:59,2.0882,2.09,2.0879,2.0901,2.0888893464356717,2.08905,2.0879,2.0901,True,0.001718473090799272,-4.2003236675313554e-06,0,2.095709642822272,2.0952640491427523,-9.469331506733553,-0.0,2.1001001199066067,2.100052968315129,46.17545927095734,47.67064538919279,0,-1
2023-06-01 05:03:00,2023-06-01 05:03:59,2.0898,2.0916,2.0898,2.0917,2.0889696732178358,2.090725,2.0898,2.0917,True,0.001731439298599325,0.00021564787196127902,0,2.0954868459825122,2.095058640881503,-1.6002851459038325,-0.0,2.1000068351314165,2.099968859177665,64.9122530634443,53.29658921179615,0,-1
2023-06-01 05:04:00,2023-06-01 05:04:59,2.0916,2.0921,2.0916,2.0923,2.089847336608918,2.0919,2.0916,2.0923,True,0.001657765062985066,0.0003974972138646492,0,2.0952727434320075,2.0948752498773184,4.6506652923809355,4.6506652923809355,2.0999261701052334,2.0998905620714194,86.0814185084285,65.72304361427659,0,2
2023-06-01 05:05:00,2023-06-01 05:05:59,2.0921,2.09,2.09,2.0924,2.090873668304459,2.091125,2.09,2.0924,True,0.0017107818442004313,0.0003676797799452994,0,2.095073996654663,2.0947051341475933,2.1564545324749034,0.0,2.0998385962733406,2.09979214851847,95.00125479628586,81.9983087893861,0,2
2023-06-01 05:06:00,2023-06-01 05:06:59,2.0901,2.0909,2.0896,2.0909,2.0909993341522295,2.090375,2.0896,2.0909993341522295,True,0.0016814402839004062,0.0004074660299883911,0,2.094889565401128,2.0945414915120284,2.83120810453417,0.0,2.0997444311362923,2.0997036694287337,85.47006648163597,88.85091326211666,0,2
2023-06-01 05:07:00,2023-06-01 05:07:59,2.0909,2.089,2.0889,2.0909,2.0906871670761147,2.089925,2.0889,2.0909,True,0.0017041945493360758,0.0002978016203463792,0,2.094715528456578,2.094380980472968,-1.2637176453369605,-0.0,2.099646725353842,2.0995971652553136,73.31687892118548,84.59606673303567,0,1
2023-06-01 05:08:00,2023-06-01 05:08:59,2.0891,2.0882,2.0881,2.0891,2.0903060835380574,2.0886250000000004,2.0881,2.0903060835380574,True,0.0016538949386692371,0.00017137885708718467,0,2.094548254464773,2.09421511685578,-5.5182690100100515,-0.0,2.099537056444848,2.0994837606259074,59.227180474920566,72.67137529258056,0,1
2023-06-01 05:09:00,2023-06-01 05:09:59,2.0881,2.0869,2.0869,2.0881,2.089465541769029,2.0875,2.0869,2.089465541769029,True,0.0016286167287642972,5.2319127673830165e-06,0,2.0943816856602764,2.0940384584205955,-10.51666746533786,-0.0,2.099417284738929,2.0993585490773907,44.48697306928258,59.01034415512944,0,-2
2023-06-01 05:10:00,2023-06-01 05:10:59,2.087,2.0845,2.0845,2.0871,2.0884827708845144,2.085775,2.0845,2.0884827708845144,True,0.0016980012481382872,-0.0002545753852569951,0,2.0942100720404357,2.093842677879546,-16.65440473671176,-16.65440473671176,2.0992815406121736,2.0992107028179143,25.68309074421107,43.132414762804636,0,-2
2023-06-01 05:11:00,2023-06-01 05:11:59,2.0846,2.0863,2.0845,2.0863,2.087128885442257,2.085425,2.0845,2.087128885442257,True,0.0017052868732712841,-0.00027485651836071847,0,2.0940263749599906,2.093630784260575,-15.368870045015903,-15.368870045015903,2.099143664586182,2.0990822381132586,11.43820106085669,27.20275495811667,0,-2
2023-06-01 05:12:00,2023-06-01 05:12:59,2.0862,2.0915,2.0862,2.092,2.0862769427211285,2.088975,2.0862,2.092,True,0.001997766382323353,9.422553055534822e-05,0,2.0938285796102827,2.093432015292908,-5.831033675093536,-0.0,2.099042483844031,2.0990067929579026,27.666610206552154,21.59596733720653,0,-1
2023-06-01 05:13:00,2023-06-01 05:13:59,2.0915,2.0914,2.0909,2.0924,2.0876259713605645,2.09155,2.0909,2.0924,True,0.0019622116407288317,0.0003348893561316141,0,2.093630297451595,2.093262610460436,0.32768449762962604,0.0,2.098967931765981,2.0989311034757345,58.62368009207415,32.57616378649423,0,2
2023-06-01 05:14:00,2023-06-01 05:14:59,2.0914,2.0914,2.0913,2.0915,2.089587985680282,2.0914,2.0913,2.0915,True,0.0018363393806767707,0.0004880319392552726,0,2.0934464539560156,2.0931164573558974,4.433496612778399,4.433496612778399,2.0988926289623393,2.0988561671227424,91.26272339373872,59.1843378974549,0,2
2023-06-01 05:15:00,2023-06-01 05:15:59,2.0914,2.09,2.09,2.0916,2.090493992840141,2.09075,2.09,2.0916,True,0.0018194579963427347,0.00048091678362584137,0,2.0932814556559567,2.0929851535747535,3.8203899845147973,3.8203899845147973,2.0988116077786345,2.0987680460568443,95.54361072668411,81.81000473749889,0,2
2023-06-01 05:16:00,2023-06-01 05:16:59,2.0901,2.0911,2.0901,2.0912,2.0906219964200705,2.090625,2.0901,2.0912,True,0.00177521099660399,0.00054115295117959,0,2.093133304615355,2.09286558402099,5.4879856071819475,5.4879856071819475,2.0987301489947674,2.0986917470911046,91.17943433629186,92.66192281890478,0,2
2023-06-01 05:17:00,2023-06-01 05:17:59,2.0912,2.0917,2.0912,2.0923,2.0906234982100353,2.0916,2.0912,2.0923,True,0.001734124496846553,0.0006070601006468561,0,2.0929994443181728,2.09276276281814,7.686707144151157,7.686707144151157,2.0986592022386006,2.0986221774683074,91.8737243679606,92.86558981031209,0,2
2023-06-01 05:18:00,2023-06-01 05:18:59,2.0918,2.0925,2.0917,2.0929,2.0911117491050177,2.092225,2.0917,2.0929,True,0.0016959727470718215,0.0006863977841981986,1,2.0928811035681565,2.092678121337213,10.573872678464461,10.573872678464461,2.0985951803257787,2.098561260279568,95.63582360960764,92.89632743795327,0,2
2023-06-01 05:19:00,2023-06-01 05:19:59,2.0926,2.0928,2.0922,2.0931,2.091668374552509,2.092675,2.0922,2.0931,True,0.0016391175508524145,0.0007354502553665551,0,2.0927796124526847,2.0926114610883375,13.038981954484534,13.038981954484534,2.0985362730588557,2.098503934306637,99.99999999999989,95.8365159925226,1,2
2023-06-01 05:20:00,2023-06-01 05:20:59,2.0929,2.0898,2.0898,2.093,2.092171687276254,2.091375,2.0898,2.093,True,0.001750609154362963,0.000535233604386028,0,2.092695536770511,2.092550495567605,6.383325380830506,6.383325380830506,2.098465016610509,2.098417327995128,93.5804513851828,96.40542499826334,0,1
2023-06-01 05:21:00,2023-06-01 05:21:59,2.0899,2.089,2.089,2.0901,2.091773343638127,2.0895,2.089,2.091773343638127,True,0.001704137071908473,0.0003328294463473972,0,2.0926230161690578,2.092481567340698,0.4398749517161633,0.0,2.0983758124651306,2.0983236232389575,79.33866334573104,90.9730382436378,-1,1
2023-06-01 05:22:00,2023-06-01 05:22:59,2.089,2.0878,2.0877,2.089,2.0906366718190634,2.088375,2.0877,2.0906366718190634,True,0.0016752701382007306,0.00011012656521424205,0,2.0925522917548776,2.0923991242437627,-5.563843191628756,-0.0,2.098276301893338,2.098218910569913,61.0481620887282,77.9890922732139,0,1
2023-06-01 05:23:00,2023-06-01 05:23:59,2.0878,2.0877,2.0877,2.0878,2.0895058359095318,2.0877499999999998,2.0877,2.0895058359095318,True,0.0015627508426149792,-4.04523839672682e-05,0,2.09247570799932,2.092302318277265,-9.735350152447268,-0.0,2.0981715625710162,2.098114244793098,47.04377086445289,62.47686543297059,0,1
2023-06-01 05:24:00,2023-06-01 05:24:59,2.0877,2.0864,2.0863,2.0877,2.0886279179547658,2.0870249999999997,2.0863,2.0886279179547658,True,0.0015511257824281839,-0.0002198599853296268,-1,2.0923890131382925,2.09218989424342,-14.602964326743006,-14.602964326743006,2.0980606515006577,2.0979976851434157,38.44992607817276,48.8472863437845,0,1
2023-06-01 05:25:00,2023-06-01 05:25:59,2.0864,2.0872,2.0863,2.0872,2.087826458977383,2.0867750000000003,2.0863,2.087826458977383,True,0.0015046167979690366,-0.00026549220259507503,0,2.0922894536908565,2.0920642300778822,-14.713588083723664,-14.713588083723664,2.0979483564608503,2.0978902454902473,23.407094001842268,36.30026364815586,0,1
2023-06-01 05:26:00,2023-06-01 05:26:59,2.0872,2.0859,2.0859,2.0873,2.0873007294886916,2.086575,2.0859,2.0873007294886916,True,0.0014971441695426659,-0.0003661522887915239,0,2.0921768418843696,2.0919276318406723,-17.0999919501239,-17.0999919501239,2.0978351887348716,2.0977709395649713,10.497700507601344,24.118240195872016,0,-2
2023-06-01 05:27:00,2023-06-01 05:27:59,2.0859,2.0847,2.0845,2.0859,2.0869378647443457,2.0852500000000003,2.0845,2.0869378647443457,True,0.001490205300289639,-0.0004904152018245542,0,2.092052236862521,2.091774271432024,-20.376383530746292,-20.376383530746292,2.0977099629763156,2.097640880464822,-1.0066022089934752e-13,11.301598169814396,0,-2
2023-06-01 05:28:00,2023-06-01 05:28:59,2.0846,2.0844,2.0842,2.0851,2.086093932372173,2.084575,2.0842,2.086093932372173,True,0.0014480477788403876,-0.0005618439501514218,0,2.0919132541472725,2.0916041350455785,-22.954161538649725,-22.954161538649725,2.0975792668272977,2.0975091304104456,-1.0066022089934752e-13,3.4992335025336057,0,-2
2023-06-01 05:29:00,2023-06-01 05:29:59,2.0845,2.0845,2.0842,2.0846,2.0853344661860866,2.08445,2.0842,2.0853344661860866,True,0.0013731872232089282,-0.0005675609209220608,0,2.0917586945964253,2.091421100497447,-24.15044552353232,-24.15044552353232,2.0974486273563793,2.0973796863267595,-1.0066022089934752e-13,-2.09412734067074e-13,0,-2
2023-06-01 05:30:00,2023-06-01 05:30:59,2.0845,2.0838,2.0837,2.0845,2.0848922330930435,2.0841250000000002,2.0837,2.0848922330930435,True,0.0013322452786939983,-0.0005844670483793821,0,2.091589897546936,2.0912269371019367,-26.07539670164845,-26.07539670164845,2.0973160539498483,2.0972445650697766,-1.0066022089934752e-13,-2.09412734067074e-13,0,-2
2023-06-01 05:31:00,2023-06-01 05:31:59,2.0837,2.0858,2.0834,2.0861,2.084508616546522,2.0847499999999997,2.0834,2.0861,True,0.0014299420445015643,-0.00042175116848101597,0,2.0914084173244363,2.091029632218666,-18.54503505653821,-18.54503505653821,2.0971910185871634,2.0971306888004255,4.69003998280744,1.5633466609356377,0,-1
2023-06-01 05:32:00,2023-06-01 05:32:59,2.0858,2.0862,2.0858,2.0863,2.0846293082732608,2.086025,2.0858,2.0863,True,0.0013635176127514644,-0.00025923548550682357,0,2.091219024771551,2.0908399555972323,-12.213413979747784,-0.0,2.0970799139246044,2.0970219257277845,18.023709876846898,7.571249953217969,0,-1
2023-06-01 05:33:00,2023-06-01 05:33:59,2.0862,2.0859,2.0858,2.0862,2.08532715413663,2.0860250000000002,2.0858,2.0862,True,0.0012946949261263567,-0.0001517226168636903,0,2.091029490184392,2.0906575861433265,-9.03648873439991,-0.0,2.096969914781076,2.096911259800145,34.68796549583732,19.133905118497108,0,-1
2023-06-01 05:34:00,2023-06-01 05:34:59,2.0859,2.0859,2.0858,2.0859,2.085676077068315,2.085875,2.0858,2.0859,True,0.0012093595742602035,-6.377872086762298e-05,0,2.0908435381638593,2.0904811917626818,-6.918538570834663,-0.0,2.096859517619075,2.096801695026014,52.654609759604305,35.12209504409606,0,-1
2023-06-01 05:35:00,2023-06-01 05:35:59,2.0858,2.0834,2.0834,2.0858,2.0857755385341576,2.0846,2.0834,2.0858,True,0.0013015481760987567,-0.00016375970909542894,0,2.0906623649632703,2.090301963996358,-12.240829605548917,-0.0,2.0967375323691337,2.0966683448267505,55.284593734073894,47.54238966317174,0,-2
2023-06-01 05:36:00,2023-06-01 05:36:59,2.0835,2.0834,2.0833,2.0839,2.085187769267079,2.083525,2.0833,2.085187769267079,True,0.001251437592091698,-0.00020905501122898225,0,2.090482164479814,2.090114359535418,-15.789023628691758,-15.789023628691758,2.0966060643853615,2.096536321495141,45.465614754746866,51.134939416141584,0,-2
2023-06-01 05:37:00,2023-06-01 05:37:59,2.0834,2.086,2.0834,2.086,2.0843563846335393,2.0846999999999998,2.0834,2.086,True,0.0013477634783708417,-3.8333648034832597e-05,0,2.090298262007616,2.089929508959581,-8.6786969859239,-0.0,2.0964875960830196,2.096431482475289,50.37737868877357,50.37586239253134,0,-1
2023-06-01 05:38:00,2023-06-01 05:38:59,2.0859,2.0855,2.0851,2.0859,2.0845281923167693,2.0856000000000003,2.0851,2.0859,True,0.0013157803727729016,5.1875218228505634e-05,0,2.090113885483598,2.0897542697655025,-5.4672584294700926,-0.0,2.0963792617936363,2.0963227115053855,67.74705815359785,54.53001719903932,0,-1
2023-06-01 05:39:00,2023-06-01 05:39:59,2.0855,2.0866,2.0854,2.0866,2.085064096158385,2.0860250000000002,2.0854,2.0866,True,0.0013075103461462564,0.00019560968804300345,0,2.0899340776245503,2.0895907159590807,-0.40032261654658186,-0.0,2.0962762343131027,2.096225968107322,94.23511484726778,70.78651722987962,0,2
2023-06-01 05:40:00,2023-06-01 05:40:59,2.0866,2.0859,2.0859,2.0879,2.0855445480791923,2.086575,2.0859,2.0879,True,0.0013569738928500795,0.0002437487805484525,0,2.0897623967918153,2.089441257878491,0.5834910839939909,0.0,2.096179704618445,2.096123222156005,99.99999999999989,87.32739100028839,0,2
2023-06-01 05:41:00,2023-06-01 05:41:59,2.0859,2.0865,2.0859,2.0865,2.086059774039596,2.0862,2.0859,2.0865,True,0.0013029043290750692,0.00031666608817424867,0,2.089601827335153,2.0893013500045545,2.980175211774906,0.0,2.096080404074978,2.0960274687017164,96.91312281803862,97.04941255510198,0,2
2023-06-01 05:42:00,2023-06-01 05:42:59,2.0865,2.0896,2.0865,2.0897,2.0861298870197977,2.088075,2.0865,2.0897,True,0.001438411162712571,0.0005732409976606369,1,2.0894515886698537,2.0891827854862783,10.287128253446397,10.287128253446397,2.096000748313038,2.0959635137892616,96.91312281803862,97.94208187869226,0,2
2023-06-01 05:43:00,2023-06-01 05:43:59,2.0895,2.0864,2.0864,2.0895,2.087102443509899,2.08795,2.0864,2.0895,True,0.0015642389368045369,0.0005041005754385594,0,2.089317187078066,2.089080980587764,6.809133046667803,6.809133046667803,2.0959206413646494,2.0958683544480747,96.08462266988158,96.63695610198617,0,1
2023-06-01 05:44:00,2023-06-01 05:44:59,2.0864,2.0867,2.0864,2.0867,2.0875262217549495,2.08655,2.0864,2.0875262217549495,True,0.0014739361556042262,0.0004666564628963152,0,2.089199083832915,2.0889834636567706,5.096534844628977,5.096534844628977,2.0958274011520657,2.0957771270406313,88.73496040396397,93.91090196396128,0,2
2023-06-01 05:45:00,2023-06-01 05:45:59,2.0866,2.0847,2.0846,2.0866,2.087038110877475,2.0856250000000003,2.0846,2.087038110877475,True,0.0015186550016324952,0.00029290997527693435,0,2.089091273744843,2.0888836452589095,0.08217568045127166,0.0,2.095725884722692,2.095666906871073,72.82353676402329,85.88103994595616,0,1
2023-06-01 05:46:00,2023-06-01 05:46:59,2.0846,2.0842,2.0842,2.0847,2.0863315554387376,2.084425,2.0842,2.0863315554387376,True,0.0014458939300873287,0.00014121961484759682,0,2.0889874595018765,2.088774466484203,-4.104392724521269,-0.0,2.095613438108536,2.0955528082952415,51.410249037732136,70.98958206857301,0,1
2023-06-01 05:47:00,2023-06-01 05:47:59,2.0841,2.0836,2.0836,2.0841,2.085378277719369,2.08385,2.0836,2.085378277719369,True,0.0013854729350810861,3.5120979513156812e-06,0,2.08888096299304,2.0886547221899887,-7.938620644615604,-0.0,2.0954963889731277,2.0954338748793684,36.811400146922736,53.68172864955927,0,1
2023-06-01 05:48:00,2023-06-01 05:48:59,2.0835,2.082,2.082,2.0835,2.0846141388596844,2.08275,2.082,2.0846141388596844,True,0.0014007962968610277,-0.00018754945869069064,-1,2.0887678425915146,2.0885199339913534,-12.909940498805412,-12.909940498805412,2.0953695592321018,2.095300204482559,22.7201452296875,36.98059813811401,0,-2
2023-06-01 05:49:00,2023-06-01 05:49:59,2.0821,2.0816,2.0805,2.0821,2.083682069429842,2.081575,2.0805,2.083682069429842,True,0.0014150251327995447,-0.00032193584385974334,0,2.088643888291434,2.088366164661784,-16.762067753791612,-16.762067753791612,2.09523229993626,2.0951638840399465,11.628599770802348,23.720048382470747,0,-2
2023-06-01 05:50:00,2023-06-01 05:50:59,2.0816,2.0831,2.0816,2.0831,2.082628534714921,2.08235,2.0816,2.0831,True,0.0014210947661710098,-0.00028283499745461894,0,2.088505026476609,2.088203823699658,-14.0916162475041,-14.0916162475041,2.095104117847342,2.095043845392783,9.297428113691966,14.548724371393822,0,-1
2023-06-01 05:51:00,2023-06-01 05:51:59,2.083,2.0839,2.0829,2.0843,2.0824892673574604,2.083525,2.0829,2.0843,True,0.0014195879971587839,-0.0001808631217844615,0,2.0883544250881334,2.0880439098121544,-9.980963738849859,-9.980963738849859,2.0949889027443835,2.094932961359024,20.194624782001153,13.706884222165039,0,-1
2023-06-01 05:52:00,2023-06-01 05:52:59,2.0839,2.0854,2.0838,2.0854,2.08300713367873,2.084625,2.0838,2.0854,True,0.0014324745687902868,5.4737565467694385e-06,0,2.088199167450144,2.087894551126712,-3.5967476920968764,-0.0,2.0948857793339917,2.0948381060221184,41.31101895775031,23.601023951147695,0,2
2023-06-01 05:53:00,2023-06-01 05:53:59,2.0854,2.0851,2.0849,2.0858,2.083816066839365,2.0853,2.0849,2.0858,True,0.001394440671019529,0.00011455153796837217,0,2.088046859288428,2.087759158603342,-0.29211252468392956,-0.0,2.094790398445096,2.0947412094447837,60.392147945919625,40.63259722855691,0,2
2023-06-01 05:54:00,2023-06-01 05:54:59,2.0851,2.085,2.085,2.0855,2.0845580334196825,2.08515,2.085,2.0855,True,0.001330552051661003,0.00018230884118094755,0,2.0879030089458848,2.0876346615147656,1.5555926117754524,0.0,2.0946944740824582,2.094644281987622,70.34648301217479,57.34988330528146,0,2
2023-06-01 05:55:00,2023-06-01 05:55:59,2.0851,2.0808,2.0805,2.0851,2.0848540167098415,2.082875,2.0805,2.0851,True,0.0015640840479709587,-6.113147854611926e-05,0,2.087768835230325,2.0875039877416683,-6.204977256197253,-0.0,2.09457686737517,2.0945065279379937,61.86991533340194,64.202848763832,0,1
2023-06-01 05:56:00,2023-06-01 05:56:59,2.0807,2.0813,2.0805,2.0813,2.083864508354921,2.08095,2.0805,2.083864508354921,True,0.0015095066159730585,-0.0001724550936413945,0,2.087636411485996,2.0873561400352902,-9.819747314734109,-9.819747314734109,2.094441276655019,2.0943751196998046,42.08787800057771,58.10142544871803,0,-2
2023-06-01 05:57:00,2023-06-01 05:57:59,2.0813,2.082,2.0813,2.0821,2.0824072541774603,2.081675,2.0813,2.0824072541774603,True,0.0014588275719749767,-0.00017936716662552647,0,2.087496275760643,2.087200759833972,-10.023051047521733,-10.023051047521733,2.094314249026611,2.0942519841804037,30.894066048058306,44.95061979401254,0,-2
2023-06-01 05:58:00,2023-06-01 05:58:59,2.0819,2.0812,2.0811,2.0821,2.08204112708873,2.081575,2.0811,2.0821,True,0.0014260541739767561,-0.00022102794189593012,0,2.0873485177973072,2.0870398292134897,-11.731530065470857,-11.731530065470857,2.094187490329829,2.0941221136910464,30.705850830489506,34.56259829304173,0,-2
2023-06-01 05:59:00,2023-06-01 05:59:59,2.0812,2.0819,2.0812,2.0823,2.081808063544365,2.08165,2.0812,2.0823,True,0.0014027645901212808,-0.0001800663283395526,0,2.0871941735053983,2.0868761474439266,-10.453933423827934,-10.453933423827934,2.0940627391822684,2.0940005006194937,38.58606122939591,33.39532603598113,0,-1
2023-06-01 06:00:00,2023-06-01 06:00:59,2.0819,2.0803,2.0795,2.0819,2.0817290317721824,2.0808999999999997,2.0795,2.0819,True,0.0014739956908269164,-0.0002449462038754259,0,2.087035160474662,2.0867062769087545,-12.883985041061798,-12.883985041061798,2.0939317666530917,2.093864177230245,34.3841742647293,34.55869544153813,0,-2
2023-06-01 06:01:00,2023-06-01 06:01:59,2.0804,2.0859,2.0804,2.086,2.081314515886091,2.0831749999999998,2.0804,2.086,True,0.0017758531414821394,0.00011877132973247021,0,2.086870718691708,2.086548308326801,-3.3149179726754596,-0.0,2.0938247341490808,2.0937849316856654,50.357788635314954,41.10934137647994,0,2
2023-06-01 06:02:00,2023-06-01 06:02:59,2.086,2.0857,2.0852,2.0867,2.0822447579430454,2.0859,2.0852,2.0867,True,0.0017561493456619906,0.00034535183561307486,0,2.0867095135092546,2.0864194904667257,2.6082129908783855,0.0,2.0937458810729703,2.093704484604216,70.54504657686213,51.76233649230202,0,2
2023-06-01 06:03:00,2023-06-01 06:03:59,2.0856,2.0853,2.0851,2.0866,2.0840723789715225,2.0856500000000002,2.0851,2.0866,True,0.0017378529638289637,0.0004588179272450718,0,2.0865645019879904,2.0863127917366375,5.5357103920850435,5.5357103920850435,2.0936653250423936,2.0936208578917364,93.5632370337197,71.48869074863215,0,2
2023-06-01 06:04:00,2023-06-01 06:04:59,2.0852,2.0838,2.0837,2.0854,2.0848611894857614,2.084525,2.0837,2.0854,True,0.001735149180698326,0.00041788002950614517,0,2.086438646862314,2.0862165209235037,3.881479517041676,3.881479517041676,2.093574376534509,2.093523137912714,90.23071977015097,84.7796677935775,0,2
2023-06-01 06:05:00,2023-06-01 06:05:59,2.0837,2.0822,2.0818,2.0837,2.084693094742881,2.08285,2.0818,2.084693094742881,True,0.0017540670963627472,0.0002714138580812615,0,2.086327583892909,2.0861176283215785,-0.32381792403563026,-0.0,2.0934676663202354,2.0934104698737817,73.16815681142758,85.65403787176598,0,1
2023-06-01 06:06:00,2023-06-01 06:06:59,2.0823,2.0818,2.0815,2.0826,2.08377154737144,2.0820499999999997,2.0815,2.08377154737144,True,0.001707348018051098,0.00014513904906720372,0,2.0862226061072437,2.086011861224546,-3.8470624917655627,-0.0,2.0933540577001337,2.093294942810361,53.81840306667431,72.40575988275084,0,1
2023-06-01 06:07:00,2023-06-01 06:07:59,2.0815,2.0837,2.0815,2.0837,2.08291077368572,2.0826000000000002,2.0815,2.0837,True,0.0017425374453331453,0.0001950653791769892,0,2.086117233665895,2.0859051810488407,-1.532927675242746,-0.0,2.0932470521508786,2.0931994707425963,44.585035936169284,57.19053193809029,0,2
2023-06-01 06:08:00,2023-06-01 06:08:59,2.0836,2.0836,2.0833,2.0859,2.08275538684286,2.0841000000000003,2.0833,2.0859,True,0.0018037847706665034,0.00021920821808023533,0,2.086011207357368,2.0858088055345285,-0.2432867458052712,-0.0,2.093156036706591,2.0931039536207794,52.81222187605533,50.40522029296621,0,2
2023-06-01 06:09:00,2023-06-01 06:09:59,2.0838,2.0841,2.0833,2.0847,2.08342769342143,2.0839749999999997,2.0833,2.0847,True,0.0017749430013332024,0.000266382242606635,0,2.085910006445948,2.0857203465581864,1.8720720817545882,0.0,2.0930646831075204,2.0930143620424633,64.14344173896343,53.846899850395914,0,2
2023-06-01 06:10:00,2023-06-01 06:10:59,2.0842,2.0832,2.0826,2.0846,2.083701346710715,2.08365,2.0826,2.0846,True,0.0017910185012379898,0.0002298937064632437,0,2.085815176502067,2.0856364974048867,0.5555161838080807,0.0,2.0929710046686396,2.092916706698757,69.53353898635625,62.16306753379157,0,1
2023-06-01 06:11:00,2023-06-01 06:11:59,2.0834,2.0842,2.0834,2.0846,2.0836756733553576,2.0839,2.0834,2.0846,True,0.0017630886082924083,0.00027086340217662413,0,2.085725836953477,2.0855585681579156,2.503360608430917,0.0,2.0928807459157177,2.0928299732987696,67.95245276358506,67.20981116296814,0,2
2023-06-01 06:12:00,2023-06-01 06:12:59,2.0844,2.0852,2.0844,2.0853,2.0837878366776788,2.084825,2.0844,2.0853,True,0.0017157251362715294,0.0003596305342670102,0,2.085642202555696,2.0854921808560434,6.176814078757289,6.176814078757289,2.0928005892399395,2.0927540531664435,73.11344007085061,70.19981060693054,0,2
2023-06-01 06:13:00,2023-06-01 06:13:59,2.0852,2.0851,2.0841,2.0853,2.0843064183388393,2.084925,2.0841,2.0853,True,0.001678887626537871,0.0003992989857671531,0,2.08556719170587,2.0854360222025554,8.218561038649383,8.218561038649383,2.0927222251679005,2.0926778934334442,81.4558096045007,74.17390081297869,1,2
2023-06-01 06:14:00,2023-06-01 06:14:59,2.0851,2.0861,2.0851,2.0868,2.0846157091694195,2.0857750000000004,2.0851,2.0868,True,0.00168039565321374,0.0004802192594458119,0,2.085501606954213,2.085394133847905,11.935935063694153,11.935935063694153,2.0926530985493144,2.0926124417574896,91.87227284610924,82.14717417382009,0,2
2023-06-01 06:15:00,2023-06-01 06:15:59,2.086,2.0851,2.085,2.086,2.0851953545847097,2.085525,2.085,2.086,True,0.0016389388208413371,0.0004462500552421556,0,2.085447870401059,2.0853620527326804,10.166870504903706,10.166870504903706,2.09258217219559,2.092537691093236,93.29060904674243,88.87289716578402,0,2
2023-06-01 06:16:00,2023-06-01 06:16:59,2.085,2.0845,2.0839,2.085,2.0853601772923547,2.0846,2.0839,2.0853601772923547,True,0.001607586047924121,0.00036622643441621875,0,2.0854049615668697,2.0853315665528878,6.782710995378331,6.782710995378331,2.0925027475966287,2.0924577140674328,83.45136153188882,89.53808114158007,0,1
2023-06-01 06:17:00,2023-06-01 06:17:59,2.0844,2.0868,2.0844,2.0869,2.0849800886461773,2.0856250000000003,2.0844,2.0869,True,0.001671329901643823,0.0004582793428248714,1,2.0853682640598787,2.0853095778346438,10.349999309630356,10.349999309630356,2.0924343122971596,2.0924014184050703,79.80814787492307,85.51670615118468,0,2
2023-06-01 06:18:00,2023-06-01 06:18:59,2.0868,2.0863,2.0858,2.0868,2.085302544323089,2.086425,2.0858,2.0868,True,0.001623377765812145,0.0004647037961354681,0,2.0853389209472613,2.0852999189443993,10.848594434698505,10.848594434698505,2.092374518144949,2.092340707774174,82.77601353180951,82.01184097954037,0,2
2023-06-01 06:19:00,2023-06-01 06:19:59,2.0862,2.0917,2.0862,2.0928,2.0858637721615443,2.089225,2.0862,2.0928,True,0.0019788507825398605,0.0008192911155996805,0,2.0853194199458303,2.0853192446624096,17.793104888754925,17.793104888754925,2.092343179655945,2.092334332572441,96.35678634303416,86.31364924992215,0,2
2023-06-01 06:20:00,2023-06-01 06:20:59,2.0918,2.0904,2.0899,2.0922,2.087544386080772,2.091075,2.0899,2.0922,True,0.0020017900123584396,0.0009222899495065702,0,2.08531933230412,2.0853739505387683,18.86740763175392,18.86740763175392,2.0923305609529006,2.0923150854821677,99.9999999999999,93.04426662494775,0,2
2023-06-01 06:21:00,2023-06-01 06:21:59,2.0906,2.0897,2.0897,2.0908,2.089309693040386,2.0902,2.0897,2.0908,True,0.0019373764400471298,0.0008976417660046364,0,2.0853466414214443,2.0854501326915877,17.74169055584045,17.74169055584045,2.092309361341429,2.0922890647311014,93.49178074750809,96.61618903018062,0,2
2023-06-01 06:22:00,2023-06-01 06:22:59,2.0896,2.0873,2.0873,2.0896,2.0897548465201927,2.08845,2.0873,2.0897548465201927,True,0.0019704209800437762,0.000673535565174652,0,2.0853983870565163,2.085530693716249,11.69740925477985,11.69740925477985,2.092270959736042,2.092239422295966,75.37107753847017,89.62095276199261,0,1
2023-06-01 06:23:00,2023-06-01 06:23:59,2.0873,2.0852,2.0852,2.0873,2.0891024232600963,2.0862499999999997,2.0852,2.0891024232600963,True,0.0019796766243263633,0.0003500073400113982,0,2.0854645403863827,2.0855990551835815,4.311861184213754,4.311861184213754,2.0922110496889172,2.092169378293021,45.2714693725915,71.37810921952315,0,1
2023-06-01 06:24:00,2023-06-01 06:24:59,2.0852,2.0842,2.0841,2.0852,2.087676211630048,2.084675,2.0841,2.087676211630048,True,0.0019168425797316303,5.1582620506400055e-05,0,2.085531797784982,2.0856465366463106,-1.9815217015666633,-0.0,2.0921360641198734,2.0920900809965732,18.44635529174997,46.362967400937116,0,1
2023-06-01 06:25:00,2023-06-01 06:25:59,2.0843,2.0833,2.0833,2.0852,2.086175605815024,2.084025,2.0833,2.086175605815024,True,0.001915639538322229,-0.00021044032690557357,0,2.0855891672156464,2.0856727936699944,-7.36888869596649,-7.36888869596649,2.092055357014203,2.09200261750407,3.2337251674545513,22.31718327726524,0,1
2023-06-01 06:26:00,2023-06-01 06:26:59,2.0833,2.0833,2.0833,2.0843,2.085100302907512,2.08355,2.0833,2.085100302907512,True,0.0018502367141563479,-0.0003751062569637161,0,2.0856309804428204,2.0856789013873027,-10.960466692233041,-10.960466692233041,2.091970726596151,2.0919160242950743,-1.0302869668521453e-13,7.2266934864013725,0,1
2023-06-01 06:27:00,2023-06-01 06:27:59,2.0832,2.0848,2.081,2.0855,2.084325151453756,2.083625,2.081,2.0855,True,0.0020395055202880497,-0.000365965169542927,0,2.0856549409150618,2.085669618088324,-8.926361038282806,-8.926361038282806,2.091887684540468,2.091845218083183,0.3482302023536315,1.1939851232692593,0,1
2023-06-01 06:28:00,2023-06-01 06:28:59,2.0849,2.085,2.0846,2.0853,2.083975075726878,2.08495,2.0846,2.0853,True,0.0019438265545531994,-0.0003334083038577707,0,2.085662279501693,2.0856573719363776,-7.017129942506642,-7.017129942506642,2.0918186528534983,2.0917771064604644,6.688372806092492,2.3455343361485728,0,1
2023-06-01 06:29:00,2023-06-01 06:29:59,2.0849,2.0854,2.0844,2.0864,2.084462537863439,2.0852749999999998,2.0844,2.0864,True,0.0019478389435136692,-0.0002729155317393302,0,2.0856598257190355,2.0856451069767057,-4.5440254537397635,-4.5440254537397635,2.091753541879832,2.091713652664838,14.433809177957926,7.156804062134583,0,2
2023-06-01 06:30:00,2023-06-01 06:30:59,2.0856,2.0841,2.0825,2.0861,2.0848687689317194,2.084575,2.0825,2.0861,True,0.0020658504475484104,-0.0003132031951375446,0,2.0856524663478706,2.08562810861582,-6.404078871040397,-6.404078871040397,2.0916821136024204,2.0916378949268797,18.84232052495515,13.32150083633509,-1,1
2023-06-01 06:31:00,2023-06-01 06:31:59,2.0841,2.0859,2.0841,2.086,2.0847218844658597,2.085025,2.0841,2.086,True,0.002054003987009239,-0.00020375688061887847,0,2.0856402874818456,2.085610587720263,-2.4811708494920097,-0.0,2.0916158736660777,2.09158080144502,19.380066940888543,17.552065547933775,1,2
2023-06-01 06:32:00,2023-06-01 06:32:59,2.086,2.0871,2.0859,2.0878,2.08487344223293,2.0867,2.0859,2.0878,True,0.0020430037022228656,-4.322707469437071e-05,0,2.0856254376010543,2.0856042679227644,2.6764609532738604,0.0,2.091566959500246,2.091536216356015,25.725968797724153,21.316118754522517,0,2
2023-06-01 06:33:00,2023-06-01 06:33:59,2.087,2.0878,2.0869,2.0883,2.085786721116465,2.0875,2.0869,2.0883,True,0.001997074866349793,0.00010890717206104401,0,2.0856148527619096,2.0856122990398434,7.432796208292309,7.432796208292309,2.0915264922415373,2.0914990400738653,38.129020011476534,27.745018583362977,0,2
2023-06-01 06:34:00,2023-06-01 06:34:59,2.0878,2.088,2.0872,2.0887,2.0866433605582326,2.0879250000000003,2.0872,2.0887,True,0.0019615695187533513,0.00021431939369166958,0,2.0856135759008767,2.085634489582862,10.99300860779141,10.99300860779141,2.0914906564978404,2.0914642237547225,53.437385188044686,39.09745799908169,0,2
2023-06-01 06:35:00,2023-06-01 06:35:59,2.088,2.0843,2.0843,2.088,2.0872841802791164,2.08615,2.0843,2.088,True,0.002085743124556702,1.701312154588552e-05,0,2.0856240327418694,2.0856554973031263,3.3856872571192227,3.3856872571192227,2.0914375156371654,2.091392937946218,56.81556193027743,49.46065570993279,0,1
2023-06-01 06:36:00,2023-06-01 06:36:59,2.0843,2.0826,2.0826,2.0843,2.086717090139558,2.08345,2.0826,2.086717090139558,True,0.0020581900442312256,-0.0002300361941475055,0,2.085639765022498,2.085656904772061,-4.168097718465106,-4.168097718465106,2.0913580378696315,2.091305446026355,39.65576916717409,49.96957209516531,-1,1
2023-06-01 06:37:00,2023-06-01 06:37:59,2.0827,2.0822,2.0821,2.0832,2.085083545069779,2.08255,2.0821,2.085083545069779,True,0.0019897478982147166,-0.0004086354737091172,-1,2.085648334897279,2.0856366962114308,-9.7386383114329,-9.7386383114329,2.0912703957017746,2.0912148445733565,17.469514970933687,37.980282022794974,0,-2
2023-06-01 06:38:00,2023-06-01 06:38:59,2.0823,2.0825,2.0818,2.0833,2.0838167725348895,2.0824749999999996,2.0818,2.0838167725348895,True,0.001954765905485098,-0.00048629380638103226,0,2.0856425155543548,2.085599093271165,-12.392009813776333,-12.392009813776333,2.0911828793266327,2.0911281297019797,-1.0894988614988203e-13,19.04176137936913,0,-2
2023-06-01 06:39:00,2023-06-01 06:39:59,2.0822,2.0847,2.0822,2.0859,2.0831458862674443,2.08375,2.0822,2.0859,True,0.0020794254836647525,-0.0003641243628518604,0,2.08562080441276,2.085556801465562,-7.772012357009338,-7.772012357009338,2.0911089203283577,2.091064168212408,9.08629524990687,8.851936740280054,0,-1
2023-06-01 06:40:00,2023-06-01 06:40:59,2.0846,2.0825,2.0825,2.0846,2.0834479431337223,2.08355,2.0825,2.0846,True,0.002088037949117285,-0.00041936510047942436,0,2.085588802939161,2.085509736037373,-9.042558131815696,-9.042558131815696,2.0910337071907623,2.0909789526083045,17.031953711276667,8.706082987061048,0,-2
2023-06-01 06:41:00,2023-06-01 06:41:59,2.0826,2.0841,2.0825,2.0843,2.0834989715668613,2.083375,2.0825,2.0843,True,0.0020674638098946074,-0.00032557064847923663,0,2.085549269488267,2.085458034535335,-6.1697547713372956,-6.1697547713372956,2.090957501149063,2.0909105053186696,23.93267284664617,16.68364060260981,0,-1
2023-06-01 06:42:00,2023-06-01 06:42:59,2.0843,2.0832,2.0832,2.0848,2.0834369857834307,2.083875,2.0832,2.0848,True,0.002034073537759266,-0.0003105285910730979,0,2.085503652011801,2.085406468278771,-6.05556591330302,-6.05556591330302,2.0908870285008136,2.090833783872713,25.626226796584422,22.196951118168993,0,-2
2023-06-01 06:43:00,2023-06-01 06:43:59,2.083,2.0827,2.0825,2.0835,2.0836559928917153,2.0829250000000004,2.0825,2.0836559928917153,True,0.0019602111422050246,-0.0003191421683554354,0,2.085455060145286,2.0853488442909875,-6.976794887000423,-6.976794887000423,2.0908078043366265,2.0907528506998503,22.40645739096479,23.988452344731698,0,-2
2023-06-01 06:44:00,2023-06-01 06:44:59,2.0826,2.0823,2.0822,2.0831,2.0832904964458576,2.08255,2.0822,2.0832904964458576,True,0.0018844817749046744,-0.0003352849142796101,0,2.085401952218137,2.085284273471851,-8.429055387623059,-8.429055387623059,2.090725637129297,2.0906687427326878,17.92605747026812,21.986247219272347,0,-2
2023-06-01 06:45:00,2023-06-01 06:45:59,2.0823,2.0843,2.0822,2.0843,2.082920248222929,2.0832749999999995,2.0822,2.0843,True,0.0018998759338400542,-0.00019045188935475478,0,2.0853431128449937,2.085219650659036,-3.9157457854230984,-3.9157457854230984,2.090651501436468,2.090605372158233,15.75004009434376,18.694184985192127,0,-1
2023-06-01 06:46:00,2023-06-01 06:46:59,2.0847,2.083,2.0826,2.0847,2.0830976241114643,2.0837499999999998,2.0826,2.0847,True,0.0019141705099943672,-0.00017402058041328427,0,2.0852813817520146,2.085158689297598,-4.0841770904790735,-4.0841770904790735,2.090582829780384,2.090529696813375,23.55746739194107,19.077854985517558,0,-2
2023-06-01 06:47:00,2023-06-01 06:47:59,2.0833,2.0851,2.0833,2.0864,2.083423812055732,2.0845249999999997,2.0833,2.0864,True,0.002020301187851886,-7.915671382019798e-06,0,2.0852200355248063,2.085106346206534,0.3583964274126501,0.0,2.0905225528671463,2.090475669979411,39.84527550503285,26.384260997105798,0,2
2023-06-01 06:48:00,2023-06-01 06:48:59,2.085,2.0844,2.0841,2.085,2.083974406027866,2.084625,2.0841,2.085,True,0.001947422531576775,5.551295407136582e-05,0,2.08516319086567,2.08506183357596,1.5177397630094518,0.0,2.090463870749065,2.0904152155517552,63.403295832778575,42.26867957658407,0,2
2023-06-01 06:49:00,2023-06-01 06:49:59,2.0844,2.0836,2.0836,2.0844,2.084299703013933,2.084,2.0836,2.0844,True,0.0018654637793212847,4.2762626952004426e-05,0,2.085112512220815,2.085019503161316,0.2942929740323663,0.0,2.0903995536271838,2.090347402461688,75.26706081120976,59.505210716340294,0,1
2023-06-01 06:50:00,2023-06-01 06:50:59,2.0836,2.0835,2.0828,2.0844,2.0841498515069663,2.083575,2.0828,2.0844,True,0.0018465020807983232,2.9262922118610153e-05,0,2.085066007691066,2.08497626530031,-0.783109039770352,-0.0,2.090331647620943,2.0902792691038603,75.05035557631497,71.24023740676768,0,1
2023-06-01 06:51:00,2023-06-01 06:51:59,2.0836,2.0824,2.0822,2.0838,2.083862425753483,2.083,2.0822,2.083862425753483,True,0.001828894789312748,-5.2734373921633376e-05,0,2.085021136495688,2.084928664546617,-4.294837058505472,-4.294837058505472,2.0902586959033216,2.0902008684162596,53.597784762450864,67.97173371665843,0,-2
2023-06-01 06:52:00,2023-06-01 06:52:59,2.0824,2.0829,2.0821,2.0829,2.0834312128767416,2.0825750000000003,2.0821,2.0834312128767416,True,0.001755402304361831,-6.553556564005522e-05,0,2.084974900521152,2.0848750394966484,-4.826474805372442,-4.826474805372442,2.0901822412177165,2.0901282229593816,30.320815701275905,52.98965201334715,0,-2
2023-06-01 06:53:00,2023-06-01 06:53:59,2.0827,2.0817,2.0813,2.0827,2.0830031064383707,2.0821000000000005,2.0813,2.0830031064383707,True,0.0017443021397645449,-0.0001494890420119197,0,2.0849249700089003,2.0848137803955815,-8.168148130193764,-8.168148130193764,2.0901018209070923,2.090044360044363,11.829393608406063,31.915998024044175,0,-2
2023-06-01 06:54:00,2023-06-01 06:54:59,2.0817,2.0829,2.0814,2.0835,2.0825515532191856,2.082375,2.0814,2.0835,True,0.0017697091297813625,-0.00011085981647498033,0,2.0848693752022407,2.0847488180474305,-6.158697252842998,-6.158697252842998,2.090024937116972,2.0899732718847175,6.316160817938598,16.155456709206753,0,-1
2023-06-01 06:55:00,2023-06-01 06:55:59,2.0829,2.0829,2.0816,2.0844,2.0824632766095927,2.08295,2.0816,2.0844,True,0.001843301334796989,-7.681621368097835e-05,0,2.0848090966248356,2.0846853309290925,-4.8190633346091545,-4.8190633346091545,2.0899545397327235,2.089902891069944,21.027249997998915,13.05760147478109,0,-1
2023-06-01 06:56:00,2023-06-01 06:56:59,2.0828,2.0844,2.0822,2.0845,2.0827066383047965,2.083475,2.0822,2.0845,True,0.0018759226680257733,5.5716712428891956e-05,0,2.084747213776964,2.084627042917028,0.6067931416066585,0.0,2.089890066700557,2.0898481359349197,46.08474508929826,24.47605196841182,0,2
2023-06-01 06:57:00,2023-06-01 06:57:59,2.0846,2.087,2.0846,2.0873,2.0830908191523982,2.0858749999999997,2.0846,2.0873,True,0.0019490710488810682,0.00032131314850209,0,2.084687128346996,2.0845897146679615,8.742259439849377,8.742259439849377,2.0898501157881135,2.0898197962738756,74.22202987529657,47.111341654197815,0,2
2023-06-01 06:58:00,2023-06-01 06:58:59,2.0872,2.0885,2.0872,2.0887,2.0844829095761988,2.0879,2.0872,2.0887,True,0.0019312802596752484,0.0005850613148686629,1,2.0846384215074787,2.084583037952707,15.796743893502196,15.796743893502196,2.0898307116509183,2.089806663972643,91.72416175796589,70.67697890752014,1,2
2023-06-01 06:59:00,2023-06-01 06:59:59,2.0887,2.088,2.088,2.0902,2.086191454788099,2.088725,2.088,2.0902,True,0.0019504745268412848,0.0006976747045927928,0,2.084610729730093,2.0846061995923084,18.565138196185913,18.565138196185913,2.089819709544939,2.0897886872166964,99.99999999999989,88.64873054442069,0,2
2023-06-01 07:00:00,2023-06-01 07:00:59,2.0877,2.0881,2.084,2.0881,2.0874582273940496,2.086975,2.084,2.0881,True,0.0021040120606383196,0.0007475225196681951,0,2.0846084646612004,2.0846406874039856,20.558640349611707,20.558640349611707,2.089791403977328,2.089771884358819,89.32752847678047,93.68389674491532,0,2
2023-06-01 07:01:00,2023-06-01 07:01:59,2.088,2.09,2.0871,2.09,2.0872166136970245,2.088775,2.0871,2.09,True,0.00216086834202129,0.0008767605306695604,0,2.084624576032593,2.084696205681762,24.27106467803509,24.27106467803509,2.089781290504917,2.089774154166194,84.67926366458515,91.33559738045507,0,2
2023-06-01 07:02:00,2023-06-01 07:02:59,2.0898,2.091,2.089,2.0912,2.0879958068485123,2.09025,2.089,2.0912,True,0.0021636634604483554,0.0009883784792276966,0,2.0846603908571777,2.084778020547581,27.66537404010178,27.66537404010178,2.0897859542809876,2.089786351637177,84.17297126432392,86.05992113522974,0,2
2023-06-01 07:03:00,2023-06-01 07:03:59,2.0909,2.0903,2.0901,2.0919,2.089122903424256,2.0907999999999998,2.0901,2.0919,True,0.0021376874989877444,0.0009654079922069897,0,2.0847192057023793,2.084883751150018,26.765401785024963,26.765401785024963,2.089796044288142,2.08979146256616,94.84544278754332,87.89922590548404,0,2
2023-06-01 07:04:00,2023-06-01 07:04:59,2.0903,2.0906,2.0898,2.0916,2.089961451712128,2.090575,2.0898,2.0916,True,0.00211356696334578,0.000923448541776732,0,2.0848014784261983,2.0850060416164298,26.621253734182034,26.621253734182034,2.0898037950912447,2.0897995077147553,98.15808010322901,92.39216471836532,0,2
2023-06-01 07:05:00,2023-06-01 07:05:59,2.0911,2.0893,2.0893,2.0916,2.0902682258560636,2.090325,2.0893,2.0916,True,0.0021268836088210795,0.0007598740820969705,0,2.084903760021314,2.085138815471691,20.896549154860324,20.896549154860324,2.08980898120974,2.089794537488738,95.79000319248837,96.26450869442014,0,1
2023-06-01 07:06:00,2023-06-01 07:06:59,2.0893,2.0915,2.0878,2.0915,2.090296612928032,2.090025,2.0878,2.0915,True,0.002239249065333846,0.0007637753446972108,0,2.085021287746503,2.0852768736838323,21.270261856350032,21.270261856350032,2.089811130650439,2.0898115072649692,91.01710988806155,94.98839772792621,0,2
2023-06-01 07:07:00,2023-06-01 07:07:59,2.0917,2.0914,2.0914,2.0931,2.0901608064640156,2.0919,2.0914,2.0931,True,0.0022007312749528596,0.0007168183639615811,0,2.085149080715168,2.085431009575149,21.120261564435893,21.120261564435893,2.089831915420086,2.0898273131628304,92.35273738457118,93.05328348837361,0,2
2023-06-01 07:08:00,2023-06-01 07:08:59,2.0918,2.0897,2.0897,2.0918,2.0910304032320077,2.09075,2.0897,2.0918,True,0.0021935361838847974,0.0005282036432176982,0,2.0852900451451584,2.085588855777231,15.041177058558105,15.041177058558105,2.0898410505900356,2.0898260463651903,87.04403944619702,90.13796223960982,0,1
2023-06-01 07:09:00,2023-06-01 07:09:59,2.0897,2.0891,2.0891,2.0902,2.090890201616004,2.089525,2.0891,2.090890201616004,True,0.00211542645646443,0.00033103747126456617,0,2.0854394504611946,2.0857401353375167,9.28070919110268,9.28070919110268,2.089837905808045,2.0898188220232483,73.55717105702878,84.31798262926556,0,1
2023-06-01 07:10:00,2023-06-01 07:10:59,2.089,2.0864,2.0864,2.089,2.090207600808002,2.0877,2.0864,2.090207600808002,True,0.00215718170957414,-7.345586274927875e-06,0,2.0855897928993556,2.0858726855550485,-0.02751683107638314,-0.0,2.0898166331134376,2.089784803893664,40.22383772369545,66.94168274230698,0,1
2023-06-01 07:11:00,2023-06-01 07:11:59,2.0865,2.0856,2.0856,2.0869,2.088953800404001,2.08615,2.0856,2.088953800404001,True,0.0020959544446045642,-0.000291539267526734,0,2.085731239227202,2.0859789459454894,-7.370493318384703,-7.370493318384703,2.0897801492018613,2.089743164053926,15.073571639738148,42.95152680682069,0,1
2023-06-01 07:12:00,2023-06-01 07:12:59,2.0856,2.0834,2.0831,2.0861,2.0875519002020004,2.08455,2.0831,2.0875519002020004,True,0.0021605291271328177,-0.000623462159370772,0,2.0858550925863457,2.086052801409349,-14.727080237364056,-14.727080237364056,2.0897281079162706,2.0896800479936877,-1.3500311979441904e-13,18.43246978781105,0,1
2023-06-01 07:13:00,2023-06-01 07:13:59,2.0833,2.0835,2.0828,2.0838,2.0860509501010003,2.0833500000000003,2.0828,2.0860509501010003,True,0.0020776341894804657,-0.0008126086033939496,0,2.0859539469978476,2.086092404243439,-19.25523423040578,-19.25523423040578,2.08966464415591,2.0896185549788253,-1.3500311979441904e-13,5.024523879912522,0,-2
2023-06-01 07:14:00,2023-06-01 07:14:59,2.0836,2.0849,2.0833,2.0856,2.0847004750505,2.0843499999999997,2.0833,2.0856,True,0.0020935174616604304,-0.0008104838488028766,0,2.0860231756206433,2.086111629087133,-17.24374556971494,-17.24374556971494,2.0896117621245076,2.089571604183016,4.131706740538275,1.3772355801792306,-1,-2
2023-06-01 07:15:00,2023-06-01 07:15:59,2.0847,2.083,2.0825,2.0857,2.08452523752525,2.0839749999999997,2.0825,2.0857,True,0.002172551928684692,-0.0009097542815607156,-1,2.086067402353888,2.0861121053940055,-18.831185702520603,-18.831185702520603,2.0895556749391893,2.0895062150866677,7.178475067115721,3.7700606025511827,0,-2
2023-06-01 07:16:00,2023-06-01 07:16:59,2.0829,2.0826,2.0822,2.0836,2.0842501187626246,2.082825,2.0822,2.0842501187626246,True,0.002117369648064378,-0.0009657803110658761,0,2.0860897538739467,2.086089927355032,-20.420530996245912,-20.420530996245912,2.089488703049247,2.0894374965285913,7.178475067115721,6.162885624923135,0,-2
2023-06-01 07:17:00,2023-06-01 07:17:59,2.0826,2.0821,2.0813,2.0827,2.0835375593813126,2.0821750000000003,2.0813,2.0835375593813126,True,0.002066128958916911,-0.0009966124143499474,0,2.0860898406144894,2.0860456058639363,-22.172251725496256,-22.172251725496256,2.089415929884578,2.089364486612884,3.046768326577311,5.801239486936147,0,-2
2023-06-01 07:18:00,2023-06-01 07:18:59,2.0821,2.0817,2.0812,2.0824,2.0828562796906565,2.08185,2.0812,2.0828562796906565,True,0.0020042626047085507,-0.0010012873094078915,0,2.086067723239213,2.0859819249241958,-23.90929444992576,-23.90929444992576,2.0893406470001543,2.089288223064497,-1.3500311979441904e-13,3.4084144645641956,0,-2
2023-06-01 07:19:00,2023-06-01 07:19:59,2.0817,2.0836,2.0817,2.0836,2.0823531398453285,2.08265,2.0817,2.0836,True,0.0019968152758007983,-0.0008294918348646594,0,2.0860248240817043,2.085908927924131,-17.69526380044497,-17.69526380044497,2.0892740733981627,2.0892316238300244,3.630689632231,2.2258193196026217,0,-1
2023-06-01 07:20:00,2023-06-01 07:20:59,2.0835,2.0816,2.0814,2.0853,2.0825015699226643,2.08295,2.0814,2.0853,True,0.002132757041815044,-0.00081739042946924,0,2.0859668760029177,2.085831155480347,-17.50772973802306,-17.50772973802306,2.0892111472946984,2.0891556872745016,8.607772631125442,4.079487421118666,0,-2
2023-06-01 07:21:00,2023-06-01 07:21:59,2.0817,2.0816,2.0807,2.0824,2.0827257849613323,2.0816,2.0807,2.0827257849613323,True,0.0021018458245425117,-0.0007706020846469882,0,2.0858990157416324,2.085740894462134,-17.382707029741788,-17.382707029741788,2.089135414485796,2.0890805063065963,9.98360483805783,7.407355700471321,0,-2
2023-06-01 07:22:00,2023-06-01 07:22:59,2.0816,2.0816,2.0809,2.0819,2.082162892480666,2.0815,2.0809,2.082162892480666,True,0.0020231425513608957,-0.0007022301469844023,0,2.0858199551018832,2.0856407342816734,-17.29935855755427,-17.29935855755427,2.0890594402123055,2.089006073408023,7.660824433264497,8.750733967482487,0,-2
2023-06-01 07:23:00,2023-06-01 07:23:59,2.0819,2.081,2.0809,2.0828,2.081831446240333,2.0816500000000002,2.0809,2.0828,True,0.002014346654835118,-0.0006629698752382898,0,2.0857303446917785,2.0855344967860336,-18.568173614380957,-18.568173614380957,2.088985714439049,2.0889264109860526,6.3287147633171985,7.991048011546405,0,-2
2023-06-01 07:24:00,2023-06-01 07:24:59,2.0809,2.0819,2.0807,2.0823,2.0817407231201663,2.0814500000000002,2.0807,2.0823,True,0.001984750465204026,-0.0005403543501055143,0,2.0856324207389063,2.085422831266921,-15.17835970607814,-15.17835970607814,2.0889107322058247,2.088856496448878,8.345705034831344,7.44508141047091,0,-1
2023-06-01 07:25:00,2023-06-01 07:25:59,2.0818,2.0866,2.0811,2.0881,2.0815953615600833,2.0844,2.0811,2.0881,True,0.0023429825748322863,-0.00010789864905426686,0,2.085527626002914,2.0853278985081896,-2.634888232624853,-0.0,2.088865849298304,2.088834043747894,40.37112914072688,18.34851631295837,0,-1
2023-06-01 07:26:00,2023-06-01 07:26:59,2.0868,2.0873,2.0863,2.0883,2.082997680780042,2.0871750000000002,2.0863,2.0883,True,0.002318483819487107,0.00023135227899072396,0,2.0854277622555517,2.0852658303601785,6.519617061864629,6.519617061864629,2.0888490249271765,2.0888187796309996,70.05948914511306,39.59210777355699,0,-1
2023-06-01 07:27:00,2023-06-01 07:27:59,2.0873,2.0889,2.0873,2.0896,2.085086340390021,2.088275,2.0873,2.0896,True,0.002317163546666597,0.0005564483614673213,0,2.085346796307865,2.085237609774625,14.228126399150668,14.228126399150668,2.088843313236359,2.0888195877938753,99.99999999999987,70.14353942861317,0,2
2023-06-01 07:28:00,2023-06-01 07:28:59,2.089,2.0913,2.0889,2.0917,2.0866806701950105,2.0902249999999998,2.0889,2.0917,True,0.002351651864761818,0.0009117454080671819,1,2.0852922030412446,2.0852496103100147,21.105365175139966,21.105365175139966,2.08885706136336,2.0888442685123443,99.99999999999987,90.01982971503749,1,2
2023-06-01 07:29:00,2023-06-01 07:29:59,2.0913,2.0917,2.0908,2.0926,2.088452835097505,2.0915999999999997,2.0908,2.0926,True,0.00231224816013596,0.0011319847691211964,0,2.085270906675629,2.0853026288426113,25.93617071547189,25.93617071547189,2.088884354285118,2.0888726837510276,99.99999999999987,99.99999999999977,0,2
2023-06-01 07:30:00,2023-06-01 07:30:59,2.0918,2.091,2.0903,2.0923,2.0900264175487524,2.0913500000000003,2.0903,2.0923,True,0.0022899447201262324,0.001177740194380536,0,2.08528676775912,2.0853858621034886,26.507419823112656,26.507419823112656,2.0889088880733255,2.088893851076888,98.90870397979046,99.63623465992997,0,2
2023-06-01 07:31:00,2023-06-01 07:31:59,2.0907,2.088,2.088,2.0909,2.0906882087743766,2.0894,2.088,2.0909,True,0.002340662954402938,0.000948994961739913,0,2.085336314931304,2.0854789334899873,18.523011032653685,18.523011032653685,2.0889137747591633,2.088884957036322,89.89322059973567,96.26730819317523,0,1
2023-06-01 07:32:00,2023-06-01 07:32:59,2.088,2.0879,2.087,2.089,2.0900441043871885,2.087975,2.087,2.0900441043871885,True,0.002316329886231284,0.0007503546081317491,0,2.0854076242106454,2.085569334917848,12.97649519417466,12.97649519417466,2.0889044337167837,2.0888751564687964,75.49452100642785,88.09881519531787,0,1
2023-06-01 07:33:00,2023-06-01 07:33:59,2.0876,2.089,2.0872,2.0893,2.0890095521935943,2.0882750000000003,2.0872,2.0893,True,0.002300877751500477,0.0006611571724228114,0,2.0854884795642468,2.0856590723376023,11.591260685837206,11.591260685837206,2.0888981706947263,2.0888763986929875,63.0355825791926,76.14110806178526,0,1
2023-06-01 07:34:00,2023-06-01 07:34:59,2.0891,2.0869,2.0869,2.0891,2.088642276096797,2.088,2.0869,2.0891,True,0.002293672197821886,0.0004262147045463934,0,2.0855737759509245,2.0857457844925196,5.799592899001475,0.0,2.088889233672888,2.088856733034351,57.47445087389867,65.33485148650625,0,1
2023-06-01 07:35:00,2023-06-01 07:35:59,2.0869,2.0872,2.0858,2.0879,2.0883211380483986,2.08695,2.0858,2.0883211380483986,True,0.0022798384694060364,0.00027146761695372905,0,2.085659780221722,2.085822315780919,2.697624442999107,0.0,2.0888699378154465,2.088840248128536,53.451645914930445,57.98722645600713,0,1
2023-06-01 07:36:00,2023-06-01 07:36:59,2.0871,2.0861,2.0859,2.0871,2.087635569024199,2.08655,2.0859,2.087635569024199,True,0.0022098500073056107,7.907391366188154e-05,0,2.0857410480013208,2.085887562090099,-1.7303725652669044,-0.0,2.088846853857084,2.0888129819780037,47.06239588788892,52.662830892239235,0,1
2023-06-01 07:37:00,2023-06-01 07:37:59,2.086,2.0845,2.0845,2.0864,2.0870927845120995,2.0853499999999996,2.0845,2.0870927845120995,True,0.0021877178639266395,-0.00016343620904273298,0,2.08581430504571,2.0859352427205504,-7.441118772363936,-7.441118772363936,2.088812059291342,2.0887700667344413,37.59122932736733,46.03509037672879,0,1
2023-06-01 07:38:00,2023-06-01 07:38:59,2.0845,2.0859,2.0845,2.0863,2.0862213922560495,2.0852999999999997,2.0845,2.0863,True,0.00216002373078904,-0.00022147880114106375,0,2.0858747738831305,2.085968423575602,-7.101546268065199,-7.101546268065199,2.0887771134277466,2.0887415088564865,22.679400546310045,35.77767525385532,0,1
2023-06-01 07:39:00,2023-06-01 07:39:59,2.0857,2.0889,2.0857,2.0889,2.0857606961280246,2.0873,2.0857,2.0889,True,0.0022343077500184007,-4.7575610049463315e-05,0,2.085921598729366,2.086003683126487,-0.9096328028374785,-0.0,2.0887624157816993,2.0887430858827902,19.636547487094415,26.635725786923818,0,2
2023-06-01 07:40:00,2023-06-01 07:40:59,2.089,2.0886,2.0855,2.0907,2.086530348064012,2.08845,2.0855,2.0907,True,0.002446142910731363,4.227169205949237e-05,0,2.0859626409279266,2.0860482275541896,2.466949482686161,0.0,2.088759307166956,2.088741662142663,25.776615301517882,22.69752111164067,0,2
2023-06-01 07:41:00,2023-06-01 07:41:59,2.0885,2.0881,2.0878,2.089,2.087490174032006,2.08835,2.0878,2.089,True,0.00235713270282197,5.995702757734202e-05,0,2.086005434241058,2.0860990903022145,3.369291434788728,0.0,2.088755234458827,2.088735277444726,40.635362143516915,28.682841644042956,0,2
2023-06-01 07:42:00,2023-06-01 07:42:59,2.088,2.0893,2.088,2.0893,2.087920087016003,2.0886500000000003,2.088,2.0893,True,0.0022816232240489777,0.00014666694672867922,0,2.086052262271636,2.086156636854761,6.427605478378538,0.0,2.088754187349784,2.0887408965746292,46.52614867268962,37.64604203924136,0,2
2023-06-01 07:43:00,2023-06-01 07:43:59,2.0893,2.0962,2.0893,2.0976,2.0882850435080016,2.0931,2.0893,2.0976,True,0.002711507279474033,0.000664727960403306,0,2.0861044495631984,2.0862495825154808,15.102451315055049,15.102451315055049,2.0887974292667013,2.08881511650921,64.43386250413646,50.53179110678088,0,2
2023-06-01 07:44:00,2023-06-01 07:44:59,2.0965,2.0955,2.0948,2.097,2.0906925217540007,2.09595,2.0948,2.097,True,0.0026749710452258703,0.0009161826517838064,0,2.08617701603934,2.086389314467811,19.21540447645468,19.21540447645468,2.088868599124744,2.08888163276285,82.90844899547075,64.62282005743215,0,2
2023-06-01 07:45:00,2023-06-01 07:45:59,2.0952,2.0944,2.0936,2.0974,2.0933212608770004,2.0951500000000003,2.0936,2.0974,True,0.002755330256281167,0.0009550540120732733,0,2.0862831652535756,2.08655943403599,19.30327932602505,19.30327932602505,2.0889311006259907,2.0889365418895878,96.077322295397,81.13987793166795,0,2
2023-06-01 07:46:00,2023-06-01 07:46:59,2.0945,2.0949,2.0942,2.0957,2.0942356304385004,2.094825,2.0942,2.0957,True,0.002665663809403945,0.0009628935102693054,0,2.086421299644783,2.0867500809410506,19.902122625140194,19.902122625140194,2.088989746390906,2.088995879781234,90.54863651917867,89.84480260334868,0,2
2023-06-01 07:47:00,2023-06-01 07:47:59,2.0949,2.0952,2.0942,2.0955,2.0945303152192505,2.09495,2.0942,2.0955,True,0.002568116394446526,0.0009350316254455593,0,2.0865856902929165,2.0869564387552164,20.656117634045955,20.656117634045955,2.089049052396967,2.089057612320724,85.31011820803087,90.64535900753539,0,2
2023-06-01 07:48:00,2023-06-01 07:48:59,2.0953,2.0949,2.0947,2.0964,2.094740157609625,2.095325,2.0947,2.0964,True,0.0025061080805574907,0.0008426692059793073,0,2.0867710645240662,2.087176322943349,20.14074394634069,20.14074394634069,2.089111499636798,2.089115745531463,84.90070950263468,86.91982140994797,0,1
2023-06-01 07:49:00,2023-06-01 07:49:59,2.095,2.0949,2.0949,2.0962,2.0950325788048128,2.09525,2.0949,2.0962,True,0.0024199575033748183,0.0007319477426124266,0,2.0869736937337073,2.087404833321701,19.79716148787051,19.79716148787051,2.089172579242402,2.089173300302294,85.65438022266358,85.28840264444294,0,1
2023-06-01 07:50:00,2023-06-01 07:50:59,2.0949,2.0956,2.0944,2.096,2.0951412894024064,2.095225,2.0944,2.096,True,0.002361389110276636,0.0006611327463726725,0,2.087189263527704,2.0876383958094826,20.850014935155684,20.850014935155684,2.0892328023345175,2.0892372475629677,85.96005124518467,85.50504699016086,0,1
2023-06-01 07:51:00,2023-06-01 07:51:59,2.0957,2.0939,2.0937,2.0957,2.0951831447012035,2.0947500000000003,2.0937,2.0957,True,0.0023355756023997177,0.0004536471225940631,0,2.0874138296685936,2.08787107436635,15.077633772575098,15.077633772575098,2.089287699823726,2.0892836431096047,82.25913306449053,84.62452151077947,0,1
2023-06-01 07:52:00,2023-06-01 07:52:59,2.0937,2.0923,2.0922,2.0939,2.094966572350602,2.093025,2.0922,2.094966572350602,True,0.0022901773450854546,0.0001732319298782272,0,2.087642452017472,2.0880896252413708,7.104280261257571,0.0,2.089324886890157,2.0893136566110018,62.19369716965417,76.80429382644301,0,1
2023-06-01 07:53:00,2023-06-01 07:53:59,2.0922,2.0908,2.0899,2.0922,2.093995786175301,2.091275,2.0899,2.093995786175301,True,0.002298021820436475,-0.0001351700765997322,0,2.0878660386294214,2.0882835469406316,-1.0428243462799784,-0.0,2.0893442910007027,2.0893284460974595,33.79321112494754,59.415347119697294,0,1
2023-06-01 07:54:00,2023-06-01 07:54:59,2.0908,2.0903,2.0903,2.0913,2.0926353930876505,2.090675,2.0903,2.0926353930876505,True,0.002205305976119576,-0.0003790276798043015,0,2.0880747927850263,2.088452630769445,-7.3045314363055525,-7.3045314363055525,2.089357531886268,2.08933811330047,8.49288238230742,34.82659689230292,0,1
2023-06-01 07:55:00,2023-06-01 07:55:59,2.0907,2.0907,2.0896,2.0911,2.091655196543825,2.090525,2.0896,2.091655196543825,True,0.0021549269778253248,-0.0005078735353119435,0,2.0882637117772354,2.0885999703137803,-9.891198224850278,-9.891198224850278,2.0893691484844146,2.0893516644119083,-1.1605531350748302e-13,14.095364502418164,0,1
2023-06-01 07:56:00,2023-06-01 07:56:59,2.0908,2.089,2.0882,2.0913,2.0910900982719127,2.0898250000000003,2.0882,2.0913,True,0.002222432193694936,-0.0006997466779225556,0,2.0884318410455074,2.0887243767796373,-14.62134270983315,-14.62134270983315,2.0893736843203907,2.089348165263531,-1.1605531350748302e-13,2.8309607941022787,0,1
2023-06-01 07:57:00,2023-06-01 07:57:59,2.0894,2.0882,2.0875,2.0907,2.0904575491359565,2.08895,2.0875,2.0907,True,0.0022922584655738756,-0.0008608974492563283,0,2.0885781089125723,2.0888238708803404,-18.87382216714643,-18.87382216714643,2.0893694685560087,2.0893367407335455,-1.1605531350748302e-13,-2.329001189435884e-13,0,-2
2023-06-01 07:58:00,2023-06-01 07:58:59,2.0879,2.0903,2.0877,2.0905,2.0897037745679783,2.0891,2.0877,2.0905,True,0.002328525718032894,-0.0007946872366117593,0,2.088700989896456,2.0889040978249396,-14.329924549009569,-14.329924549009569,2.089366787276844,2.0893463254028632,0.8664166838983903,0.2888055612992692,0,-2
2023-06-01 07:59:00,2023-06-01 07:59:59,2.0905,2.091,2.0905,2.0913,2.089401887283989,2.090825,2.0905,2.0913,True,0.0022336310238876794,-0.0006791564426707468,0,2.0888025438606976,2.0889804404943586,-9.409860488323709,-9.409860488323709,2.089381296856179,2.0893627798764665,11.018436299474537,3.9616176611241536,0,-1
2023-06-01 08:00:00,2023-06-01 08:00:59,2.091,2.0886,2.0884,2.0926,2.090113443641995,2.0901500000000004,2.0884,2.0926,True,0.0023740859507528434,-0.0007483880817045203,0,2.088891492177528,2.089048570036873,-11.122329645214641,-11.122329645214641,2.08938894564368,2.0893551900269496,17.873147736841307,9.919333573404629,0,-2
2023-06-01 08:01:00,2023-06-01 08:01:59,2.0887,2.0891,2.0876,2.0894,2.0901317218209976,2.0887,2.0876,2.0901317218209976,True,0.0023330798114133402,-0.0007338869293965541,0,2.0889700311072,2.089099817343677,-10.776873424423265,-10.776873424423265,2.0893820904631455,2.0893526508227014,17.447102789706868,15.446228942007457,-1,-2
2023-06-01 08:02:00,2023-06-01 08:02:59,2.089,2.0903,2.0884,2.0903,2.0894158609104987,2.0895,2.0884,2.0903,True,0.002302145539169531,-0.0006167028536396655,0,2.0890349242254382,2.089142910387327,-7.221591259571873,-7.221591259571873,2.0893832636923677,2.0893620771826744,12.065554668565047,15.79526839837096,0,-1
2023-06-01 08:03:00,2023-06-01 08:03:59,2.0903,2.0885,2.0885,2.0916,2.089457930455249,2.089725,2.0885,2.0916,True,0.0023591351435145874,-0.0006430998742810912,0,2.0890889173063827,2.0891808315974236,-8.67739376036581,-8.67739376036581,2.0893866640536376,2.08935349930026,11.216968755563682,13.576542071278418,0,-2
2023-06-01 08:04:00,2023-06-01 08:04:59,2.0885,2.0902,2.0878,2.0904,2.089591465227625,2.089225,2.0878,2.0904,True,0.002376339776120668,-0.0005200913377497214,0,2.0891348744519034,2.0892109902750304,-5.402002776604526,-5.402002776604526,2.089385055456089,2.0893619221927944,14.726921635097035,12.669815019741806,0,-1
2023-06-01 08:05:00,2023-06-01 08:05:59,2.0904,2.0884,2.0883,2.0918,2.0894082326138124,2.0897249999999996,2.0883,2.0918,True,0.0024566012206834976,-0.0005451612384046932,0,2.089172932363467,2.089238261067348,-6.766387844929945,-6.766387844929945,2.0893884379888643,2.089352350827692,21.069846861262263,15.671245750640878,0,-2
2023-06-01 08:06:00,2023-06-01 08:06:59,2.0885,2.0868,2.0868,2.0886,2.089566616306906,2.087675,2.0868,2.089566616306906,True,0.002409701133491805,-0.0006502384494585226,0,2.0892055967154075,2.089249005920529,-10.128543477604943,-10.128543477604943,2.0893713888546466,2.0893269543020434,15.06372133689686,16.95349661108527,0,-2
2023-06-01 08:07:00,2023-06-01 08:07:59,2.0869,2.0887,2.0868,2.0892,2.088620808153453,2.0879,2.0868,2.0892,True,0.0024090081953852286,-0.0005612634697608192,0,2.0892273013179685,2.0892482098037672,-7.787779012690308,-7.787779012690308,2.089356748169526,2.0893207159507794,14.56726543157321,16.90027787657733,0,-1
2023-06-01 08:08:00,2023-06-01 08:08:59,2.0891,2.0873,2.0871,2.0891,2.0882604040767268,2.08815,2.0871,2.0891,True,0.0023797933242863,-0.0005761919691390277,0,2.089237755560868,2.0892400481282807,-8.632048270656533,-8.632048270656533,2.089344740725053,2.0893006093244035,10.87473235179985,13.501906373423191,0,-2
2023-06-01 08:09:00,2023-06-01 08:09:59,2.0871,2.0904,2.0871,2.0904,2.0882052020383632,2.08875,2.0871,2.0904,True,0.002445522372551554,-0.0003481148391494311,0,2.0892389018445745,2.0892302601324637,-3.360503486544026,-3.360503486544026,2.089338822906893,2.089311548535106,27.7883097890418,17.743435857471507,0,-1
2023-06-01 08:10:00,2023-06-01 08:10:59,2.0906,2.0948,2.0901,2.0957,2.0884776010191817,2.0927999999999995,2.0901,2.0957,True,0.0026708422030835735,0.00011654387940191702,0,2.089234580988519,2.0892470461863057,4.874566737435387,0.0,2.089373262479959,2.089366159992468,57.66777441140136,32.11027218408089,1,-1
2023-06-01 08:11:00,2023-06-01 08:11:59,2.0949,2.0992,2.0948,2.1011,2.0906388005095904,2.0975,2.0948,2.1011,True,0.0029300677600061736,0.000713107333350533,0,2.0892408135874123,2.0893168860044335,13.078584018462422,13.078584018462422,2.0894541255398598,2.089464009146772,83.5802441039085,56.3454427681171,0,2
2023-06-01 08:12:00,2023-06-01 08:12:59,2.0992,2.1022,2.098,2.1045,2.0940694002547953,2.100975,2.098,2.1045,True,0.0031850629200057294,0.0012710024981573702,0,2.0892788497959227,2.089451858444404,19.837692584229302,19.837692584229302,2.0895687611066274,2.089590735423919,99.99999999999989,80.41600617176981,0,2
2023-06-01 08:13:00,2023-06-01 08:13:59,2.1023,2.1027,2.1021,2.1037,2.097522200127398,2.1027,2.1021,2.1037,True,0.0030718441400053075,0.0016053453984242521,0,2.0893653541201633,2.0896490195356026,24.54545333453723,24.54545333453723,2.089699420200094,2.089721175867462,99.99999999999989,94.52674803463599,0,2
2023-06-01 08:14:00,2023-06-01 08:14:59,2.1027,2.1036,2.1027,2.1047,2.1001111000636987,2.103425,2.1027,2.1047,True,0.002995283844290627,0.001804951201689491,0,2.0895071868278827,2.089898763725513,28.073205631086765,28.073205631086765,2.089835993133426,2.0898592736200245,99.99999999999989,99.99999999999977,0,2
2023-06-01 08:15:00,2023-06-01 08:15:59,2.1036,2.1,2.0997,2.1059,2.1017680500318496,2.1023,2.0997,2.1059,True,0.0032241921411270253,0.0015969651662538667,0,2.0897029752766976,2.0901804747516994,23.07652114481425,23.07652114481425,2.0899600131022478,2.089960176370074,96.10412732889607,98.7013757762985,0,1
2023-06-01 08:16:00,2023-06-01 08:16:59,2.1001,2.1027,2.0975,2.1027,2.102034025015925,2.10075,2.0975,2.1027,True,0.0033653212739036572,0.0015641893882599647,0,2.0899417250141985,2.090474786007296,22.07136197549829,22.07136197549829,2.090067376155957,2.0900869407843023,87.1888932611846,94.43100686336008,0,2
2023-06-01 08:17:00,2023-06-01 08:17:59,2.1027,2.0967,2.0964,2.1034,2.1013920125079624,2.0998,2.0964,2.1034,True,0.0036249411829105474,0.0010470387636588295,0,2.0902082555107473,2.090770480213625,13.574835386394867,13.574835386394867,2.0901642181842557,2.090152742368538,75.37191031056442,86.22164363354825,0,1
2023-06-01 08:18:00,2023-06-01 08:18:59,2.0968,2.0968,2.0951,2.0985,2.1005960062539812,2.0968,2.0951,2.1005960062539812,True,0.003608873955559799,0.0006565202438033367,0,2.0904893678621863,2.0910446512596805,8.029035214814051,0.0,2.0902302458640145,2.090218884235518,59.417987474049404,73.99293034859936,0,1
2023-06-01 08:19:00,2023-06-01 08:19:59,2.097,2.0945,2.0942,2.0976,2.098698003126991,2.0958249999999996,2.0942,2.098698003126991,True,0.0035939543873055326,0.00019976344236629978,0,2.0907670095609334,2.091293306328464,1.9030952369968759,0.0,2.0902859150593973,2.0902614824023287,46.191352833933514,60.32708353951566,0,1
2023-06-01 08:20:00,2023-06-01 08:20:59,2.0946,2.0957,2.0946,2.0972,2.0972615015634952,2.095525,2.0946,2.0972615015634952,True,0.003530100502497989,-3.9637131983540335e-05,0,2.091030157944699,2.091518108131651,-0.39896465806013737,-0.0,2.0903380452578113,2.0903155970052905,34.47354343360342,46.69429458052866,0,1
2023-06-01 08:21:00,2023-06-01 08:21:59,2.0958,2.0986,2.0958,2.1009,2.0963932507817473,2.0977750000000004,2.0958,2.1009,True,0.0036493790380338694,-1.1125512287276686e-05,0,2.091274133038175,2.09173802510444,1.8135149530481627,0.0,2.090412044807485,2.0903980288758848,34.87356148711492,38.5128192515505,0,2
2023-06-01 08:22:00,2023-06-01 08:22:59,2.0985,2.1001,2.0979,2.1003,2.097084125390874,2.0991999999999997,2.0979,2.1003,True,0.0035601376781742885,9.333759281750448e-05,0,2.0915060790713076,2.0919623643670344,4.930665019068449,0.0,2.090499487147709,2.0904945659019956,38.78734455050621,36.044816490408074,0,2
2023-06-01 08:23:00,2023-06-01 08:23:59,2.1001,2.0987,2.0981,2.1002,2.0981420626954366,2.0992750000000004,2.0981,2.1002,True,0.0034558421297332673,4.320594729147111e-05,0,2.091734221719171,2.092189160703334,4.725935011425854,0.0,2.090586805683553,2.0905762120124236,39.701874882875224,37.78759364016534,0,1
2023-06-01 08:24:00,2023-06-01 08:24:59,2.0988,2.0997,2.0966,2.0998,2.0987085313477185,2.098725,2.0966,2.0998,True,0.0034375676918951834,5.98757598144423e-05,0,2.091961691211252,2.0924125618620786,5.922921073635585,0.0,2.090667782741428,2.090666995972499,34.19560303607791,37.56160748981967,0,2
2023-06-01 08:25:00,2023-06-01 08:25:59,2.0997,2.0958,2.0958,2.1005,2.098716765673859,2.09795,2.0958,2.1005,True,0.0035277414281883637,-0.00021711143699632484,0,2.092187126536665,2.092626439879944,1.0702210822217708,0.0,2.0907402426146477,2.090718070639439,24.184724778933063,32.69406756596195,0,1
2023-06-01 08:26:00,2023-06-01 08:26:59,2.0958,2.0972,2.0945,2.0975,2.0983333828369295,2.09625,2.0945,2.0983333828369295,True,0.003490045611889203,-0.0003077376809039337,0,2.0924067832083044,2.0928196890234783,0.010155116468396841,0.0,2.0907950660712182,2.090782567448997,13.471653464181012,23.950660426397217,0,1
2023-06-01 08:27:00,2023-06-01 08:27:59,2.0971,2.0974,2.0967,2.0975,2.097291691418465,2.097175,2.0967,2.0975,True,0.0032978994967542857,-0.00035559021585150966,0,2.0926132361158913,2.0930017174982436,-0.37138484853254283,-0.0,2.090858548000858,2.090848412549007,8.199109675389282,15.285162639501005,0,1
2023-06-01 08:28:00,2023-06-01 08:28:59,2.0975,2.0989,2.0972,2.1005,2.0972333457092325,2.098525,2.0972,2.1005,True,0.003298049532700398,-0.0002839163447989983,0,2.0928074768070672,2.0931829253883367,1.831930937610899,0.0,2.090934831105327,2.090928527847027,11.909335553948333,11.193366231172762,0,2
2023-06-01 08:29:00,2023-06-01 08:29:59,2.0986,2.0964,2.0964,2.0986,2.0978791728546162,2.0975,2.0964,2.0986,True,0.003241045994650366,-0.0004120051812291979,0,2.0929952010977018,2.093355211357461,-0.8951561223111497,-0.0,2.0910001561689557,2.090982970356012,17.245691702628047,12.451378977321776,0,1
2023-06-01 08:30:00,2023-06-01 08:30:59,2.0964,2.0918,2.0915,2.0992,2.0976895864273084,2.094725,2.0915,2.0992,True,0.0035595427093182154,-0.000806823134361517,0,2.0931752062275812,2.0935002515193792,-7.525748105568475,-7.525748105568475,2.091037219291653,2.090991100004211,14.14095145899107,14.43199290518904,0,-2
2023-06-01 08:31:00,2023-06-01 08:31:59,2.0915,2.0896,2.0892,2.092,2.096207293213654,2.090575,2.0892,2.096207293213654,True,0.003505289658652638,-0.0011904744154425414,-1,2.0933377288734802,2.0935943723225403,-13.499686813663274,-13.499686813663274,2.091032620094721,2.0909772582131243,5.336356148679594,12.240999770099458,-1,-2
2023-06-01 08:32:00,2023-06-01 08:32:59,2.0892,2.0888,2.0874,2.0895,2.0933911466068267,2.088725,2.0874,2.0933911466068267,True,0.003412054683034575,-0.001451737309947834,0,2.09346605059801,2.093635065220243,-18.014986232599902,-18.014986232599902,2.091009658700744,2.0909555939522972,-1.1842378929335004e-13,6.492435869223404,0,-2
2023-06-01 08:33:00,2023-06-01 08:33:59,2.0887,2.0872,2.0866,2.0888,2.0910580733034134,2.087825,2.0866,2.0910580733034134,True,0.0033254793485321195,-0.0016746291546690115,0,2.0935505579091265,2.0936272397985696,-22.058919520199858,-22.058919520199858,2.090977970554468,2.0909182248582447,-1.1842378929335004e-13,1.778785382893008,0,-2
2023-06-01 08:34:00,2023-06-01 08:34:59,2.0872,2.0825,2.0825,2.0881,2.089441536651707,2.085075,2.0825,2.089441536651707,True,0.0034879451093512417,-0.00207254289228962,0,2.0935888988538482,2.093562401329029,-26.889769440172905,-26.889769440172905,2.0909192345290504,2.0908344614268195,-1.1842378929335004e-13,-2.295447782469435e-13,0,-2
2023-06-01 08:35:00,2023-06-01 08:35:59,2.0825,2.0791,2.0774,2.0826,2.0872582683258534,2.0804,2.0774,2.0872582683258534,True,0.003610234744397572,-0.002473221526092378,0,2.093575650091439,2.093421045475109,-31.091083520382384,-31.091083520382384,2.090814565528761,2.0907177006166022,-1.1842378929335004e-13,-2.295447782469435e-13,0,-2
2023-06-01 08:36:00,2023-06-01 08:36:59,2.0791,2.08,2.0772,2.0807,2.0838291341629267,2.07925,2.0772,2.0838291341629267,True,0.0036023608340834796,-0.0025588030414173918,0,2.093498347783274,2.0932125265748525,-31.953569004588964,-31.953569004588964,2.0906994952249924,2.0906110568293723,-1.1842378929335004e-13,-2.295447782469435e-13,0,-2
2023-06-01 08:37:00,2023-06-01 08:37:59,2.0799,2.0733,2.0725,2.08,2.0815395670814634,2.076425,2.0725,2.0815395670814634,True,0.0038807636316489655,-0.00295378740795866,0,2.0933554371790635,2.0929331778930047,-34.526734998735094,-34.526734998735094,2.090557460446634,2.090438807507687,-1.1842378929335004e-13,-2.295447782469435e-13,0,-2
2023-06-01 08:38:00,2023-06-01 08:38:59,2.0727,2.0736,2.07,2.0754,2.0789822835407317,2.072925,2.07,2.0789822835407317,True,0.003989280515102632,-0.003046253687306028,0,2.093144307536034,2.0925759673329014,-35.6637136861308,-35.6637136861308,2.090382013079006,2.0902712571842277,-1.1842378929335004e-13,-2.295447782469435e-13,0,-2
2023-06-01 08:39:00,2023-06-01 08:39:59,2.0737,2.0771,2.0737,2.0783,2.075953641770366,2.0757000000000003,2.0737,2.0783,True,0.0040400461925953115,-0.0027145791684524004,0,2.0928601374344677,2.0921789458639153,-30.17292195195069,-30.17292195195069,2.090235923396628,2.0901401998988125,6.775223274120865,2.2584077580400983,0,-1
2023-06-01 08:40:00,2023-06-01 08:40:59,2.077,2.0764,2.0755,2.0787,2.075826820885183,2.0768999999999997,2.0755,2.0787,True,0.003980042893124224,-0.002407144182680188,0,2.0925195416491915,2.091761538252045,-27.01223789012024,-27.01223789012024,2.0901032276414377,2.090003481491859,16.274015562084603,7.683079612068339,0,-1
2023-06-01 08:41:00,2023-06-01 08:41:59,2.0762,2.0742,2.0724,2.0762,2.0763634104425917,2.07475,2.0724,2.0763634104425917,True,0.003981468400758209,-0.00222811111205302,0,2.0921405399506185,2.091316193060181,-26.420344444629393,-26.420344444629393,2.0899504592071945,2.089846232919801,23.911907774664993,15.65371553695671,0,-2
2023-06-01 08:42:00,2023-06-01 08:42:59,2.0741,2.0768,2.0738,2.0789,2.0755567052212958,2.0759,2.0738,2.0789,True,0.004061363514989773,-0.0018073514401649579,0,2.0917283665054,2.0908597981797246,-21.504135871049314,-21.504135871049314,2.0898106536429437,2.0897164196569173,28.36199104435143,22.84930479370023,0,-1
2023-06-01 08:43:00,2023-06-01 08:43:59,2.0768,2.0746,2.0729,2.0776,2.075728352610648,2.0754750000000004,2.0729,2.0776,True,0.004106980406776197,-0.0015753914506235192,0,2.0912940823425625,2.090394919203998,-20.203651726864752,-20.203651726864752,2.0896680103231136,2.089566007521028,32.61402494126222,28.29597458675944,0,-1
2023-06-01 08:44:00,2023-06-01 08:44:59,2.0742,2.0744,2.0739,2.0759,2.0756016763053244,2.0746,2.0739,2.0759,True,0.003956481806292167,-0.0013361958406269189,0,2.0908445007732808,2.089920546774025,-19.515934216732646,-19.515934216732646,2.0895180798721373,2.0894151019735547,43.074763702767825,34.68359322946038,0,-1
2023-06-01 08:45:00,2023-06-01 08:45:59,2.0743,2.0652,2.0585,2.0755,2.0751008381526623,2.068375,2.0585,2.0755,True,0.0048881616772712905,-0.0017180228881548843,0,2.090382523773653,2.089399244660039,-24.13560442715522,-24.13560442715522,2.089307700967937,2.0891741556852605,41.25242937873964,38.980406007589785,0,-2
2023-06-01 08:46:00,2023-06-01 08:46:59,2.0652,2.0687,2.065,2.0687,2.071737919076331,2.0669,2.065,2.071737919076331,True,0.0048032929860376454,-0.0016105547612906296,0,2.089890884216846,2.0888344510940704,-22.23560597162275,-22.23560597162275,2.089084738769251,2.0889704327431184,35.27840471168024,39.86853259772913,0,-2
2023-06-01 08:47:00,2023-06-01 08:47:59,2.0687,2.0689,2.0656,2.0693,2.0693189595381654,2.068125,2.0656,2.0693189595381654,True,0.004724486344177832,-0.00141522366245579,0,2.0893626676554584,2.0882476962893435,-20.692057372011444,-20.692057372011444,2.0888761841546315,2.0887707269446794,36.39794311522281,37.64292573521413,0,-1
2023-06-01 08:48:00,2023-06-01 08:48:59,2.0688,2.0712,2.0671,2.0712,2.068721979769083,2.0695750000000004,2.0671,2.0712,True,0.004679880176736573,-0.0010255458610170728,0,2.088805181972401,2.087657625550875,-16.429956455322312,-16.429956455322312,2.0886841325710033,2.0885958938407523,57.252146359315184,42.97616472873931,0,-1
2023-06-01 08:49:00,2023-06-01 08:49:59,2.0713,2.0672,2.0667,2.0723,2.0691484898845416,2.069375,2.0667,2.0723,True,0.004745603021255378,-0.0009580383443907161,0,2.088231403761638,2.087067620454545,-16.82170089278278,-16.82170089278278,2.088492001898655,2.088382999374675,79.12091641184868,57.590335295462125,0,-1
2023-06-01 08:50:00,2023-06-01 08:50:59,2.0672,2.071,2.0663,2.071,2.0692617449422706,2.0688750000000002,2.0663,2.071,True,0.00474234566259429,-0.0005654334418840317,0,2.0876495121080914,2.08647828456941,-12.394797798074087,-0.0,2.088296807849912,2.0882100342067678,87.94869607226643,74.77391961447667,0,-1
2023-06-01 08:51:00,2023-06-01 08:51:59,2.071,2.0673,2.0673,2.0723,2.0690683724711354,2.069475,2.0673,2.0723,True,0.004760749543837547,-0.0004936328439792952,0,2.0870638983387506,2.0858976356679437,-12.471744948717834,-0.0,2.0881095261797635,2.0880019741649094,90.90335999745899,85.99099082719128,0,-1
2023-06-01 08:52:00,2023-06-01 08:52:59,2.0671,2.0649,2.0635,2.0675,2.0692716862355676,2.0657499999999995,2.0635,2.0692716862355676,True,0.004706410290706294,-0.0005425169615365976,0,2.0864807670033474,2.0853022524973697,-14.168746874128765,-14.168746874128765,2.087887043332204,2.0877721037752086,77.55722396933994,85.4697600130217,0,-2
2023-06-01 08:53:00,2023-06-01 08:53:59,2.0648,2.0658,2.0633,2.0668,2.0675108431177835,2.065175,2.0633,2.0675108431177835,True,0.004620238127084437,-0.0004400611886922678,0,2.0858915097503585,2.084695408783334,-14.036452644465989,-14.036452644465989,2.0876610528512862,2.087553475876948,63.48290847323747,77.31449748001204,0,-1
2023-06-01 08:54:00,2023-06-01 08:54:59,2.0656,2.0651,2.0636,2.0659,2.066342921558892,2.0650500000000003,2.0636,2.066342921558892,True,0.004454506832292689,-0.0003533554174237558,0,2.0852934592668464,2.0840828480631353,-14.549190976500299,-14.549190976500299,2.087436067250776,2.0873300582065304,43.713899954265685,61.58467746561428,0,-1
2023-06-01 08:55:00,2023-06-01 08:55:59,2.0651,2.0651,2.065,2.0673,2.065696460779446,2.065625,2.065,2.0673,True,0.004300613487128923,-0.00023214850969263765,0,2.084688153664991,2.0834739342332487,-14.891016531189841,-14.891016531189841,2.087219041705992,2.08710886359751,48.72158571987791,51.972798049126936,0,-1
2023-06-01 08:56:00,2023-06-01 08:56:59,2.0656,2.0687,2.0649,2.0687,2.065660730389723,2.066975,2.0649,2.0687,True,0.004264855380905431,0.000153158656955487,0,2.0840810439491197,2.082881331857861,-9.232757203114403,-0.0,2.087017608455186,2.0869256908253955,68.08328551126742,53.50625706180358,0,-1
2023-06-01 08:57:00,2023-06-01 08:57:59,2.0687,2.0672,2.0651,2.0707,2.0663178651948613,2.0679250000000002,2.0651,2.0707,True,0.004360222853697888,0.000341950879588512,0,2.0834811879034905,2.082312155498111,-7.52077567134544,-0.0,2.086827632251652,2.0867294152947946,87.97378797450835,68.25955306855114,0,-1
2023-06-01 08:58:00,2023-06-01 08:58:59,2.067,2.0682,2.0664,2.0682,2.067121432597431,2.06745,2.0664,2.0682,True,0.004177349792719485,0.0005660840739252814,0,2.082896671700801,2.081762068755199,-4.816021189029122,-0.0,2.0866348199904414,2.086545043003304,97.93007321480826,84.66238223352792,0,-1
2023-06-01 08:59:00,2023-06-01 08:59:59,2.0681,2.0687,2.0677,2.0691,2.0672857162987155,2.0684,2.0677,2.0691,True,0.003978967664668114,0.0007677932321414485,0,2.0823293702280004,2.081237303592219,-2.198487307931117,-0.0,2.0864533789955115,2.0863674803863557,97.93007321480826,94.61131146804154,0,-1
2023-06-01 09:00:00,2023-06-01 09:00:59,2.0688,2.0714,2.0672,2.0717,2.0678428581493575,2.069775,2.0672,2.0717,True,0.004016184260048943,0.001095551837889953,0,2.08178333691011,2.0807455086965474,3.3454051083369123,3.3454051083369123,2.0862874249756556,2.0862185502332578,97.93007321480826,97.93007321480816,0,-1
2023-06-01 09:01:00,2023-06-01 09:01:59,2.0714,2.0715,2.0698,2.0723,2.0688089290746787,2.07125,2.0698,2.0723,True,0.003907885384331158,0.0013100152072734964,0,2.081264422803329,2.080293165828795,7.167835611969345,7.167835611969345,2.0861377988564946,2.086072096997106,99.99999999999989,98.62004880987205,0,-1
2023-06-01 09:02:00,2023-06-01 09:02:59,2.0716,2.0717,2.0712,2.0723,2.070029464537339,2.0717,2.0712,2.0723,True,0.0037073221425931936,0.0014463191130393589,0,2.0807787943160623,2.0798780748517562,10.008988528299568,10.008988528299568,2.08599413916638,2.0859290910568364,99.99999999999989,99.31002440493592,0,-1
2023-06-01 09:03:00,2023-06-01 09:03:59,2.0718,2.0733,2.0718,2.0733,2.0708647322686695,2.07255,2.0718,2.0733,True,0.0035567991324079846,0.0016196094284149044,0,2.0803284345839095,2.079500992419736,14.114353463377327,14.114353463377327,2.085860366637361,2.085803428459256,99.99999999999989,99.99999999999979,0,2
2023-06-01 09:04:00,2023-06-01 09:04:59,2.0733,2.0745,2.0722,2.0746,2.071707366134335,2.07365,2.0722,2.0746,True,0.003474170622950284,0.0017789593766137386,0,2.079914713501823,2.0791639687388166,18.2186436647426,18.2186436647426,2.0857388704519146,2.0856909565342883,99.99999999999989,99.99999999999979,0,2
2023-06-01 09:05:00,2023-06-01 09:05:59,2.0746,2.0755,2.0746,2.0758,2.0726786830671675,2.075125,2.0746,2.0758,True,0.0033188727213109837,0.0019055232540301295,0,2.07953934112032,2.0788709160038294,21.969183669050977,21.969183669050977,2.0856332598006517,2.085589553981708,99.99999999999989,99.99999999999979,0,2
2023-06-01 09:06:00,2023-06-01 09:06:59,2.0755,2.0771,2.0755,2.0771,2.0739018415335835,2.0763,2.0755,2.0771,True,0.0031960960983602182,0.002043239271997505,0,2.079205128562075,2.0786225543067895,25.828783261825052,25.828783261825052,2.085540391543929,2.085505080807761,99.99999999999989,99.99999999999979,0,2
2023-06-01 09:07:00,2023-06-01 09:07:59,2.077,2.0792,2.076,2.0796,2.0751009207667916,2.0779500000000004,2.076,2.0796,True,0.0032249463770487774,0.002212932135502528,0,2.078913841434433,2.0784224029583016,29.708629507636545,29.708629507636545,2.0854648652599095,2.085442343685296,99.99999999999989,99.99999999999979,0,2
2023-06-01 09:08:00,2023-06-01 09:08:59,2.0794,2.0829,2.0791,2.083,2.076525460383396,2.0811,2.0791,2.083,True,0.0032731644929738816,0.0025017814805603287,1,2.0786681221963677,2.078283193557291,33.694660878693895,33.694660878693895,2.085421433764786,2.085417046733203,99.99999999999989,99.99999999999979,1,2
2023-06-01 09:09:00,2023-06-01 09:09:59,2.0827,2.0823,2.0816,2.0828,2.0788127301916983,2.08235,2.0816,2.0828,True,0.0031322241720471815,0.0025557587084349903,0,2.0784756578768295,2.078201495633975,34.48190407068566,34.48190407068566,2.0853908722347883,2.085386031342823,99.99999999999989,99.99999999999979,0,2
2023-06-01 09:10:00,2023-06-01 09:10:59,2.0824,2.0914,2.0821,2.0916,2.080581365095849,2.086875,2.0821,2.0916,True,0.003587065302615245,0.0031164306450777563,0,2.0783385767554026,2.0781966837483186,37.455890451575144,37.455890451575144,2.0854056396752383,2.085445871826974,99.99999999999989,99.99999999999979,0,2
2023-06-01 09:11:00,2023-06-01 09:11:59,2.0911,2.0916,2.09,2.0922,2.0837281825479246,2.091225,2.09,2.0922,True,0.003487989209571313,0.003364149431956096,0,2.078267630251861,2.0782822834215438,39.46868552492431,39.46868552492431,2.0854635437580717,2.085507106933173,99.99999999999989,99.99999999999979,0,2
2023-06-01 09:12:00,2023-06-01 09:12:59,2.0915,2.0914,2.0904,2.0915,2.0874765912739623,2.0911999999999997,2.0904,2.0915,True,0.00332456140888767,0.003365491299034343,0,2.0782749568367023,2.078438305919527,40.306237999137906,40.306237999137906,2.085520622924658,2.0855657426850818,99.93567936247871,99.97855978749273,0,2
2023-06-01 09:13:00,2023-06-01 09:13:59,2.0914,2.088,2.0875,2.0918,2.0893382956369813,2.0896749999999997,2.0875,2.0918,True,0.0033942355939671357,0.0029825594471169325,0,2.0783566313781145,2.0786382392006524,33.25514022650532,33.25514022650532,2.0855619600099846,2.085589964150902,95.45763480324082,98.46443805523971,0,1
2023-06-01 09:14:00,2023-06-01 09:14:59,2.0879,2.0883,2.0876,2.0884,2.0895066478184905,2.08805,2.0876,2.0895066478184905,True,0.0032089330515409054,0.0026172205319479804,0,2.0784974352893837,2.0788602227670916,28.817693633485874,28.817693633485874,2.0855867166268007,2.0856169296817386,85.42497585215737,93.60609667262554,0,1
2023-06-01 09:15:00,2023-06-01 09:15:59,2.0883,2.0849,2.0842,2.0891,2.0887783239092452,2.0866249999999997,2.0842,2.0891,True,0.003329723547859421,0.0020216716618203165,0,2.0786788290282376,2.0790882666194537,19.837558750814793,19.837558750814793,2.0855970478046437,2.0856097960530646,70.78633679453993,83.88964914997928,0,1
2023-06-01 09:16:00,2023-06-01 09:16:59,2.0844,2.0849,2.0841,2.0861,2.0877016619546227,2.084875,2.0841,2.0877016619546227,True,0.003234743294440907,0.0015338661061462255,0,2.0788835478238457,2.0793075102931353,13.850802162367408,13.850802162367408,2.0855898632493735,2.0856027334057705,54.05897601825387,70.0900962216503,0,1
2023-06-01 09:17:00,2023-06-01 09:17:59,2.0847,2.0857,2.0842,2.0857,2.086288330977311,2.0850750000000002,2.0842,2.086288330977311,True,0.0031108330591237032,0.001189974247122616,0,2.0790955290584905,2.0795196934921876,11.15047735379978,11.15047735379978,2.0855847402319667,2.085603701232579,40.92281718649103,55.25604333309485,0,1
2023-06-01 09:18:00,2023-06-01 09:18:59,2.0858,2.0855,2.0837,2.0865,2.0856816654886554,2.085375,2.0837,2.0865,True,0.003088630697757734,0.000884052797486472,0,2.0793076112753393,2.079726920446555,8.912205263546895,8.912205263546895,2.0855826532644843,2.0856026693795187,29.46796477890435,41.48325266121632,0,1
2023-06-01 09:19:00,2023-06-01 09:19:59,2.0859,2.0849,2.0841,2.0867,2.0855283327443277,2.0854,2.0841,2.0867,True,0.003053728505060765,0.0005875437057031832,0,2.079517265860947,2.079928995043928,6.000647847012459,6.000647847012459,2.0855808358190666,2.085595677644399,21.040995319777036,30.477259095057377,0,1
2023-06-01 09:20:00,2023-06-01 09:20:59,2.0849,2.0878,2.0848,2.0878,2.085464166372164,2.086325,2.0848,2.0878,True,0.0030498907546992896,0.0005494733894761935,0,2.0797231304524377,2.0801319731914725,9.242763800564596,9.242763800564596,2.0855882404377826,2.085617611200176,15.682476255913107,22.06381211819807,0,1
2023-06-01 09:21:00,2023-06-01 09:21:59,2.0877,2.0878,2.0877,2.0898,2.0858945831860822,2.08825,2.0877,2.0898,True,0.0029820414150779112,0.00048044669027280445,0,2.0799275518219553,2.080347477611639,11.404174436266018,11.404174436266018,2.085614725607556,2.085639326511617,19.39835557910651,18.707275718265453,0,1
2023-06-01 09:22:00,2023-06-01 09:22:59,2.0877,2.0873,2.0865,2.0877,2.0870722915930413,2.0873,2.0865,2.0877,True,0.0028618955997152086,0.0003594347827085881,0,2.0801375147167973,2.0805648474545375,11.269553046282667,11.269553046282667,2.085631494506983,2.0856558506259293,20.859514589683908,18.646782141567744,0,1
2023-06-01 09:23:00,2023-06-01 09:23:59,2.0872,2.087,2.0864,2.0878,2.0871861457965206,2.0871,2.0864,2.0878,True,0.002757474485449857,0.0002233734876580214,0,2.0803511810856676,2.0807808223568913,10.178809974946354,10.178809974946354,2.0856461065019385,2.085669225246567,19.99578702494313,20.084552397911086,0,1
2023-06-01 09:24:00,2023-06-01 09:24:59,2.087,2.0896,2.087,2.0896,2.08714307289826,2.0883000000000003,2.087,2.0896,True,0.002746226307917704,0.0002821836288221949,0,2.0805660017212797,2.08100245047139,14.192580307914923,14.192580307914923,2.0856725134024168,2.0857083374331684,17.253048462132742,19.3694500255865,0,2
2023-06-01 09:25:00,2023-06-01 09:25:59,2.0897,2.0914,2.0897,2.0919,2.08772153644913,2.090675,2.0897,2.0919,True,0.002714353000209294,0.000409025812811182,0,2.080784226096335,2.081243303820737,18.901451710314788,18.901451710314788,2.085722289388462,2.0857649708915447,27.608917238512202,21.619250908529263,0,2
2023-06-01 09:26:00,2023-06-01 09:26:59,2.0912,2.0882,2.0872,2.0912,2.089198268224565,2.0894500000000003,2.0872,2.0912,True,0.002820470643051486,0.00023063289979840694,0,2.081013764958536,2.0814892360198236,13.713428611226874,13.713428611226874,2.085759381036338,2.0857892000369023,34.1534228749834,26.338462858542687,0,1
2023-06-01 09:27:00,2023-06-01 09:27:59,2.0882,2.0918,2.0882,2.0922,2.0893241341122826,2.0901,2.0882,2.0922,True,0.0029047227399763803,0.00032881480114452504,0,2.08125150048918,2.0817419391678533,14.93656382034797,14.93656382034797,2.0858025712747823,2.085849008991759,46.90028465030204,36.22087492126579,0,2
2023-06-01 09:28:00,2023-06-01 09:28:59,2.0921,2.0913,2.0907,2.0924,2.0897120670561415,2.091625,2.0907,2.0924,True,0.002818671115692356,0.00031972292191653415,0,2.081496719828517,2.082008702441051,14.679023292017277,14.679023292017277,2.0858605058889634,2.085903247708259,62.614186413276,47.88929797952039,0,1
2023-06-01 09:29:00,2023-06-01 09:29:59,2.0912,2.0922,2.0909,2.0929,2.0906685335280706,2.0918,2.0909,2.0929,True,0.0027601946074286322,0.0003371614698709476,0,2.081752711134784,2.0822859057560317,15.624609645388631,15.624609645388631,2.085919605332854,2.085965901959918,84.49540398568054,64.66995834975278,0,2
2023-06-01 09:30:00,2023-06-01 09:30:59,2.0924,2.0901,2.0897,2.0948,2.0912342667640353,2.09175,2.0897,2.0948,True,0.00292732356404088,0.00016470504252063872,0,2.082019308445408,2.082569083626618,11.584287398020564,0.0,2.0859776192101394,2.0860070372637995,95.09657909479641,80.73538983125088,0,1
2023-06-01 09:31:00,2023-06-01 09:31:59,2.0899,2.09,2.0898,2.0912,2.091492133382018,2.090225,2.0898,2.091492133382018,True,0.0028182290237522664,1.4092593111312939e-05,0,2.0822941960360133,2.082844559283724,8.681711917076342,0.0,2.086019881705561,2.086046768236299,68.845423894406,82.81246899162755,0,1
2023-06-01 09:32:00,2023-06-01 09:32:59,2.09,2.0914,2.0897,2.0916,2.090858566691009,2.090675,2.0897,2.0916,True,0.002752641236341391,-1.2800729717669414e-05,0,2.0825693776598686,2.0831151683565827,9.330749846833164,0.0,2.08606620129058,2.0861000342239975,45.62198346096459,69.85466215005557,0,1
2023-06-01 09:33:00,2023-06-01 09:33:59,2.0914,2.0876,2.0876,2.0914,2.0907667833455044,2.0895,2.0876,2.0914,True,0.002827452576602722,-0.00031504892400288165,0,2.0828422730082257,2.083372027517845,2.712572045914335,0.0,2.0861003684419175,2.0861149592565944,14.12528458553903,42.86423064696979,0,1
2023-06-01 09:34:00,2023-06-01 09:34:59,2.0876,2.0869,2.0867,2.0895,2.0901333916727522,2.087675,2.0867,2.0901333916727522,True,0.0028254916782739655,-0.0005686663506635011,0,2.0831071502630354,2.0836037775091794,-2.641717402276562,-0.0,2.0861160364176197,2.086122770607275,9.144551697316563,22.96393991460664,0,1
2023-06-01 09:35:00,2023-06-01 09:35:59,2.0869,2.0867,2.0853,2.0869,2.088904195836376,2.08645,2.0853,2.088904195836376,True,0.002737956558397241,-0.0007442414433427805,0,2.0833554638861074,2.0838057640203043,-6.503958871750548,-6.503958871750548,2.08611935943834,2.086128514183322,-1.0421293457814802e-13,7.756612094285075,0,1
2023-06-01 09:36:00,2023-06-01 09:36:59,2.0868,2.0899,2.0868,2.0901,2.087677097918188,2.0884,2.0868,2.0901,True,0.002785245375654586,-0.0006271188694939103,0,2.0835806139532056,2.08399631076563,-2.3329144052816986,-0.0,2.086142052379252,2.0861660414053786,9.074822507184988,6.073124734833729,0,2
2023-06-01 09:37:00,2023-06-01 09:37:59,2.09,2.0861,2.0861,2.0909,2.0880385489590942,2.088275,2.0861,2.0909,True,0.0029291564202506806,-0.0008049929911002674,0,2.0837884623594176,2.084175685916646,-5.337389285503086,-5.337389285503086,2.0861632757386626,2.086165384276967,17.48571625689791,8.853512921360844,0,1
2023-06-01 09:38:00,2023-06-01 09:38:59,2.0861,2.0858,2.0857,2.0861,2.088156774479547,2.085925,2.0857,2.088156774479547,True,0.0027485023902327718,-0.0009242910475064691,0,2.0839820741380315,2.0843289113894583,-7.70782483926309,-7.70782483926309,2.0861609048357903,2.0861617486125197,17.48571625689791,14.682085006993512,0,1
2023-06-01 09:39:00,2023-06-01 09:39:59,2.0858,2.0863,2.085,2.0869,2.087040887239773,2.0860000000000003,2.085,2.087040887239773,True,0.0026878950766447175,-0.000943995455883243,0,2.084155492763745,2.0844610123267877,-8.164873419586236,-8.164873419586236,2.0861593037926482,2.086163124248216,8.768463765217257,14.579965426337601,0,1
2023-06-01 09:40:00,2023-06-01 09:40:59,2.0863,2.0868,2.0863,2.088,2.0865204436198868,2.08685,2.0863,2.088,True,0.0026173311425986686,-0.0008968836172302758,0,2.084308252545266,2.0845814073198015,-7.271961880446611,-7.271961880446611,2.0861661763917265,2.0861694613203734,4.82598282086471,10.360054280993202,0,-2
2023-06-01 09:41:00,2023-06-01 09:41:59,2.0868,2.0873,2.0862,2.0879,2.0866852218099434,2.08705,2.0862,2.0879,True,0.002551807489555909,-0.0008072239551024604,0,2.0844448299325338,2.0846931323155373,-5.418752810906099,-5.418752810906099,2.0861749706564856,2.086180710461464,10.266944409827593,7.95379699863643,0,-2
2023-06-01 09:42:00,2023-06-01 09:42:59,2.0872,2.0892,2.0869,2.0904,2.0868676109049717,2.088425,2.0869,2.0904,True,0.0026195355260161895,-0.0005967634418034568,0,2.0845689811240358,2.084806698771422,-0.10277029021551698,-0.0,2.086197359008162,2.0862107531434395,21.8125811343711,12.301836121687712,0,2
2023-06-01 09:43:00,2023-06-01 09:43:59,2.0891,2.0852,2.0852,2.0896,2.087646305452486,2.087275,2.0852,2.0896,True,0.0027467115598721727,-0.0007212478486842825,0,2.084687839947729,2.084913045612186,-4.109453241562072,-4.109453241562072,2.086208081804101,2.0862006958982313,23.30223083182193,18.460585458673453,0,-2
2023-06-01 09:44:00,2023-06-01 09:44:59,2.0852,2.0869,2.0848,2.0869,2.087460652726243,2.08595,2.0848,2.087460652726243,True,0.00270051787702416,-0.0006646606136929568,0,2.0848004427799576,2.085003887837678,-3.461770142849879,-3.461770142849879,2.0862055138259508,2.086207654148,17.86126924285905,20.99202706968394,0,-2
2023-06-01 09:45:00,2023-06-01 09:45:59,2.0869,2.084,2.084,2.0905,2.0867053263631217,2.08635,2.084,2.0905,True,0.0029719094572367164,-0.0008078890818317044,0,2.084902165308818,2.0850846443216406,-6.9688284058833645,-6.9688284058833645,2.0862069514993244,2.08618568744006,8.686585440253511,16.61669517164474,0,-2
2023-06-01 09:46:00,2023-06-01 09:46:59,2.084,2.0825,2.0815,2.0846,2.0865276631815606,2.08315,2.0815,2.0865276631815606,True,0.0029810587817197995,-0.0009765548503523212,0,2.084993404815229,2.085134950751919,-10.902983691783582,-10.902983691783582,2.0861765340714706,2.0861490139331935,2.728522937442308,9.758792540184865,-1,-2
2023-06-01 09:47:00,2023-06-01 09:47:59,2.0823,2.0839,2.0819,2.0839,2.08483883159078,2.083,2.0819,2.08483883159078,True,0.002910983154454084,-0.0009536423453485491,0,2.085064177783574,2.0851599093256583,-10.55477722451193,-10.55477722451193,2.0861449267672767,2.086126635685102,2.728522937442308,4.714543771712619,0,-2
2023-06-01 09:48:00,2023-06-01 09:48:59,2.0839,2.0837,2.083,2.0844,2.08391941579539,2.08375,2.083,2.0844,True,0.002803055786278781,-0.0009160546652048488,0,2.0851120435546164,2.0851698859089236,-10.61346138969406,-10.61346138969406,2.0861210966501895,2.0861024900563945,6.007222372732848,3.8214227492057318,0,-2
2023-06-01 09:49:00,2023-06-01 09:49:59,2.0835,2.0844,2.0831,2.0851,2.083834707897695,2.084025,2.0831,2.0851,True,0.002745694658687455,-0.0008074567600540592,0,2.08514096473177,2.0851698854082086,-8.959213730486248,-8.959213730486248,2.086100239967103,2.0860855498568283,14.229475723673081,7.655073677949322,0,-1
2023-06-01 09:50:00,2023-06-01 09:50:59,2.0846,2.0791,2.0784,2.0851,2.0839298539488476,2.0818000000000003,2.0784,2.0851,True,0.0030281450402098067,-0.0010679346696444102,-1,2.0851554250699893,2.0851467640163373,-14.240069984310693,-14.240069984310693,2.086057451509719,2.086016041898054,14.229475723673081,11.488724606692914,0,-2
2023-06-01 09:51:00,2023-06-01 09:51:59,2.0789,2.0814,2.0783,2.0819,2.082864926974424,2.080125,2.0783,2.082864926974424,True,0.003068991823051967,-0.001032450041200512,0,2.0851510945431633,2.0850941057402923,-13.183031168386535,-13.183031168386535,2.085998422141463,2.085970111132899,8.222253350940129,12.227068266095342,0,-2
2023-06-01 09:52:00,2023-06-01 09:52:59,2.0816,2.0819,2.0796,2.0829,2.081494963487212,2.0815,2.0796,2.0829,True,0.0030854924071196735,-0.0009289526979478209,0,2.0851226001417276,2.0850279881216545,-11.54797271593916,-11.54797271593916,2.085953661722145,2.0859296125146614,8.362666085808291,10.271465053473745,0,-1
2023-06-01 09:53:00,2023-06-01 09:53:59,2.0819,2.0822,2.081,2.0827,2.081497481743606,2.08195,2.081,2.0827,True,0.002986528663753985,-0.0007983275002904518,0,2.085075294131691,2.084954814983676,-9.839051265909333,-9.839051265909333,2.085913824292074,2.085892501942376,19.351847252196862,11.978922229648338,0,-1
2023-06-01 09:54:00,2023-06-01 09:54:59,2.0822,2.0826,2.0816,2.0828,2.0817237408718032,2.0823,2.0816,2.0828,True,0.0028589194734858657,-0.0006478675844142321,0,2.085015054557683,2.0848789904034586,-7.787601617884661,-7.787601617884661,2.0858778658414066,2.085859740729019,32.42897919039749,20.047830842800792,0,-1
2023-06-01 09:55:00,2023-06-01 09:55:59,2.0824,2.0811,2.081,2.0838,2.0820118704359016,2.082075,2.081,2.0838,True,0.0028547109396654564,-0.0006205672304768511,0,2.0849470224805704,2.084800054822097,-9.185834454099627,-9.185834454099627,2.085840026380298,2.08581238012475,36.15315064508527,29.311325695893117,0,-2
2023-06-01 09:56:00,2023-06-01 09:56:59,2.0812,2.0852,2.0812,2.0852,2.082043435217951,2.0831999999999997,2.0812,2.0852,True,0.002943660158260764,-0.000289105862711716,0,2.0848735386513337,2.084726930206088,-2.470837832155567,-0.0,2.085813757461091,2.0858062867901754,48.60977843137588,39.06396942228613,0,-1
2023-06-01 09:57:00,2023-06-01 09:57:59,2.0854,2.078,2.078,2.0862,2.0826217176089754,2.0818999999999996,2.078,2.0862,True,0.0033191130040992798,-0.000550262160702017,0,2.0848002344287107,2.084649962934094,-6.898187979637541,-6.898187979637541,2.0857748146007817,2.085728612294751,54.537428697640756,46.43345259136722,0,-2
2023-06-01 09:58:00,2023-06-01 09:58:59,2.0782,2.0782,2.0756,2.0784,2.0822608588044877,2.0776,2.0756,2.0822608588044877,True,0.003282033503806452,-0.0006745115775227519,0,2.0847250986814023,2.0845409958164582,-9.534223152406298,-9.534223152406298,2.085693473161968,2.085653700729629,42.45059115714458,48.53259942872032,0,-2
2023-06-01 09:59:00,2023-06-01 09:59:59,2.0782,2.0789,2.0774,2.0789,2.0799304294022436,2.07835,2.0774,2.0799304294022436,True,0.0031547453963917094,-0.0006692810017178898,0,2.0846330472489303,2.0844127284232155,-10.059898309831105,-10.059898309831105,2.0856204037772716,2.085586499727344,26.029448935621122,41.0058229301354,0,-2
2023-06-01 10:00:00,2023-06-01 10:00:59,2.0789,2.0794,2.077,2.0801,2.0791402147011215,2.07885,2.077,2.0801,True,0.00315083501093515,-0.0005931940712242396,0,2.084522887836073,2.084273576369714,-9.461201679720602,-9.461201679720602,2.085553036575508,2.085524942516127,18.729241562412263,29.069760551725903,0,-1
2023-06-01 10:01:00,2023-06-01 10:01:59,2.0792,2.0809,2.0786,2.0809,2.078995107350561,2.0799,2.0786,2.0809,True,0.003090061081582669,-0.00040517257756424977,0,2.0843982321028935,2.0841340135943525,-6.272306297628404,-6.272306297628404,2.085496787455354,2.0854789231876083,40.0443058572211,28.26766545175141,0,-1
2023-06-01 10:02:00,2023-06-01 10:02:59,2.0809,2.08,2.0792,2.0809,2.0794475536752803,2.08025,2.0792,2.0809,True,0.0029907710043267665,-0.00031713366591949537,0,2.084266122848623,2.083997486376053,-5.711842906603302,-5.711842906603302,2.085444580615002,2.0854244065389755,57.49235608243013,38.75530116735441,0,-1
2023-06-01 10:03:00,2023-06-01 10:03:59,2.0801,2.0844,2.0801,2.0844,2.07984877683764,2.08225,2.0801,2.0844,True,0.003091430218303423,6.625701897894506e-05,0,2.084131804612338,2.083878007922016,1.1179126645198068,0.0,2.085412793743211,2.085414213439085,79.12111458450683,58.885925508052594,0,-1
2023-06-01 10:04:00,2023-06-01 10:04:59,2.0844,2.0845,2.0828,2.085,2.08104938841882,2.084175,2.0828,2.085,True,0.0030277566312817326,0.0003284228897627373,0,2.0840049062671766,2.083785979376405,5.783600103720289,5.783600103720289,2.085400477387557,2.08540511678795,91.13938362303134,75.917618096656,0,-1
2023-06-01 10:05:00,2023-06-01 10:05:59,2.0844,2.0826,2.0826,2.0844,2.08261219420941,2.0835,2.0826,2.0844,True,0.0029472025861901814,0.0003627634369123109,0,2.083895442821791,2.0837115625325953,5.001930516489011,5.001930516489011,2.085381567164795,2.0853772051781196,96.8113713348635,89.02395651413379,0,-1
2023-06-01 10:06:00,2023-06-01 10:06:59,2.0825,2.0842,2.0798,2.0844,2.0830560971047047,2.0827250000000004,2.0798,2.0844,True,0.00306525954431945,0.00048767385076791997,0,2.0838035026771933,2.0836462047599724,6.861787488813889,6.861787488813889,2.0853551336606677,2.0853654916937603,90.01935892552795,92.65670462780751,0,-1
2023-06-01 10:07:00,2023-06-01 10:07:59,2.0842,2.0851,2.0842,2.0863,2.082890548552353,2.08495,2.0842,2.0863,True,0.0029963124340109176,0.0006167360311278606,0,2.083724853718583,2.0836036935478393,9.33462490934572,9.33462490934572,2.0853511024799647,2.0853628499853647,90.01935892552795,92.28336306197305,0,2
2023-06-01 10:08:00,2023-06-01 10:08:59,2.0851,2.0866,2.0841,2.0869,2.0839202742761764,2.0856749999999997,2.0841,2.0869,True,0.0029822901172958617,0.0007828237682953072,0,2.0836642736332114,2.0835844355365865,12.864586961904678,12.864586961904678,2.0853543253408606,2.0853751599357593,93.20798759066436,91.08223514724,1,2
2023-06-01 10:09:00,2023-06-01 10:09:59,2.0865,2.0867,2.0853,2.0869,2.084797637138088,2.08635,2.0853,2.0869,True,0.002883555108917573,0.0008681145813080904,0,2.083624354584899,2.083588248282193,15.343042252675787,15.343042252675787,2.0853642325513992,2.0853883424239608,99.9999999999999,94.40911550539731,0,2
2023-06-01 10:10:00,2023-06-01 10:10:59,2.0867,2.0876,2.086,2.0876,2.085573818569044,2.0869750000000002,2.086,2.0876,True,0.002791872601137766,0.0009507781389668697,0,2.083606301433546,2.0836144868020976,18.171495550625878,18.171495550625878,2.0853802600882014,2.085410348967006,99.9999999999999,97.7359958635546,0,2
2023-06-01 10:11:00,2023-06-01 10:11:59,2.0875,2.0863,2.0845,2.0875,2.0862744092845222,2.08645,2.0845,2.0875,True,0.00281388170105652,0.0008756222368790404,0,2.083610394117822,2.08365459920935,15.854794924590806,15.854794924590806,2.0853909042664283,2.0854192012160904,97.63273272929808,99.21091090976586,0,2
2023-06-01 10:12:00,2023-06-01 10:12:59,2.0862,2.0859,2.0855,2.0866,2.086362204642261,2.08605,2.0855,2.0866,True,0.002691461579552458,0.0007620902678702219,0,2.083632496663586,2.083702614986522,13.099967611908248,13.099967611908248,2.0853974624329314,2.085423985283592,92.98282446039165,96.87185239656311,0,1
2023-06-01 10:13:00,2023-06-01 10:13:59,2.0858,2.0831,2.0823,2.0863,2.086206102321131,2.084375,2.0823,2.0863,True,0.002784928609584426,0.00046302869294994285,0,2.0836675558250537,2.083745031421815,4.8797873283424735,4.8797873283424735,2.08538728867738,2.0854008610519146,79.45582976229387,90.02379565066111,0,1
2023-06-01 10:14:00,2023-06-01 10:14:59,2.0834,2.0842,2.0831,2.085,2.0852905511605657,2.083925,2.0831,2.0852905511605657,True,0.002721719423185539,0.0003241164089298128,0,2.0837062936234343,2.083779660955455,2.180601598611439,0.0,2.085372738541287,2.0853889121857265,63.15481918536984,78.53115780268503,0,1
2023-06-01 10:15:00,2023-06-01 10:15:59,2.0843,2.0872,2.0842,2.0872,2.0846077755802828,2.085725,2.0842,2.0872,True,0.002741596607243723,0.0004247389667026923,0,2.083742977289445,2.083820272125471,5.8315641799707905,5.8315641799707905,2.0853762436304284,2.085406932959998,57.91934930589648,66.84333275118664,0,2
2023-06-01 10:16:00,2023-06-01 10:16:59,2.0875,2.0874,2.0858,2.0877,2.0851663877901414,2.0871,2.0858,2.0877,True,0.0026814825638691725,0.00048301693352783106,0,2.083781624707458,2.08387474800632,8.560354088192405,8.560354088192405,2.085393395435101,2.085426764472834,66.3996096585105,62.49125938325884,0,2
2023-06-01 10:17:00,2023-06-01 10:17:59,2.0875,2.086,2.086,2.088,2.086133193895071,2.086875,2.086,2.088,True,0.0026328052378785335,0.00040079837947672197,0,2.083828186356889,2.083938222169759,6.8005011110778355,6.8005011110778355,2.08540813776908,2.085432468308925,77.05549513264101,67.12481803234924,0,1
2023-06-01 10:18:00,2023-06-01 10:18:59,2.0859,2.0859,2.0849,2.086,2.0865040969475355,2.085675,2.0849,2.0865040969475355,True,0.002523319149458614,0.00031992446149119473,0,2.0838832042633237,2.0840001119679394,5.375561530496157,5.375561530496157,2.085410793114661,2.0854371203655524,65.44944478030142,69.63484985715088,0,1
2023-06-01 10:19:00,2023-06-01 10:19:59,2.0858,2.0861,2.0851,2.0865,2.086089548473768,2.0858749999999997,2.0851,2.0865,True,0.0024430820673544164,0.000263600068672867,0,2.0839416581156316,2.08406170196707,4.94615319014904,4.94615319014904,2.0854154120886443,2.0854437161828105,50.8765016713162,64.46048052808612,0,1
2023-06-01 10:20:00,2023-06-01 10:20:59,2.0861,2.0865,2.0844,2.0865,2.085982274236884,2.0858749999999997,2.0844,2.0865,True,0.0024185762054005286,0.00023896046393651472,0,2.0840016800413506,2.084122633359407,5.779701329419645,5.779701329419645,2.085419985102688,2.085454226469549,39.26921659034254,51.86505434731996,0,1
2023-06-01 10:21:00,2023-06-01 10:21:59,2.0866,2.0874,2.0863,2.088,2.0859286371184416,2.0870749999999996,2.0863,2.088,True,0.002367249333586208,0.0002698078873579789,0,2.0840621567003788,2.084190861447992,8.675391676536144,8.675391676536144,2.0854364529126115,2.0854735874002,52.81475291617894,47.65349039261247,0,2
2023-06-01 10:22:00,2023-06-01 10:22:59,2.0875,2.0886,2.0875,2.0886,2.0865018185592206,2.08805,2.0875,2.0886,True,0.0022838743811871834,0.00035527531260673136,0,2.0841265090741854,2.08427105569648,13.079320816368643,13.079320816368643,2.085462458356267,2.0855046959832824,72.43443037064792,54.83946662572305,0,2
2023-06-01 10:23:00,2023-06-01 10:23:59,2.0886,2.0897,2.0879,2.0903,2.0872759092796103,2.089125,2.0879,2.0903,True,0.002292169068245254,0.0004647817439230571,0,2.0841987823853327,2.0843674964122094,17.765785663096054,17.765785663096054,2.085498901556702,2.0855464403018567,92.0541078251169,72.43443037064783,0,2
2023-06-01 10:24:00,2023-06-01 10:24:59,2.0898,2.087,2.087,2.0899,2.0882004546398054,2.088425,2.087,2.0899,True,0.0023355855633705866,0.00032358325735808244,0,2.0842831393987713,2.084471263655556,11.76383578953314,11.76383578953314,2.085528016964098,2.085560903582435,92.35404120498218,85.61419313358225,0,1
2023-06-01 10:25:00,2023-06-01 10:25:59,2.087,2.0859,2.0859,2.0874,2.0883127273199027,2.0865500000000003,2.0859,2.0883127273199027,True,0.0022759008802726915,0.00013582187714810193,0,2.0843772015271638,2.084567222677981,5.30997628385353,5.30997628385353,2.08553818594953,2.0855642776761423,66.61049449639746,83.67288117549874,0,1
2023-06-01 10:26:00,2023-06-01 10:26:59,2.0858,2.0838,2.0833,2.0858,2.0874313636599515,2.084675,2.0833,2.0874313636599515,True,0.002299050817396082,-0.0001424069149882439,0,2.0844722121025723,2.0846435113582227,-2.568944497910657,-0.0,2.0855295970346095,2.0855467226743896,33.27716116306413,64.08056562148117,0,1
2023-06-01 10:27:00,2023-06-01 10:27:59,2.0842,2.0847,2.0836,2.0855,2.0860531818299757,2.0845000000000002,2.0836,2.0860531818299757,True,0.0022705471875820774,-0.0002606869665928779,0,2.0845578617303975,2.0847025893321476,-5.199043678483555,-5.199043678483555,2.0855193522879967,2.085538297573152,7.589786624748508,35.82581409473661,0,1
2023-06-01 10:28:00,2023-06-01 10:28:59,2.0847,2.0842,2.0837,2.0847,2.085276590914988,2.084325,2.0837,2.085276590914988,True,0.0021797938170405244,-0.0003658191167502931,0,2.0846302255312725,2.0847465111721184,-7.892080296174889,-7.892080296174889,2.0855074681856287,2.0855249811793892,-1.1250259982868253e-13,13.62231592927075,0,-2
2023-06-01 10:29:00,2023-06-01 10:29:59,2.0846,2.0829,2.0829,2.0853,2.084800795457494,2.0839250000000002,2.0829,2.0853,True,0.002195522830109071,-0.0005119904143050079,0,2.0846883683516952,2.0847754547053228,-11.914697039038053,-11.914697039038053,2.0854917222335327,2.085498861963674,-1.1250259982868253e-13,2.529928874916003,0,-2
2023-06-01 10:30:00,2023-06-01 10:30:59,2.083,2.0825,2.0802,2.0849,2.084362897728747,2.08265,2.0802,2.0849,True,0.0023744140565298624,-0.0006155817955696284,0,2.084731911528509,2.084783659272938,-15.226826367790657,-15.226826367790657,2.085463446390413,2.08546902254115,-1.1250259982868253e-13,-2.0388629056671763e-13,-1,-2
2023-06-01 10:31:00,2023-06-01 10:31:59,2.0826,2.0836,2.0803,2.0838,2.0835064488643735,2.082575,2.0803,2.0838,True,0.002454813052492035,-0.0005831307415177349,0,2.084757785400723,2.0847749650352765,-13.315121229425515,-13.315121229425515,2.0854347056303095,2.085450425301935,-1.1250259982868253e-13,-2.0388629056671763e-13,0,-2
2023-06-01 10:32:00,2023-06-01 10:32:59,2.0837,2.0826,2.0809,2.0842,2.0830407244321867,2.0828499999999996,2.0809,2.0842,True,0.002515183548742594,-0.0006072290243795834,0,2.0847663752179995,2.084754912693548,-14.174115454505618,-14.174115454505618,2.085408987166326,2.0854220628611198,1.8834506427051532,0.6278168809015513,0,-2
2023-06-01 10:33:00,2023-06-01 10:33:59,2.0823,2.0815,2.0813,2.0828,2.082945362216093,2.0819750000000004,2.0813,2.082945362216093,True,0.002442670438118127,-0.0006726719694694412,0,2.0847606439557733,2.0847200521864684,-16.708787990557497,-16.708787990557497,2.0853748181397957,2.085383037360014,1.8834506427051532,1.2556337618033064,0,-2
2023-06-01 10:34:00,2023-06-01 10:34:59,2.0816,2.0815,2.081,2.0821,2.082460181108047,2.08155,2.081,2.082460181108047,True,0.0023467654068239823,-0.0006853804382865919,0,2.0847403480711204,2.0846708563348466,-18.398569681258753,-18.398569681258753,2.0853367602478574,2.0853444001723522,1.8834506427051532,1.8834506427050617,0,-2
2023-06-01 10:35:00,2023-06-01 10:35:59,2.0817,2.0819,2.0815,2.0823,2.0820050905540235,2.08185,2.0815,2.0823,True,0.002236282163479406,-0.0006348763096593974,0,2.084705602202983,2.084612770020552,-17.542210390657843,-17.542210390657843,2.085302066116038,2.0853101275338215,2.0816692791927527,1.9495235215342614,0,-2
2023-06-01 10:36:00,2023-06-01 10:36:59,2.082,2.0843,2.082,2.0844,2.081927545277012,2.0831749999999998,2.082,2.0844,True,0.002255119151802302,-0.00040759144411709115,0,2.084659186111767,2.084557173625452,-8.770937706440876,-8.770937706440876,2.0852809012790625,2.0853000765135845,12.65819762615108,5.54110584934957,0,-1
2023-06-01 10:37:00,2023-06-01 10:37:59,2.0843,2.0826,2.0826,2.0843,2.082551272638506,2.08345,2.0826,2.0843,True,0.002215467783816426,-0.0003566944488442541,0,2.084608179868609,2.084505805804092,-7.646207920799704,-7.646207920799704,2.0852626833558876,2.0852732100806137,26.55098074273152,13.763615882691694,0,-1
2023-06-01 10:38:00,2023-06-01 10:38:59,2.0824,2.0803,2.0799,2.0832,2.083000636319253,2.08145,2.0799,2.0832,True,0.002292934370686703,-0.00046268328140401617,0,2.08455699283635,2.0844443974795284,-11.078616830186824,-11.078616830186824,2.085224746208068,2.085223725403195,29.694321227480298,22.96783319878754,0,-2
2023-06-01 10:39:00,2023-06-01 10:39:59,2.0803,2.0796,2.0794,2.0807,2.0822253181596264,2.08,2.0794,2.0822253181596264,True,0.0022220104870662298,-0.0005548752350171933,0,2.084500695157939,2.0843655569805697,-14.362384152495792,-14.362384152495792,2.0851727586836097,2.0851677679364964,19.117792880521968,25.12103161691117,0,-2
2023-06-01 10:40:00,2023-06-01 10:40:59,2.0796,2.0795,2.0774,2.0799,2.081112659079813,2.0791,2.0774,2.081112659079813,True,0.0022418668808472098,-0.0005919590775737313,0,2.0844331260692543,2.084267357980665,-16.70388702094352,-16.70388702094352,2.0851123332240715,2.0851113722356356,5.225009763941529,18.012374623981174,0,-2
2023-06-01 10:41:00,2023-06-01 10:41:59,2.0796,2.078,2.0777,2.0798,2.0801063295399063,2.0787750000000003,2.0777,2.0801063295399063,True,0.0022317335322152654,-0.0006867823866993274,0,2.0843502420249598,2.0841523618007702,-20.368425097959857,-20.368425097959857,2.085049275182041,2.085040612312893,-1.1250259982868253e-13,8.11426754815437,0,-2
2023-06-01 10:42:00,2023-06-01 10:42:59,2.078,2.0761,2.0756,2.0785,2.0794406647699533,2.07705,2.0756,2.0794406647699533,True,0.0022794668513427393,-0.0008409859494963908,0,2.084251301912865,2.0840130947445528,-24.677934397393564,-24.677934397393564,2.08496968040411,2.084951650996347,-1.1250259982868253e-13,1.7416699213136762,0,-2
2023-06-01 10:43:00,2023-06-01 10:43:59,2.0762,2.0756,2.0747,2.0764,2.0782453323849763,2.075725,2.0747,2.0782453323849763,True,0.002238076361961117,-0.0009292842005016711,0,2.084132198328709,2.0838465836677393,-27.959945055382686,-27.959945055382686,2.0848776935344175,2.0848585997426516,-1.1250259982868253e-13,-2.04182350039951e-13,0,-2
2023-06-01 10:44:00,2023-06-01 10:44:59,2.0755,2.0754,2.0746,2.0756,2.076985166192488,2.075275,2.0746,2.076985166192488,True,0.002149642336106744,-0.000948919611388031,0,2.0839893909982243,2.0836566781464216,-30.323656861282025,-30.323656861282025,2.0847821443450205,2.084764484322327,-1.1250259982868253e-13,-2.04182350039951e-13,0,-2
2023-06-01 10:45:00,2023-06-01 10:45:59,2.0753,2.0759,2.0747,2.0768,2.0761300830962437,2.075675,2.0747,2.0768,True,0.0021460964549562616,-0.0008737315478291826,0,2.083823034572323,2.083452401393642,-29.27118098777921,-29.27118098777921,2.0846915259933287,2.084676280498224,3.5666502293649582,1.1888834097881527,0,-2
2023-06-01 10:46:00,2023-06-01 10:46:59,2.0758,2.0757,2.0752,2.0775,2.075902541548122,2.0760500000000004,2.0752,2.0775,True,0.0021570895653165263,-0.0007871864954046531,0,2.083637717982983,2.0832407845238303,-28.89379763489564,-28.89379763489564,2.084605540660062,2.084586964274361,10.505867827356894,4.690839352240489,0,-1
2023-06-01 10:47:00,2023-06-01 10:47:59,2.0758,2.0751,2.0746,2.0761,2.075976270774061,2.0754,2.0746,2.0761,True,0.002110154596365318,-0.0007233278672337,0,2.0834392512534063,2.0830203809537804,-29.61121708167123,-29.61121708167123,2.084513943240559,2.0844925666198897,15.177360591766217,9.749959549495932,0,-1
2023-06-01 10:48:00,2023-06-01 10:48:59,2.075,2.0752,2.0747,2.0757,2.075688135387031,2.07515,2.0747,2.0757,True,0.0020308578394820733,-0.0006278228854495159,0,2.0832298161035934,2.082792856489856,-29.3896215161495,-29.3896215161495,2.084420769675976,2.084400103270438,15.415784979698358,13.699671132940397,0,-1
2023-06-01 10:49:00,2023-06-01 10:49:59,2.0751,2.0647,2.0633,2.0751,2.0754190676935154,2.06955,2.0633,2.0754190676935154,True,0.0027357965652333714,-0.001241977671963765,0,2.0830113362967246,2.0825228648004894,-34.613996993035556,-34.613996993035556,2.0842728018185035,2.084204082342374,8.476567381706422,13.023237651056908,0,-2
2023-06-01 10:50:00,2023-06-01 10:50:59,2.0644,2.0544,2.0501,2.0645,2.0724845338467577,2.05835,2.0501,2.0724845338467577,True,0.003583239667716714,-0.0022716329220618704,0,2.082767100548607,2.082144446885187,-38.876977740574915,-38.876977740574915,2.084014863491951,2.0839075243091165,3.8050746172971017,9.232475659567202,0,-2
2023-06-01 10:51:00,2023-06-01 10:51:59,2.0548,2.053,2.0427,2.0548,2.0654172669233786,2.0513250000000003,2.0427,2.0654172669233786,True,0.00419157969145125,-0.002909698019146559,0,2.0824557737168967,2.081635061618181,-41.781088718954386,-41.781088718954386,2.0836895912183993,2.0835999867538018,-1.1131836193574902e-13,4.093880666334379,0,-2
2023-06-01 10:52:00,2023-06-01 10:52:59,2.0531,2.0538,2.0515,2.057,2.0583711334616894,2.0538499999999997,2.0515,2.0583711334616894,True,0.004285038284919022,-0.0031103326039337836,0,2.0820454176675387,2.0810433839440328,-42.19149614388415,-42.19149614388415,2.0833926798629925,2.0833034694726695,9.180273517366562,4.328449378221092,0,-2
2023-06-01 10:53:00,2023-06-01 10:53:59,2.0538,2.0505,2.0503,2.0548,2.056110566730845,2.05235,2.0503,2.056110566730845,True,0.004300392693139104,-0.003295211651487849,0,2.0815444008057855,2.0803806848218884,-42.9039648437639,-42.9039648437639,2.083083797476296,2.0829770667913494,18.29482575956456,9.158366425643578,0,-2
2023-06-01 10:54:00,2023-06-01 10:54:59,2.0505,2.0499,2.0461,2.0506,2.0542302833654222,2.049275,2.0461,2.0542302833654222,True,0.0043146503579148945,-0.0032710807754447293,0,2.0809625428138365,2.0796455190648526,-43.45358638971176,-43.45358638971176,2.082747391531258,2.0826479417486494,25.806656233436893,17.760585170122578,0,-2
2023-06-01 10:55:00,2023-06-01 10:55:59,2.0498,2.0519,2.0489,2.0537,2.051752641682711,2.051075,2.0489,2.0537,True,0.004349318189492396,-0.002929275758292902,0,2.0803040309393444,2.0788706937496917,-39.5210154888022,-39.5210154888022,2.0824322433568176,2.0823419920795088,33.238260546065796,25.77991417968899,0,-1
2023-06-01 10:56:00,2023-06-01 10:56:59,2.052,2.0426,2.041,2.0524,2.0514138208413555,2.047,2.041,2.0524,True,0.004852938318814373,-0.0031675056837278497,0,2.0795873623445176,2.078042001477552,-39.541931862812504,-39.541931862812504,2.0820796837214264,2.0819465493722498,37.21766776218399,32.08752818056214,0,-2
2023-06-01 10:57:00,2023-06-01 10:57:59,2.0425,2.0466,2.0402,2.0471,2.049206910420678,2.0441000000000003,2.0402,2.049206910420678,True,0.004999157010327625,-0.002852878480397201,0,2.0788146819110342,2.0771566879975816,-34.10984998628432,-34.10984998628432,2.0817017764207155,2.0815948424133217,40.64210254081607,37.03267694968853,0,-1
2023-06-01 10:58:00,2023-06-01 10:58:59,2.0468,2.0459,2.0454,2.0504,2.046653455210339,2.0471250000000003,2.0454,2.0504,True,0.004999217223875645,-0.002512566291956401,0,2.0779856849543075,2.076253625151447,-30.81742045021718,-30.81742045021718,2.081357728894141,2.0812396698519953,47.11066046411241,41.656810255704066,0,-1
2023-06-01 10:59:00,2023-06-01 10:59:59,2.0464,2.0462,2.046,2.0498,2.0468892276051696,2.0471,2.046,2.0498,True,0.004920701707884513,-0.002098253719493662,0,2.077119655052877,2.07534261254942,-28.16180313759631,-28.16180313759631,2.0810168559698212,2.0808910164206322,57.06961552393003,48.274126176286074,0,-1
2023-06-01 11:00:00,2023-06-01 11:00:59,2.0461,2.0493,2.0459,2.0514,2.0469946138025845,2.0481749999999996,2.0459,2.0514,True,0.004962080157321337,-0.0014592737020525728,0,2.0762311338011483,2.074438967207177,-21.836909408869197,-21.836909408869197,2.0806900713333056,2.0805766779487853,75.84286482336186,60.007713603801335,0,-1
2023-06-01 11:01:00,2023-06-01 11:01:59,2.0493,2.0435,2.0412,2.0501,2.047584806901292,2.046025,2.0412,2.0501,True,0.005243360146084107,-0.0013116314292090318,0,2.075335050504162,2.073532570841965,-21.65146643962264,-21.65146643962264,2.080345145250387,2.080207755780141,80.3412951334206,71.08459182690406,0,-1
2023-06-01 11:02:00,2023-06-01 11:02:59,2.0435,2.0408,2.0408,2.0439,2.046804903450646,2.04225,2.0408,2.046804903450646,True,0.005090262992792377,-0.00127357001829957,0,2.0744338106730633,2.0726043269054295,-22.887409664252875,-22.887409664252875,2.0799660890787415,2.079815638807204,82.04335096816614,79.4091703083161,0,-2
2023-06-01 11:03:00,2023-06-01 11:03:59,2.0409,2.0356,2.0337,2.0412,2.0445274517253234,2.03785,2.0337,2.0445274517253234,True,0.0052623870647357665,-0.001477414142259579,0,2.0735190687892464,2.0716350622836606,-25.741061081129295,-25.741061081129295,2.079547023515769,2.079375682202157,72.0566248287269,78.14709031010445,0,-2
2023-06-01 11:04:00,2023-06-01 11:04:59,2.0355,2.0317,2.0236,2.0367,2.0411887258626615,2.031875,2.0236,2.0411887258626615,True,0.005822216560111791,-0.0017369504527618568,0,2.0725770655364535,2.070599157119807,-28.76858426630133,-28.76858426630133,2.079072675023075,2.0789012973046233,58.80449575678775,70.96815718456017,0,-2
2023-06-01 11:05:00,2023-06-01 11:05:59,2.0317,2.0262,2.0262,2.0321,2.036531862931331,2.02905,2.0262,2.036531862931331,True,0.005827772520103807,-0.0021277192642915055,0,2.07158811132813,2.069498510295299,-31.977841453513754,-31.977841453513754,2.0785749369631437,2.0783769062866666,36.687524244256274,55.84954827659021,0,-2
2023-06-01 11:06:00,2023-06-01 11:06:59,2.0263,2.0307,2.0263,2.0337,2.0327909314656654,2.02925,2.0263,2.0337,True,0.005947217340096413,-0.0018966010698218579,0,2.0705433108117144,2.068355815726465,-28.585491455497838,-28.585491455497838,2.0780841415704754,2.077902509209187,20.97730823995788,38.823109413667204,0,-1
2023-06-01 11:07:00,2023-06-01 11:07:59,2.031,2.0315,2.0292,2.0338,2.0310204657328326,2.0313749999999997,2.0292,2.0338,True,0.005850987530089522,-0.001524408418049853,0,2.0694495632690897,2.0672024365326385,-25.402267190374413,-25.402267190374413,2.07761937399266,2.077440792699643,25.351372469573334,27.672068317929064,0,-1
2023-06-01 11:08:00,2023-06-01 11:08:59,2.0314,2.0334,2.0314,2.0345,2.031197732866416,2.032675,2.0314,2.0345,True,0.005654488420797405,-0.0009998001000148388,0,2.068325999900864,2.0660574780487675,-21.004316236943364,-0.0,2.0771721662912404,2.0770025758568607,49.645996565205685,31.991559091578868,0,-1
2023-06-01 11:09:00,2023-06-01 11:09:59,2.0334,2.033,2.0322,2.0355,2.031936366433208,2.033525,2.0322,2.0355,True,0.005486310676454722,-0.0005562861898265603,0,2.067191738974816,2.064932836785831,-18.379410449500856,-0.0,2.0767378661291382,2.0765647392811704,78.8208536274281,51.27274088740228,0,-1
2023-06-01 11:10:00,2023-06-01 11:10:59,2.033,2.0384,2.033,2.0401,2.032730683216604,2.036125,2.033,2.0401,True,0.005601574199565091,0.00021350734183580612,0,2.0660622878803236,2.063849746413908,-10.672288455159396,-0.0,2.07633375800845,2.0761849906316066,93.45338573973447,73.973411977456,0,-1
2023-06-01 11:11:00,2023-06-01 11:11:59,2.0385,2.038,2.0367,2.041,2.034427841608302,2.03855,2.0367,2.041,True,0.005508604613881853,0.0007616256092384428,0,2.0649560171471157,2.0628234385813724,-5.982108662280346,-0.0,2.0759578002173216,2.075805040476068,99.85409613708758,90.70944516808329,0,-1
2023-06-01 11:12:00,2023-06-01 11:12:59,2.0385,2.0382,2.0369,2.0397,2.036488920804151,2.038325,2.0369,2.0397,True,0.005315132855747412,0.0011817140274818314,0,2.063889727864244,2.0618473338653187,-2.6298638486986547,-0.0,2.075583344493766,2.0754308609688437,99.60147123568316,97.63631770416832,0,-1
2023-06-01 11:13:00,2023-06-01 11:13:59,2.0382,2.0363,2.0352,2.0382,2.0374069604020755,2.036975,2.0352,2.0382,True,0.005149766223194002,0.0013542367872833097,0,2.0628685308647814,2.0609081890966565,-2.9540051814470445,-0.0,2.0751991818619873,2.0750414991681585,96.76317397196608,98.73958044824552,0,-1
2023-06-01 11:14:00,2023-06-01 11:14:59,2.0362,2.0363,2.0347,2.0378,2.0371909802010375,2.03625,2.0347,2.0378,True,0.005003354350108708,0.0014870295659826609,0,2.061888359980719,2.0599996124153486,-3.170099403279302,-0.0,2.074811627813609,2.0746560116142465,92.61260585950008,96.32575035571635,0,-1
2023-06-01 11:15:00,2023-06-01 11:15:59,2.0365,2.0357,2.0353,2.0376,2.0367204901005187,2.036275,2.0353,2.0376,True,0.0048102576108152275,0.001544602910401668,0,2.060943986198034,2.0591215075330473,-4.2520676741258825,-0.0,2.074428178780638,2.0742683896081346,88.95688283494758,92.77755422213782,0,-1
2023-06-01 11:16:00,2023-06-01 11:16:59,2.0359,2.036,2.0355,2.0384,2.0364977450502595,2.03645,2.0355,2.0384,True,0.004673810638614165,0.0016101521472994193,0,2.0600327468655406,2.058274618731832,-4.313150989409209,-0.0,2.0740502864544625,2.0738876096120338,88.46114820045263,90.0102122983,0,-1
2023-06-01 11:17:00,2023-06-01 11:17:59,2.036,2.0363,2.036,2.0382,2.0364738725251295,2.036625,2.036,2.0382,True,0.004497109878713135,0.0016752861960493467,0,2.0591536827986863,2.057459317814705,-3.620319074864213,-0.0,2.073677895544468,2.0735136035462425,90.04192043129937,89.15331715556643,0,-1
2023-06-01 11:18:00,2023-06-01 11:18:59,2.0363,2.0364,2.0357,2.0374,2.0365494362625647,2.03645,2.0357,2.0374,True,0.0042973163159479135,0.0017207779802388447,0,2.0583065003066956,2.056673279406094,-2.8813522688485307,-0.0,2.07330746872313,2.073144313958718,91.10820499666107,89.87042454280426,0,-1
2023-06-01 11:19:00,2023-06-01 11:19:59,2.0366,2.0392,2.0361,2.0404,2.0364997181312825,2.038075,2.0361,2.0404,True,0.004297508007665933,0.0019338613745324227,0,2.0574898898563947,2.0559268218637663,3.5810153998301004,3.5810153998301004,2.072956896895039,2.0728065595909695,94.44223689487312,91.86412077427777,0,-1
2023-06-01 11:20:00,2023-06-01 11:20:59,2.039,2.0384,2.0374,2.0392,2.0372873590656413,2.0385,2.0374,2.0392,True,0.004119114578546955,0.001995716398023435,0,2.0567083558600805,2.0552195640603643,5.523728834026755,5.523728834026755,2.0726140421995662,2.0724642057641938,97.01203277649239,94.18749155600877,0,2
2023-06-01 11:21:00,2023-06-01 11:21:59,2.0384,2.0378,2.0369,2.041,2.0378936795328206,2.038525,2.0369,2.041,True,0.0041177492515078705,0.001967476459258594,0,2.0559639599602226,2.054548192554356,5.0837064274408235,5.0837064274408235,2.0722748477498194,2.0721192882939032,99.99999999999996,97.1514232237884,0,2
2023-06-01 11:22:00,2023-06-01 11:22:59,2.0377,2.0374,2.0364,2.0385,2.0382093397664103,2.0374999999999996,2.0364,2.0385,True,0.003973624304971593,0.001892757364254512,0,2.0552560762572893,2.053902648315119,3.606818415843236,3.606818415843236,2.071928829364249,2.07177382273874,95.29486026751943,97.43563101467049,0,2
2023-06-01 11:23:00,2023-06-01 11:23:59,2.0374,2.0406,2.0374,2.0415,2.037854669883205,2.039225,2.0374,2.0415,True,0.00398265114033078,0.0020351097335405983,0,2.054579362286204,2.053293702519115,8.972681964213173,8.972681964213173,2.0716034181267937,2.0714636354478073,95.29486026751943,96.86324017834617,0,2
2023-06-01 11:24:00,2023-06-01 11:24:59,2.0407,2.0428,2.0407,2.0428,2.0385398349416026,2.0417500000000004,2.0407,2.0428,True,0.003855318916021453,0.0022395200619611992,0,2.0539365324026595,2.052735073135852,14.989393093645688,14.989393093645688,2.0713063691902085,2.071178425144844,95.29486026751943,95.29486026751933,0,2
2023-06-01 11:25:00,2023-06-01 11:25:59,2.0426,2.0399,2.0399,2.0444,2.0401449174708013,2.0416999999999996,2.0399,2.0444,True,0.0039013675648770754,0.002121504509114162,0,2.0533358027692556,2.0522195479566734,11.902342124844495,11.902342124844495,2.0710117784519975,2.07086719703395,99.7455691043064,96.77842987978165,0,2
2023-06-01 11:26:00,2023-06-01 11:26:59,2.04,2.0399,2.0396,2.0419,2.0409224587354005,2.04035,2.0396,2.0419,True,0.003786984167385853,0.0019957228733487693,0,2.0527776753629645,2.051732233635799,9.844308145643701,9.844308145643701,2.070706686129092,2.0705590657201793,92.64050731491646,95.89364556224734,0,2
2023-06-01 11:27:00,2023-06-01 11:27:59,2.0396,2.0391,2.0388,2.0406,2.0406362293677,2.039525,2.0388,2.0406362293677,True,0.0036450567268582782,0.0018124521000722447,0,2.052254954499382,2.0512648130391877,6.634040634281305,6.634040634281305,2.0703964205954692,2.0702460401906255,81.5376533150694,91.30790991143067,0,2
2023-06-01 11:28:00,2023-06-01 11:28:59,2.0391,2.0429,2.0391,2.0429,2.04008061468385,2.041,2.0391,2.0429,True,0.00365612410351126,0.0019127107891801802,0,2.051759883769285,2.050826381982582,10.47882493325394,10.47882493325394,2.0701039188980017,2.0699739402882313,79.04875123544154,84.40897062180905,0,2
2023-06-01 11:29:00,2023-06-01 11:29:59,2.0426,2.0402,2.0401,2.0432,2.0405403073419253,2.041525,2.0401,2.0432,True,0.003616400953260479,0.001742941465822303,0,2.051293132875933,2.050417384756317,7.6981476642041855,7.6981476642041855,2.0698195515457827,2.0696776821759104,86.15381302483148,82.24673919178072,0,2
2023-06-01 11:30:00,2023-06-01 11:30:59,2.0402,2.0394,2.0381,2.0416,2.0410326536709626,2.039825,2.0381,2.0416,True,0.0036080865994561474,0.0015336531579585094,0,2.050855258816125,2.0500227033397116,4.503303396975298,4.503303396975298,2.069521098296571,2.0693764117064983,87.87664476674247,84.35973634233841,0,1
2023-06-01 11:31:00,2023-06-01 11:31:59,2.0392,2.0409,2.0391,2.0417,2.0404288268354813,2.040225,2.0391,2.0417,True,0.0035360804137807194,0.0014634215969418435,0,2.050438981077918,2.049644745220362,4.932057881026466,4.932057881026466,2.0692295948309334,2.069093064326334,83.72269171427685,85.91771650195017,0,2
2023-06-01 11:32:00,2023-06-01 11:32:59,2.0408,2.0453,2.0408,2.0453,2.040326913417741,2.04305,2.0408,2.0453,True,0.0036049318127963944,0.0016827156164679067,0,2.05004186314914,2.0493019291694825,10.264156868657132,10.264156868657132,2.0689691013500284,2.068856317417614,83.72269171427685,85.10734273176529,0,2
2023-06-01 11:33:00,2023-06-01 11:33:59,2.0453,2.0462,2.0445,2.0465,2.0416884567088704,2.0456250000000002,2.0445,2.0465,True,0.003490293826168065,0.0018366036421027195,0,2.049671896159311,2.0490068000373527,14.570229474546238,14.570229474546238,2.068736821734605,2.068630881423409,93.1027139722129,86.84936580025543,1,2
2023-06-01 11:34:00,2023-06-01 11:34:59,2.0463,2.0476,2.0445,2.0478,2.0436567283544353,2.04655,2.0445,2.0478,True,0.003476701410013193,0.0019725826098957637,0,2.0493393480983313,2.0487575865351277,18.57113428603826,18.57113428603826,2.068516057339236,2.0684216189216835,99.99999999999999,92.27513522882981,0,2
2023-06-01 11:35:00,2023-06-01 11:35:59,2.0474,2.0411,2.0409,2.0475,2.0451033641772174,2.044225,2.0409,2.0475,True,0.003706937023583674,0.0015459428166611534,0,2.0490484673167293,2.0485302806283325,10.689638913882206,10.689638913882206,2.068274355276159,2.06814976201699,90.4319722839016,94.5115620853714,0,1
2023-06-01 11:36:00,2023-06-01 11:36:59,2.0411,2.0412,2.0404,2.0424,2.0446641820886087,2.041275,2.0404,2.0446641820886087,True,0.00358501295047057,0.0012247554677208088,0,2.048789373972531,2.048301542148517,5.574315022712888,5.574315022712888,2.0680057049749037,2.067881605181,65.09399648764618,85.17532292384915,0,1
2023-06-01 11:37:00,2023-06-01 11:37:59,2.0413,2.0405,2.04,2.0413,2.0429695910443044,2.040775,2.04,2.0429695910443044,True,0.0034217977397226775,0.0009293102650149996,0,2.048545458060524,2.0480698146513827,1.2602237007258452,0.0,2.0677347526865963,2.0676091513981043,35.93966314632141,63.82187730595629,0,1
2023-06-01 11:38:00,2023-06-01 11:38:59,2.0406,2.0403,2.0403,2.0408,2.041872295522152,2.0404999999999998,2.0403,2.041872295522152,True,0.0032130979011710695,0.0006965415075635534,0,2.0483076363559536,2.047835436984504,-1.9013507700013577,-0.0,2.0674637601225507,2.0673374185483717,15.13702683542873,38.723562156465334,0,1
2023-06-01 11:39:00,2023-06-01 11:39:59,2.0404,2.0411,2.0404,2.043,2.041186147761076,2.041225,2.0404,2.043,True,0.003176448051087448,0.0005821800507539092,0,2.048071536670229,2.047605555171408,-2.3019899432404287,-0.0,2.0672026779322765,2.0670763497070945,13.903299405992527,21.659996462580782,-1,1
2023-06-01 11:40:00,2023-06-01 11:40:59,2.0412,2.0416,2.0401,2.0416,2.041205573880538,2.041125,2.0401,2.0416,True,0.0030567017617240634,0.0005279852079290211,0,2.0478385459208184,2.0473801041029738,-1.473649423733086,-0.0,2.0669431985498656,2.0668228536901085,15.980758457416272,15.007028232945737,1,1
2023-06-01 11:41:00,2023-06-01 11:41:59,2.0416,2.0424,2.0415,2.0437,2.041165286940269,2.0423,2.0415,2.0437,True,0.0029955087787437557,0.0005348325726267464,0,2.047609325011896,2.0471677499746326,0.8421091786349422,0.0,2.0666979925941455,2.0665798402205553,24.239631093097717,18.041229652168735,0,2
2023-06-01 11:42:00,2023-06-01 11:42:59,2.0424,2.0401,2.0397,2.0424,2.0417326434701346,2.04115,2.0397,2.0424,True,0.002974401008833514,0.0003673935358181912,0,2.0473885374932643,2.0469592739114986,-2.572390631933189,-0.0,2.0664437837126117,2.066316359223336,21.997985901753534,20.73945848408907,-1,1
2023-06-01 11:43:00,2023-06-01 11:43:59,2.0402,2.0404,2.0402,2.0417,2.0414413217350673,2.0406250000000004,2.0402,2.0417,True,0.002876229508202568,0.00027247656428264384,0,2.0471739057023814,2.046751679385556,-4.051160024914381,-0.0,2.066186880392088,2.066058485002208,17.278795692606874,21.17213756248594,0,1
2023-06-01 11:44:00,2023-06-01 11:44:59,2.0405,2.0389,2.0388,2.0408,2.041033160867534,2.0397499999999997,2.0388,2.041033160867534,True,0.0028136416861880833,0.00010483547519770796,0,2.0469627925439684,2.046540199788729,-7.826278271008462,-0.0,2.0659238268558484,2.065788251320594,6.057253750583148,15.111345114981084,0,1
2023-06-01 11:45:00,2023-06-01 11:45:59,2.0388,2.0383,2.0359,2.0395,2.040391580433767,2.038125,2.0359,2.040391580433767,True,0.002869810137174652,-4.0754113601052444e-05,0,2.0467514961663484,2.0463159631950782,-11.329149905370038,-11.329149905370038,2.0656472216135016,2.0655147363820805,1.5372688342856276,8.291106092491782,0,1
2023-06-01 11:46:00,2023-06-01 11:46:59,2.0382,2.0377,2.0371,2.0384,2.0392582902168837,2.0378499999999997,2.0371,2.0392582902168837,True,0.0027576808416621824,-0.00016548351967520512,0,2.0465337296807133,2.0460813346371607,-14.645992452735662,-14.645992452735662,2.0653706323437153,2.06523797283599,-1.509903313490213e-14,2.5315075282894854,0,1
2023-06-01 11:47:00,2023-06-01 11:47:59,2.0382,2.0393,2.0382,2.0394,2.0385541451084417,2.038775,2.0382,2.0394,True,0.0026821322101148863,-0.00011999876322569712,0,2.046307532158937,2.0458464806978247,-11.408073589690275,-11.408073589690275,2.0651059991860663,2.06497988355404,5.065983592514484,2.2010841422665974,0,1
2023-06-01 11:48:00,2023-06-01 11:48:59,2.0394,2.0391,2.0383,2.0401,2.0386645725542207,2.039225,2.0383,2.0401,True,0.0026191227665352374,-8.974016788630646e-05,0,2.046077006428381,2.045616148140455,-9.749070889572678,-9.749070889572678,2.0648484768061053,2.064722372274895,15.821148395722398,6.962377329412187,0,1
2023-06-01 11:49:00,2023-06-01 11:49:59,2.0394,2.0413,2.0394,2.0415,2.0389447862771104,2.0404,2.0394,2.0415,True,0.002603471140354162,9.403364214134497e-05,0,2.045846577284418,2.04539901737477,-2.9045780109419894,-0.0,2.064605208380174,2.064489313844299,41.748822428915325,20.878651472383968,0,2
2023-06-01 11:50:00,2023-06-01 11:50:59,2.0414,2.0415,2.0408,2.0422,2.039672393138555,2.041475,2.0408,2.0422,True,0.0025175089160431392,0.0002315122874321765,0,2.045622797329594,2.0452011458637087,2.079442919960293,0.0,2.0643750570530077,2.0642605644528134,70.01617216973416,42.528714331457195,0,2
2023-06-01 11:51:00,2023-06-01 11:51:59,2.0416,2.038,2.038,2.0424,2.0405736965692776,2.04,2.038,2.0424,True,0.0026519725648972295,7.879491595752367e-05,0,2.0454119715966517,2.0450096748396405,-2.9427733187796505,-0.0,2.064132519171883,2.0639992653040293,80.0385677723183,63.934520790322495,0,1
2023-06-01 11:52:00,2023-06-01 11:52:59,2.038,2.0379,2.0372,2.0385,2.040286848284639,2.0378999999999996,2.0372,2.040286848284639,True,0.002555403095976005,-2.1672153214248504e-05,0,2.045210823218146,2.044810148425565,-6.459260546820758,-0.0,2.0638714990806206,2.0637395711218995,59.6683332026791,69.90769104824375,0,1
2023-06-01 11:53:00,2023-06-01 11:53:59,2.0382,2.039,2.0379,2.039,2.0390934241423193,2.038525,2.0379,2.0390934241423193,True,0.002451445731977726,-1.5259386838561723e-06,0,2.0450104858218556,2.0446099370743425,-5.5734902405025295,-0.0,2.0636192951096692,2.0634934062351147,37.67575859960161,59.127553191532904,0,1
2023-06-01 11:54:00,2023-06-01 11:54:59,2.0388,2.0388,2.0386,2.0393,2.0388092120711594,2.038875,2.0386,2.0393,True,0.002326342465407867,6.555566270804222e-06,0,2.044810211448099,2.0444129615022866,-5.479238433779045,-0.0,2.0633730832180306,2.063247700700437,31.513516575366562,42.95253612588232,0,1
2023-06-01 11:55:00,2023-06-01 11:55:59,2.0389,2.0378,2.0376,2.0393,2.0388421060355797,2.0384,2.0376,2.0393,True,0.002281603717878736,-4.839382174488165e-05,0,2.044611586475193,2.0442166259386796,-7.831117211071003,-7.831117211071003,2.0631245948278014,2.0629944897481938,36.866166807088966,35.35181399401895,0,1
2023-06-01 11:56:00,2023-06-01 11:56:59,2.0377,2.0396,2.0377,2.0396,2.03862105301779,2.03865,2.0377,2.0396,True,0.0022543463094588274,5.0451514118193515e-05,0,2.0444141062069363,2.044023856594854,-3.9950183374468864,-0.0,2.062881066521057,2.062761708755674,39.020227407359805,35.79997026327168,0,2
2023-06-01 11:57:00,2023-06-01 11:57:59,2.0397,2.0381,2.0375,2.041,2.0386355265088953,2.039075,2.0375,2.041,True,0.0023433215730688994,1.7923809011039784e-05,0,2.044218981400895,2.043838133515617,-5.121222382608522,-5.121222382608522,2.0626441902372656,2.062516318618802,42.39710239637946,39.42783220360931,0,1
2023-06-01 11:58:00,2023-06-01 11:58:59,2.0382,2.0388,2.0374,2.039,2.0388552632544474,2.03835,2.0374,2.039,True,0.0022902271749925688,5.2747718364752356e-05,0,2.044028557458256,2.043654257996865,-3.895075318078945,-3.895075318078945,2.062402457001074,2.062280335348963,42.95173298611704,41.456354263285334,0,2
2023-06-01 11:59:00,2023-06-01 11:59:59,2.0387,2.037,2.0366,2.039,2.0386026316272234,2.0378249999999998,2.0366,2.039,True,0.0022980680910645412,-4.196170436185603e-05,0,2.0438414077275606,2.0434694965987608,-6.991955376889081,-6.991955376889081,2.062157905190118,2.0620287897236005,36.3144046191836,40.55441333389326,0,1
2023-06-01 12:00:00,2023-06-01 12:00:59,2.037,2.0377,2.0368,2.039,2.0382138158136116,2.037625,2.0368,2.039,True,0.002291063227417088,-4.466905145468405e-05,0,2.043655452163161,2.043283933188598,-6.920608288377714,-6.920608288377714,2.0619137966807637,2.061786712213913,18.322211248606926,32.52944961796908,0,1
2023-06-01 12:01:00,2023-06-01 12:01:59,2.0377,2.0396,2.0377,2.0402,2.0379194079068057,2.0388,2.0377,2.0402,True,0.002305987282601578,9.458595744819072e-05,0,2.0434696926758797,2.043107073260607,-2.1737673960657844,-0.0,2.0616838086540894,2.0615659489083016,23.682400385144366,26.106338750978185,0,2
2023-06-01 12:02:00,2023-06-01 12:02:59,2.0399,2.0386,2.0383,2.041,2.038359703953403,2.03945,2.0383,2.041,True,0.002334131048130031,0.00012036014067294217,0,2.0432883829682433,2.0429427387837795,-1.599321891559292,-0.0,2.061462576727183,2.061337432003741,42.22142029384619,28.075343975865717,0,2
2023-06-01 12:03:00,2023-06-01 12:03:59,2.0387,2.0422,2.0386,2.0422,2.0389048519767012,2.040425,2.0386,2.0422,True,0.0024245502589778575,0.00038684035304380215,0,2.043115560876011,2.0427960827288927,4.99464949875334,4.99464949875334,2.0612532476055194,2.0611470097947486,75.55475362717952,47.15285810205658,0,2
2023-06-01 12:04:00,2023-06-01 12:04:59,2.0423,2.0435,2.042,2.0435,2.0396649259883506,2.0428249999999997,2.042,2.0435,True,0.0023585109547651574,0.0006386341023102095,0,2.042955821802452,2.0426808177887406,10.85384985766651,10.85384985766651,2.061069881957703,2.0609714176574876,92.06317753896171,69.94645048666236,1,2
2023-06-01 12:05:00,2023-06-01 12:05:59,2.0435,2.0424,2.042,2.0441,2.041244962994175,2.043,2.042,2.0441,True,0.0023400458865676455,0.0007040134816236954,0,2.0428183197955962,2.042592258820156,11.7875782634517,11.7875782634517,2.0608900821372287,2.06078662743204,99.99999999999999,89.20597705538029,0,2
2023-06-01 12:06:00,2023-06-01 12:06:59,2.0425,2.046,2.0425,2.0463,2.0421224814970875,2.044325,2.0425,2.0463,True,0.0024514711803842273,0.0009670711680158704,0,2.042705289307876,2.0425344241685934,16.353374320341302,16.353374320341302,2.060725255449296,2.0606394968108255,99.99999999999999,97.3543925129871,0,2
2023-06-01 12:07:00,2023-06-01 12:07:59,2.046,2.0447,2.0443,2.0467,2.0432237407485436,2.045425,2.0443,2.0467,True,0.0024477946674996524,0.0010085442863411885,0,2.0426198567382348,2.04250872296492,16.286981802274013,16.286981802274013,2.060573014101542,2.0604808948525086,99.99999999999999,99.99999999999987,0,2
2023-06-01 12:08:00,2023-06-01 12:08:59,2.0446,2.0459,2.044,2.0461,2.0443243703742717,2.0451500000000005,2.044,2.0461,True,0.002422952191249677,0.0010746761083490278,0,2.0425642898515775,2.042506610195888,17.60143613225685,17.60143613225685,2.060419551274661,2.0603358113216377,98.20891232476883,99.40297077492282,0,2
2023-06-01 12:09:00,2023-06-01 12:09:59,2.0461,2.0467,2.0457,2.0472,2.0447371851871363,2.046425,2.0457,2.0472,True,0.002357027034731847,0.0011245982086341144,1,2.042535450023733,2.042531831119097,19.349786029272877,19.349786029272877,2.0602803020082465,2.0602001316069947,98.20891232476883,98.80594154984577,0,2
2023-06-01 12:10:00,2023-06-01 12:10:59,2.0467,2.0457,2.045,2.0472,2.0455810925935682,2.04615,2.045,2.0472,True,0.002345810817965301,0.001036534177051629,0,2.042533640571415,2.042576512215626,17.687290744068306,17.687290744068306,2.060139701988264,2.060055851690507,96.4378207299269,97.6185484598214,0,1
2023-06-01 12:11:00,2023-06-01 12:11:59,2.0458,2.044,2.044,2.0458,2.045865546296784,2.0449,2.044,2.045865546296784,True,0.002306824330967765,0.0008135194817499246,0,2.0425550763935205,2.0426276315542955,12.460218917062797,12.460218917062797,2.05998806316251,2.0598960919721936,88.80718351929922,94.48463885799818,0,1
2023-06-01 12:12:00,2023-06-01 12:12:59,2.0441,2.0437,2.0437,2.0449,2.045382773148392,2.0441,2.0437,2.045382773148392,True,0.002227765450184376,0.0006079397608259995,0,2.0425913539739082,2.042677980182481,8.298277594482421,8.298277594482421,2.0598299729817886,2.0597349368281916,74.9269940206441,86.72399942328992,0,1
2023-06-01 12:13:00,2023-06-01 12:13:59,2.0435,2.0446,2.0435,2.045,2.044741386574196,2.04415,2.0435,2.045,True,0.002175782203742639,0.0005041555540539519,0,2.0426346670781945,2.042727719632922,7.579668060314113,7.579668060314113,2.059673953350129,2.0595843404418415,63.01736155513148,75.5838463650248,0,1
2023-06-01 12:14:00,2023-06-01 12:14:59,2.0446,2.0457,2.0446,2.0467,2.044445693287098,2.0454,2.0446,2.0467,True,0.0021703691891895925,0.0004837361370555271,0,2.042681193355558,2.042785214537246,9.339421438157558,9.339421438157558,2.0595319239635606,2.059446187800629,61.45105239079868,66.46513598885794,0,1
2023-06-01 12:15:00,2023-06-01 12:15:59,2.0457,2.0443,2.0441,2.0463,2.0449228466435487,2.0451,2.0441,2.0463,True,0.0021724856756760646,0.0003459130540667337,0,2.042733203946402,2.0428463625697257,6.540832699799829,6.540832699799829,2.059388322730092,2.0592954794643044,60.250267529633525,61.57289382518775,0,1
2023-06-01 12:16:00,2023-06-01 12:16:59,2.0444,2.0452,2.0444,2.0457,2.0450114233217747,2.044925,2.0444,2.0457,True,0.0021173081274135095,0.00029552241188702264,0,2.042789783258064,2.0429087665090555,6.761208112048379,6.761208112048379,2.0592444090710864,2.0591552259372965,53.30626273471609,58.33586088504928,0,1
2023-06-01 12:17:00,2023-06-01 12:17:59,2.045,2.0461,2.045,2.0461,2.0449682116608874,2.04555,2.045,2.0461,True,0.0020446432611696944,0.00030343947061944225,0,2.04284927488356,2.042976019239958,8.802136828030982,8.802136828030982,2.0591081462942595,2.0590253231916518,42.165681902047154,51.90740405546544,0,2
2023-06-01 12:18:00,2023-06-01 12:18:59,2.046,2.0489,2.046,2.0489,2.0452591058304437,2.04745,2.046,2.0489,True,0.0021057401710861696,0.00047848908604656887,0,2.042912647061759,2.0430596640538936,14.262778541443112,14.262778541443112,2.0589921448385953,2.0589245737071575,51.335622567215324,48.93585573465938,0,2
2023-06-01 12:19:00,2023-06-01 12:19:59,2.0489,2.0487,2.0484,2.0504,2.046354552915222,2.0491,2.0484,2.0504,True,0.002098187301722856,0.0005472401528056595,0,2.0429861555578266,2.04316696133242,17.21099342999686,17.21099342999686,2.0588937155367186,2.058822836655345,71.9603514224873,55.15388529724978,0,2
2023-06-01 12:20:00,2023-06-01 12:20:59,2.0486,2.0468,2.0468,2.049,2.047727276457611,2.0478,2.0468,2.049,True,0.002105459637314063,0.00042671428934215453,0,2.043076558445123,2.0432832248067148,13.340738082216916,13.340738082216916,2.0587833303074974,2.058703206439869,77.18814781296172,66.82804060088796,0,1
2023-06-01 12:21:00,2023-06-01 12:21:59,2.0468,2.0475,2.0462,2.0475,2.0477636382288056,2.047,2.0462,2.0477636382288056,True,0.00204792680607735,0.00036681549949140065,0,2.043179891625919,2.0434002608881463,12.17745563932251,12.17745563932251,2.058666083239761,2.0585917317489253,56.725137583441814,68.62454560629679,0,1
2023-06-01 12:22:00,2023-06-01 12:22:59,2.0474,2.0481,2.0474,2.0483,2.0473818191144026,2.0477999999999996,2.0474,2.0483,True,0.0019659320342146594,0.00034134727677880396,0,2.043290076257033,2.0435225911073993,12.601644070508279,12.601644070508279,2.0585579630085196,2.05848733640814,36.00893509317436,56.640740163192476,0,1
2023-06-01 12:23:00,2023-06-01 12:23:59,2.048,2.048,2.0443,2.0485,2.047590909557201,2.0472,2.0443,2.0485,True,0.0021255083174850716,0.0002907256392651468,0,2.043406333682216,2.0436441334851136,12.511920519808584,12.511920519808584,2.058444948451221,2.0583829848020887,25.016352114353342,39.250141596989685,0,1
2023-06-01 12:24:00,2023-06-01 12:24:59,2.048,2.049,2.0471,2.0491,2.0473954547786004,2.0483000000000002,2.0471,2.0491,True,0.0021165434376647255,0.000301068274618566,0,2.0435252335836647,2.043771768849488,14.642837422438888,14.642837422438888,2.0583440036905123,2.058289621769232,31.479258768997678,30.834848658841636,0,2
2023-06-01 12:25:00,2023-06-01 12:25:59,2.0487,2.0469,2.0469,2.0496,2.0478477273893003,2.048025,2.0469,2.0496,True,0.002158218906402954,0.00013729884680260297,0,2.0436485012165764,2.0439014387583216,9.048843103695965,9.048843103695965,2.0582413270368756,2.0581762921993887,28.85870578563846,28.451438889663006,0,1
2023-06-01 12:26:00,2023-06-01 12:26:59,2.0469,2.0476,2.0454,2.0482,2.0479363636946504,2.047025,2.0454,2.0482,True,0.002204060413088467,6.008939188941343e-05,0,2.043774969987449,2.0440249597413773,7.2115215522161265,7.2115215522161265,2.0581297217927275,2.0580710554610864,23.4187739235123,27.918912826049326,0,1
2023-06-01 12:27:00,2023-06-01 12:27:59,2.0479,2.0486,2.0476,2.049,2.0474806818473255,2.048275,2.0476,2.049,True,0.0021466275264392797,6.278347965037786e-05,0,2.043899964864413,2.044151368475952,8.422420991865103,8.422420991865103,2.0580316648594663,2.0579768161032646,19.328018287101074,23.86849933208379,0,1
2023-06-01 12:28:00,2023-06-01 12:28:59,2.0487,2.049,2.0486,2.0493,2.04885,2.0489,2.0486,2.0493,True,0.0020432969888364845,7.57713339511073e-05,0,2.044025666670182,2.044283471623921,10.14582403384727,10.14582403384727,2.0579408025225563,2.0578874945499983,22.961589464874677,21.902793891829194,0,1
2023-06-01 12:29:00,2023-06-01 12:29:59,2.0489,2.0495,2.0487,2.05,2.048875,2.0492749999999997,2.0487,2.05,True,0.0019902043467767095,0.0001015647298397886,0,2.0441545691470515,2.044421724554319,12.450791028094223,12.450791028094223,2.0578545756317848,2.0578040368927843,39.14547751192459,27.14502842129996,0,1
2023-06-01 12:30:00,2023-06-01 12:30:59,2.0495,2.051,2.0495,2.0528,2.0490749999999998,2.0507,2.0495,2.0528,True,0.0020837611791497917,0.0002028848381400751,0,2.0442881468506853,2.04457364770498,16.791215525335318,16.791215525335318,2.057783385824503,2.057736335033155,54.957860959764666,39.021642645521155,0,2
2023-06-01 12:31:00,2023-06-01 12:31:59,2.0509,2.0518,2.049,2.0519,2.0498874999999996,2.0509,2.049,2.0519,True,0.0021420639520676565,0.0003001549714175349,0,2.0444308972778327,2.044736663374506,20.833331007607782,20.833331007607782,2.057714894423264,2.0576772670228745,67.65013766294643,53.91782537821174,0,2
2023-06-01 12:32:00,2023-06-01 12:32:59,2.0518,2.0525,2.0518,2.0528,2.0503937499999996,2.052225,2.0518,2.0528,True,0.0020604879554913876,0.00038309224960027645,0,2.0445837803261693,2.0449163847103793,24.43136764254082,24.43136764254082,2.057660268608107,2.0576257519281196,84.79958294922984,69.13586052398016,0,2
2023-06-01 12:33:00,2023-06-01 12:33:59,2.0526,2.0545,2.0526,2.055,2.0513093749999998,2.053675,2.0526,2.055,True,0.0020918816729562847,0.0005415565840814073,0,2.0447500825182745,2.0451179739973853,28.7034019104604,28.7034019104604,2.057620614194096,2.0575946499188844,92.98909240732867,81.81293767316815,0,2
2023-06-01 12:34:00,2023-06-01 12:34:59,2.0545,2.0552,2.0544,2.0557,2.0524921875,2.05495,2.0544,2.0557,True,0.0020353186963165556,0.0006517097161333864,0,2.04493402825783,2.045344144815132,32.03537578925534,32.03537578925534,2.057594040918533,2.0575708225565075,99.99999999999999,92.59622511885266,0,2
2023-06-01 12:35:00,2023-06-01 12:35:59,2.0553,2.0548,2.0532,2.0555,2.05372109375,2.0547,2.0532,2.0555,True,0.0020542245037225137,0.0006491899387814559,0,2.045139086536481,2.045586401806702,32.11566202860713,32.11566202860713,2.057565244491483,2.057543252182811,97.4668658181393,96.81865274182248,0,2
2023-06-01 12:36:00,2023-06-01 12:36:59,2.0548,2.0558,2.0546,2.0565,2.054210546875,2.055425,2.0546,2.0565,True,0.0020432084677423352,0.000668876907249121,0,2.0453627441715914,2.0458446356864677,33.22357916648218,33.22357916648218,2.0575439485263933,2.057525906389947,97.16661793878427,98.21116125230769,0,2
2023-06-01 12:37:00,2023-06-01 12:37:59,2.0558,2.0526,2.0515,2.0559,2.0548177734374997,2.05395,2.0515,2.0559,True,0.0022115507200464513,0.0004129452680508676,0,2.0456036899290293,2.046103556455021,22.381049633089816,22.381049633089816,2.0575081878445385,2.0574768923960174,82.45276816356629,92.36208397349645,0,1
2023-06-01 12:38:00,2023-06-01 12:38:59,2.0527,2.05,2.0498,2.0531,2.0543838867187496,2.0514,2.0498,2.0543838867187496,True,0.002289297097186012,3.0777230769682504e-05,0,2.0458536231920252,2.0463437458322873,10.354950542053004,0.0,2.0574474098560356,2.0574024954567536,51.652569012093636,77.09065170481456,0,1
2023-06-01 12:39:00,2023-06-01 12:39:59,2.0499,2.049,2.048,2.0499,2.052891943359375,2.0492,2.048,2.052891943359375,True,0.0022686330188155667,-0.0003061839001386635,0,2.046098684512156,2.0465524455592785,0.9355950425919914,0.0,2.0573653460763737,2.057318888536786,18.619483558115324,50.908273577924916,0,1
2023-06-01 12:40:00,2023-06-01 12:40:59,2.0489,2.0454,2.045,2.0492,2.051045971679687,2.0471250000000003,2.045,2.051045971679687,True,0.002406587803185882,-0.0007765743372934483,-1,2.0463255650357173,2.0467206846543933,-8.912649400178836,-8.912649400178836,2.057263452085564,2.0572002926309474,-2.6053233644537006e-14,23.42401752340281,0,1
2023-06-01 12:41:00,2023-06-01 12:41:59,2.0453,2.0451,2.0447,2.0464,2.0490854858398437,2.0453750000000004,2.0447,2.0490854858398437,True,0.002356117245815464,-0.0010845577441046328,0,2.0465231248450553,2.046843907649316,-15.708301860192911,-15.708301860192911,2.0571451590299863,2.0570798917092463,-2.6053233644537006e-14,6.2064945193715895,0,1
2023-06-01 12:42:00,2023-06-01 12:42:59,2.0452,2.0463,2.0447,2.0469,2.0472302429199223,2.045775,2.0447,2.0472302429199223,True,0.0023449660139714845,-0.0011690843583486215,0,2.0466835162471857,2.0469335881365756,-16.692660477557787,-16.692660477557787,2.0570320231192403,2.056972629105174,1.2629385867172083,0.42097952890555135,0,-2
2023-06-01 12:43:00,2023-06-01 12:43:59,2.0465,2.0457,2.0451,2.0465,2.046502621459961,2.04595,2.0451,2.046502621459961,True,0.0022774684415449394,-0.001226864105479835,0,2.0468085521918806,2.046997445754253,-18.127091766597914,-18.127091766597914,2.056921754232482,2.056860463641441,3.0997824539420917,1.4542403468862573,0,-2
2023-06-01 12:44:00,2023-06-01 12:44:59,2.0462,2.0465,2.0456,2.0474,2.0462263107299803,2.0464249999999997,2.0456,2.0474,True,0.0022433635528631758,-0.001166753948074945,0,2.0469029989730667,2.0470437937190846,-16.56305835000505,-16.56305835000505,2.056817308916736,2.056757374450979,6.541747749720763,3.63482293012652,-1,-2
2023-06-01 12:45:00,2023-06-01 12:45:59,2.0465,2.045,2.045,2.0473,2.0463256553649902,2.04595,2.045,2.0473,True,0.0022474090133729465,-0.0011889325632160168,0,2.046973396346076,2.047072779209619,-17.876402017029235,-17.876402017029235,2.056709176489704,2.056640385650472,7.521604062087164,5.721044755249839,0,-2
2023-06-01 12:46:00,2023-06-01 12:46:59,2.0452,2.0455,2.0452,2.0464,2.046137827682495,2.045575,2.0452,2.0464,True,0.0021868797981320427,-0.001124233642762871,0,2.0470230877778475,2.047085323331946,-17.06526123693024,-17.06526123693024,2.056598388663936,2.0565295360420093,6.969447000284401,7.010932937363942,0,-2
2023-06-01 12:47:00,2023-06-01 12:47:59,2.0456,2.0462,2.0455,2.0465,2.045856413841247,2.04595,2.0455,2.0465,True,0.002102102669694032,-0.000990720816308553,0,2.047054205554897,2.0470874098822383,-14.17723888459006,-14.17723888459006,2.056492434547877,2.056426754588855,6.272433700188,6.921161587519688,0,-1
2023-06-01 12:48:00,2023-06-01 12:48:59,2.0461,2.046,2.045,2.0461,2.0459032069206238,2.0458,2.045,2.0461,True,0.002037666764715877,-0.0008788089288499976,0,2.0470708077185678,2.0470802196370497,-12.745245028934576,-12.745245028934576,2.056386042164316,2.0563230057869757,6.352995373446021,6.53162535797264,0,-1
2023-06-01 12:49:00,2023-06-01 12:49:59,2.0461,2.0462,2.0461,2.0468,2.045851603460312,2.0463,2.0461,2.0468,True,0.0019492619958076257,-0.0007570239635439282,0,2.0470755136778087,2.0470692055700006,-10.97326111161265,-10.97326111161265,2.0562856835358154,2.0562222793612346,9.493799141042876,7.373076071558799,0,-1
2023-06-01 12:50:00,2023-06-01 12:50:59,2.0461,2.0458,2.0452,2.0461,2.046075801730156,2.0458,2.0452,2.0461,True,0.0018814575675356446,-0.0006742305472252801,0,2.047072359623905,2.0470518260175896,-11.061675301134876,-11.061675301134876,2.056181348376255,2.0561185750889837,10.383876891791315,8.74355713542657,0,-1
2023-06-01 12:51:00,2023-06-01 12:51:59,2.0459,2.0433,2.043,2.0459,2.045937900865078,2.044525,2.043,2.045937900865078,True,0.0019542105984259486,-0.0007632628318055583,0,2.0470620928207475,2.0470208062600816,-16.309370616748282,-16.309370616748282,2.056065364810322,2.055991027078148,8.06052031944966,9.312732117427784,0,-2
2023-06-01 12:52:00,2023-06-01 12:52:59,2.0434,2.0433,2.0433,2.0446,2.045231450432539,2.0436500000000004,2.0433,2.045231450432539,True,0.0019074812699669578,-0.0007867136092811331,0,2.047041449540415,2.0469732568711687,-19.807834160490554,-19.807834160490554,2.05594182884206,2.0558647482017482,3.635029746430685,7.3598089858903855,0,-2
2023-06-01 12:53:00,2023-06-01 12:53:59,2.0431,2.0433,2.0431,2.0438,2.04444072521627,2.043325,2.0431,2.04444072521627,True,0.0018212326078264711,-0.0007654266123836011,0,2.047007353205792,2.046910789980953,-22.14014318965207,-22.14014318965207,2.055816288256567,2.0557397258315815,-2.4868995751603507e-14,3.8985166886266054,0,-2
2023-06-01 12:54:00,2023-06-01 12:54:59,2.0433,2.0422,2.0421,2.0433,2.043882862608135,2.042725,2.0421,2.043882862608135,True,0.0017768588501245709,-0.000790349912874832,0,2.0469590715933728,2.046832890388272,-25.503584044918316,-25.503584044918316,2.055686026681875,2.0556050021914665,-2.4868995751603507e-14,1.211676582143377,0,-2
2023-06-01 12:55:00,2023-06-01 12:55:59,2.0424,2.0426,2.0417,2.0428,2.0433039313040675,2.0423750000000003,2.0417,2.0433039313040675,True,0.0017285117894013946,-0.0007398830698387466,0,2.0468959809908225,2.0467409736222457,-25.20720098563086,-25.20720098563086,2.0555535786551897,2.0554755991845863,-2.4868995751603507e-14,-1.9288274681154385e-13,0,-2
2023-06-01 12:56:00,2023-06-01 12:56:59,2.0426,2.0417,2.0409,2.043,2.042839465652034,2.0420500000000006,2.0409,2.043,True,0.0017550466615870086,-0.0007308749341937069,0,2.046818477306534,2.046636421838206,-26.702356486031732,-26.702356486031732,2.0554192146884716,2.0553385285459336,-2.4868995751603507e-14,-1.9288274681154385e-13,0,-2
2023-06-01 12:57:00,2023-06-01 12:57:59,2.0416,2.0435,2.0411,2.0435,2.0424447328260174,2.0424249999999997,2.0411,2.0435,True,0.0018011147571879178,-0.0005627394465856409,0,2.0467274495723697,2.0465252126508524,-19.08241971474375,-19.08241971474375,2.0552899190199296,2.055220732241994,6.3410248319984435,2.1136749439992966,0,-1
2023-06-01 12:58:00,2023-06-01 12:58:59,2.0434,2.0455,2.0434,2.0455,2.0424348664130085,2.0444500000000003,2.0434,2.0455,True,0.0018224637031030656,-0.00028463915095354,0,2.046626331111611,2.04642341870986,-8.583780498506918,-8.583780498506918,2.055182059129184,2.0551240085380935,39.674358165331775,15.338460999109897,0,-1
2023-06-01 12:59:00,2023-06-01 12:59:59,2.0454,2.0425,2.0421,2.0463,2.043442433206504,2.044075,2.0421,2.0463,True,0.0019922877243099884,-0.00029032180226263487,0,2.046524874910735,2.046327162974431,-8.909992764024352,-8.909992764024352,2.055071541127899,2.054998396512839,69.52717347499028,38.51418549077333,0,-2
2023-06-01 13:00:00,2023-06-01 13:00:59,2.0427,2.041,2.041,2.0437,2.043758716603252,2.0421,2.041,2.043758716603252,True,0.002042838601144984,-0.0003758925389195037,0,2.046426018942583,2.046222377323557,-11.478430811647314,-11.478430811647314,2.0549424710669246,2.054859108985348,77.1097206245246,62.10375075494871,0,-2
2023-06-01 13:01:00,2023-06-01 13:01:59,2.0411,2.042,2.0402,2.042,2.0429293583016257,2.041325,2.0402,2.0429293583016257,True,0.002025492986777471,-0.00033722914333282486,0,2.0463241981330698,2.0461062776270813,-10.471790651110858,-10.471790651110858,2.054806973842378,2.0547311576521605,52.43830207757628,66.35839872569689,0,-1
2023-06-01 13:02:00,2023-06-01 13:02:59,2.0423,2.0417,2.0415,2.0423,2.042127179150813,2.04195,2.0415,2.0423,True,0.001937957773436217,-0.0003085727646713432,0,2.0462152378800753,2.0459863550349873,-10.38531881323243,-10.38531881323243,2.054679043754394,2.05460149439194,39.220064192214814,56.25602896477172,0,-1
2023-06-01 13:03:00,2023-06-01 13:03:59,2.0416,2.0424,2.0402,2.0424,2.0420385895754065,2.04165,2.0402,2.0424,True,0.0019566750753336444,-0.00021859762086871804,0,2.046100796457531,2.045862187127764,-8.205837318674313,-8.205837318674313,2.054549401527982,2.0544800864875428,39.682133872127366,43.78016671397264,0,-1
2023-06-01 13:04:00,2023-06-01 13:04:59,2.0424,2.0429,2.0421,2.0432,2.0418442947877034,2.04265,2.0421,2.0432,True,0.0018954839985241055,-0.00010637511027028436,0,2.0459814917926473,2.0457423898414406,-5.261540060539801,-0.0,2.0544309995227286,2.054364861746373,58.03567009907422,45.64595605447195,0,-1
2023-06-01 13:05:00,2023-06-01 13:05:59,2.0428,2.042,2.0411,2.0429,2.0422471473938515,2.0422,2.0411,2.0429,True,0.0018886637129152267,-8.063388404777562e-05,0,2.0458619408170438,2.0456237680339138,-5.866457977862105,-0.0,2.0543092980349402,2.0542418282961603,64.56971328538503,54.095839085528695,0,-1
2023-06-01 13:06:00,2023-06-01 13:06:59,2.0422,2.0449,2.0422,2.0449,2.0422235736969254,2.0435499999999998,2.0422,2.0449,True,0.0019609020191355925,0.00014874189164455526,0,2.0457428544254785,2.0455161479965374,0.7775625486777926,0.0,2.0542022403430504,2.0541488747807755,83.51740495727303,68.70759611391058,0,-1
2023-06-01 13:07:00,2023-06-01 13:07:59,2.045,2.0465,2.0447,2.0471,2.0428867868484626,2.0458250000000002,2.0447,2.0471,True,0.0019922661606258884,0.0004100894320168895,0,2.0456295012110077,2.0454335370374603,7.565906847229023,7.565906847229023,2.0541188847177465,2.0540727665740017,89.8352872772745,79.307468506644,0,-1
2023-06-01 13:08:00,2023-06-01 13:08:59,2.0465,2.0475,2.0458,2.0475,2.0443558934242314,2.0468249999999997,2.0458,2.0475,True,0.00197139000629547,0.0006385613348729609,0,2.045531519124234,2.0453780437641047,13.329424479892445,13.329424479892445,2.0540463087504057,2.054007365911574,99.99999999999999,91.11756407818233,0,2
2023-06-01 13:09:00,2023-06-01 13:09:59,2.0475,2.048,2.0475,2.0481,2.0455904467121155,2.0477749999999997,2.0475,2.0481,True,0.0018734335772743606,0.0008001919461046243,0,2.0454547814441693,2.0453507991885873,17.7725578861169,17.7725578861169,2.053983907668312,2.0539475911263843,99.99999999999999,96.61176242575799,1,2
2023-06-01 13:10:00,2023-06-01 13:10:59,2.048,2.0466,2.0463,2.0481,2.0466827233560574,2.04725,2.0463,2.0481,True,0.0018681883217547492,0.000779758581437601,0,2.0454027903163783,2.0453423798799824,15.774717739788116,15.774717739788116,2.053916903611911,2.053874480766918,97.137125811893,99.04570860396414,0,2
2023-06-01 13:11:00,2023-06-01 13:11:59,2.0467,2.0472,2.0457,2.0474,2.0469663616780287,2.04675,2.0457,2.0474,True,0.001856174870200841,0.0007784024812450466,0,2.0453725850981805,2.045345409070086,15.599191684747879,15.599191684747879,2.053845591138161,2.0538080680229682,91.34339204710558,96.160172619666,0,2
2023-06-01 13:12:00,2023-06-01 13:12:59,2.0473,2.0487,2.0468,2.0488,2.0468581808390143,2.0479000000000003,2.0468,2.0488,True,0.001866448093757908,0.0008498847271851171,1,2.0453589970841333,2.0453653211832545,17.961344467731323,17.961344467731323,2.0537864310273335,2.053757241475476,90.027798870723,92.83610557657367,0,2
2023-06-01 13:13:00,2023-06-01 13:13:59,2.0487,2.0486,2.0476,2.0488,2.0473790904195073,2.048425,2.0476,2.0488,True,0.0018188446584894765,0.0008541479340686864,0,2.0453621591336937,2.045401990780529,19.128268926214687,19.128268926214687,2.0537330834549223,2.0537059256398993,92.89067305882998,91.42062132555266,0,2
2023-06-01 13:14:00,2023-06-01 13:14:59,2.0486,2.0488,2.0485,2.0488,2.047902045209754,2.0486750000000002,2.0485,2.0488,True,0.0017103557543116388,0.0008339374665199654,0,2.045382074957111,2.045453317336322,20.275602698856787,20.275602698856787,2.0536827542663163,2.053657110459403,98.6844068236174,93.8676262510566,0,2
2023-06-01 13:15:00,2023-06-01 13:15:59,2.0488,2.0465,2.0455,2.049,2.048288522604877,2.04745,2.0455,2.049,True,0.00183818748614651,0.0006260213260172541,0,2.0454176961467163,2.0455074264611306,12.600524357749478,12.600524357749478,2.05362073681093,2.053585895429956,92.13026991713542,94.56844993319407,0,1
2023-06-01 13:16:00,2023-06-01 13:16:59,2.0465,2.0462,2.0456,2.0469,2.0478692613024387,2.0462999999999996,2.0456,2.0478692613024387,True,0.0017997455228503363,0.0004422035137567963,0,2.0454625613039235,2.0455554648529706,6.668219565810247,6.668219565810247,2.0535478936585827,2.0535124039331403,77.78801206464959,89.53422960180062,0,1
2023-06-01 13:17:00,2023-06-01 13:17:59,2.0464,2.0448,2.0448,2.0466,2.047084630651219,2.04565,2.0448,2.047084630651219,True,0.0017997636997896156,0.0002060685166915433,0,2.045509013078447,2.045593934428344,-0.6438817282458587,-0.0,2.05346930765203,2.053425713346741,57.16553360787276,75.6946051965524,0,1
2023-06-01 13:18:00,2023-06-01 13:18:59,2.0449,2.0434,2.043,2.0455,2.0463673153256097,2.0442,2.043,2.0463673153256097,True,0.0018497805783760678,-5.362560083049578e-05,0,2.0455514737533953,2.0456146579229975,-7.978179513385157,-7.978179513385157,2.0533770757350944,2.0533259550049823,36.504604934766824,57.1527168690962,0,1
2023-06-01 13:19:00,2023-06-01 13:19:59,2.0433,2.0436,2.0421,2.0436,2.0452836576628046,2.04315,2.0421,2.0452836576628046,True,0.00182479625134921,-0.00020708983732151506,0,2.0455830658381964,2.0456140635016493,-12.016782429192482,-12.016782429192482,2.0532753137874815,2.053229179333291,17.513529453919322,37.061222665519445,0,1
2023-06-01 13:20:00,2023-06-01 13:20:59,2.0437,2.0436,2.0421,2.0446,2.044216828831402,2.0435,2.0421,2.0446,True,0.0018730250905385482,-0.00029835915262193277,0,2.045598564669923,2.045599090785688,-14.709184373064033,-14.709184373064033,2.053178046983626,2.0531333666036065,7.198112776832261,20.40541572183928,-1,1
2023-06-01 13:21:00,2023-06-01 13:21:59,2.0435,2.0435,2.0431,2.0445,2.043858414415701,2.04365,2.0431,2.0445,True,0.0018392375840715297,-0.0003516897673269727,0,2.0455988277278054,2.0455739298255353,-16.750108599830746,-16.750108599830746,2.053083240545978,2.053037512209541,5.850769866435904,10.187470699062308,0,-2
2023-06-01 13:22:00,2023-06-01 13:22:59,2.0435,2.0429,2.0428,2.0442,2.0437542072078507,2.0433499999999998,2.0428,2.0442,True,0.0018078634709235522,-0.000411808941855755,0,2.04558637877667,2.045538861900986,-19.577537701955283,-19.577537701955283,2.0529863923813414,2.0529366414412866,7.690859806498113,6.913247483255238,0,-2
2023-06-01 13:23:00,2023-06-01 13:23:59,2.0429,2.0458,2.0423,2.0458,2.0435521036039255,2.0442,2.0423,2.0458,True,0.0019287303658575723,-0.00023294555875058204,0,2.045562620338828,2.0455020666608967,-9.759549120432645,-9.759549120432645,2.0528989655914773,2.052865630083662,13.431716122638315,8.991115265190588,0,-1
2023-06-01 13:24:00,2023-06-01 13:24:59,2.0457,2.0431,2.0431,2.046,2.0438760518019627,2.044475,2.0431,2.046,True,0.00199810676829631,-0.0002912229179370366,0,2.0455323434998625,2.0454660507400657,-10.054189447564902,-10.054189447564902,2.0528151450383283,2.052768459635068,20.08455041995144,13.735708783029102,0,-2
2023-06-01 13:25:00,2023-06-01 13:25:59,2.043,2.0447,2.043,2.0447,2.0441755259009815,2.04385,2.043,2.0447,True,0.0019768134277037192,-0.00020486988308565418,0,2.045499197119964,2.04542660732562,-6.289626835462734,-0.0,2.0527259396150614,2.0526881764546197,24.401912814550695,19.3060597857133,0,-1
2023-06-01 13:26:00,2023-06-01 13:26:59,2.0449,2.045,2.0448,2.0452,2.0440127629504907,2.044975,2.0448,2.0452,True,0.001871326754296291,-0.00011769432176258283,0,2.0454629022227917,2.045392454741515,-3.0935882460003654,-0.0,2.0526488158377973,2.0526116771864147,30.50513658218996,24.99719993889718,0,-1
2023-06-01 13:27:00,2023-06-01 13:27:59,2.0451,2.0462,2.0451,2.0462,2.0444938814752454,2.04565,2.0451,2.0462,True,0.001823374843275118,2.8005463017849864e-05,0,2.0454276784821532,2.045367333206232,1.6606232350753913,0.0,2.0525791758792122,2.0525478794034653,39.01830574523108,31.308451713990394,0,2
2023-06-01 13:28:00,2023-06-01 13:28:59,2.0463,2.0467,2.0461,2.0471,2.045071940737623,2.04655,2.0461,2.0471,True,0.0017645623544697445,0.0001569556036272116,0,2.0453975058441927,2.045355669196764,5.836023771849007,5.836023771849007,2.052519184079419,2.0524896915487045,65.91110747800087,45.14484993514045,1,2
2023-06-01 13:29:00,2023-06-01 13:29:59,2.0467,2.0465,2.0461,2.0478,2.0458109703688114,2.046775,2.0461,2.0478,True,0.001759950757721908,0.00022103073433882894,0,2.045376587520478,2.0453562241588004,7.850193766899295,7.850193766899295,2.0524620280189274,2.052430092627822,85.00492252808529,63.31144525043889,0,2
2023-06-01 13:30:00,2023-06-01 13:30:59,2.0466,2.0445,2.0432,2.0472,2.0462929851844054,2.0453750000000004,2.0432,2.0472,True,0.0019199542750274862,0.00011649590464446951,0,2.0453664058396392,2.045356789906552,2.9751310514691056,0.0,2.0523915103271966,2.0523511862335155,86.08500894074541,79.00034631561033,0,1
2023-06-01 13:31:00,2023-06-01 13:31:59,2.0446,2.0455,2.044,2.0458,2.045833992592203,2.044975,2.044,2.045833992592203,True,0.0019113861125255088,0.00011316706285438402,0,2.0453615978730957,2.045354615838957,2.6238015034666518,0.0,2.052317714204538,2.052283015226217,69.21705899704601,80.10233015529205,0,2
2023-06-01 13:32:00,2023-06-01 13:32:59,2.0452,2.0453,2.0444,2.0455,2.0454044962961015,2.0451,2.0444,2.0455,True,0.001853429961630837,9.294997175246376e-05,0,2.045358106856026,2.0453511572448195,1.775925672189011,0.0,2.0522458961527517,2.0522135324876474,53.24730515134726,69.51645769637938,0,1
2023-06-01 13:33:00,2023-06-01 13:33:59,2.0453,2.0462,2.0451,2.0467,2.045252248148051,2.045825,2.0451,2.0467,True,0.0018353278215143363,0.0001379986329870231,0,2.045354632050423,2.045351685334548,3.884699327504798,3.884699327504798,2.052182006638794,2.052153696343492,56.942025729548504,59.80212995931374,0,2
2023-06-01 13:34:00,2023-06-01 13:34:59,2.046,2.0464,2.0459,2.0465,2.0455386240740254,2.0462,2.0459,2.0465,True,0.0017470901199775934,0.00017499570419445744,0,2.0453531586924854,2.045357921444063,5.864438359523568,5.864438359523568,2.0521224841846766,2.0520964456336066,67.77047361959852,59.31993483349791,0,2
2023-06-01 13:35:00,2023-06-01 13:35:59,2.0464,2.046,2.045,2.0482,2.045869312037013,2.0463999999999998,2.045,2.0482,True,0.0018508693971220575,0.0001636975185639493,0,2.045355540068274,2.0453699809440478,5.3941698427772735,5.3941698427772735,2.0520655440435354,2.0520357844830235,79.36898224955819,68.02716053290156,0,2
2023-06-01 13:36:00,2023-06-01 13:36:59,2.0459,2.0476,2.0459,2.0478,2.0461346560185065,2.0468,2.0459,2.0478,True,0.0018543787258990542,0.0002585578323266583,0,2.0453627605061606,2.045389286924694,9.652494102218476,9.652494102218476,2.0520131505704655,2.0519916473239883,88.75994014256479,78.633132003907,0,2
2023-06-01 13:37:00,2023-06-01 13:37:59,2.0475,2.0481,2.0474,2.0484,2.0464673280092534,2.0478499999999995,2.0474,2.0484,True,0.001793351674049114,0.00034194312453658096,0,2.045376023715427,2.045421369767606,13.567967896041104,13.567967896041104,2.0519717261866797,2.051952924465043,95.08252146211625,87.7371479514129,0,2
2023-06-01 13:38:00,2023-06-01 13:38:59,2.0485,2.0486,2.0485,2.0495,2.0471586640046264,2.048775,2.0485,2.0495,True,0.0017652551259027694,0.0004136073601012045,0,2.0453986967415165,2.0454696382853186,17.21310696660636,17.21310696660636,2.0519399179659166,2.051919562032555,99.45376667785531,94.43207609417858,0,2
2023-06-01 13:39:00,2023-06-01 13:39:59,2.0487,2.0492,2.0485,2.0492,2.047966832002313,2.0488999999999997,2.0485,2.0492,True,0.00168916547405255,0.0004806578613481845,0,2.0454341675134176,2.045531176358198,20.792032966639354,20.792032966639354,2.051909670025957,2.051892501713823,99.99999999999999,98.17876271332365,0,2
2023-06-01 13:40:00,2023-06-01 13:40:59,2.0493,2.0496,2.049,2.0496,2.0484334160011564,2.049375,2.049,2.0496,True,0.001611367940191649,0.0005272159782109723,0,2.0454826719358077,2.045605998433702,23.895250489226896,23.895250489226896,2.051884449428684,2.0518696907514964,99.99999999999999,99.81792222595158,0,2
2023-06-01 13:41:00,2023-06-01 13:41:59,2.0496,2.0521,2.0496,2.0521,2.048904208000578,2.0508499999999996,2.0496,2.0521,True,0.0016748416587493845,0.0007015740160402662,0,2.0455443351847546,2.0457008858074954,28.767070315668448,28.767070315668448,2.051874156399543,2.05187198238581,99.99999999999999,99.99999999999982,0,2
2023-06-01 13:42:00,2023-06-01 13:42:59,2.0522,2.0503,2.0502,2.0522,2.0498771040002888,2.0512249999999996,2.0502,2.0522,True,0.0016980672545530158,0.0006547277251282263,0,2.045622610496125,2.0458134926022487,24.123718121318774,24.123718121318774,2.0518676971318857,2.0518563407700308,99.99999999999999,99.99999999999982,0,2
2023-06-01 13:43:00,2023-06-01 13:43:59,2.0504,2.0501,2.05,2.0508,2.050551052000144,2.050325,2.05,2.0508,True,0.00163391959351354,0.0005756147094716035,0,2.045718051549187,2.0459331024622536,20.283945002367574,20.283945002367574,2.051852346911668,2.0518388647424683,90.91431957179213,96.97143985726386,0,1
2023-06-01 13:44:00,2023-06-01 13:44:59,2.0503,2.0509,2.0503,2.0515,2.050438026000072,2.05075,2.0503,2.0515,True,0.0016172110511197045,0.0005468239309119288,0,2.0458255770057203,2.0460603211859127,19.492165909678235,19.492165909678235,2.0518413782856815,2.0518295228047325,83.75893155578065,91.5577503758574,0,2
2023-06-01 13:45:00,2023-06-01 13:45:59,2.0508,2.0509,2.0505,2.0513,2.050594013000036,2.050875,2.0505,2.0513,True,0.0015588388331825764,0.000496110749690756,0,2.0459429490958163,2.046193515198633,18.964313181218685,18.964313181218685,2.0518317625813465,2.0518202738216007,77.00899222904064,83.89408111887094,0,1
2023-06-01 13:46:00,2023-06-01 13:46:59,2.0509,2.0522,2.0509,2.0526,2.050734506500018,2.05165,2.0509,2.0526,True,0.0015689217736695378,0.0005218338628043616,0,2.0460682321472246,2.046335817070063,21.278100346680148,21.278100346680148,2.0518299539984475,2.051824052191535,82.33726925518991,81.03506434667021,0,2
2023-06-01 13:47:00,2023-06-01 13:47:59,2.0522,2.0535,2.052,2.0546,2.051192253250009,2.053075,2.052,2.0546,True,0.0016425702184074392,0.0005949684911557948,0,2.046202024608644,2.0464940902959747,24.669449932306293,24.669449932306293,2.051842342515876,2.0518407282891316,89.4926572712014,82.94630625181044,0,2
2023-06-01 13:48:00,2023-06-01 13:48:59,2.0535,2.0541,2.0534,2.0543,2.0521336266250048,2.053825,2.0534,2.0543,True,0.0015895294885212023,0.0006465011427945952,0,2.046348057452309,2.04666899775654,27.629465758602066,27.629465758602066,2.0518620704510413,2.0518632086046624,96.24259659794141,89.3575077081107,0,2
2023-06-01 13:49:00,2023-06-01 13:49:59,2.054,2.0538,2.0534,2.054,2.0529793133125023,2.0538,2.0534,2.054,True,0.0015259916679125555,0.0006189839465289885,0,2.0465085276044244,2.0468556298892557,27.83334485689946,27.83334485689946,2.0518813533321256,2.051882480160835,99.64372331258762,95.12632572724328,0,2
2023-06-01 13:50:00,2023-06-01 13:50:59,2.0538,2.0522,2.0514,2.0538,2.0533896566562513,2.0528,2.0514,2.0538,True,0.0015884208344902112,0.0004514406264771991,0,2.04668207874684,2.047043351380438,20.42992691597067,20.42992691597067,2.05189049409499,2.0518856395622196,81.22786186764291,92.37139392605712,0,1
2023-06-01 13:51:00,2023-06-01 13:51:59,2.0522,2.0508,2.0505,2.0522,2.053094828328126,2.051425,2.0505,2.053094828328126,True,0.00159639077488377,0.00021386572382209182,0,2.046862715063639,2.0472212085998738,11.176938331390737,0.0,2.0518858623129503,2.051874837178516,47.894528534309586,76.25537123817985,0,1
2023-06-01 13:52:00,2023-06-01 13:52:59,2.0507,2.0508,2.0502,2.0512,2.052259914164063,2.050725,2.0502,2.052259914164063,True,0.0015537914338206674,3.733071894389435e-05,0,2.047041961831756,2.0473852765746963,5.008279275004114,0.0,2.051874311444165,2.051864142281217,14.917471888388604,48.01328743011351,0,1
2023-06-01 13:53:00,2023-06-01 13:53:59,2.0508,2.0503,2.0503,2.0511,2.0514924570820314,2.050625,2.0503,2.0514924570820314,True,0.0014999491885477562,-0.0001261607244083516,0,2.047213619203226,2.0475366763931264,-0.62533455962906,-0.0,2.0518618804845214,2.051848578676429,-1.6579330501069005e-14,20.93733347423253,0,1
2023-06-01 13:54:00,2023-06-01 13:54:59,2.0503,2.0507,2.0501,2.0511,2.051058728541016,2.05055,2.0501,2.0511,True,0.0014642385322229084,-0.00021195841138319394,0,2.047375147798176,2.047676549139416,-2.460148822755407,-0.0,2.051848826947362,2.0518371500328825,-1.6579330501069005e-14,4.972490629462664,0,1
2023-06-01 13:55:00,2023-06-01 13:55:59,2.0507,2.0503,2.0503,2.0513,2.050804364270508,2.05065,2.0503,2.0513,True,0.0014310786370641212,-0.00029818365374001746,0,2.047525848468796,2.0478070729713016,-5.153042136779604,-5.153042136779604,2.05183689832102,2.0518218550076797,0.7796065295500915,0.25986884318315956,0,1
2023-06-01 13:56:00,2023-06-01 13:56:59,2.0504,2.0508,2.0503,2.0509,2.0507271821352537,2.0506,2.0503,2.0509,True,0.001371715877273822,-0.00031861287015848847,0,2.0476664607200488,2.0479289977516624,-4.3046958036972285,-4.3046958036972285,2.05182459087504,2.0518116872961603,1.046764171581178,0.6087902337102243,0,1
2023-06-01 13:57:00,2023-06-01 13:57:59,2.0507,2.0509,2.0507,2.0516,2.050663591067627,2.0509749999999998,2.0507,2.0516,True,0.0013380218860399864,-0.0003224940986696391,0,2.0477977292358553,2.0480458888034274,-3.204589596074335,-3.204589596074335,2.0518161372344923,2.0518026157807756,4.504196635478871,2.110189112203187,0,1
2023-06-01 13:58:00,2023-06-01 13:58:59,2.0508,2.0485,2.0462,2.0508,2.050819295533813,2.049075,2.0462,2.050819295533813,True,0.0015781631798942838,-0.000486404337639316,0,2.047921809019641,2.048144978747761,-10.106165778499815,-10.106165778499815,2.0517888622371343,2.0517697539322106,3.724590105928763,3.0918503043294105,0,1
2023-06-01 13:59:00,2023-06-01 13:59:59,2.0486,2.0494,2.0486,2.0498,2.0499471477669067,2.0490999999999997,2.0486,2.0499471477669067,True,0.0015582943813303802,-0.0005193391516822416,0,2.048033393883701,2.048229545419215,-10.425241900379824,-10.425241900379824,2.0517621073890036,2.051746174291094,3.623954519061994,3.950913753489683,0,-2
2023-06-01 14:00:00,2023-06-01 14:00:59,2.0494,2.0524,2.0494,2.0527,2.0495235738834534,2.0509749999999998,2.0494,2.0527,True,0.001682701925521089,-0.00032126773746573396,0,2.048131469651458,2.0483149620924928,-2.2904258610320625,-0.0,2.051754275474685,2.0517526800195407,11.13667876110094,6.161741128697039,0,2
2023-06-01 14:01:00,2023-06-01 14:01:59,2.0523,2.0533,2.0523,2.0533,2.0502492869417264,2.0528,2.0523,2.0533,True,0.0016339375022696066,-0.00012621220857604283,0,2.048223215871975,2.04841298336979,4.677426419761865,0.0,2.0517646806938425,2.0517680762382517,29.686424525368988,14.815685935177115,0,2
2023-06-01 14:02:00,2023-06-01 14:02:59,2.0532,2.0537,2.0523,2.0542,2.051524643470863,2.05335,2.0523,2.0542,True,0.001652941966393207,2.405620941476022e-05,0,2.0483180996208823,2.0485240293951765,9.994401696920256,0.0,2.051780455015297,2.0517872993602593,50.14159481211872,30.321566032862687,0,2
2023-06-01 14:03:00,2023-06-01 14:03:59,2.0536,2.0547,2.0535,2.0549,2.0524373217354315,2.054175,2.0535,2.0549,True,0.0016348746830793955,0.00017972522557703399,0,2.0484210645080294,2.048650228379862,15.120306603258555,15.120306603258555,2.0518042813335526,2.051816281456177,70.4458290903101,50.09128280926574,0,2
2023-06-01 14:04:00,2023-06-01 14:04:59,2.0547,2.0543,2.0543,2.0553,2.0533061608677157,2.0546499999999996,2.0543,2.0553,True,0.0015895264914308593,0.00023560324370844798,0,2.0485356464439457,2.048790750541871,16.729992363961372,16.729992363961372,2.051832596942174,2.051840995073529,85.22941665937539,68.60561352060121,0,2
2023-06-01 14:05:00,2023-06-01 14:05:59,2.0542,2.0549,2.0535,2.0549,2.0539780804338577,2.054375,2.0535,2.0549,True,0.0015759888849000724,0.0002926412880229362,0,2.0486631984929082,2.0489396985181916,18.951604056522555,18.951604056522555,2.051857894485038,2.0518714329334937,95.29037845475669,83.6552080681472,0,2
2023-06-01 14:06:00,2023-06-01 14:06:59,2.0548,2.0555,2.054,2.0555,2.054176540216929,2.0549500000000003,2.054,2.0555,True,0.0015705611074072142,0.00034739065129573234,0,2.0488014485055497,2.049098203367348,21.50527335910172,21.50527335910172,2.0518886617040923,2.051907538078434,97.322684139493,92.61415975120816,0,2
2023-06-01 14:07:00,2023-06-01 14:07:59,2.0555,2.0561,2.0553,2.0566,2.0545632701084644,2.055875,2.0553,2.0566,True,0.0015512353140209902,0.00039763500912525515,0,2.0489498259364485,2.0492694913815734,24.195762699351988,24.195762699351988,2.051928326761763,2.0519492541174547,97.322684139493,96.64524891124738,0,2
2023-06-01 14:08:00,2023-06-01 14:08:59,2.0562,2.0553,2.0553,2.0568,2.055219135054232,2.0559,2.0553,2.0568,True,0.0015475756487337807,0.00034606167388559375,0,2.0491096586590105,2.0494498399802064,21.517313222851058,21.517313222851058,2.0519678458984623,2.051982594872505,99.973363335531,98.20624387150548,0,1
2023-06-01 14:09:00,2023-06-01 14:09:59,2.0553,2.0555,2.0551,2.0559,2.0555595675271157,2.0554499999999996,2.0551,2.0559,True,0.0014941773881099328,0.0002989820506297694,0,2.0492797493196084,2.049632997178923,20.274735319814752,20.274735319814752,2.05200249419798,2.0520175939285,95.60391349558377,97.63332032353573,0,1
2023-06-01 14:10:00,2023-06-01 14:10:59,2.0556,2.0568,2.0555,2.0568,2.0555047837635576,2.0561749999999996,2.0555,2.0568,True,0.0014803075746735149,0.0003318619662051065,0,2.049456373249266,2.0498220832260845,22.377530038274358,22.377530038274358,2.052044011668647,2.0520651800585648,94.23859815657734,96.60529166256384,0,2
2023-06-01 14:11:00,2023-06-01 14:11:59,2.0569,2.055,2.0543,2.0569,2.055839891881779,2.055775,2.0543,2.0569,True,0.0015602856050539893,0.00020184868624251303,0,2.0496392282376754,2.0500117953405663,15.81334070881121,15.81334070881121,2.0520811359306506,2.0520943822470366,88.94901092094172,92.9305075243674,0,1
2023-06-01 14:12:00,2023-06-01 14:12:59,2.055,2.0555,2.0546,2.0558,2.0558074459408893,2.055225,2.0546,2.0558074459408893,True,0.0015345509189786948,0.0001297420366134015,0,2.049825511789121,2.050196925150489,12.923190308437626,0.0,2.0521124181601964,2.052128268990847,82.78827702659083,88.65862870136976,0,1
2023-06-01 14:13:00,2023-06-01 14:13:59,2.0555,2.0545,2.0545,2.0563,2.0555162229704447,2.0551999999999997,2.0545,2.0563,True,0.0015535115676230597,-4.757729030941283e-06,0,2.050011218469805,2.050377005565845,7.483635760893506,0.0,2.0521431403675576,2.052151868304371,66.36467357613864,79.3673205078902,0,1
2023-06-01 14:14:00,2023-06-01 14:14:59,2.0545,2.0547,2.0545,2.0554,2.055358111485222,2.054775,2.0545,2.0554,True,0.001506832169935707,-9.126430717800761e-05,0,2.0501941120178246,2.050548959062217,4.611656679610796,0.0,2.0521693280255917,2.052177222848606,38.32092747844092,62.49129269372327,0,1
2023-06-01 14:15:00,2023-06-01 14:15:59,2.0547,2.0562,2.0546,2.0565,2.055066555742611,2.0555,2.0546,2.0565,True,0.0015349155863688716,-5.3565991520994425e-05,0,2.050371535540021,2.0507183086652803,7.403411720126769,0.0,2.0522024690402625,2.052217250481953,25.216439673662567,43.30068024274718,0,2
2023-06-01 14:16:00,2023-06-01 14:16:59,2.0561,2.0553,2.0537,2.0561,2.0552832778713057,2.0553,2.0537,2.0561,True,0.00160385018734252,-0.00010174196115778512,0,2.0505449221026506,2.050883074073762,5.782610984766443,0.0,2.052233290243842,2.052247924606511,14.852864188371177,26.130077113491353,0,1
2023-06-01 14:17:00,2023-06-01 14:17:59,2.0552,2.0529,2.0526,2.0552,2.055291638935653,2.0539750000000003,2.0526,2.055291638935653,True,0.0016821466025323344,-0.0003059663158566906,0,2.0507139980882063,2.051034008938596,-1.3699558773259994,-0.0,2.052250620689177,2.052254412918884,14.852864188371177,18.307389350134773,0,1
2023-06-01 14:18:00,2023-06-01 14:18:59,2.0531,2.0539,2.053,2.0539,2.0546333194678263,2.053475,2.053,2.0546333194678263,True,0.0016334218452085884,-0.000368269077762327,0,2.0508740035134014,2.0511695888137322,-2.9040483001585358,-0.0,2.0522628035678916,2.0522707869196912,5.180839058583302,11.628855811775017,0,1
2023-06-01 14:19:00,2023-06-01 14:19:59,2.0542,2.0532,2.0532,2.0545,2.054054159733913,2.053775,2.0532,2.0545,True,0.001609605999122266,-0.0004519880914618732,0,2.051021796163567,2.0512942076944056,-5.547011410140378,-5.547011410140378,2.0522778502985592,2.052280032820988,2.701799471926931,7.578500906293601,0,-2
2023-06-01 14:20:00,2023-06-01 14:20:59,2.0533,2.0527,2.0524,2.0533,2.0539145798669565,2.052925,2.0524,2.0539145798669565,True,0.0015589198563278272,-0.0005313423292302832,0,2.0511580019289863,2.05140350998506,-8.437634603357225,-8.437634603357225,2.052284289599071,2.0522842115988884,2.701799471926931,3.5281460008121854,0,-2
2023-06-01 14:21:00,2023-06-01 14:21:59,2.0529,2.0551,2.0529,2.0551,2.0534197899334785,2.0540000000000003,2.0529,2.0551,True,0.0016189970094472492,-0.00040458712187779527,0,2.0512807559570234,2.0515073791299487,-3.248865635731285,-3.248865635731285,2.052301361344354,2.0523122293939244,10.966096923595233,5.456565289149495,0,-1
2023-06-01 14:22:00,2023-06-01 14:22:59,2.055,2.0559,2.055,2.0561,2.0537098949667394,2.0555000000000003,2.055,2.0561,True,0.001581925794486707,-0.00025932063421900517,0,2.051394067543486,2.051616549663369,1.8874702435200348,0.0,2.052333188594659,2.0523479286039352,26.54694524553875,13.404947213686768,0,-1
2023-06-01 14:23:00,2023-06-01 14:23:59,2.056,2.0528,2.0527,2.0561,2.05460494748337,2.0544000000000002,2.0527,2.0561,True,0.0017117882377376298,-0.00037561339680539747,0,2.051505308603428,2.0517215978214933,-2.003686175534405,-0.0,2.0523537538822745,2.0523524268267814,36.233191756218574,24.582077975117315,0,-2
2023-06-01 14:24:00,2023-06-01 14:24:59,2.0528,2.053,2.0524,2.0533,2.0545024737416853,2.0528750000000002,2.0524,2.0545024737416853,True,0.0016538033636135222,-0.0004288919532357046,0,2.0516134532124606,2.0518122165406925,-4.067562661600988,-4.067562661600988,2.052358940410809,2.0523588703409428,27.968894304550272,30.24967710210233,0,-2
2023-06-01 14:25:00,2023-06-01 14:25:59,2.053,2.0545,2.0529,2.055,2.0536887368708427,2.05385,2.0529,2.055,True,0.0016856745519268413,-0.0003491947090240408,0,2.0517128348765765,2.0518975426572443,-1.695802738408375,-0.0,2.052373776824632,2.0523801751136697,18.5190167300962,27.573700930288144,0,-1
2023-06-01 14:26:00,2023-06-01 14:26:59,2.0545,2.0528,2.0526,2.0545,2.0537693684354217,2.0536000000000003,2.0526,2.0545,True,0.0017009835125034963,-0.00040596124024510857,0,2.0518051887669104,2.051976401176744,-3.7939206768255502,-3.7939206768255502,2.0523859780502574,2.052384352475723,15.443095564048056,20.643668866231305,0,-2
2023-06-01 14:27:00,2023-06-01 14:27:59,2.0528,2.0513,2.0513,2.0533,2.053684684217711,2.052175,2.0513,2.053684684217711,True,0.0017223418330389768,-0.0005340299987684346,0,2.0518907949718272,2.0520398496428562,-7.720802247585134,-7.720802247585134,2.0523838787661752,2.05237356289885,15.443095564048056,16.468402619397235,-1,-2
2023-06-01 14:28:00,2023-06-01 14:28:59,2.0513,2.0502,2.05,2.0518,2.0529298421088553,2.0508249999999997,2.05,2.0529298421088553,True,0.0017278888449647819,-0.0006741473469301319,-1,2.0519653223073417,2.0520814679059334,-11.911891758257447,-11.911891758257447,2.052368367534671,2.052351935407319,6.610325344631654,12.49883882424239,0,-2
2023-06-01 14:29:00,2023-06-01 14:29:59,2.0503,2.0503,2.0485,2.0504,2.0518774210544275,2.049875,2.0485,2.0518774210544275,True,0.0017401824988958381,-0.0007323771311336725,0,2.0520233951066373,2.0520990955408025,-14.360683705669892,-14.360683705669892,2.0523435579074603,2.0523315181395843,-2.1316282072803006e-14,7.351140302893029,0,-2
2023-06-01 14:30:00,2023-06-01 14:30:59,2.0504,2.0531,2.0503,2.0531,2.050876210527214,2.0517250000000002,2.0503,2.0531,True,0.0018158837489747166,-0.0005487111250932984,0,2.0520612453237197,2.0521104072084553,-8.348232101461164,-8.348232101461164,2.052337403102411,2.05233916472526,12.535740351136285,6.382021898589105,0,-1
2023-06-01 14:31:00,2023-06-01 14:31:59,2.0532,2.0536,2.0528,2.0543,2.051300605263607,2.0534749999999997,2.0528,2.0543,True,0.0017933206240479552,-0.000373716745345871,0,2.0520858262660875,2.052128675521695,-3.3168169419722844,-3.3168169419722844,2.0523487224745263,2.0523517103498845,34.62193484662484,15.719225065920165,0,-1
2023-06-01 14:32:00,2023-06-01 14:32:59,2.0536,2.0548,2.0535,2.0549,2.052387802631803,2.0542,2.0535,2.0549,True,0.0017652262937588043,-0.0001635755781861866,0,2.0521072508938913,2.0521572697818846,2.3478990366156793,0.0,2.0523671431464217,2.0523760714409303,60.22718564325569,35.79495361367207,0,-1
2023-06-01 14:33:00,2023-06-01 14:33:59,2.0549,2.0566,2.0549,2.0566,2.0532939013159015,2.0557499999999997,2.0549,2.0566,True,0.0017677101299188754,0.00010126407272355504,1,2.052132260337888,2.052204432194062,8.8348985532823,0.0,2.0524008034136214,2.0524181005808213,80.11982073909695,58.32298040965895,1,-1
2023-06-01 14:34:00,2023-06-01 14:34:59,2.0566,2.0567,2.0566,2.0571,2.054521950657951,2.05675,2.0566,2.0571,True,0.0016771594063532535,0.0002728404503141173,0,2.052168346265975,2.052272750922043,13.297750310203064,13.297750310203064,2.0524440790015457,2.052460706545191,91.36695957694174,77.23798865309793,0,2
2023-06-01 14:35:00,2023-06-01 14:35:59,2.0566,2.0565,2.0565,2.0571,2.0556359753289755,2.0566750000000003,2.0565,2.0571,True,0.0016002194487565878,0.000355398955139964,0,2.052220548594009,2.052356742847352,15.452299693962942,15.452299693962942,2.0524861777179484,2.052500898519866,98.65513023887985,90.04730351830597,0,2
2023-06-01 14:36:00,2023-06-01 14:36:59,2.0564,2.0574,2.0563,2.0578,2.056155487664488,2.056975,2.0563,2.0578,True,0.00159306091670255,0.00045154630004344044,0,2.052288645720681,2.05245455643625,18.455675628690585,18.455675628690585,2.052530842616277,2.0525496457982753,99.56008812523561,96.52739264701886,0,2
2023-06-01 14:37:00,2023-06-01 14:37:59,2.0575,2.0582,2.0574,2.0584,2.056565243832244,2.057875,2.0574,2.0584,True,0.00155069942265236,0.0005445680651686339,0,2.0523716010784656,2.0525687557699706,21.668757258361367,21.668757258361367,2.0525840183116375,2.052605868228143,99.56008812523561,99.25843549645015,0,2
2023-06-01 14:38:00,2023-06-01 14:38:59,2.0583,2.0599,2.0583,2.06,2.057220121916122,2.059125,2.0583,2.06,True,0.0015685066067486376,0.0006922177548672671,0,2.052470178424218,2.052703648516279,25.75430897530596,25.75430897530596,2.0526491027065465,2.052678446653734,100.0,99.70672541682353,0,2
2023-06-01 14:39:00,2023-06-01 14:39:59,2.06,2.0616,2.0599,2.0616,2.0581725609580612,2.060775,2.0599,2.0616,True,0.0015778989919808804,0.0008674267489090443,0,2.0525869134702486,2.05286522857887,29.775135904171734,29.775135904171734,2.052729957405984,2.052767218328821,100.0,99.85336270841167,0,2
2023-06-01 14:40:00,2023-06-01 14:40:59,2.0615,2.0606,2.0603,2.0616,2.0594737804790304,2.061,2.0603,2.0616,True,0.0015580490639822517,0.0008660280865171849,0,2.0527260710245594,2.0530482548814666,28.183610151339906,28.183610151339906,2.052812246387019,2.0528451564549024,100.0,99.99999999999979,0,2
2023-06-01 14:41:00,2023-06-01 14:41:59,2.0605,2.0614,2.06,2.0614,2.060236890239515,2.0608250000000004,2.06,2.0614,True,0.0015467598451263658,0.0008725246129929292,0,2.052887162953013,2.0532457095184578,28.146635903749285,28.146635903749285,2.0528919752786905,2.0529302792762465,99.06819010650618,99.68939670216851,0,2
2023-06-01 14:42:00,2023-06-01 14:42:59,2.0614,2.0611,2.0609,2.0614,2.0605309451197575,2.0612000000000004,2.0609,2.0614,True,0.0014719912847601772,0.0008069808385720986,0,2.0530664362357354,2.0534557418345902,26.75827100785071,26.75827100785071,2.0529746421913404,2.0530115700297165,98.93563771594182,99.33460927414912,0,2
2023-06-01 14:43:00,2023-06-01 14:43:59,2.0609,2.0599,2.0598,2.0609,2.060865472559879,2.060375,2.0598,2.0609,True,0.0014597061929915987,0.0006347717805639578,0,2.053261089035163,2.053668575223555,20.876498077744913,20.876498077744913,2.0530482775924215,2.0530801116214605,92.70256886335437,96.90213222860058,0,1
2023-06-01 14:44:00,2023-06-01 14:44:59,2.06,2.0613,2.06,2.0613,2.0606202362799397,2.06065,2.06,2.0613,True,0.001455441464920791,0.0005785815389055577,0,2.0534648321293587,2.053884040445923,19.94802936920277,19.94802936920277,2.0531239166213524,2.0531619015555753,86.59789066712904,92.7453657488082,0,2
2023-06-01 14:45:00,2023-06-01 14:45:59,2.0614,2.0607,2.0607,2.062,2.06063511813997,2.0612,2.0607,2.062,True,0.0014443385031407082,0.0004618363607265005,0,2.0536744362876407,2.0541038729935788,17.02598258312119,17.02598258312119,2.053204275659946,2.053236907510246,81.55832755659095,86.95292902902457,0,1
2023-06-01 14:46:00,2023-06-01 14:46:59,2.0606,2.0615,2.0604,2.0616,2.060917559069985,2.061025,2.0604,2.0616,True,0.0014268857529163624,0.0004064281640612701,0,2.0538891546406095,2.0543244349959795,16.885263299735627,16.885263299735627,2.0532820938125833,2.0533191273360147,77.82377648789353,81.99333157053762,0,1
2023-06-01 14:47:00,2023-06-01 14:47:59,2.0616,2.0599,2.0599,2.0617,2.0609712795349924,2.0607749999999996,2.0599,2.0617,True,0.001453536770565211,0.00022792893380185059,0,2.0541067948182943,2.0545423427474683,11.217591532844338,0.0,2.053356650093055,2.0533846086560543,67.39389819202935,75.5920007455044,0,1
2023-06-01 14:48:00,2023-06-01 14:48:59,2.06,2.0609,2.06,2.0619,2.060873139767496,2.0607,2.06,2.0619,True,0.0014925698583819979,0.00015577541879938095,0,2.054324568782881,2.0547561511298755,10.086334789053723,0.0,2.053429718251333,2.053459388669427,53.46242231538565,66.22669899843596,0,1
2023-06-01 14:49:00,2023-06-01 14:49:59,2.0609,2.0607,2.0604,2.0609,2.0607865698837484,2.060725,2.0604,2.0609,True,0.0014216720113547244,7.307716826339145e-05,0,2.0545403599563783,2.0549654366238816,8.626005695783938,0.0,2.0535023081194788,2.0535314345533133,42.94688726392027,54.601069257111554,0,1
2023-06-01 14:50:00,2023-06-01 14:50:59,2.0606,2.0588,2.0584,2.0613,2.0607557849418745,2.059775,2.0584,2.0613,True,0.0015272668676865545,-0.00012941633215030274,0,2.05475289829013,2.0551632072846933,2.181975743333659,0.0,2.0535647229640612,2.0535838580900965,27.079920316170263,41.163076631825184,0,1
2023-06-01 14:51:00,2023-06-01 14:51:59,2.0588,2.0587,2.0584,2.0593,2.0602653924709373,2.0587999999999997,2.0584,2.0602653924709373,True,0.0014824620914232378,-0.00027662972049493804,0,2.054958052787412,2.0553438657824183,-2.353306710385816,-0.0,2.0536168152728767,2.053634764974772,12.850178360583065,27.625661980224322,0,1
2023-06-01 14:52:00,2023-06-01 14:52:59,2.0587,2.0585,2.0576,2.0587,2.0595326962354683,2.058375,2.0576,2.0595326962354683,True,0.0014551433706072995,-0.00038789874593458647,0,2.0551509592849153,2.055506896292412,-5.916891777943512,-5.916891777943512,2.0536641603945394,2.0536831752735307,1.6579330501069005e-14,13.310032892250904,0,1
2023-06-01 14:53:00,2023-06-01 14:53:59,2.0586,2.0586,2.0586,2.0592,2.058953848117734,2.0587500000000003,2.0586,2.0592,True,0.0014012045584210742,-0.0004497281556095499,0,2.055328927788664,2.0556575024998174,-7.776064378461143,-7.776064378461143,2.053714765763748,2.0537320989026497,3.176384775569318,5.342187712050589,0,-2
2023-06-01 14:54:00,2023-06-01 14:54:59,2.0584,2.0577,2.0576,2.0588,2.0588519240588674,2.058125,2.0576,2.0588519240588674,True,0.0013868328042481626,-0.0005446545044448196,0,2.055493215144241,2.0557930054830074,-11.708069485435495,-11.708069485435495,2.053758648691472,2.0537715805056083,3.176384775569318,2.1175898503793404,0,-2
2023-06-01 14:55:00,2023-06-01 14:55:59,2.0578,2.0567,2.0557,2.0578,2.058488462029434,2.057,2.0557,2.058488462029434,True,0.0014377733182304362,-0.000662684949296262,0,2.0556431103136243,2.0559079692005926,-16.54628542709151,-16.54628542709151,2.053790900943298,2.05380071900804,3.176384775569318,3.1763847755691077,0,-2
2023-06-01 14:56:00,2023-06-01 14:56:59,2.0566,2.0576,2.0558,2.0576,2.057744231014717,2.0568999999999997,2.0558,2.057744231014717,True,0.0014636466526425339,-0.0006589859244983888,0,2.055775539757109,2.056005287330214,-14.919549831629809,-14.919549831629809,2.05382183725232,2.053838522799005,1.6579330501069005e-14,2.1175898503793404,0,-2
2023-06-01 14:57:00,2023-06-01 14:57:59,2.0576,2.0587,2.0576,2.0587,2.0573221155073584,2.05815,2.0576,2.0587,True,0.001437671891739503,-0.0005619609687228691,0,2.0558904135436618,2.056096621587805,-9.337360583057901,-9.337360583057901,2.053864903548317,2.0538868957064773,9.365589452289521,4.180658075952741,0,-1
2023-06-01 14:58:00,2023-06-01 14:58:59,2.0589,2.0573,2.0573,2.0589,2.0577360577536794,2.0581,2.0573,2.0589,True,0.0014492667566152401,-0.0005794652482913911,0,2.0559935175657333,2.0561822749975525,-9.94305229727135,-9.94305229727135,2.0539070438115177,2.0539208569432286,18.380589856618542,9.248726436302483,0,-2
2023-06-01 14:59:00,2023-06-01 14:59:59,2.0567,2.0559,2.0554,2.0571,2.0579180288768395,2.0562750000000003,2.0554,2.0579180288768395,True,0.001481461988285581,-0.0006692842123654083,-1,2.056087896281643,2.056250346721539,-13.339346856003125,-13.339346856003125,2.053930605564637,2.0539405499089676,18.380589856618542,15.37558972184199,-1,-2
2023-06-01 15:00:00,2023-06-01 15:00:59,2.056,2.059,2.0558,2.0593,2.05709651443842,2.057525,2.0558,2.0593,True,0.0016256432748365994,-0.000492160008014119,0,2.056169121501591,2.056312685545593,-6.709547586181486,-6.709547586181486,2.053966370683397,2.053990892695943,18.000371743010877,18.25385048541578,1,-1
2023-06-01 15:01:00,2023-06-01 15:01:59,2.0589,2.0537,2.0537,2.0592,2.05731075721921,2.056375,2.0537,2.0592,True,0.0019023830409197037,-0.0007255978623005616,0,2.0562409035235922,2.0563621928836007,-10.55304065289399,-10.55304065289399,2.0539903371442585,2.053987998241257,11.594778331386516,15.991913310338434,-1,-2
2023-06-01 15:02:00,2023-06-01 15:02:59,2.0537,2.0528,2.0501,2.0539,2.056842878609605,2.0526250000000004,2.0501,2.056842878609605,True,0.002037927109425441,-0.0009110968371835138,0,2.0563015482035967,2.056375529241424,-13.983514940074222,-13.983514940074222,2.053976751700037,2.0539761773632343,11.594778331386516,13.729976135261092,0,-2
2023-06-01 15:03:00,2023-06-01 15:03:59,2.0525,2.0559,2.0518,2.0564,2.0547339393048025,2.05415,2.0518,2.0564,True,0.002220932315895048,-0.0007815001142862795,0,2.0563385387225104,2.0563707595523595,-10.292513065843131,-10.292513065843131,2.053978475563718,2.053995319877033,11.21680678868632,11.468787817152906,0,-1
2023-06-01 15:04:00,2023-06-01 15:04:59,2.0556,2.0582,2.0556,2.0582,2.0544419696524012,2.0568999999999997,2.0556,2.0582,True,0.002248008579045381,-0.00050758422966547,0,2.056354649137435,2.056370635494915,-4.587948329022723,-4.587948329022723,2.054007545458606,2.0540371574901966,35.606774066038895,19.472786395370367,0,-1
2023-06-01 15:05:00,2023-06-01 15:05:59,2.0582,2.0566,2.0564,2.0596,2.0556709848262003,2.0577,2.0564,2.0596,True,0.0023160079662564318,-0.0004192597157470868,0,2.056362642316175,2.0563796586778538,-3.3059253426907276,-3.3059253426907276,2.0540442862998143,2.0540626584106922,67.09522511903857,37.972935324587716,0,-1
2023-06-01 15:06:00,2023-06-01 15:06:59,2.0563,2.0561,2.056,2.057,2.0566854924131004,2.0563499999999997,2.056,2.057,True,0.0022220073972381072,-0.00037877821768966417,0,2.0563711504970144,2.0563865592031667,-3.231830905798816,-3.231830905798816,2.054067228724692,2.0540829304663073,83.25228610679164,61.98476176395616,0,-1
2023-06-01 15:07:00,2023-06-01 15:07:59,2.0565,2.0559,2.0557,2.0569,2.0565177462065503,2.05625,2.0557,2.0569,True,0.0021490068688639788,-0.00034985638862807493,0,2.0563788548500903,2.0563910550939144,-3.531342118935143,-3.531342118935143,2.0540889478418594,2.0541010107601747,81.95206253761063,77.43319125448006,0,-1
2023-06-01 15:08:00,2023-06-01 15:08:59,2.0558,2.0575,2.0556,2.058,2.0563838731032753,2.056725,2.0556,2.058,True,0.00216693494965939,-0.00020570700500794205,0,2.0563849549720024,2.0563968859575126,-0.5481733755008591,-0.0,2.054115177216567,2.0541348315486307,79.03327725747552,81.41254196729238,0,-1
2023-06-01 15:09:00,2023-06-01 15:09:59,2.0572,2.0543,2.0531,2.0573,2.0565544365516377,2.055475,2.0531,2.0573,True,0.0023264395961122876,-0.0003223385021050384,0,2.0563909204647572,2.0563951515193675,-4.053838621147754,-4.053838621147754,2.0541287077915267,2.0541364750158086,76.02253219066166,79.00262399524905,0,-2
2023-06-01 15:10:00,2023-06-01 15:10:59,2.0543,2.0585,2.0541,2.0589,2.0560147182758186,2.05645,2.0541,2.0589,True,0.0025031224821042606,-9.438146710703685e-05,0,2.056393035992062,2.056394162302925,0.10261854518039826,0.0,2.0541518052264367,2.0541798931748554,78.16816591658392,77.74132512157348,0,-1
2023-06-01 15:11:00,2023-06-01 15:11:59,2.0584,2.0551,2.0551,2.0586,2.0562323591379092,2.0568,2.0551,2.0586,True,0.0025743280190968333,-0.00017486096808595376,0,2.0563935991474933,2.056396167964059,-1.7331189957240554,-0.0,2.0541781554231884,2.054189048466648,79.58370247827624,77.92480019517372,0,-2
2023-06-01 15:12:00,2023-06-01 15:12:59,2.055,2.0541,2.054,2.055,2.0565161795689546,2.054525,2.054,2.0565161795689546,True,0.002469018874875638,-0.000286283850292354,0,2.056394883555776,2.05638490883302,-4.10252555842694,-4.10252555842694,2.054181606613007,2.0541881624122538,75.64250793745371,77.79812544410441,0,-2
2023-06-01 15:13:00,2023-06-01 15:13:59,2.0543,2.0564,2.0543,2.0564,2.0555205897844773,2.05535,2.0543,2.0564,True,0.0024569460980988045,-0.00018595679920083022,0,2.056389896194398,2.0563689438647885,-2.2420038866987397,-0.0,2.0541932324178527,2.0542101707464604,70.8606610600058,75.36229049191171,0,-1
2023-06-01 15:14:00,2023-06-01 15:14:59,2.0564,2.0558,2.0551,2.0569,2.0554352948922388,2.05605,2.0551,2.0569,True,0.0024100213768060504,-0.00015178495385581478,0,2.056379420029593,2.0563541862389267,-1.8947831737669603,-0.0,2.0542117077171773,2.054225989943013,68.24993419466905,71.5843677307093,0,-1
2023-06-01 15:15:00,2023-06-01 15:15:59,2.0557,2.0571,2.0532,2.0571,2.0557426474461193,2.055775,2.0532,2.0571,True,0.002516448421319921,-3.1385193847820755e-05,0,2.0563668031342597,2.0563385936227583,0.3709687185806203,0.0,2.05422726286427,2.054254587058008,76.24578199119367,71.78545908195595,0,-1
2023-06-01 15:16:00,2023-06-01 15:16:59,2.0572,2.0589,2.0571,2.0591,2.0557588237230595,2.0580749999999997,2.0571,2.0591,True,0.002479559248368482,0.00017369480452806906,0,2.0563526983785088,2.056338231040747,4.366464341105477,0.0,2.054265548805919,2.054300810072356,86.51617777517644,77.00396465367952,0,-1
2023-06-01 15:17:00,2023-06-01 15:17:59,2.0588,2.0568,2.0563,2.0591,2.0569169118615296,2.0577500000000004,2.0563,2.0591,True,0.0025024478734850288,0.00015660334108119454,0,2.056345464709628,2.056347631813807,3.1237081018917863,0.0,2.054300219962079,2.054325677633825,89.26650906677132,84.00948961104694,0,-1
2023-06-01 15:18:00,2023-06-01 15:18:59,2.0568,2.0514,2.0507,2.0571,2.057333455930765,2.0540000000000003,2.0507,2.057333455930765,True,0.0027808444539503966,-0.00022990279498240752,0,2.0563465482617174,2.0563389258576827,-3.900484838972808,-3.900484838972808,2.0542972326987745,2.054296566413588,63.458140094148355,79.74694231203183,0,-2
2023-06-01 15:19:00,2023-06-01 15:19:59,2.0514,2.0515,2.0511,2.052,2.0556667279653826,2.0515,2.0511,2.0556667279653826,True,0.0026464984215253773,-0.00046037528013943895,0,2.0563427370597,2.056298871419789,-8.400026321694881,-8.400026321694881,2.0542693995375925,2.0542687398821093,30.124806760815023,60.94981864057803,0,-2
2023-06-01 15:20:00,2023-06-01 15:20:59,2.0516,2.0544,2.051,2.0547,2.0535833639826913,2.052925,2.051,2.0547,True,0.0027217485342735516,-0.000386867856103124,0,2.056320804239744,2.0562441879332156,-6.463834190287599,-6.463834190287599,2.0542560224277655,2.054270045952934,8.723891027962226,34.10227929430833,0,-1
2023-06-01 15:21:00,2023-06-01 15:21:59,2.0546,2.0539,2.0526,2.0546,2.0532541819913455,2.053925,2.0526,2.0546,True,0.0026701950675397422,-0.00035263968474297724,0,2.05628249608648,2.056185223144073,-5.8601322677387415,-5.8601322677387415,2.054252728672265,2.0542663639036514,23.194552889728836,20.681083559501825,0,-1
2023-06-01 15:22:00,2023-06-01 15:22:59,2.054,2.053,2.0525,2.0546,2.0535895909956725,2.053525,2.0525,2.0546,True,0.00262946684842976,-0.00037219636087267136,0,2.0562338596152765,2.056120547791084,-6.7553818875997464,-6.7553818875997464,2.0542454875909493,2.054253763267794,35.83963678915969,22.58602690228338,0,-2
2023-06-01 15:23:00,2023-06-01 15:23:59,2.053,2.0531,2.053,2.0539,2.0535572954978365,2.05325,2.053,2.0539,True,0.002505933502113357,-0.0003564694364333607,0,2.05617720370318,2.056049933420267,-7.131352965238612,-7.131352965238612,2.0542355822417857,2.0542422830362734,38.46295469953129,32.49904812613973,0,-2
2023-06-01 15:24:00,2023-06-01 15:24:59,2.0531,2.0557,2.0531,2.0561,2.053403647748918,2.0545,2.0531,2.0561,True,0.0025412239662480937,-0.0001466261285824284,0,2.0561135685617233,2.055983704037958,-2.3469725053621815,-0.0,2.0542382132642554,2.0542567876826787,43.09507736458318,39.13255628442451,0,-1
2023-06-01 15:25:00,2023-06-01 15:25:59,2.0556,2.0575,2.0549,2.0587,2.053951823874459,2.0566750000000003,2.0549,2.0587,True,0.0026311365400875177,0.00012468007395216975,0,2.0560486362998405,2.0559363042049705,3.3832013915329,0.0,2.054262459898442,2.0542890584520053,61.2915676715879,47.61653324523391,0,-1
2023-06-01 15:26:00,2023-06-01 15:26:59,2.0575,2.0576,2.0563,2.0577,2.0553134119372296,2.057275,2.0563,2.0577,True,0.002543198215795573,0.0003067678367332713,0,2.0559924702524053,2.055908170859926,7.340878875286286,7.340878875286286,2.0542924354218406,2.054322003144025,83.27769206658739,62.55477903425261,0,-1
2023-06-01 15:27:00,2023-06-01 15:27:59,2.0577,2.0577,2.0571,2.0586,2.056294205968615,2.0577750000000004,2.0571,2.0586,True,0.0024686840575244644,0.0004224969326481467,0,2.0559503205561653,2.0558988297127296,10.140200619610667,10.140200619610667,2.054327087805703,2.0543556150530398,97.50824087310222,80.69250020375897,0,-1
2023-06-01 15:28:00,2023-06-01 15:28:59,2.0577,2.058,2.0575,2.0602,2.0570346029843076,2.05835,2.0575,2.0602,True,0.0024852066248441398,0.0005031516136255069,0,2.0559245751344473,2.055908292996754,12.550305193746404,12.550305193746404,2.0543671167827604,2.0543918775898256,99.99999999999999,93.59531097989633,1,2
2023-06-01 15:29:00,2023-06-01 15:29:59,2.0582,2.0584,2.0568,2.0595,2.0576923014921538,2.058225,2.0568,2.0595,True,0.0025005490087838386,0.00056354405189948,0,2.0559164340656007,2.0559316385805966,14.927140780441874,14.927140780441874,2.0544055036804445,2.054431759404852,99.24016805363429,98.91613630891196,0,2
2023-06-01 15:30:00,2023-06-01 15:30:59,2.0582,2.0573,2.056,2.0582,2.0579586507460768,2.057425,2.056,2.0582,True,0.002493366936727831,0.0005043476179852315,0,2.0559240363230984,2.0559602647704103,12.11253014982988,12.11253014982988,2.0544355484199426,2.0544602991122662,93.58032400890937,97.60683068751433,0,2
2023-06-01 15:31:00,2023-06-01 15:31:59,2.0574,2.0554,2.0551,2.0582,2.0576918253730385,2.0565249999999997,2.0551,2.0582,True,0.0025366978698186915,0.0003148105488523153,0,2.055942150546754,2.0559866770552175,4.928481939966247,4.928481939966247,2.054456338982928,2.0544696493698558,82.67466240310722,91.83171815521673,0,1
2023-06-01 15:32:00,2023-06-01 15:32:59,2.0552,2.0548,2.0543,2.0552,2.057108412686519,2.054875,2.0543,2.057108412686519,True,0.002434076593403078,0.00013814297736118217,0,2.055964413800986,2.055999844345965,-1.165799643321705,-0.0,2.0544605047641924,2.0544729364408023,63.91581262576748,80.05693301259446,0,-2
2023-06-01 15:33:00,2023-06-01 15:33:59,2.0548,2.055,2.0542,2.0555,2.0559917063432596,2.054875,2.0542,2.0559917063432596,True,0.002353071122445721,3.2359546775792374e-05,0,2.055982129073475,2.056002493418125,-4.443660729664572,-4.443660729664572,2.054464629094897,2.0544781808543267,44.45028426371513,63.680253097529715,-1,-2
2023-06-01 15:34:00,2023-06-01 15:34:59,2.0549,2.0543,2.054,2.0549,2.0554333531716296,2.054525,2.054,2.0554333531716296,True,0.0022564231851281936,-8.461277427021643e-05,0,2.0559923112458,2.0559944418751557,-8.384426728376887,-8.384426728376887,2.0544652298004205,2.0544764079105025,25.274413919599983,44.54683693636064,0,-2
2023-06-01 15:35:00,2023-06-01 15:35:59,2.0543,2.0537,2.0537,2.0547,2.0549791765858147,2.0541,2.0537,2.0549791765858147,True,0.0021666786719047432,-0.00019657195085793876,0,2.055993376560478,2.0559751049528168,-12.382972580018219,-12.382972580018219,2.054461595673053,2.0544686824586567,11.53814703128684,27.08761507153376,0,-2
2023-06-01 15:36:00,2023-06-01 15:36:59,2.0535,2.0529,2.0529,2.0535,2.0545395882929074,2.0532000000000004,2.0529,2.0545395882929074,True,0.002069058766768684,-0.00031365658946592566,0,2.055984240756647,2.055940840686668,-16.660704049037143,-16.660704049037143,2.0544490424822763,2.0544530736779736,3.3301861047307733,13.380915685205641,0,-2
2023-06-01 15:37:00,2023-06-01 15:37:59,2.0529,2.0545,2.0529,2.0554,2.053869794146454,2.053925,2.0529,2.0554,True,0.00209984028342806,-0.00026371461388433265,0,2.0559625407216573,2.055900033378076,-12.453912083593856,-12.453912083593856,2.054443828129219,2.054453540606551,6.366866836873558,7.0783999909635,0,-1
2023-06-01 15:38:00,2023-06-01 15:38:59,2.0547,2.0558,2.0547,2.0568,2.053897397073227,2.0555000000000003,2.0547,2.0568,True,0.0021141374060403392,-0.00012816798605037768,0,2.0559312870498667,2.0558651608426457,-5.769732630178979,-0.0,2.0544543373020625,2.0544669382124563,24.761687406427097,11.48624678267692,0,-1
2023-06-01 15:39:00,2023-06-01 15:39:59,2.0558,2.0549,2.0546,2.0561,2.0546986985366136,2.05535,2.0546,2.0561,True,0.0020702704484660017,-9.400898595140957e-05,0,2.055898223946256,2.055834170899021,-4.227550761986954,-0.0,2.0544632493687085,2.0544712472849693,42.14886743537485,24.425807226224943,0,-1
2023-06-01 15:40:00,2023-06-01 15:40:59,2.0549,2.0561,2.0542,2.0561,2.0550243492683067,2.055325,2.0542,2.0561,True,0.002058108273575574,1.72196237808737e-05,0,2.0558661974226387,2.055806278844613,0.13147982896013843,0.0,2.0544718240018556,2.0544874537796463,53.05543488469386,39.988663242165046,0,-1
2023-06-01 15:41:00,2023-06-01 15:41:59,2.0563,2.0578,2.056,2.0578,2.055174674634153,2.056975,2.056,2.0578,True,0.0020396719683201617,0.00020753975844893855,0,2.055836238133626,2.055792337904044,6.457631468643591,6.457631468643591,2.0544967312257176,2.054520414438555,63.91498491000156,53.0397624100232,0,-1
2023-06-01 15:42:00,2023-06-01 15:42:59,2.0578,2.0544,2.0539,2.0578,2.0560748373170767,2.055975,2.0539,2.0578,True,0.002172552542011564,9.039687338287239e-05,0,2.0558142880188353,2.0557826153597265,2.050624550877771,0.0,2.0545114403677505,2.0545192162849375,68.39292875748062,61.787782850725115,0,-2
2023-06-01 15:43:00,2023-06-01 15:43:59,2.0543,2.055,2.054,2.0552,2.0560249186585384,2.0546249999999997,2.054,2.0560249186585384,True,0.0021030845032964747,5.386733795137422e-05,0,2.055798451689281,2.0557670182597594,0.5025025943491315,0.0,2.05451257031434,2.0545240002025005,64.42232480348086,65.57674615698745,0,-2
2023-06-01 15:44:00,2023-06-01 15:44:59,2.055,2.0543,2.054,2.0557,2.055324959329269,2.05475,2.054,2.0557,True,0.0020742927530610147,-1.8133901411721074e-05,0,2.05578273497452,2.055747760726442,-2.0031165764322694,-0.0,2.0545149327987744,2.0545217713447643,49.44227938631955,60.75251098242679,0,-2
2023-06-01 15:45:00,2023-06-01 15:45:59,2.0543,2.0544,2.0527,2.0562,2.0550374796646347,2.0544000000000002,2.0527,2.0562,True,0.0021761289849852165,-5.494922530264296e-05,0,2.055765247850481,2.0557233520631515,-3.3745057545901673,-0.0,2.0545137891888365,2.0545205596895926,39.06658342920055,50.97706253966677,0,-2
2023-06-01 15:46:00,2023-06-01 15:46:59,2.0543,2.0535,2.0533,2.0543,2.0547187398323175,2.05385,2.0533,2.0547187398323175,True,0.0020992626289148193,-0.00013584456036164742,0,2.0557442999568165,2.05569128176349,-6.413375010797431,-6.413375010797431,2.054507184321286,2.0545104048668104,32.861704315320594,40.45685571028001,0,-2
2023-06-01 15:47:00,2023-06-01 15:47:59,2.0536,2.0538,2.0535,2.055,2.054284369916159,2.053975,2.0535,2.055,True,0.0020564581554209076,-0.00015909943525489897,0,2.0557177908601534,2.0556542570729257,-7.295520409312147,-7.295520409312147,2.054501888954905,2.054503336161668,26.886295400453758,32.93819438165808,0,-2
2023-06-01 15:48:00,2023-06-01 15:48:59,2.0538,2.0521,2.0516,2.0538,2.0541296849580792,2.0528250000000003,2.0516,2.0541296849580792,True,0.002066711144319397,-0.00028092699468566085,0,2.0556860239665395,2.0556056955613293,-11.593736739654389,-11.593736739654389,2.0544852034926673,2.0544794223690146,15.396867481145952,25.048289065639878,0,-2
2023-06-01 15:49:00,2023-06-01 15:49:59,2.0519,2.0525,2.0516,2.0525,2.05347734247904,2.052125,2.0516,2.05347734247904,True,0.001983374634010877,-0.0003165563470923614,0,2.0556458597639344,2.0555435814685885,-12.79125076179561,-12.79125076179561,2.0544617188808,2.0544597266240494,8.37730098414782,16.886821288582286,0,-2
2023-06-01 15:50:00,2023-06-01 15:50:59,2.0526,2.0538,2.0526,2.054,2.05280117123952,2.05325,2.0526,2.054,True,0.0019488478744386442,-0.0002326251223239461,0,2.0555947206162615,2.055478942198533,-8.862556047655879,-8.862556047655879,2.0544496619765136,2.054453162180029,10.861995255590088,11.545387906961063,0,-1
2023-06-01 15:51:00,2023-06-01 15:51:59,2.0537,2.0542,2.0534,2.0544,2.0530255856197597,2.053925,2.0534,2.0544,True,0.0018810730262644475,-0.0001364971546943287,0,2.055536831407397,2.0554173895505916,-4.979300178340786,-0.0,2.054444441459334,2.0544506431533622,27.65791196287869,15.632402734205309,0,-1
2023-06-01 15:52:00,2023-06-01 15:52:59,2.0542,2.0557,2.0541,2.0562,2.05347529280988,2.05505,2.0541,2.0562,True,0.0018967106672455579,3.88518549235585e-05,0,2.0554771104789946,2.05536640803497,1.5550298935486353,0.0,2.05445046691745,2.0544630745647714,53.47612070107714,30.665342639848415,0,-1
2023-06-01 15:53:00,2023-06-01 15:53:59,2.0558,2.0551,2.0551,2.0564,2.05426264640494,2.0556,2.0551,2.0564,True,0.0018540884767280236,0.0001134834490444075,0,2.0554217592569826,2.055327872618486,3.5974522170798053,3.5974522170798053,2.054461905057575,2.054469412131291,72.50557930596709,51.21320398997408,0,-1
2023-06-01 15:54:00,2023-06-01 15:54:59,2.0551,2.0512,2.0511,2.0551,2.05493132320247,2.053125,2.0511,2.0551,True,0.002007367871247451,-0.00010682364879259997,0,2.0553748159377343,2.055282419365244,-3.8062649307723717,-0.0,2.0544486025196886,2.054436880667298,67.73912764053766,64.5736092158604,0,-2
2023-06-01 15:55:00,2023-06-01 15:55:59,2.0515,2.0512,2.0503,2.0515,2.0540281616012352,2.051125,2.0503,2.0540281616012352,True,0.0019496987375869092,-0.00024032332324365588,0,2.0553286176514893,2.055218109381198,-8.742076362673828,-8.742076362673828,2.0544155318478508,2.0544046728994645,43.34371025388128,61.19613906679512,0,-2
2023-06-01 15:56:00,2023-06-01 15:56:59,2.0512,2.0516,2.0512,2.0523,2.0525765808006176,2.0515749999999997,2.0512,2.0525765808006176,True,0.0018890059706163913,-0.0002838845421330959,0,2.055273363516344,2.0551424820738187,-10.589850811692216,-10.589850811692216,2.0543872678493647,2.054376765706435,18.897425651469664,43.32675451529598,0,-2
2023-06-01 15:57:00,2023-06-01 15:57:59,2.0515,2.0505,2.0497,2.0515,2.0520757904003086,2.0507999999999997,2.0497,2.0520757904003086,True,0.0018897912584295072,-0.0003697356443465435,0,2.0552079227950815,2.0550531461177597,-13.872940611581235,-13.872940611581235,2.0543515736419082,2.0543381909232865,7.877515839855405,23.37288391506856,0,-2
2023-06-01 15:58:00,2023-06-01 15:58:59,2.0505,2.0503,2.05,2.0505,2.051437895200154,2.050325,2.05,2.051437895200154,True,0.0017905204542559827,-0.0004167559756884535,0,2.0551305344564206,2.0549503711807064,-16.41867639474828,-16.41867639474828,2.054311508232536,2.0542980099190746,6.454724488313338,11.076555326545915,0,-2
2023-06-01 15:59:00,2023-06-01 15:59:59,2.0503,2.0504,2.0503,2.051,2.050881447600077,2.0505,2.0503,2.051,True,0.0017126261360948514,-0.00041530806155608713,0,2.0550404528185635,2.0548389214708775,-17.60867804271684,-17.60867804271684,2.0542735827774856,2.0542592237507256,2.7149780904442555,5.682406139537445,0,-2
2023-06-01 16:00:00,2023-06-01 16:00:59,2.0501,2.0511,2.0481,2.0511,2.0506907238000385,2.0501,2.0481,2.0511,True,0.0018045814120880843,-0.0003407680402720027,0,2.0549396871447208,2.0547186622895826,-14.864729460138705,-14.864729460138705,2.054232054590645,2.054227788688529,1.7054228601993338,3.625041812985421,0,-1
2023-06-01 16:01:00,2023-06-01 16:01:59,2.0511,2.0496,2.0485,2.0521,2.0503953619000193,2.050325,2.0485,2.0521,True,0.0019328255969389072,-0.00037261921590654723,0,2.0548291747171517,2.0545938361946035,-16.833920922598566,-16.833920922598566,2.0541931784255643,2.054181741039887,4.078787237106321,2.833062729249749,0,-2
2023-06-01 16:02:00,2023-06-01 16:02:59,2.0497,2.0478,2.0464,2.0521,2.0503601809500096,2.049,2.0464,2.0521,True,0.0022019094828718134,-0.0004917885751069329,0,2.0547115054558778,2.0544571800670326,-20.94985398670883,-20.94985398670883,2.0541415050083947,2.0541182411290424,2.373364376906954,2.7191914914039823,0,-2
2023-06-01 16:03:00,2023-06-01 16:03:59,2.0478,2.0446,2.044,2.0486,2.0496800904750048,2.04625,2.044,2.0496800904750048,True,0.0023732016626666795,-0.0007572584318404287,0,2.0545843427614554,2.0542932797534426,-26.333193993180448,-26.333193993180448,2.0540629825705,2.054023532262087,2.373364376906954,2.9418386636398552,0,-2
2023-06-01 16:04:00,2023-06-01 16:04:59,2.0447,2.0421,2.042,2.0454,2.0479650452375022,2.0435499999999998,2.042,2.0479650452375022,True,0.002446544401047636,-0.001056160643726706,0,2.054438811257449,2.0540905295597005,-31.052350031977394,-31.052350031977394,2.053958375778754,2.0539048901500263,-3.345472047537138e-14,1.582242917937737,0,-2
2023-06-01 16:05:00,2023-06-01 16:05:59,2.0422,2.0438,2.0422,2.0452,2.045757522618751,2.0433499999999998,2.0422,2.045757522618751,True,0.002493219800972796,-0.0010735334534411182,0,2.0542646704085747,2.053857211451353,-28.871398510029138,-28.871398510029138,2.053852819800856,2.053804343979379,-3.345472047537138e-14,0.7911214589687412,0,-2
2023-06-01 16:06:00,2023-06-01 16:06:59,2.0437,2.0437,2.0418,2.0437,2.044553761309375,2.0432249999999996,2.0418,2.044553761309375,True,0.002457989815189041,-0.0010297847464526876,0,2.054060940929964,2.053600570186281,-27.52205057097372,-27.52205057097372,2.0537470703501013,2.0537038032432657,-3.345472047537138e-14,-2.5466049022624147e-13,0,-2
2023-06-01 16:07:00,2023-06-01 16:07:59,2.0441,2.0421,2.0419,2.0444,2.0438893806546874,2.043125,2.0419,2.0444,True,0.002460990542675534,-0.001049659197148526,0,2.053830755558123,2.053326641161559,-28.22710953439011,-28.22710953439011,2.0536413781078116,2.053588342514477,-3.345472047537138e-14,-2.5466049022624147e-13,0,-2
2023-06-01 16:08:00,2023-06-01 16:08:59,2.0423,2.043,2.0423,2.044,2.0435071903273436,2.0429,2.0423,2.044,True,0.002420919789627282,-0.0009366333439281707,0,2.053578698359841,2.0530394370672305,-25.662717177311386,-25.662717177311386,2.0535344987236543,2.053482985872542,-3.345472047537138e-14,-2.5466049022624147e-13,0,-1
2023-06-01 16:09:00,2023-06-01 16:09:59,2.0431,2.0428,2.0423,2.0441,2.043203595163672,2.043075,2.0423,2.0441,True,0.002376568376082462,-0.0008166573801264738,0,2.0533090677135357,2.052744952628867,-24.243665999172233,-24.243665999172233,2.0534304241094885,2.053376687505651,2.155764311377231,0.7185881037921669,0,-1
2023-06-01 16:10:00,2023-06-01 16:10:59,2.0425,2.0464,2.0425,2.0464,2.0431392975818357,2.0444500000000003,2.0425,2.0464,True,0.0024853849206480172,-0.00043566988625815244,0,2.0530270101712014,2.0524561907631305,-14.01843448813699,-14.01843448813699,2.053341066655663,2.0533072677294757,22.62841856218242,8.261394291186319,0,-1
2023-06-01 16:11:00,2023-06-01 16:11:59,2.0463,2.0468,2.0455,2.0468,2.043794648790918,2.0463500000000003,2.0455,2.0468,True,0.0024007145691731647,-0.00012175328265740188,0,2.052741600467166,2.0521869515531383,-6.484022697408001,-0.0,2.0532715038033675,2.053242518796844,55.96175189551576,26.915311589691584,0,-1
2023-06-01 16:12:00,2023-06-01 16:12:59,2.0468,2.0457,2.0457,2.0469,2.045072324395459,2.046275,2.0457,2.0469,True,0.0023149492428036432,3.204736035211479e-05,0,2.052464276010152,2.051934415354855,-4.198912737450939,-0.0,2.0532018868501,2.0531674688585673,86.72675246253634,55.10564097341129,0,-1
2023-06-01 16:13:00,2023-06-01 16:13:59,2.0457,2.0447,2.0447,2.0458,2.0456736621977294,2.0452250000000003,2.0447,2.0458,True,0.00222816715403193,8.22276189740719e-05,0,2.052199345682504,2.0516895581054015,-4.902840398903166,-0.0,2.0531225148416414,2.053083215437089,93.52649058383493,78.73833164729547,0,-1
2023-06-01 16:14:00,2023-06-01 16:14:59,2.0447,2.0455,2.0447,2.0455,2.045449331098865,2.0451,2.0447,2.0455,True,0.0021261552144582144,0.0001864554580882317,0,2.0519444518939527,2.05145156889456,-3.2517829783510805,-0.0,2.0530426888233166,2.053007760557118,86.81107097860168,89.0214380083241,0,-1
2023-06-01 16:15:00,2023-06-01 16:15:59,2.0455,2.0475,2.0455,2.0476,2.0452746655494325,2.046525,2.0455,2.0476,True,0.0021242869848540555,0.0004029283924537018,0,2.051698010394256,2.0512303968133345,2.0632115730171563,0.0,2.052977836198209,2.0529529569694853,87.22363943353717,89.18706699865771,0,-1
2023-06-01 16:16:00,2023-06-01 16:16:59,2.0475,2.0478,2.0475,2.0493,2.045899832774716,2.048025,2.0475,2.0493,True,0.002101123628793069,0.0005650227531567046,0,2.0514642036037953,2.0510342740474066,6.1484214044356165,6.1484214044356165,2.0529285542459883,2.0529016837658087,93.2845803947667,89.10643026896831,0,-1
2023-06-01 16:17:00,2023-06-01 16:17:59,2.0478,2.0495,2.0471,2.0495,2.046962416387358,2.0484750000000003,2.0471,2.0495,True,0.0021224719410221486,0.0007797595092182497,0,2.051249238825601,2.050862305872877,11.59055173679338,11.59055173679338,2.0528842402733916,2.0528678361661488,99.99999999999996,93.50273994276773,0,-1
2023-06-01 16:18:00,2023-06-01 16:18:59,2.0494,2.0498,2.0489,2.0501,2.0477187081936794,2.04955,2.0489,2.0501,True,0.0020565810880919856,0.0009216168665229516,0,2.051055772349239,2.0507179103058095,15.642252584616372,15.642252584616372,2.052851063753258,2.0528373104331523,99.99999999999996,97.76152679825532,0,2
2023-06-01 16:19:00,2023-06-01 16:19:59,2.0497,2.0485,2.0485,2.0499,2.0486343540968397,2.04915,2.0485,2.0499,True,0.002009682438942547,0.000898767389377953,0,2.0508868413275243,2.050593469128267,13.584247523314758,13.584247523314758,2.0528142372482505,2.0527941531154097,98.26437225433341,99.42145741811089,0,2
2023-06-01 16:20:00,2023-06-01 16:20:59,2.0483,2.0478,2.047,2.0483,2.04889217704842,2.04785,2.047,2.04889217704842,True,0.0019732765504466548,0.0008101312784211429,0,2.0507401552278957,2.0504766725982413,10.008187582111319,10.008187582111319,2.0527648418527455,2.0527444600495848,91.2737437244391,96.51270532625728,0,2
2023-06-01 16:21:00,2023-06-01 16:21:59,2.0475,2.0463,2.046,2.0475,2.0483710885242097,2.0468249999999997,2.046,2.0483710885242097,True,0.001960899653986197,0.0006267618691510966,0,2.0506084139130683,2.0503596635113204,3.7067693303268854,3.7067693303268854,2.052705738948738,2.052680336068992,80.61611012430838,90.05140870102674,0,1
2023-06-01 16:22:00,2023-06-01 16:22:59,2.0465,2.0465,2.0458,2.047,2.047598044262105,2.04645,2.0458,2.047598044262105,True,0.001906549678701491,0.0005059255386628283,0,2.0504840387121943,2.0502407169848333,0.1802361349677284,0.0,2.052643492790044,2.052618840187708,69.98647763967826,80.62544382947503,0,1
2023-06-01 16:23:00,2023-06-01 16:23:59,2.0464,2.0483,2.0463,2.0485,2.0470240221310525,2.047375,2.0463,2.0485,True,0.0019275104159371132,0.0005398323473541089,0,2.0503623778485136,2.0501274076819227,2.959334286767586,0.0,2.052591069976213,2.052575866653502,65.77682851626032,72.12647209341543,0,2
2023-06-01 16:24:00,2023-06-01 16:24:59,2.048,2.0454,2.0448,2.0482,2.0471995110655263,2.0465999999999998,2.0448,2.0482,True,0.0020398311005130217,0.0003490959128268586,0,2.050244892765218,2.050013996702911,-1.887772456527749,-0.0,2.052531457339634,2.052504464995258,56.639355306842766,64.13422048759357,0,1
2023-06-01 16:25:00,2023-06-01 16:25:59,2.0454,2.0446,2.0433,2.0454,2.0468997555327633,2.044675,2.0433,2.0468997555327633,True,0.002044128879047805,0.00016511446886610832,0,2.0501294447340643,2.0498880762463454,-6.42660268090588,-0.0,2.0524532836347618,2.0524258136022704,38.17244741380038,53.52954374563427,0,-2
2023-06-01 16:26:00,2023-06-01 16:26:59,2.0447,2.0458,2.0443,2.0458,2.0457873777663815,2.04515,2.0443,2.0458,True,0.0020052625305443947,0.00013063400695381287,0,2.0500087604902046,2.0497564299435167,-6.062825414970163,-0.0,2.0523806141458585,2.0523598851087153,22.423274774936033,39.07835916519284,0,-2
2023-06-01 16:27:00,2023-06-01 16:27:59,2.0459,2.0467,2.0454,2.0471,2.045468688883191,2.046275,2.0454,2.0471,True,0.0019834580640769404,0.00017357390028520337,0,2.0498825952168604,2.0496288975716945,-3.5591309511110367,-0.0,2.0523198617662977,2.052303567843952,23.962774762551096,28.18616565042895,0,2
2023-06-01 16:28:00,2023-06-01 16:28:59,2.0468,2.0465,2.0464,2.0474,2.0458718444415958,2.0467750000000002,2.0464,2.0474,True,0.0019132110595000082,0.00018892855232580628,0,2.0497557463942773,2.0495089096661143,-2.432878482055571,-0.0,2.052264689012404,2.052245820900231,38.99706498287931,28.46103817345526,0,2
2023-06-01 16:29:00,2023-06-01 16:29:59,2.0465,2.0466,2.0462,2.0469,2.046323422220798,2.04655,2.0462,2.0469,True,0.0018265531266785894,0.00020602208267741931,0,2.049632328030196,2.049394141077219,-1.3702660796757158,-0.0,2.052207826435166,2.0521896435778406,48.49111081463076,37.1503168533535,0,2
2023-06-01 16:30:00,2023-06-01 16:30:59,2.0466,2.0473,2.046,2.0474,2.046436711110399,2.0468249999999997,2.046,2.0474,True,0.001796085046201568,0.00026427888101922996,0,2.0495132345537077,2.049286155920081,1.5603274766354644,0.0,2.0521542659731247,2.0521409904079118,51.63883993555205,46.37567191102048,0,2
2023-06-01 16:31:00,2023-06-01 16:31:59,2.0472,2.0463,2.046,2.0473,2.0466308555551995,2.0467,2.046,2.0473,True,0.0017606504000443185,0.00022953047656672524,0,2.0493996952368945,2.049183394666553,-0.09122865658425638,-0.0,2.0520999946699097,2.0520828711003705,51.29132190974608,50.47375755330941,0,1
2023-06-01 16:32:00,2023-06-01 16:32:59,2.0464,2.046,2.044,2.0473,2.0466654277776,2.045925,2.044,2.0473,True,0.0018706039428982857,0.0001838367502191708,0,2.049291544951724,2.049080133956372,-2.178801011113997,-0.0,2.052038551936876,2.0520223450197697,47.50337550976675,50.14451245168808,0,1
2023-06-01 16:33:00,2023-06-01 16:33:59,2.0454,2.0442,2.0442,2.0456,2.0462952138887998,2.04485,2.0442,2.0462952138887998,True,0.0018655608041198226,2.9960808776163545e-05,0,2.049185839454048,2.0489698128555167,-8.135354649412221,-0.0,2.051967024056907,2.051944510740966,34.29682260127447,44.36384000692888,0,1
2023-06-01 16:34:00,2023-06-01 16:34:59,2.0443,2.0436,2.0433,2.0446,2.0455726069443996,2.0439499999999997,2.0433,2.0455726069443996,True,0.0018251636038255552,-0.00010471273200848537,0,2.0490778261547824,2.048848515022387,-13.219690047679322,-13.219690047679322,2.0518872526732563,2.0518614807833444,17.108885196757956,32.969694435932844,0,-2
2023-06-01 16:35:00,2023-06-01 16:35:59,2.0435,2.0432,2.0429,2.0446,2.0447613034721996,2.0435499999999998,2.0429,2.0447613034721996,True,0.0018162233464094465,-0.00020703952052520715,0,2.0489631705885847,2.048716662937488,-17.335760496475203,-17.335760496475203,2.0518042949352138,2.0517752968949527,5.01890272382911,18.80820350728696,0,-2
2023-06-01 16:36:00,2023-06-01 16:36:59,2.0432,2.044,2.0429,2.044,2.0441556517360997,2.0435250000000003,2.0429,2.0441556517360997,True,0.0017650645359516362,-0.00020123514152713,0,2.0488399167630367,2.0485772345348834,-15.94186310020558,-15.94186310020558,2.0517219138910825,2.0516979307566947,-2.4868995751603507e-14,7.37592930686213,0,-2
2023-06-01 16:37:00,2023-06-01 16:37:59,2.044,2.0432,2.0432,2.0443,2.04384032586805,2.043675,2.0432,2.0443,True,0.0017175599262407805,-0.00023516699590889656,0,2.04870857564896,2.0484338270307068,-17.035045606270693,-17.035045606270693,2.0516418450961464,2.0516133742317524,2.63508631874309,2.551329680857174,0,-2
2023-06-01 16:38:00,2023-06-01 16:38:59,2.0432,2.043,2.0427,2.0435,2.0437576629340253,2.0431,2.0427,2.0437576629340253,True,0.0016520199315092899,-0.00025173926731361456,0,2.048571201339833,2.048284325568374,-18.246799827326434,-18.246799827326434,2.051556851612603,2.051527669015516,2.63508631874309,1.7567242124951674,0,-2
2023-06-01 16:39:00,2023-06-01 16:39:59,2.043,2.043,2.0426,2.0436,2.0434288314670126,2.04305,2.0426,2.0436,True,0.0016054470792586184,-0.00024221868714351244,0,2.0484277634541037,2.0481307089757768,-19.05463597469693,-19.05463597469693,2.0514722063229254,2.051442816587501,2.63508631874309,2.6350863187428724,0,-2
2023-06-01 16:40:00,2023-06-01 16:40:59,2.043,2.0452,2.043,2.0458,2.043239415733506,2.04425,2.043,2.0458,True,0.0016907722878829808,-6.500313235123902e-05,0,2.04827923621494,2.047983139761531,-9.530857223954499,-0.0,2.0514003435734436,2.051380699009516,19.703699944316526,8.324624193934017,0,-1
2023-06-01 16:41:00,2023-06-01 16:41:59,2.045,2.043,2.0429,2.0456,2.043744707866753,2.044125,2.0429,2.0456,True,0.0017628599816056198,-8.893241784323799e-05,0,2.0481311879882353,2.0478404865396014,-9.904664498645516,-0.0,2.0513279520951007,2.0512973089696205,38.01382768742578,20.117537983494916,0,-2
2023-06-01 16:42:00,2023-06-01 16:42:59,2.043,2.0421,2.0421,2.0434,2.0439348539333766,2.04265,2.0421,2.0439348539333766,True,0.0017297985543480812,-0.00015254557106380478,0,2.0479858372639184,2.047692562397193,-12.024604277145315,-0.0,2.0512416043130597,2.051205793457485,41.57452637179708,33.097351334512915,0,-2
2023-06-01 16:43:00,2023-06-01 16:43:59,2.042,2.0423,2.042,2.0431,2.0432924269666883,2.04235,2.042,2.0432924269666883,True,0.0016848129433232255,-0.00016328183340412234,0,2.047839199830556,2.047539445019913,-12.628558861049505,-0.0,2.051153130638303,2.0511171785972113,22.791026774062903,34.1264602777617,0,-2
2023-06-01 16:44:00,2023-06-01 16:44:59,2.0423,2.0429,2.0421,2.0431,2.042821213483344,2.0426,2.0421,2.0431,True,0.0016358977330858443,-0.00011165437682748381,0,2.0476893224252346,2.047385004786206,-10.551436580133426,-0.0,2.0510680248608075,2.0510354156260946,9.908648352866582,24.758067166241972,0,-1
2023-06-01 16:45:00,2023-06-01 16:45:59,2.0428,2.0444,2.0425,2.0444,2.042710606741672,2.043525,2.0425,2.0444,True,0.0016547621807225707,3.987174425813919e-05,0,2.0475371636057202,2.0472369291662806,-4.296887386649779,-0.0,2.0509929698870684,2.050969391590014,34.30145873340509,22.33371128677798,0,-1
2023-06-01 16:46:00,2023-06-01 16:46:59,2.0444,2.0461,2.0443,2.0464,2.043117803370836,2.0453,2.0443,2.0464,True,0.0016865648820995611,0.0002628313854606942,0,2.0473870463860004,2.047107058795422,3.5016590997269077,3.5016590997269077,2.0509363234205304,2.0509209399324018,66.71459172015604,36.97489960214236,0,2
2023-06-01 16:47:00,2023-06-01 16:47:59,2.0461,2.0455,2.045,2.0465,2.044208901685418,2.045775,2.045,2.0465,True,0.0016732388190924537,0.00036382115310829976,0,2.0472470525907114,2.0469956715991855,6.411836866897616,6.411836866897616,2.0508849669685847,2.0508670002315816,94.62017573157645,65.21207539504564,0,2
2023-06-01 16:48:00,2023-06-01 16:48:59,2.0455,2.0444,2.0442,2.0456,2.044991950842709,2.044925,2.0442,2.0456,True,0.0016537217605858388,0.00034653972126044924,0,2.0471213620949484,2.0468937686669912,4.630465004800875,4.630465004800875,2.0508256638146682,2.050802651970571,92.68498966135216,84.673252371028,0,2
2023-06-01 16:49:00,2023-06-01 16:49:59,2.0444,2.0443,2.0437,2.0451,2.0449584754213546,2.0443749999999996,2.0437,2.0451,True,0.001635598777686871,0.0003215738888477722,0,2.04700756538097,2.0467962583401555,3.1161309077469284,3.1161309077469284,2.0507614781050694,2.050737948965889,80.96294137784393,89.42270225692397,0,2
2023-06-01 16:50:00,2023-06-01 16:50:59,2.0442,2.0438,2.0435,2.0449,2.044666737710677,2.0441000000000003,2.0435,2.0449,True,0.001618770293566401,0.0002648071811355572,0,2.0469019118605627,2.0467009885744982,0.382280146729606,0.0,2.0506951947408396,2.05066891464782,67.06500476212655,80.23764526710733,0,1
2023-06-01 16:51:00,2023-06-01 16:51:59,2.0438,2.0456,2.0437,2.0464,2.0443833688553386,2.0448749999999998,2.0437,2.0464,True,0.001696000986883113,0.00034731089083150967,0,2.0468014502175307,2.0466134537945075,4.224551249069748,4.224551249069748,2.0506372823553587,2.0506184776861502,67.38171058416903,71.80321890804628,0,2
2023-06-01 16:52:00,2023-06-01 16:52:59,2.0455,2.0452,2.0452,2.046,2.044629184427669,2.0454749999999997,2.0452,2.046,True,0.0016320009163914558,0.0003647287595250684,0,2.0467074520060193,2.0465367260428886,5.217370551031742,5.217370551031742,2.050585916361773,2.050564562485293,77.056802150471,70.50117249892196,0,2
2023-06-01 16:53:00,2023-06-01 16:53:59,2.0453,2.0462,2.0449,2.0462,2.0450520922138344,2.04565,2.0449,2.0462,True,0.0016082865652206114,0.00043468913730329486,0,2.046622089024454,2.046470233860788,8.528379067815358,8.528379067815358,2.0505368027661333,2.050521134002852,90.32406551951341,78.25419275138425,0,2
2023-06-01 16:54:00,2023-06-01 16:54:59,2.0462,2.0454,2.0454,2.0466,2.0453510461069175,2.0459,2.0454,2.0466,True,0.0015791232391334472,0.00041134050948363687,0,2.0465461614426212,2.046413971687499,7.449981640373629,7.449981640373629,2.0504906654251767,2.05047017744561,97.32237003611876,88.23441256870082,0,2
2023-06-01 16:55:00,2023-06-01 16:55:59,2.0454,2.0471,2.0441,2.0471,2.0456255230534586,2.045925,2.0441,2.0471,True,0.001680614436338209,0.000499470053972732,0,2.0464800665650604,2.04636632121702,10.879872566770722,10.879872566770722,2.0504452359184584,2.0504366433416736,99.36932675332503,95.67192076965216,1,2
2023-06-01 16:56:00,2023-06-01 16:56:59,2.0471,2.0493,2.0469,2.0496,2.045775261526729,2.048225,2.0469,2.0496,True,0.0017534276908854744,0.0006891870657377405,1,2.0464231938910404,2.0463415581795963,16.412316519827357,16.412316519827357,2.0504231440187723,2.0504253334576767,99.99999999999999,98.8972322631477,0,2
2023-06-01 16:57:00,2023-06-01 16:57:59,2.0492,2.0481,2.0464,2.0495,2.0470001307633643,2.0483000000000002,2.0464,2.0495,True,0.0018496114272507891,0.0007017975177509778,0,2.0463823760353184,2.046335499059706,15.839996831831783,15.839996831831783,2.0504020182076403,2.0504021958113317,99.99999999999999,99.78977558444144,0,2
2023-06-01 16:58:00,2023-06-01 16:58:59,2.0481,2.048,2.0475,2.0488,2.0476500653816823,2.0481,2.0475,2.0488,True,0.0018103534681614528,0.0006736197532583863,0,2.046358937547512,2.0463428350249404,15.108452670203093,15.108452670203093,2.050379112553833,2.0503782933654477,97.86665796221843,99.28888598740592,0,2
2023-06-01 16:59:00,2023-06-01 16:59:59,2.0479,2.0496,2.0468,2.0498,2.047875032690841,2.048525,2.0468,2.0498,True,0.0018953282204356111,0.0007358079235156854,0,2.046350886286226,2.0463635826543447,17.499796100860593,17.499796100860593,2.0503606636727003,2.050370549152856,97.86665796221843,98.57777197481205,0,2
2023-06-01 17:00:00,2023-06-01 17:00:59,2.0496,2.0532,2.0496,2.0534,2.0482000163454206,2.05145,2.0496,2.0534,True,0.002031376204690212,0.0009895698530463014,0,2.0463572344702854,2.0464148156411017,22.70458315045242,22.70458315045242,2.050371502840136,2.0503987028926285,97.86665796221843,97.8666579622182,0,2
2023-06-01 17:01:00,2023-06-01 17:01:59,2.0532,2.0526,2.0519,2.0533,2.0498250081727103,2.05275,2.0519,2.0533,True,0.0019862779043552177,0.0010661810654458747,0,2.0463860250556936,2.046498617833824,24.16607563287363,24.16607563287363,2.0503951694785427,2.050420606346433,99.99999999999999,98.57777197481205,0,2
2023-06-01 17:02:00,2023-06-01 17:02:59,2.0526,2.0545,2.0525,2.0548,2.051287504086355,2.0536000000000003,2.0525,2.0548,True,0.0020086866254727,0.0011945070968002937,0,2.0464423214447587,2.0466133189232307,26.78979780101254,26.78979780101254,2.050427058339453,2.0504611973280604,99.99999999999999,99.28888598740592,0,2
2023-06-01 17:03:00,2023-06-01 17:03:59,2.0545,2.055,2.054,2.0551,2.0524437520431777,2.05465,2.054,2.0551,True,0.001943780437938943,0.0012525565491293407,0,2.0465278201839947,2.046758764076481,28.9212408471802,28.9212408471802,2.050469077659458,2.0505063595437014,99.99999999999999,99.99999999999977,0,2
2023-06-01 17:04:00,2023-06-01 17:04:59,2.055,2.0545,2.0545,2.0556,2.053546876021589,2.0549,2.0545,2.0556,True,0.0018835104066575968,0.0011919473209973882,0,2.0466432921302378,2.0469291316048444,28.36893612873631,28.36893612873631,2.0505131664389658,2.0505460972596845,99.99999999999999,99.99999999999977,0,2
2023-06-01 17:05:00,2023-06-01 17:05:59,2.0545,2.0544,2.0539,2.0547,2.054223438010794,2.0543750000000003,2.0539,2.0547,True,0.001806116806182048,0.0010828253891761183,0,2.046786211867541,2.04711434973366,27.568238417120924,27.568238417120924,2.0505515926435534,2.050584444550633,95.35016230021938,98.4500541000729,0,1
2023-06-01 17:06:00,2023-06-01 17:06:59,2.0545,2.0574,2.0544,2.0577,2.0542992190053972,2.056,2.0544,2.0577,True,0.0019128227485976374,0.001158041411762923,0,2.0469502808006004,2.047321138279443,30.05275296334402,30.05275296334402,2.0506058056520753,2.050652261022766,94.15632985848792,96.50216405290222,0,2
2023-06-01 17:07:00,2023-06-01 17:07:59,2.0574,2.0574,2.0573,2.0584,2.0551496095026986,2.057625,2.0573,2.0584,True,0.0018547639808406387,0.0011414555533905543,0,2.0471357095400218,2.047554639804995,31.709095994159412,31.709095994159412,2.0506756483819055,2.0507194027041313,94.15632985848792,94.55427400573153,0,2
2023-06-01 17:08:00,2023-06-01 17:08:59,2.0574,2.0569,2.0562,2.0574,2.0563873047513495,2.056975,2.0562,2.0574,True,0.0018079951250662978,0.0010301123247195114,0,2.0473451746725084,2.047803110887342,30.46315449964122,30.46315449964122,2.0507383284975083,2.0507809011846874,93.45728581452285,93.923315177166,0,1
2023-06-01 17:09:00,2023-06-01 17:09:59,2.057,2.058,2.0569,2.058,2.056681152375675,2.057475,2.0569,2.058,True,0.001757424044704395,0.00097053710882494,0,2.047574142779925,2.048065093362896,30.951347286302124,30.951347286302124,2.050805360054747,2.0508527330136954,88.24337942141665,91.95233169814225,0,2
2023-06-01 17:10:00,2023-06-01 17:10:59,2.0582,2.0591,2.0578,2.0591,2.0570780761878376,2.0585500000000003,2.0578,2.0591,True,0.0017247508986540868,0.0009455217531554963,0,2.0478196180714106,2.048343291618175,32.34494387725111,32.34494387725111,2.0508824211487293,2.0509347953717683,84.97177995038804,88.89081506210896,0,2
2023-06-01 17:11:00,2023-06-01 17:11:59,2.0589,2.0594,2.0588,2.0595,2.0578140380939187,2.05915,2.0588,2.0595,True,0.0016515544058930594,0.0008875726916521016,0,2.0480814548447928,2.048636464573064,33.54582377639956,33.54582377639956,2.050964685614911,2.0510190262635914,88.67820150469015,87.2977869588314,0,2
2023-06-01 17:12:00,2023-06-01 17:12:59,2.0595,2.0598,2.059,2.0603,2.0584820190469593,2.05965,2.059,2.0603,True,0.001626443376900672,0.0008163408203352832,0,2.0483589597089282,2.04894284626775,34.72430088352748,34.72430088352748,2.051051106653569,2.0511063991365903,94.73778007984406,89.4625871783072,0,1
2023-06-01 17:13:00,2023-06-01 17:13:59,2.0598,2.0633,2.0598,2.0633,2.0590660095234794,2.06155,2.0598,2.0633,True,0.0017602688499791836,0.0009509579987407525,0,2.048650902988339,2.049270561212501,37.484821704968866,37.484821704968866,2.051155573254031,2.0512277284984153,98.00937955087265,93.80845371180207,0,2
2023-06-01 17:14:00,2023-06-01 17:14:59,2.0632,2.0627,2.0616,2.0637,2.0603080047617395,2.0628,2.0616,2.0637,True,0.0017845353606949555,0.0009299234110812628,0,2.04896073210042,2.0496213998313526,36.65253246481316,36.65253246481316,2.051271438196777,2.0513418804536547,99.65183974031619,97.46633312367742,0,2
2023-06-01 17:15:00,2023-06-01 17:15:59,2.0627,2.0609,2.0601,2.0627,2.06155400238087,2.0616,2.0601,2.0627,True,0.0018427828349310415,0.0007253956452794117,0,2.0492910659658863,2.049979803479256,29.387993863374547,29.387993863374547,2.051374209956013,2.0514369861207826,70.76167765485839,89.47429898201551,0,1
2023-06-01 17:16:00,2023-06-01 17:16:59,2.0609,2.0609,2.0603,2.0611,2.061577001190435,2.0608,2.0603,2.061577001190435,True,0.0017682983467217069,0.0005336610539587632,0,2.049635434722571,2.0503362152467868,24.544968129082136,24.544968129082136,2.0514679989116744,2.051531145462864,37.42834432152506,69.28062057223298,0,1
2023-06-01 17:17:00,2023-06-01 17:17:59,2.061,2.0615,2.0604,2.0615,2.0611885005952173,2.0611,2.0604,2.0615,True,0.0017205627505273065,0.00039907770721307224,0,2.049985824984679,2.0506906717481757,22.512027758553614,22.512027758553614,2.0515638397185234,2.051630338045323,5.686727405736662,37.95891646070647,0,1
2023-06-01 17:18:00,2023-06-01 17:18:59,2.0614,2.0635,2.0613,2.0635,2.061144250297609,2.062425,2.0613,2.0635,True,0.0017548082683467672,0.000402835351781523,0,2.0503382483664274,2.0510502478153194,24.206264141026168,24.206264141026168,2.0516719109651054,2.0517484441344243,9.807552112388095,17.64087461321637,0,2
2023-06-01 17:19:00,2023-06-01 17:19:59,2.0635,2.0657,2.0635,2.0661,2.0617846251488046,2.0647,2.0635,2.0661,True,0.0018151791063220092,0.0005089225669346097,0,2.050694248090873,2.051426996397751,27.4029039323284,27.4029039323284,2.0518015436918207,2.051887265585823,27.24443506394231,14.246238194022117,0,2
2023-06-01 17:20:00,2023-06-01 17:20:59,2.0657,2.0625,2.062,2.0662,2.0632423125744026,2.0641,2.062,2.0662,True,0.001985523455870436,0.0003052892742795776,0,2.051060622244312,2.051810563488223,20.43529721408575,20.43529721408575,2.0519239163914045,2.0519928649332275,33.908954610602564,23.653647262310752,0,1
2023-06-01 17:21:00,2023-06-01 17:21:59,2.0628,2.0643,2.0612,2.0643,2.063671156287201,2.06315,2.0612,2.0643,True,0.0020651289233082535,0.00025291362273799876,0,2.0514355928662673,2.0521903491495843,18.40377836001717,18.40377836001717,2.052035618715868,2.0521153239886183,25.69311891575938,28.948836196767846,0,1
2023-06-01 17:22:00,2023-06-01 17:22:59,2.0642,2.0656,2.0639,2.0659,2.0634105781436007,2.0648999999999997,2.0639,2.0659,True,0.00206047685735768,0.000265983591891188,0,2.0518129710079256,2.0525765587927514,18.655373062209193,18.655373062209193,2.05216362250974,2.0522494998693284,15.614406343412611,25.072159956591282,0,1
2023-06-01 17:23:00,2023-06-01 17:23:59,2.0655,2.0657,2.0645,2.066,2.0641552890718002,2.065425,2.0645,2.066,True,0.00202044279611785,0.0002380593701079587,0,2.0521947649003383,2.0529687783314183,18.94973586172128,18.94973586172128,2.0522955765146182,2.052383335691524,16.728353242922143,19.34529283403114,0,1
2023-06-01 17:24:00,2023-06-01 17:24:59,2.0656,2.0643,2.064,2.0659,2.0647901445359,2.0649499999999996,2.064,2.0659,True,0.00201183973925229,8.163907831364604e-05,0,2.0525817716158783,2.053359779454784,15.17167234572105,0.0,2.0524214911761645,2.0525019094657377,20.11639796886254,17.486385851732194,0,1
2023-06-01 17:25:00,2023-06-01 17:25:59,2.0642,2.0668,2.0642,2.067,2.06487007226795,2.06555,2.0642,2.067,True,0.002068136900734279,0.00011646037871781197,0,2.0529707755353312,2.053751255265772,16.449060467269916,0.0,2.0525521231047597,2.0526441790232925,18.783001542979427,18.5425842515878,0,2
2023-06-01 17:26:00,2023-06-01 17:26:59,2.0669,2.0674,2.066,2.0681,2.065210036133975,2.0671,2.066,2.0681,True,0.0020704128363961158,0.00014288596380910776,0,2.0533610154005517,2.054151053509649,18.042750281528058,0.0,2.0526968780987422,2.052791003112613,21.646576841398645,20.18199211774663,0,1
2023-06-01 17:27:00,2023-06-01 17:27:59,2.0673,2.0665,2.0655,2.0677,2.066155018066987,2.06675,2.0655,2.0677,True,0.002079669062367804,5.9606581034396186e-05,0,2.0537560344551005,2.0545522596501313,16.386981505444282,0.0,2.0528367101574614,2.0529274110418405,25.880436060130474,22.103338148169275,0,1
2023-06-01 17:28:00,2023-06-01 17:28:59,2.0665,2.0653,2.0646,2.0677,2.0664525090334935,2.0660250000000002,2.0646,2.0677,True,0.002152549843627238,-0.00011153009289029559,0,2.054154147052616,2.054946847265707,12.028113239615308,0.0,2.0529679369220637,2.0530505213797325,19.85566210680614,22.460891669444848,0,1
2023-06-01 17:29:00,2023-06-01 17:29:59,2.0653,2.0681,2.0653,2.0684,2.066238754516747,2.0667750000000003,2.0653,2.0684,True,0.002220224854796713,-5.731770341898309e-05,0,2.0545504971591613,2.0553386625770047,13.828497240351808,0.0,2.0531053206342817,2.0532002674356558,13.347332355676201,19.694476840870703,0,2
2023-06-01 17:30:00,2023-06-01 17:30:59,2.0682,2.0678,2.0661,2.0691,2.066506877258374,2.0678,2.0661,2.0691,True,0.0022759230794540987,-7.23221203183513e-05,0,2.0549445798680828,2.0557326395539817,14.187578045293378,0.0,2.0532515363493635,2.0533455384064454,18.746694790710524,17.316563084397384,0,1
2023-06-01 17:31:00,2023-06-01 17:31:59,2.0679,2.0703,2.0679,2.0706,2.067153438629187,2.069175,2.0679,2.0706,True,0.0023133571452073867,6.071442321051775e-05,0,2.0553386097110318,2.0561350492867714,17.612695985137236,0.0,2.053409978773748,2.053514239516829,40.46211667604915,24.185381274145055,0,2
2023-06-01 17:32:00,2023-06-01 17:32:59,2.0701,2.0706,2.0697,2.0729,2.0681642193145935,2.070825,2.0697,2.0729,True,0.0023766887776925797,0.00013253464177489984,0,2.0557368294989016,2.0565526579835183,20.21732672108915,0.0,2.0535832625670443,2.0536842470838255,65.33667553224375,41.5151623330009,0,2
2023-06-01 17:33:00,2023-06-01 17:33:59,2.0706,2.069,2.069,2.0709,2.069494609657297,2.0698749999999997,2.069,2.0709,True,0.002342639579285968,3.1049953665118236e-05,0,2.0561447437412097,2.0569728496814133,17.06289115076663,0.0,2.053745369407173,2.0538366426352304,65.20641262128116,57.00173494319112,0,1
2023-06-01 17:34:00,2023-06-01 17:34:59,2.069,2.0683,2.0678,2.0705,2.0696848048286483,2.0689,2.0678,2.0705,True,0.0023681653236226788,-0.00011626161456559838,0,2.0565587967113115,2.0573855024954923,13.083371479141931,0.0,2.0538961617513802,2.05398055663886,43.490990735942525,58.01135962982224,0,1
2023-06-01 17:35:00,2023-06-01 17:35:59,2.0683,2.0691,2.0677,2.0701,2.069292402414324,2.0688,2.0677,2.0701,True,0.0023704392290782145,-0.00018354071714183837,0,2.0569721496034017,2.0577887025498325,12.11697671603919,0.0,2.0540444586493765,2.0541309988613587,12.891003468743923,40.52946894198896,0,1
2023-06-01 17:36:00,2023-06-01 17:36:59,2.0691,2.0693,2.0688,2.0705,2.069046201207162,2.069425,2.0688,2.0705,True,0.0023225507127154874,-0.0002368988851272208,0,2.057380426076617,2.0581859821634567,11.90695907408135,0.0,2.0541974988618206,2.0542819341960716,4.459257240187418,20.280417148291047,0,1
2023-06-01 17:37:00,2023-06-01 17:37:59,2.0694,2.0662,2.0661,2.0694,2.069235600603581,2.067775,2.0661,2.0694,True,0.0023923685189500853,-0.0005047600104954308,0,2.0577832041200366,2.0585645540571096,4.012796914405023,0.0,2.054332598375633,2.0544005219155137,4.459257240187418,7.269839316372679,0,1
2023-06-01 17:38:00,2023-06-01 17:38:59,2.0662,2.0646,2.0646,2.0664,2.0685053003017906,2.06545,2.0646,2.0685053003017906,True,0.002350056481882208,-0.0007955962055221644,0,2.058173879088573,2.058909847852921,-3.6688013487744087,-3.6688013487744087,2.0544432192873185,2.0545020092596378,4.459257240187418,4.459257240187178,0,1
2023-06-01 17:39:00,2023-06-01 17:39:59,2.0646,2.0641,2.064,2.0646,2.0669776501508954,2.064325,2.064,2.0669776501508954,True,0.0022250524474620456,-0.0010115010307790943,0,2.058541863470747,2.059218853789226,-9.475893328964723,-9.475893328964723,2.054541545463564,2.0545975116550643,-2.842170943040401e-14,2.972838160124695,0,-2
2023-06-01 17:40:00,2023-06-01 17:40:59,2.0641,2.0629,2.062,2.0643,2.065651325075448,2.063325,2.062,2.065651325075448,True,0.0022304058440718974,-0.0012156153153756576,0,2.0588803586299864,2.059490308865739,-14.895425692985732,-14.895425692985732,2.0546289430211404,2.054680123479392,-2.842170943040401e-14,1.4864190800622128,0,-2
2023-06-01 17:41:00,2023-06-01 17:41:59,2.0628,2.0624,2.062,2.064,2.0644881625377236,2.0627999999999997,2.062,2.0644881625377236,True,0.0022139482837810636,-0.0013529576616160598,0,2.059185333747863,2.0597267353574313,-19.109852797784285,-19.109852797784285,2.0547102470706813,2.0547569381711392,-2.842170943040401e-14,-2.694141206423713e-13,0,-2
2023-06-01 17:42:00,2023-06-01 17:42:59,2.0625,2.0639,2.0623,2.0642,2.063644081268862,2.063225,2.0623,2.0642,True,0.0021915234063681313,-0.0013016117470037872,0,2.0594560345526474,2.0599368774127607,-16.461987651370457,-16.461987651370457,2.0547949709804256,2.05484791391073,1.5766343638102525,0.5255447879364908,0,-2
2023-06-01 17:43:00,2023-06-01 17:43:59,2.0639,2.0642,2.0638,2.0654,2.063434540634431,2.064325,2.0638,2.0654,True,0.002149271734484681,-0.0012107390562397522,0,2.0596964559827042,2.060132430918327,-13.713349216770126,-13.713349216770126,2.0548897971398246,2.0549409694937077,7.072519907706468,2.883051423838656,0,-2
2023-06-01 17:44:00,2023-06-01 17:44:59,2.0645,2.0644,2.0642,2.0653,2.0638797703172154,2.0646,2.0642,2.0653,True,0.0020743237534500683,-0.001103271519081917,0,2.059914443450516,2.06031704384351,-11.159971172761274,-11.159971172761274,2.0549864160737568,2.055035089200238,13.519210782624233,7.3894550180467435,0,-2
2023-06-01 17:45:00,2023-06-01 17:45:59,2.0643,2.0627,2.0623,2.0644,2.0642398851586075,2.0634249999999996,2.0623,2.0644,True,0.002076157771060777,-0.0011183844334847854,0,2.060115743647013,2.060483714782249,-13.483420735310816,-13.483420735310816,2.055070382082973,2.0551113569693897,14.379099220001976,11.656943303443986,0,-2
2023-06-01 17:46:00,2023-06-01 17:46:59,2.0626,2.0613,2.0612,2.0636,2.0638324425793035,2.062175,2.0612,2.0638324425793035,True,0.002099289358842163,-0.0011896734609299817,-1,2.060299729214631,2.060626539999663,-17.301255007883476,-17.301255007883476,2.0551410747985654,2.0551729355070076,8.88321367610576,12.260507892910416,-1,-2
2023-06-01 17:47:00,2023-06-01 17:47:59,2.0615,2.0612,2.0605,2.0624,2.0630037212896517,2.0614,2.0605,2.0630037212896517,True,0.0020850544046391206,-0.0012029961521287252,0,2.060463134607147,2.0607442940559135,-19.996667700577877,-19.996667700577877,2.055203352661266,2.0552329062979826,2.4365228011879965,8.566278565765003,0,-2
2023-06-01 17:48:00,2023-06-01 17:48:59,2.0609,2.0611,2.0601,2.0611,2.0622018606448256,2.0608,2.0601,2.0622018606448256,True,0.0020146933757363337,-0.0011762795954679225,0,2.0606037143315303,2.060837384854534,-21.966859765102278,-21.966859765102278,2.0552590406944873,2.0552912853397935,-2.842170943040401e-14,3.773245492431002,0,-2
2023-06-01 17:49:00,2023-06-01 17:49:59,2.0612,2.0615,2.0608,2.0615,2.0615009303224126,2.0612500000000002,2.0608,2.0615009303224126,True,0.0019207867060408916,-0.0010886697874775658,0,2.060720549593032,2.0609135068736566,-20.951629717242344,-20.951629717242344,2.0553186522298654,2.055353063595119,2.243038053051818,1.559853618079688,0,-2
2023-06-01 17:50:00,2023-06-01 17:50:59,2.0617,2.0634,2.0616,2.0639,2.0613754651612064,2.06265,2.0616,2.0639,True,0.0019550162270379518,-0.000860989567088574,0,2.0608170282333442,2.060985352464193,-12.369816699418912,-12.369816699418912,2.0553916009638966,2.0554331326140733,14.060369875122134,5.4344693093910665,0,-1
2023-06-01 17:51:00,2023-06-01 17:51:59,2.0634,2.0635,2.0632,2.0643,2.0620127325806035,2.0636,2.0632,2.0643,True,0.0018939436393923593,-0.000674994788631975,0,2.0609011903487686,2.061059856265564,-6.328101069376046,-6.328101069376046,2.0554732765761963,2.0555133999512467,42.59153969249104,19.63164920688809,0,-1
2023-06-01 17:52:00,2023-06-01 17:52:59,2.0636,2.0635,2.0635,2.0661,2.062806366290302,2.064175,2.0635,2.0661,True,0.0019443762365786306,-0.0005300568209900527,0,2.0609805233071663,2.061139886831202,-2.300290649347467,-0.0,2.055559860888871,2.055592868608448,73.68183497277253,43.444581513461664,0,-1
2023-06-01 17:53:00,2023-06-01 17:53:59,2.0636,2.0638,2.0632,2.0641,2.063490683145151,2.063675,2.0632,2.0641,True,0.0018697779339658484,-0.0003967339298739587,0,2.061060205069184,2.0612202890306928,1.6260179469673943,0.0,2.0556406085417183,2.055674531607369,90.39713589924754,68.89017018817013,0,-1
2023-06-01 17:54:00,2023-06-01 17:54:59,2.0638,2.0635,2.0632,2.0643,2.0635828415725754,2.0637,2.0632,2.0643,True,0.001814793795825406,-0.0003174015952964014,0,2.0611402470499387,2.0613006037021226,2.4250793766335548,0.0,2.055720801491552,2.0557523969645097,90.64240552937179,84.90712546713038,0,-1
2023-06-01 17:55:00,2023-06-01 17:55:59,2.0633,2.0657,2.063,2.0658,2.0636414207862877,2.06445,2.063,2.0658,True,0.0018851656675521408,-0.00010459089009836372,0,2.061220425376031,2.061385444215635,9.802821757764242,0.0,2.055807659188153,2.055851378089241,90.64240552937179,90.5606489859968,0,-1
2023-06-01 17:56:00,2023-06-01 17:56:59,2.0658,2.0648,2.0648,2.0659,2.0640457103931436,2.0653249999999996,2.0648,2.0659,True,0.001829082405584138,-2.7437766512033264e-05,0,2.061302934795833,2.0614792692908317,10.252034792806363,0.0,2.055902359096729,2.0559404191032784,95.44310611415978,92.24263905763422,1,-1
2023-06-01 17:57:00,2023-06-01 17:57:59,2.0648,2.0638,2.0634,2.065,2.0646853551965716,2.06425,2.0634,2.065,True,0.0018127193766138297,-4.82677865178032e-05,0,2.0613911020433324,2.061572148591607,6.609318502497111,0.0,2.055985420200244,2.0560186238883205,91.0434002633113,92.3763039689474,0,-2
2023-06-01 17:58:00,2023-06-01 17:58:59,2.0639,2.0654,2.0632,2.0654,2.0644676775982855,2.064475,2.0632,2.0654,True,0.001840382278284253,4.685283588309072e-05,0,2.06148162531747,2.0616651897660314,8.754886000922369,0.0,2.0560698936310873,2.056111970914307,83.74421198139264,90.07690611962101,0,-1
2023-06-01 17:59:00,2023-06-01 17:59:59,2.0653,2.0657,2.0644,2.0659,2.0644713387991427,2.065325,2.0644,2.0659,True,0.0018160692584068103,0.00012344902471822972,0,2.0615734075417507,2.061763551927261,10.892649362691436,0.0,2.056161984241723,2.0562073741887916,82.54885605356338,85.77882276608888,0,-1
2023-06-01 18:00:00,2023-06-01 18:00:59,2.0656,2.0641,2.0628,2.0668,2.064898169399571,2.064825,2.0628,2.0668,True,0.001972064311377753,5.414232390532994e-05,0,2.0616684797345055,2.061861997938059,6.479711840633648,0.0,2.056248183403497,2.056285907778953,85.87175462803641,84.05494088766392,0,-2
2023-06-01 18:01:00,2023-06-01 18:01:59,2.0643,2.0648,2.0643,2.0655,2.0648615846997855,2.0647249999999997,2.0643,2.0655,True,0.0019312025748507915,5.12425580273786e-05,0,2.061765238836282,2.0619591484135373,5.695292058850434,0.0,2.056332529837293,2.0563706251144858,86.63419087772661,85.0182671864419,0,-1
2023-06-01 18:02:00,2023-06-01 18:02:59,2.0646,2.063,2.063,2.0652,2.0647932923498926,2.06395,2.063,2.0652,True,0.0019504023909328605,-8.010513072747238e-05,0,2.0618621936249095,2.0620492950251847,0.18955540498396317,0.0,2.056408325560305,2.056436589043695,72.66788119101274,81.72460889892501,0,-2
2023-06-01 18:03:00,2023-06-01 18:03:59,2.0631,2.0617,2.0617,2.0632,2.0643716461749464,2.062425,2.0617,2.0643716461749464,True,0.0019182307915805174,-0.0002541845923603442,0,2.061955744325047,2.062122845822175,-6.003044144270049,-6.003044144270049,2.056468192967665,2.0564889612920165,44.96824901989503,68.09010702954457,-1,-2
2023-06-01 18:04:00,2023-06-01 18:04:59,2.0618,2.0611,2.0608,2.0628,2.0633983230874735,2.0616250000000003,2.0608,2.0633983230874735,True,0.001924071449324782,-0.00039966064545839824,0,2.062039295073611,2.0621773371301164,-11.14962605648509,-11.14962605648509,2.0565195044804248,2.0565348422741856,18.17166771879018,45.269265976565755,0,-2
2023-06-01 18:05:00,2023-06-01 18:05:59,2.0611,2.0607,2.0606,2.0622,2.062511661543737,2.06115,2.0606,2.062511661543737,True,0.0019009234886587136,-0.000505745348539416,0,2.0621083161018636,2.062213189894824,-15.263719441513253,-15.263719441513253,2.056565579062709,2.0565762866296664,-3.789561257387201e-14,21.04663891289483,0,-2
2023-06-01 18:06:00,2023-06-01 18:06:59,2.0608,2.0557,2.055,2.0612,2.0618308307718687,2.058175,2.055,2.0618308307718687,True,0.0022080003823259312,-0.0008962022160450678,0,2.062160752998344,2.062213710751465,-22.586861984104978,-22.586861984104978,2.0565815932013884,2.0565675673597195,-3.789561257387201e-14,6.057222572929809,0,-2
2023-06-01 18:07:00,2023-06-01 18:07:59,2.0556,2.0554,2.0546,2.0561,2.060002915385934,2.0554250000000005,2.0546,2.060002915385934,True,0.0021574289264454797,-0.001129234775043596,0,2.062187231874905,2.062167543050251,-27.622075778650576,-27.622075778650576,2.056570084811325,2.0565559497740504,-3.789561257387201e-14,-2.6369030415985937e-13,0,-2
2023-06-01 18:08:00,2023-06-01 18:08:59,2.0555,2.0546,2.0543,2.0559,2.0577139576929673,2.055075,2.0543,2.0577139576929673,True,0.002117612574556504,-0.001282467078832309,0,2.062177387462578,2.062082532506412,-31.40246546815247,-31.40246546815247,2.0565552083455407,2.056536487587244,-3.789561257387201e-14,-2.6369030415985937e-13,0,-2
2023-06-01 18:09:00,2023-06-01 18:09:59,2.0548,2.055,2.0546,2.0557,2.0563944788464834,2.055025,2.0546,2.0563944788464834,True,0.002044925962088158,-0.0012928467189535758,0,2.062129959984495,2.0619671809289715,-32.192812618493434,-32.192812618493434,2.0565399823918535,2.05652119915354,-3.789561257387201e-14,-2.6369030415985937e-13,0,-2
2023-06-01 18:10:00,2023-06-01 18:10:59,2.055,2.0548,2.0543,2.057,2.055709739423242,2.055275,2.0543,2.057,True,0.0020917169647961414,-0.0012494338013042659,0,2.0620485704567333,2.0618304483427603,-32.90262538027454,-32.90262538027454,2.0565273955023824,2.0565040727938033,1.538297704346636,0.5127659014486275,0,-2
2023-06-01 18:11:00,2023-06-01 18:11:59,2.0548,2.0527,2.0523,2.0548,2.055492369711621,2.05365,2.0523,2.055492369711621,True,0.002120880038739302,-0.0013014373221153608,0,2.061939509399747,2.0616666712408014,-34.93727961875976,-34.93727961875976,2.0564987647013635,2.0564662213232183,1.538297704346636,1.0255318028975189,0,-2
2023-06-01 18:12:00,2023-06-01 18:12:59,2.0527,2.0547,2.0527,2.0547,2.054571184855811,2.0537,2.0527,2.0547,True,0.0021122457502579075,-0.0011295279865764477,0,2.0618030903202746,2.0614830685396655,-28.74148339028939,-28.74148339028939,2.056470916296375,2.0564486469816936,1.842372800227387,1.6396560696399938,0,-1
2023-06-01 18:13:00,2023-06-01 18:13:59,2.0548,2.0545,2.0532,2.0553,2.0541355924279054,2.05445,2.0532,2.0553,True,0.0021113710538109135,-0.0009695835287950125,0,2.0616430794299703,2.0612902625122556,-24.943423358739004,-24.943423358739004,2.0564508076765105,2.0564292574594876,5.590045135532311,2.9902385467018853,0,-1
2023-06-01 18:14:00,2023-06-01 18:14:59,2.0542,2.0543,2.054,2.0549,2.0542927962139528,2.05435,2.054,2.0549,True,0.0020248445499672857,-0.0008229729169758906,0,2.061466670971113,2.0610908473893907,-22.785225558944013,-22.785225558944013,2.05642990411754,2.0564080708180996,10.7191506238427,6.050522853200573,0,-1
2023-06-01 18:15:00,2023-06-01 18:15:59,2.0542,2.0527,2.052,2.0542,2.0543213981069766,2.0532749999999997,2.052,2.0543213981069766,True,0.002044498510683906,-0.0007862219327635653,0,2.061278759180252,2.0608802214357844,-23.95267853410839,-23.95267853410839,2.0563985120367683,2.056371174591054,13.372483467191264,9.893893075521866,0,-2
2023-06-01 18:16:00,2023-06-01 18:16:59,2.0527,2.0509,2.05,2.0529,2.053798199053488,2.051625,2.05,2.053798199053488,True,0.0021056057599207942,-0.0008345792631073053,0,2.0610794903080185,2.060650893479612,-26.71334357343959,-26.71334357343959,2.056351014404562,2.056316735042884,8.086513427539666,10.726049172857651,0,-2
2023-06-01 18:17:00,2023-06-01 18:17:59,2.051,2.0497,2.0492,2.0518,2.052711599526744,2.0504249999999997,2.0492,2.052711599526744,True,0.0021409196342121774,-0.0008932851431920604,0,2.0608651918938152,2.0604001814628,-29.54338213342402,-29.54338213342402,2.0562920490871033,2.0562508968832534,2.9574079392292774,8.138801611319844,0,-2
2023-06-01 18:18:00,2023-06-01 18:18:59,2.0496,2.0508,2.0496,2.0512,2.051568299763372,2.0503,2.0496,2.051568299763372,True,0.0021022825174827555,-0.000796873192831058,0,2.0606326866783076,2.060133496142786,-27.019981328783715,-27.019981328783715,2.056232426708127,2.0561966591033203,-4.026408835973901e-14,3.681307122256076,0,-1
2023-06-01 18:19:00,2023-06-01 18:19:59,2.0508,2.0537,2.0508,2.0543,2.050934149881686,2.0524,2.0508,2.0543,True,0.00220211948051969,-0.0004797719275081197,0,2.060383091410547,2.05987047290701,-17.434591555092666,-17.434591555092666,2.056194293109041,2.056171816724183,33.33333333333329,12.096913757520618,0,-1
2023-06-01 18:20:00,2023-06-01 18:20:59,2.0536,2.0543,2.0523,2.0547,2.051667074940843,2.053725,2.0523,2.0547,True,0.0022162538033397247,-0.00019115644854188815,0,2.0601267821587785,2.0596212283841124,-9.828026890121798,-0.0,2.056169723028354,2.056153191682151,66.66666666666663,33.333333333333066,0,-1
2023-06-01 18:21:00,2023-06-01 18:21:59,2.0544,2.0554,2.0541,2.0561,2.0526960374704215,2.0549999999999997,2.0541,2.0561,True,0.0022008071031011573,0.00010068165798232187,0,2.0598740052714457,2.0593932898771716,-2.636168841895085,-0.0,2.056158083993246,2.0561456972375525,99.99999999999996,66.6666666666664,0,-1
2023-06-01 18:22:00,2023-06-01 18:22:59,2.0554,2.0555,2.0546,2.0562,2.0538480187352106,2.055425,2.0546,2.0562,True,0.0021578923100224905,0.0003127645496917757,0,2.0596336475743087,2.059186605598965,2.3537320042354466,0.0,2.056150789625154,2.0561392723894176,99.99999999999996,88.88888888888863,0,-1
2023-06-01 18:23:00,2023-06-01 18:23:59,2.0555,2.058,2.0552,2.0585,2.0546365093676053,2.0568,2.0552,2.0585,True,0.0022394714307351596,0.0006278219570931367,0,2.059410126586637,2.0590075069607274,9.633624655843597,9.633624655843597,2.0561572494298788,2.0561577870920105,99.99999999999996,99.99999999999973,0,-1
2023-06-01 18:24:00,2023-06-01 18:24:59,2.0581,2.0584,2.0575,2.0585,2.0557182546838026,2.058125,2.0575,2.0585,True,0.0021509377571112117,0.000850285091112409,0,2.059208816773682,2.0588604464070497,14.977279079838638,14.977279079838638,2.0561768290375415,2.0561800976682094,99.99999999999996,99.99999999999973,0,-1
2023-06-01 18:25:00,2023-06-01 18:25:59,2.0584,2.0604,2.058,2.0604,2.056921627341901,2.0593,2.058,2.0604,True,0.0021687279173175666,0.0011112211173181898,1,2.059034631590366,2.05874768040402,20.60716791128455,20.60716791128455,2.0562079053655262,2.056222086746138,99.99999999999996,99.99999999999973,0,-1
2023-06-01 18:26:00,2023-06-01 18:26:59,2.0605,2.056,2.056,2.0613,2.0581108136709503,2.05845,2.056,2.0613,True,0.0023923902089377463,0.0009446441695936205,0,2.058891155997193,2.0586568565326537,13.384256676594873,13.384256676594873,2.056230214764874,2.056219876927768,97.07048726852389,99.02349575617438,0,-2
2023-06-01 18:27:00,2023-06-01 18:27:59,2.0559,2.0548,2.0541,2.0561,2.0582804068354754,2.055225,2.0541,2.0582804068354754,True,0.0023643623368707484,0.0007270322573243856,0,2.0587740062649234,2.058561804074527,6.671422405226572,6.671422405226572,2.05622021262791,2.0562057487991336,85.11535339254262,94.06194688702193,0,-2
2023-06-01 18:28:00,2023-06-01 18:28:59,2.0548,2.0538,2.0534,2.0548,2.0567527034177377,2.0542,2.0534,2.0567527034177377,True,0.002295479312808573,0.0004987223032110735,0,2.058667905169725,2.0584570419912023,0.6940991824004854,0.0,2.056200111009722,2.0561818110001373,70.83846132028339,84.34143399378308,0,-2
2023-06-01 18:29:00,2023-06-01 18:29:59,2.0538,2.0548,2.0538,2.0554,2.0554763517088688,2.05445,2.0538,2.0554763517088688,True,0.002245802219036551,0.0004100750052033579,0,2.058562473580464,2.058347069496844,-1.0211865624089924,-0.0,2.0561826969698243,2.056168061636952,60.26972343102195,72.07451271461578,0,-2
2023-06-01 18:30:00,2023-06-01 18:30:59,2.0548,2.0567,2.0535,2.0567,2.0549631758544344,2.0554250000000005,2.0535,2.0567,True,0.0023139592033910895,0.0004767487480247107,0,2.058454771538654,2.058240438874378,1.5049116599276502,0.0,2.056175157696493,2.0561733545559875,61.7364565271041,64.28154709280294,0,-1
2023-06-01 18:31:00,2023-06-01 18:31:59,2.0567,2.0564,2.0554,2.057,2.0551940879272177,2.056375,2.0554,2.057,True,0.00226296211743457,0.0004892132753240186,0,2.058347605206516,2.058143688940914,2.4934410182486246,0.0,2.0561771461771245,2.056175609734535,68.29321308786912,63.433131015331504,0,-1
2023-06-01 18:32:00,2023-06-01 18:32:59,2.0565,2.057,2.0565,2.0572,2.055784543963609,2.0568,2.0565,2.0572,True,0.0021584648233320945,0.000526985823647399,0,2.058245647073715,2.0580582979027944,4.386957923760448,4.386957923760448,2.056183343727601,2.0561838126227485,72.25783970851954,67.42916977449737,0,-1
2023-06-01 18:33:00,2023-06-01 18:33:59,2.0569,2.0568,2.0561,2.0574,2.056292271981804,2.0568,2.0561,2.0574,True,0.0020971459073798075,0.0005237073440898783,0,2.058151972488255,2.057982435676194,5.038247285800416,5.038247285800416,2.0561894796109086,2.0561899438404327,70.20377739290832,70.25161006309877,0,2
2023-06-01 18:34:00,2023-06-01 18:34:59,2.0567,2.0568,2.0561,2.0572,2.056546135990902,2.0567,2.0561,2.0572,True,0.0020259211997098285,0.0005068945686997439,0,2.0580672040822248,2.0579139099391197,5.472440193827062,5.472440193827062,2.056194559415775,2.056196014050976,61.943396866512266,68.13500465597981,0,2
2023-06-01 18:35:00,2023-06-01 18:35:59,2.0567,2.0557,2.0544,2.057,2.056623067995451,2.05595,2.0544,2.057,True,0.002066926828301995,0.0004058301616446682,0,2.0579905570106725,2.0578464846336764,2.0109780115923215,0.0,2.0561921259887526,2.056191078587782,49.577384575464485,60.574852944961464,0,1
2023-06-01 18:36:00,2023-06-01 18:36:59,2.0556,2.0575,2.0556,2.0579,2.0562865339977257,2.0566500000000003,2.0556,2.0579,True,0.002083574911994707,0.00045302664421112047,0,2.0579185208221746,2.0577851910595197,4.859708258616287,4.859708258616287,2.0561966819490634,2.056204102681436,45.950353248106204,52.490378230027424,0,2
2023-06-01 18:37:00,2023-06-01 18:37:59,2.0573,2.0586,2.0572,2.0586,2.0564682669988628,2.057925,2.0572,2.0586,True,0.0020347481325665344,0.0005452196694303716,0,2.0578518559408474,2.0577378934355472,9.009930439753418,9.009930439753418,2.0562138791436,2.05622794245575,55.2809057404048,50.26954785465826,1,2
2023-06-01 18:38:00,2023-06-01 18:38:59,2.0585,2.0563,2.0563,2.0591,2.0571966334994314,2.05755,2.0563,2.0591,True,0.002089408980240363,0.00042833204653186497,0,2.0577948746881973,2.057699366534783,5.034472424197567,5.034472424197567,2.0562271738784896,2.0562286594462402,67.2070416687075,56.14610021907259,0,1
2023-06-01 18:39:00,2023-06-01 18:39:59,2.0562,2.0556,2.0555,2.0569,2.0573733167497155,2.0560500000000004,2.0555,2.0573733167497155,True,0.002040165481651786,0.00029053036800656944,0,2.0577471206114906,2.0576577176263955,0.8320638227011798,0.0,2.0562254109543256,2.056222404128367,63.94422165638148,62.144056355164345,-1,1
2023-06-01 18:40:00,2023-06-01 18:40:59,2.0556,2.0576,2.0556,2.0579,2.0567116583748577,2.0566750000000003,2.0556,2.0579,True,0.0020587250901052275,0.00033006264827800875,0,2.0577024191189435,2.0576181846599195,2.8898191958044848,0.0,2.056229884477168,2.0562361115499757,57.448923248503206,62.86672885786382,1,2
2023-06-01 18:41:00,2023-06-01 18:41:59,2.0577,2.058,2.057,2.0584,2.056693329187429,2.0577750000000004,2.057,2.0584,True,0.002011673297954843,0.0003722186792888065,0,2.057660301889432,2.0575881359973947,5.082700232259356,5.082700232259356,2.056245258760977,2.0562536626788317,64.60743400256557,62.00019296914984,0,2
2023-06-01 18:42:00,2023-06-01 18:42:59,2.0585,2.0587,2.0582,2.059,2.057234164593715,2.0586,2.0582,2.059,True,0.0019394109195295208,0.00043414205031727123,0,2.0576242189434137,2.0575714209372085,7.9954860323878805,7.9954860323878805,2.056268689022062,2.056278004343719,84.0397484377602,68.69870189627608,0,2
2023-06-01 18:43:00,2023-06-01 18:43:59,2.0588,2.0583,2.0583,2.059,2.0579170822968575,2.0586,2.0583,2.059,True,0.0018508815681345654,0.00042992800402869697,0,2.0575978199403115,2.057565318199002,8.47824839246855,8.47824839246855,2.0562918861462203,2.056298123703483,97.18501039123016,81.94406427718506,0,2
2023-06-01 18:44:00,2023-06-01 18:44:59,2.0581,2.0587,2.0573,2.0589,2.0582585411484287,2.0582499999999997,2.0573,2.0589,True,0.001832961456124941,0.00043729851449323943,0,2.057581569069657,2.057565211115584,9.828127494231211,9.828127494231211,2.0563113698661586,2.056322022970115,93.93730630816991,91.72068837905317,0,2
2023-06-01 18:45:00,2023-06-01 18:45:59,2.0586,2.0571,2.057,2.0591,2.0582542705742144,2.05795,2.057,2.0591,True,0.0018520356378303015,0.00031397106074909414,0,2.0575733900926205,2.0575677668690124,5.154545360023107,5.154545360023107,2.05632767464361,2.056329764035089,82.60604469881225,91.24278713273719,0,1
2023-06-01 18:46:00,2023-06-01 18:46:59,2.0571,2.056,2.0556,2.0575,2.058102135287107,2.05655,2.0556,2.058102135287107,True,0.0018554616636995665,0.000145453631642443,0,2.0575705784808167,2.0575627960685794,-0.7209027649975468,-0.0,2.056329886836211,2.056326482800909,49.272711365478926,75.27202079082012,0,1
2023-06-01 18:47:00,2023-06-01 18:47:59,2.0559,2.0543,2.0542,2.0564,2.0573260676435536,2.0552,2.0542,2.0573260676435536,True,0.0018800715448638976,-8.609474370853724e-05,0,2.057566687274698,2.05754267122866,-7.778255374781864,-0.0,2.056318644181124,2.05630631879294,22.002071723975664,51.29360926275536,-1,1
2023-06-01 18:48:00,2023-06-01 18:48:59,2.0545,2.0541,2.054,2.0548,2.056263033821777,2.05435,2.054,2.056263033821777,True,0.0018029235773736447,-0.0002450008001159046,0,2.057554679251679,2.0575049216807395,-12.803841203428881,-12.803841203428881,2.0562990556818095,2.0562843653721146,-2.3684757858670007e-14,23.758261029817934,0,-2
2023-06-01 18:49:00,2023-06-01 18:49:59,2.0541,2.0542,2.0537,2.0545,2.055306516910888,2.054125,2.0537,2.055306516910888,True,0.0017312861789898065,-0.0003288353860695745,0,2.0575298004662095,2.0574520113390267,-15.665529562158554,-15.665529562158554,2.0562774232869656,2.056263625418163,-2.3684757858670007e-14,7.334023907991618,0,-2
2023-06-01 18:50:00,2023-06-01 18:50:59,2.0543,2.0546,2.0542,2.0554,2.054715758455444,2.054625,2.0542,2.0554,True,0.0016933371662048427,-0.0003392616637788082,0,2.0574909059026183,2.0573909583506866,-15.477225666214785,-15.477225666214785,2.05626098126421,2.056247071931415,4.864911278855684,1.6216370929516246,0,-2
2023-06-01 18:51:00,2023-06-01 18:51:59,2.0546,2.0543,2.0537,2.0551,2.054670379227722,2.054425,2.0537,2.0551,True,0.0016723845114759144,-0.0003492052078306314,0,2.0574409321266525,2.057322541275128,-16.2061817584892,-16.2061817584892,2.056242712793919,2.056227698081351,8.357596907638888,4.407502728831262,0,-2
2023-06-01 18:52:00,2023-06-01 18:52:59,2.0543,2.0523,2.0523,2.0544,2.054547689613861,2.053325,2.0523,2.054547689613861,True,0.00170292847494192,-0.0004743915025798394,0,2.0573817367008904,2.057241248645999,-20.681638102850574,-20.681638102850574,2.0562136808258202,2.0561886165084022,8.357596907638888,7.193368364710899,0,-2
2023-06-01 18:53:00,2023-06-01 18:53:59,2.0524,2.0552,2.0524,2.0553,2.0539363448069308,2.053825,2.0524,2.0553,True,0.0017955764410175054,-0.0003316906376032403,0,2.057311492673445,2.0571538072886164,-13.266948777880131,-13.266948777880131,2.056189912857404,2.056178779528219,8.237758951508738,8.317650922261917,0,-1
2023-06-01 18:54:00,2023-06-01 18:54:59,2.0551,2.0551,2.0549,2.0555,2.0538806724034653,2.05515,2.0549,2.0555,True,0.0017101781238019647,-0.00022737225082711547,0,2.0572326499810307,2.0570712158440316,-8.597983821867487,-0.0,2.056179565465788,2.05616804540356,20.83402328414164,12.4764597144295,0,-1
2023-06-01 18:55:00,2023-06-01 18:55:59,2.0551,2.0551,2.0538,2.0557,2.0545153362017325,2.054925,2.0538,2.0557,True,0.0017237368292446823,-0.00014532463099452785,0,2.0571519329125314,2.056991465695763,-5.485340517859058,-0.0,2.0561670822273226,2.0561574180861117,35.36601451366898,21.479265583106198,0,-1
2023-06-01 18:56:00,2023-06-01 18:56:59,2.055,2.0534,2.0532,2.0552,2.054720168100866,2.0542,2.0532,2.0552,True,0.001743469912870078,-0.00019769367830354948,0,2.057071699304147,2.0569095254198824,-8.159959770069669,-0.0,2.0561475092698367,2.05612998109023,40.233479760563846,32.144505852791234,0,-2
2023-06-01 18:57:00,2023-06-01 18:57:59,2.0534,2.0537,2.0528,2.0552,2.054460084050433,2.053775,2.0528,2.0552,True,0.0017903649190936567,-0.00019715033003453333,0,2.0569906123620147,2.056823507086591,-8.754757625259082,-0.0,2.0561239022124256,2.056105802173909,31.618278708675934,35.73925766096933,0,-2
2023-06-01 18:58:00,2023-06-01 18:58:59,2.0538,2.0541,2.0527,2.0544,2.0541175420252165,2.05375,2.0527,2.0544,True,0.0017839102820155091,-0.0001552428725388734,0,2.056907059724303,2.0567346967206785,-7.50464335200715,-0.0,2.056100281294889,2.056085843943323,25.010761173404347,32.287506547547785,0,-1
2023-06-01 18:59:00,2023-06-01 18:59:59,2.054,2.0539,2.0522,2.055,2.053933771012608,2.053775,2.0522,2.055,True,0.001856488119014411,-0.00012936321088794422,0,2.056820878222491,2.0566444690279915,-7.3778985114436395,-0.0,2.0560771441675767,2.0560640942523447,28.514668495425976,28.38123612583516,0,-1
2023-06-01 19:00:00,2023-06-01 19:00:59,2.0541,2.0561,2.0541,2.0565,2.053854385506304,2.0552,2.0541,2.0565,True,0.001909596110513393,4.9774679923971334e-05,0,2.056732673625241,2.0565635215373304,0.008031157704600389,0.0,2.0560684163649143,2.056064451523466,54.37425291923111,35.96656086268688,0,-1
2023-06-01 19:01:00,2023-06-01 19:01:59,2.0561,2.0557,2.0553,2.0561,2.0545271927531523,2.0557999999999996,2.0553,2.0561,True,0.0018303392454767158,0.00014158880268767913,0,2.0566480975812858,2.056494552438938,3.2649233487937295,3.2649233487937295,2.0560657455553133,2.0560608251401478,79.7831125583087,54.22401132432167,0,-1
2023-06-01 19:02:00,2023-06-01 19:02:59,2.0557,2.0556,2.0539,2.0558,2.055163596376576,2.05525,2.0539,2.0558,True,0.0018353150136569513,0.00019316343267449312,0,2.056571325010112,2.0564317136294736,4.985123952169403,4.985123952169403,2.0560576286841163,2.05605623981537,93.7379215809868,75.96509568617527,0,-1
2023-06-01 19:03:00,2023-06-01 19:03:59,2.0556,2.0552,2.0552,2.0563,2.055206798188288,2.055575,2.0552,2.0563,True,0.0017827925126814304,0.00019551960568699178,0,2.056501519319793,2.05637636222628,4.22323204302328,4.22323204302328,2.0560528264086524,2.0560477200162124,91.14765953914291,88.22289789281253,0,2
2023-06-01 19:04:00,2023-06-01 19:04:59,2.0552,2.0531,2.0531,2.0553,2.055390899094144,2.054175,2.0531,2.055390899094144,True,0.0018125930474898824,4.905810796379528e-05,0,2.0564389407730364,2.056317679991338,-2.9905114994733495,-0.0,2.0560341415687655,2.0560183894687873,73.66123246165255,86.18227119392715,0,-2
2023-06-01 19:05:00,2023-06-01 19:05:59,2.0531,2.0545,2.0531,2.0548,2.054782949547072,2.053875,2.0531,2.0548,True,0.0018045506869548932,5.287715794382035e-05,0,2.056378310382187,2.056254719672635,-2.542278476584791,-0.0,2.0560126575730564,2.056003281115864,59.586014223933084,74.79830207490926,0,-1
2023-06-01 19:06:00,2023-06-01 19:06:59,2.0547,2.0557,2.0544,2.056,2.054328974773536,2.0552,2.0544,2.056,True,0.0017899399236009914,0.00013988509912085342,0,2.056316515027411,2.0561979140723343,1.095585945719634,0.0,2.056004571428051,2.056000263393318,56.01490200116637,63.087382895583744,0,2
2023-06-01 19:07:00,2023-06-01 19:07:59,2.0557,2.0559,2.0556,2.0565,2.054764487386768,2.055925,2.0556,2.0565,True,0.0017263727862009293,0.00020797091365689377,0,2.056257214549873,2.0561513181429567,4.039009396648119,4.039009396648119,2.056003779672548,2.055999265747613,73.50132907865674,63.03408176791847,0,2
2023-06-01 19:08:00,2023-06-01 19:08:59,2.0558,2.0556,2.0555,2.0561,2.055344743693384,2.0557499999999997,2.0555,2.0561,True,0.0016459175871865724,0.00022614082131424036,0,2.056204266346415,2.0561118793708193,4.743171300900592,4.743171300900592,2.056001254501677,2.0559952929541048,91.35339571879634,73.62320893287288,0,2
2023-06-01 19:09:00,2023-06-01 19:09:59,2.0556,2.0562,2.0555,2.0563,2.055547371846692,2.0559000000000003,2.0555,2.0563,True,0.0015854949023875252,0.0002725678515741362,0,2.056158072858617,2.0560793752303486,7.131890313476937,7.131890313476937,2.0560002469941976,2.0559973298401335,97.00635417769767,87.28702632504998,0,2
2023-06-01 19:10:00,2023-06-01 19:10:59,2.0563,2.0571,2.0561,2.0571,2.055723685923346,2.0566500000000003,2.0561,2.0571,True,0.0015436738379312972,0.0003553059175353568,0,2.0561187240444827,2.056057699584727,11.1516989032475,11.1516989032475,2.0560067121982355,2.05600830168252,97.00635417769767,95.12203469139696,1,2
2023-06-01 19:11:00,2023-06-01 19:11:59,2.0572,2.0575,2.0563,2.0578,2.056186842961673,2.0572,2.0563,2.0578,True,0.0015405542780790658,0.00042293960375175123,0,2.056088211814605,2.0560484715921383,14.78177360784396,14.78177360784396,2.056018585708701,2.0560231444518484,99.4915841942907,97.83476418322842,0,2
2023-06-01 19:12:00,2023-06-01 19:12:59,2.0577,2.0591,2.0577,2.0591,2.0566934214808366,2.0584,2.0577,2.0591,True,0.0015448004010734056,0.0005593664322472968,0,2.0560683417033716,2.056057340314322,20.06789226448531,20.06789226448531,2.056042281373291,2.0560537599299393,99.99999999999996,98.83264612399584,0,2
2023-06-01 19:13:00,2023-06-01 19:13:59,2.0592,2.0593,2.0588,2.0594,2.057546710740418,2.059175,2.0588,2.0594,True,0.0014773146581395862,0.0006372315956437706,0,2.056062841008847,2.0560857131826324,23.876539985245998,23.876539985245998,2.05607345270291,2.056086060826159,99.99999999999996,99.83052806476326,0,2
2023-06-01 19:14:00,2023-06-01 19:14:59,2.0594,2.0601,2.0594,2.0601,2.058360855370209,2.05975,2.0594,2.0601,True,0.0014289350397010381,0.0007138413419493601,0,2.05607427709574,2.0561331922457953,27.493244464012193,27.493244464012193,2.05611003526308,2.056126000519431,99.99999999999996,99.99999999999967,0,2
2023-06-01 19:15:00,2023-06-01 19:15:59,2.0601,2.061,2.0601,2.0614,2.0590554276851045,2.06065,2.0601,2.0614,True,0.0014197253940081125,0.0007918914890170458,0,2.0561037346707676,2.0562015629507844,30.875903381904024,30.875903381904024,2.056155209041557,2.0561744980267003,99.99999999999996,99.99999999999967,0,2
2023-06-01 19:16:00,2023-06-01 19:16:59,2.0611,2.0612,2.0611,2.0613,2.0598527138425524,2.0611750000000004,2.0611,2.0613,True,0.0013397450087218323,0.0008180757228897723,0,2.056152648810776,2.0562895147548788,33.330492782703686,33.330492782703686,2.0562051572102975,2.0562245030214594,99.99999999999996,99.99999999999967,0,2
2023-06-01 19:17:00,2023-06-01 19:17:59,2.0611,2.0625,2.0609,2.0626,2.0605138569212764,2.061775,2.0609,2.0626,True,0.0013654775080988468,0.0008836443750818339,0,2.0562210817828275,2.056396396091173,36.04159416843841,36.04159416843841,2.056260578531588,2.056286945777465,99.99999999999996,99.99999999999967,0,2
2023-06-01 19:18:00,2023-06-01 19:18:59,2.0625,2.0627,2.0619,2.0627,2.061144428460638,2.0624499999999997,2.0619,2.0627,True,0.0013250862575203515,0.0008948611045704138,0,2.0563087389370005,2.0565220786795,37.9860710074108,37.9860710074108,2.0563221648148557,2.0563507572622663,99.99999999999996,99.99999999999967,0,2
2023-06-01 19:19:00,2023-06-01 19:19:59,2.0626,2.0632,2.0624,2.0634,2.061797214230319,2.0629,2.0624,2.0634,True,0.001301865810554636,0.0008895444747838727,0,2.0564154088082502,2.0566647887881175,39.624380114601635,39.624380114601635,2.0563876159112255,2.0564189089312985,99.99999999999996,99.99999999999967,0,2
2023-06-01 19:20:00,2023-06-01 19:20:59,2.0629,2.0617,2.0613,2.063,2.0623486071151595,2.062225,2.0613,2.063,True,0.0013445896812293058,0.0007351820532768964,0,2.056540098798184,2.056815294422256,31.038796256670167,31.038796256670167,2.0564456993349944,2.056471457101136,92.59180022525618,97.53060007508509,0,1
2023-06-01 19:21:00,2023-06-01 19:21:59,2.0617,2.0628,2.0617,2.0628,2.06228680355758,2.06225,2.0617,2.0628,True,0.001327118989712934,0.0006684729395525768,0,2.0566776966102203,2.05697107642634,27.91295275265736,27.91295275265736,2.056503453570467,2.0565344276772444,85.28536829367467,92.62572283964333,0,1
2023-06-01 19:22:00,2023-06-01 19:22:59,2.0628,2.0626,2.062,2.0628,2.0622684017787902,2.06255,2.062,2.0628,True,0.0012894676333048926,0.0005711952341056028,0,2.0568243865182803,2.05713200204241,24.755429992646285,24.755429992646285,2.056563618211557,2.0565947816307046,79.0519810462357,85.64304985505525,0,1
2023-06-01 19:23:00,2023-06-01 19:23:59,2.0624,2.0628,2.0621,2.0628,2.062409200889395,2.062525,2.0621,2.0628,True,0.0012473628023545534,0.0004850175765664126,0,2.056978194280345,2.0572957016129187,23.18876897293805,23.18876897293805,2.056622935443283,2.0566565250970656,78.7199099836218,81.01908644117712,0,1
2023-06-01 19:24:00,2023-06-01 19:24:59,2.0627,2.0584,2.0584,2.0629,2.0624671004446977,2.0606,2.0584,2.0629,True,0.0014796940307578116,9.366520388820682e-05,0,2.057136947946632,2.0574472544369526,8.725147343745562,0.0,2.0566625082249415,2.05667387310605,52.69300858186998,70.15496653724223,0,1
2023-06-01 19:25:00,2023-06-01 19:25:59,2.0584,2.0583,2.0577,2.0589,2.061533550222349,2.058325,2.0577,2.061533550222349,True,0.0014597158857036726,-0.00018271682128050246,-1,2.0572921011917926,2.0575725953091375,-1.0705327011787276,-0.0,2.0566790504316583,2.056690053473154,25.59306249597562,52.335327020488876,0,1
2023-06-01 19:26:00,2023-06-01 19:26:59,2.0583,2.0555,2.0555,2.0583,2.059929275111174,2.0568999999999997,2.0555,2.059929275111174,True,0.001555450465296277,-0.0005572025523643007,0,2.0574323482504653,2.0576666623401776,-10.940056508373935,-10.940056508373935,2.056681248934826,2.056678212145063,-3.789561257387201e-14,26.09535702594826,0,1
2023-06-01 19:27:00,2023-06-01 19:27:59,2.0558,2.0575,2.0557,2.0575,2.058414637555587,2.0566250000000004,2.0557,2.058414637555587,True,0.001587204003489416,-0.0006482491118319008,0,2.0575495052953214,2.0577335750638253,-11.431069291916565,-11.431069291916565,2.056680689243932,2.0566863891386444,-3.789561257387201e-14,8.531020831991587,0,1
2023-06-01 19:28:00,2023-06-01 19:28:59,2.0575,2.0583,2.0567,2.0585,2.0575198187777937,2.05775,2.0567,2.0585,True,0.0016024037175258721,-0.0006331831138182416,0,2.0576415401795733,2.0577863686142526,-9.719141656360584,-9.719141656360584,2.0566913291519526,2.056702444968111,5.159006917830583,1.7196689726099077,0,-2
2023-06-01 19:29:00,2023-06-01 19:29:59,2.0584,2.0584,2.0583,2.0587,2.057634909388897,2.0584499999999997,2.0583,2.0587,True,0.0015165177377025924,-0.0005971547632638737,0,2.057713954396913,2.057832486564834,-8.305947823111339,-8.305947823111339,2.056708828364371,2.0567193360629554,13.232067429883699,6.130358115904486,0,-2
2023-06-01 19:30:00,2023-06-01 19:30:59,2.0584,2.0606,2.0584,2.0608,2.0580424546944482,2.0595499999999998,2.0584,2.0608,True,0.0015796236135809916,-0.00040421626294810014,0,2.0577732204808736,2.057880579520336,-2.246876327776974,-0.0,2.0567370987289046,2.056757949634468,25.4805914130506,14.623888586921368,0,2
2023-06-01 19:31:00,2023-06-01 19:31:59,2.0606,2.062,2.0605,2.062,2.058796227347224,2.061275,2.0605,2.062,True,0.0015739362126108933,-0.00017269029028990678,0,2.057826900000605,2.057941732776758,4.125803205904937,0.0,2.0567822519753833,2.056810109339598,38.05033558076831,25.58766480790061,0,2
2023-06-01 19:32:00,2023-06-01 19:32:59,2.0621,2.0622,2.0617,2.0623,2.060035613673612,2.062075,2.0617,2.0623,True,0.001504369340281539,-8.615150137836636e-06,0,2.0578843163886815,2.058018237774341,8.694888924815722,0.0,2.0568349161348323,2.056863740092438,49.90620688032805,37.81237795804873,0,2
2023-06-01 19:33:00,2023-06-01 19:33:59,2.0621,2.0631,2.0602,2.0638,2.0610553068368063,2.0623,2.0602,2.0638,True,0.0016540572445471469,0.00015249838858322163,1,2.057951277081511,2.0581078481393376,13.194231172908182,13.194231172908182,2.0568892950787645,2.0569257924298268,60.94882839564824,49.635123618914605,0,2
2023-06-01 19:34:00,2023-06-01 19:34:59,2.0632,2.0617,2.0613,2.0632,2.0616776534184034,2.0623500000000003,2.0613,2.0632,True,0.0016716245842223515,0.00014650022955713343,0,2.0580295626104244,2.058207504683036,11.334762142321061,11.334762142321061,2.0569436304511153,2.056973296982764,66.67300376476369,59.176013013579734,0,2
2023-06-01 19:35:00,2023-06-01 19:35:59,2.0617,2.0637,2.0611,2.0637,2.062013826709202,2.06255,2.0611,2.0637,True,0.0017379371139207346,0.00026563222046704004,0,2.0581185336467303,2.0583157591166987,13.727985489189429,13.727985489189429,2.0569994152227458,2.0570402293510948,70.8771365431877,66.16632290119962,0,2
2023-06-01 19:36:00,2023-06-01 19:36:59,2.0638,2.0636,2.063,2.0639,2.062281913354601,2.063575,2.063,2.0639,True,0.0016780844629263735,0.0003158822153020251,0,2.0582171463817147,2.0584370725791077,14.9764672360037,14.9764672360037,2.057064843926997,2.057105500700835,75.23084910949503,70.92699647248189,0,2
2023-06-01 19:37:00,2023-06-01 19:37:59,2.0634,2.0636,2.063,2.0637,2.0629284566773007,2.0634250000000005,2.063,2.0637,True,0.0016082212870030398,0.00032568318561650633,0,2.058327109480411,2.058566806007803,15.808788400546547,15.808788400546547,2.057128129062052,2.0571701225844086,83.92284634769656,76.67694400012618,0,2
2023-06-01 19:38:00,2023-06-01 19:38:59,2.0635,2.0638,2.0635,2.0638,2.0631767283386506,2.06365,2.0635,2.0638,True,0.001514776909359979,0.0003220751378420299,0,2.058446957744107,2.0587038221651612,16.818216147098696,16.818216147098696,2.0571930233002402,2.057236091513917,92.85431170123252,84.00266905280779,0,2
2023-06-01 19:39:00,2023-06-01 19:39:59,2.0637,2.0648,2.0632,2.0648,2.0634133641693255,2.0641249999999998,2.0632,2.0648,True,0.001520864272977111,0.0003642910492723437,0,2.058575389954634,2.0588488909946068,19.578944880402716,19.578944880402716,2.057261998192775,2.0573113542849226,98.54278696977144,91.77331500623326,0,2
2023-06-01 19:40:00,2023-06-01 19:40:59,2.0648,2.0645,2.064,2.0655,2.0637691820846626,2.0647,2.064,2.0655,True,0.0015193739677644643,0.00034450052679441514,0,2.0587121404746207,2.059003249534465,19.730344008169936,19.730344008169936,2.0573360081610064,2.057382883098008,99.73119661023945,97.04276509374756,0,2
2023-06-01 19:41:00,2023-06-01 19:41:59,2.0646,2.0658,2.0645,2.0658,2.0642345910423314,2.065175,2.0645,2.0658,True,0.0015037043986384367,0.0003946613365837712,0,2.0588576950045425,2.0591671218700682,22.425717626936105,22.425717626936105,2.0574140080798022,2.057466635504993,99.99999999999996,99.4246611933367,0,2
2023-06-01 19:42:00,2023-06-01 19:42:59,2.0659,2.0646,2.0639,2.0661,2.0647047955211657,2.065125,2.0639,2.0661,True,0.0015534397987357058,0.00031572278959263655,0,2.0590124084373054,2.059337017092301,18.427308072488216,18.427308072488216,2.0574907343675655,2.0575376142561868,99.39938825669822,99.71019495564563,0,1
2023-06-01 19:43:00,2023-06-01 19:43:59,2.0646,2.0649,2.0646,2.065,2.064914897760583,2.064775,2.0646,2.065,True,0.0014710512416831521,0.00025920341316161663,0,2.0591747127648032,2.059508087141419,16.590240616389508,16.590240616389508,2.0575632146226144,2.057610871825777,93.21804412757247,97.53914412808996,0,1
2023-06-01 19:44:00,2023-06-01 19:44:59,2.0646,2.0649,2.0645,2.065,2.0648449488802916,2.06475,2.0645,2.065,True,0.001401690438705796,0.0001987217036368736,0,2.059341399953111,2.059678736890955,15.365528978990369,0.0,2.0576347249248768,2.0576834004643265,83.2409394517717,91.95279061201387,0,1
2023-06-01 19:45:00,2023-06-01 19:45:59,2.065,2.0662,2.0647,2.0665,2.064797474440146,2.0656,2.0647,2.0665,True,0.0014301411216553679,0.00022721214334201802,0,2.059510068422033,2.0598537168008573,18.029948562350228,18.029948562350228,2.057713981393286,2.0577681427482637,82.44967559636797,86.30288639190378,0,2
2023-06-01 19:46:00,2023-06-01 19:46:59,2.0662,2.0658,2.0652,2.0665,2.065198737220073,2.065925,2.0652,2.0665,True,0.0014208453272514187,0.0001950042513895701,0,2.059681892611445,2.060033135173828,17.50321382638947,17.50321382638947,2.0577956830709647,2.0578480617258927,88.63101972549373,84.77387825787754,0,1
2023-06-01 19:47:00,2023-06-01 19:47:59,2.0658,2.0654,2.0648,2.0659,2.0655618686100365,2.065475,2.0648,2.0659,True,0.0013979278038763246,0.00012468072423880896,0,2.0598575138926365,2.060211729500583,14.902914940406248,0.0,2.0578720941846864,2.0579232053903116,83.80066636747625,84.96045389644574,0,1
2023-06-01 19:48:00,2023-06-01 19:48:59,2.0654,2.0665,2.0651,2.0667,2.0655184343050186,2.065925,2.0651,2.0667,True,0.0014123615321708603,0.0001355252374694131,0,2.0600346216966097,2.060391537181506,16.540762846816676,0.0,2.0579522226007594,2.058008546630209,76.03999506602797,82.82389371966575,0,2
2023-06-01 19:49:00,2023-06-01 19:49:59,2.0663,2.0654,2.0653,2.0663,2.0657217171525093,2.0658250000000002,2.0653,2.0663,True,0.0013971928513015037,4.728206847960095e-05,0,2.0602130794390576,2.060570380366442,12.245891397309798,0.0,2.058030558694284,2.0580820934299084,58.49944014210205,72.78003385853519,0,1
2023-06-01 19:50:00,2023-06-01 19:50:59,2.0654,2.0623,2.0623,2.0654,2.065773358576255,2.06385,2.0623,2.065773358576255,True,0.0015188219333513878,-0.0002382824345193704,0,2.06039172990275,2.0607336865421195,1.529535952507743,0.0,2.0580884635828984,2.058124062649511,39.973564842586974,58.171000016905424,0,1
2023-06-01 19:51:00,2023-06-01 19:51:59,2.0623,2.0634,2.0617,2.0634,2.0648116792881277,2.0627,2.0617,2.0648116792881277,True,0.001531763223826291,-0.0003502109244583043,0,2.0605627082224345,2.060875749644122,-1.9444645986660731,-0.0,2.058134349517397,2.0581765595385706,15.792778409407381,38.08859446469856,0,1
2023-06-01 19:52:00,2023-06-01 19:52:59,2.0632,2.0663,2.0632,2.0665,2.063755839644064,2.0648,2.0632,2.0665,True,0.0016580658506958315,-0.00022085271142619975,0,2.060719228933278,2.0610145214541435,2.268434442738311,0.0,2.058200674397821,2.058257389791918,13.33137765614662,23.03257363604675,0,2
2023-06-01 19:53:00,2023-06-01 19:53:59,2.0662,2.0648,2.0645,2.0662,2.064277919822032,2.065425,2.0645,2.0662,True,0.0016682040042175755,-0.00024265688822367728,0,2.0608668751937107,2.0611540380493123,1.6152535423018008,0.0,2.0582725582346586,2.0583224903910033,29.87550983252552,19.666555299359597,0,1
2023-06-01 19:54:00,2023-06-01 19:54:59,2.0648,2.064,2.063,2.0648,2.064851459911016,2.06415,2.063,2.064851459911016,True,0.001677618003916306,-0.0003128170399145768,0,2.0610104566215113,2.0612844359309337,-0.4753818916873769,-0.0,2.058331040242274,2.0583789830239287,37.61614007011758,26.941009186263,0,1
2023-06-01 19:55:00,2023-06-01 19:55:59,2.0642,2.0658,2.0642,2.0658,2.0645007299555083,2.065,2.0642,2.0658,True,0.0016863595750651271,-0.00023229432604886377,0,2.0611474462762223,2.0614125918210546,1.9644440332668083,0.0,2.0583973980508086,2.0584528239888646,36.58704832823746,34.69289941029328,0,2
2023-06-01 19:56:00,2023-06-01 19:56:59,2.0659,2.0648,2.0648,2.0666,2.064750364977754,2.065525,2.0648,2.0666,True,0.0016944767482747786,-0.0002495865763378802,0,2.0612800190486382,2.0615417053481235,1.2599805151248589,0.0,2.0584683194632385,2.058515979969075,35.007543347874446,36.40357724874292,0,1
2023-06-01 19:57:00,2023-06-01 19:57:59,2.0648,2.066,2.0648,2.0663,2.065137682488877,2.065475,2.0648,2.0663,True,0.0016805855519694414,-0.00017807817739558295,0,2.0614108621983807,2.0616703439202198,3.3059968811484097,0.0,2.058538037677535,2.0585904478300794,41.86297945482712,37.819190376979435,0,2
2023-06-01 19:58:00,2023-06-01 19:58:59,2.0659,2.0657,2.0649,2.0665,2.0653063412444386,2.06575,2.0649,2.0665,True,0.0016748294411144686,-0.00015493442449062735,0,2.0615406030593,2.0617996127519715,3.8435310888446566,0.0,2.058609798496664,2.0586611896427156,45.65385346597506,40.8414587562253,0,1
2023-06-01 19:59:00,2023-06-01 19:59:59,2.0657,2.0662,2.0657,2.0667,2.065528170622219,2.0660749999999997,2.0657,2.0667,True,0.0016266273381777131,-0.00010898890605319381,0,2.061670107905636,2.06193072071555,5.396902801326604,0.0,2.0586840791086374,2.0587362026810965,48.56770178075224,45.36151156718457,0,2
2023-06-01 20:00:00,2023-06-01 20:00:59,2.0661,2.0682,2.0659,2.0687,2.0658015853111094,2.067225,2.0659,2.0687,True,0.001710439671165029,5.2670875730832355e-05,0,2.061800414310593,2.062070267323475,10.25376538798593,0.0,2.0587690633961135,2.058830369818598,60.10074487972256,51.440766708816376,0,2
2023-06-01 20:01:00,2023-06-01 20:01:59,2.0682,2.0684,2.0677,2.0687,2.0665132926555545,2.06825,2.0677,2.0687,True,0.0016596939803675509,0.0001583707120624664,0,2.061935340817034,2.062222532887358,13.812897787285657,0.0,2.058863401073764,2.058925590019408,74.9892496254234,61.21923209529916,0,2
2023-06-01 20:02:00,2023-06-01 20:02:59,2.0684,2.0685,2.0681,2.0688,2.067381646327777,2.06845,2.0681,2.0688,True,0.0015911444103413074,0.00021602931637775035,0,2.062078936852196,2.0623851396837094,16.368679007191886,0.0,2.0589587901178064,2.0590208577804088,90.38276300600585,75.15758583705036,0,2
2023-06-01 20:03:00,2023-06-01 20:03:59,2.0683,2.0672,2.0672,2.0683,2.0679158231638883,2.06775,2.0672,2.0683,True,0.001570348381031188,0.00014368633895606208,0,2.0622320382679526,2.0625499698051337,12.649549423668326,0.0,2.059046264843002,2.0591022422801064,90.15712967702707,85.1763807694852,0,1
2023-06-01 20:04:00,2023-06-01 20:04:59,2.0672,2.0636,2.0636,2.0672,2.0678329115819443,2.0654000000000003,2.0636,2.0678329115819443,True,0.0017153234966718208,-0.0001674074643061459,0,2.0623910040365434,2.0626992959569574,2.244873020648811,0.0,2.0591094860883454,2.0591469960882645,65.4085519631941,81.98281488207544,0,1
2023-06-01 20:05:00,2023-06-01 20:05:59,2.0636,2.0649,2.0636,2.0652,2.0666164557909723,2.064325,2.0636,2.0666164557909723,True,0.0017070861040523924,-0.0002826201899829425,0,2.0625451499967506,2.0628280155450525,-1.0973990851599424,-0.0,2.059161381749158,2.059204239908282,32.13656307181859,62.56741490401302,0,-2
2023-06-01 20:06:00,2023-06-01 20:06:59,2.0649,2.0648,2.0633,2.0652,2.0654707278954865,2.0645499999999997,2.0633,2.0654707278954865,True,0.001720865668048651,-0.0003615555656684248,0,2.0626865827709016,2.0629411720266226,-3.526942503294329,-3.526942503294329,2.059214999841206,2.059259919113175,7.805723543088683,35.116946192700226,0,-2
2023-06-01 20:07:00,2023-06-01 20:07:59,2.0648,2.068,2.0648,2.0688,2.065010363947743,2.0665999999999998,2.0648,2.0688,True,0.0018836609774737477,-0.00018661647769030172,0,2.062813877398762,2.063055364371278,1.7548163561344055,0.0,2.0592884824298507,2.059346885092148,15.708908368172365,18.55039832769298,0,-1
2023-06-01 20:08:00,2023-06-01 20:08:59,2.0682,2.07,2.0668,2.07,2.0658051819738716,2.06875,2.0668,2.07,True,0.001977685193368455,6.262478035927942e-05,0,2.06293462088502,2.063184340063751,7.914770887778694,0.0,2.059382626883285,2.0594528862355097,39.75526789984875,21.089966603703033,0,2
2023-06-01 20:09:00,2023-06-01 20:09:59,2.0699,2.0671,2.0671,2.0701,2.0672775909869356,2.06855,2.0671,2.0701,True,0.0020507076795564304,1.2611997546267423e-05,0,2.0630594804743856,2.0633226976668215,5.754295617990785,0.0,2.0594738445262375,2.0595289769197334,60.81198325644173,38.758719841487384,0,1
2023-06-01 20:10:00,2023-06-01 20:10:59,2.0671,2.0714,2.0666,2.0715,2.067913795493468,2.06915,2.0666,2.0715,True,0.002254228559588091,0.0002650614830570972,0,2.0631910890706036,2.063471609071868,9.537080120248895,0.0,2.059570124680205,2.0596470965523728,71.89701768998361,57.488089615424464,0,2
2023-06-01 20:11:00,2023-06-01 20:11:59,2.0715,2.0731,2.071,2.074,2.068531897746734,2.0724,2.071,2.074,True,0.002307497948188918,0.0005230091496639159,0,2.0633313490712357,2.0636501063250905,13.514594832426155,13.514594832426155,2.0596977851311484,2.05978095628817,81.18399149164055,71.29766414602175,0,2
2023-06-01 20:12:00,2023-06-01 20:12:59,2.0732,2.0707,2.0701,2.0734,2.070465948873367,2.07185,2.0701,2.0734,True,0.002378390951889699,0.000490933485222515,0,2.0634907276981633,2.0638468984587592,11.792382288196336,11.792382288196336,2.0598187026920325,2.0598896034892826,88.27516970986193,80.45205963049514,0,2
2023-06-01 20:13:00,2023-06-01 20:13:59,2.0707,2.0702,2.0688,2.071,2.0711579744366837,2.070175,2.0688,2.0711579744366837,True,0.002365648741040449,0.00040227318109448216,0,2.0636688130784613,2.064045251795841,9.790704307005868,0.0,2.05992175042644,2.0599921944993396,82.66412970780236,84.04109696976805,0,1
2023-06-01 20:14:00,2023-06-01 20:14:59,2.0702,2.0702,2.0684,2.0703,2.070666487218342,2.069775,2.0684,2.070666487218342,True,0.002332388116680418,0.00031463878368680545,0,2.0638570324371512,2.06424072893913,8.456252319545555,0.0,2.0600197927107544,2.060093764703326,66.69820237580163,79.21250059782174,0,1
2023-06-01 20:15:00,2023-06-01 20:15:59,2.0701,2.0731,2.0671,2.0741,2.0702207436091706,2.0711,2.0671,2.0741,True,0.002665788965488968,0.000429945718860872,0,2.0640488806881407,2.064441691362823,11.519506489639745,11.519506489639745,2.060130043529553,2.06022317997991,59.10545765999459,69.48926324786596,0,2
2023-06-01 20:16:00,2023-06-01 20:16:59,2.0728,2.0716,2.0704,2.0728,2.0706603718045855,2.0719000000000003,2.0704,2.0728,True,0.0026682326108112106,0.0003688671540617895,0,2.064245286025482,2.064651082421183,10.343519012956953,0.0,2.060247157524284,2.0603363821691643,64.27881748901929,63.36082584160494,0,1
2023-06-01 20:17:00,2023-06-01 20:17:59,2.0712,2.0702,2.0677,2.0712,2.071280185902293,2.070075,2.0677,2.071280185902293,True,0.002756215995753284,0.00020274717765216563,0,2.0644481842233326,2.0648531513167274,6.895448838779693,0.0,2.060344947001654,2.060434527620217,61.428648266608775,61.60430780520733,0,1
2023-06-01 20:18:00,2023-06-01 20:18:59,2.0702,2.069,2.0665,2.0704,2.0706775929511467,2.069025,2.0665,2.0706775929511467,True,0.002837914853199463,-1.0443569082825305e-05,0,2.0646506677700303,2.065040864897839,2.5275094126911313,0.0,2.060431315688205,2.0605197562011104,48.61512296804181,58.1075295745564,0,1
2023-06-01 20:19:00,2023-06-01 20:19:59,2.0695,2.0691,2.0688,2.07,2.0698512964755733,2.06935,2.0688,2.07,True,0.0027209209351137776,-0.0001553352724620238,0,2.0648457663339346,2.0652182183697754,-0.15468401964523082,-0.0,2.0605200588156856,2.0606051317612986,33.49194384220809,47.84523835895268,0,1
2023-06-01 20:20:00,2023-06-01 20:20:59,2.0688,2.0719,2.0678,2.0724,2.0696006482377864,2.0702249999999998,2.0678,2.0724,True,0.002855140868319932,-6.416774598951231e-05,0,2.065031992351855,2.0653922018520046,3.4574854681551415,0.0,2.060616625394634,2.0607175185099424,25.92050736027798,36.009191390175744,0,2
2023-06-01 20:21:00,2023-06-01 20:21:59,2.072,2.0682,2.0678,2.0723,2.069912824118893,2.070075,2.0678,2.0723,True,0.0029726308062970603,-0.00027008345904448077,0,2.06521209710193,2.0655613092464047,-0.5331764813353175,-0.0,2.060710738574787,2.0607919710620823,22.387065084210988,27.266505428898807,0,1
2023-06-01 20:22:00,2023-06-01 20:22:59,2.0685,2.0679,2.0673,2.0685,2.069993912059447,2.06805,2.0673,2.069993912059447,True,0.0028460143201329753,-0.00042524357582992027,0,2.0653867031741675,2.0657115237524835,-3.606541256334168,-3.606541256334168,2.060783766051655,2.060862697718181,12.726618167171692,20.344730203886673,0,-2
2023-06-01 20:23:00,2023-06-01 20:23:59,2.0679,2.0727,2.0676,2.0728,2.069021956029723,2.0702499999999997,2.0676,2.0728,True,0.0030141561544091825,-0.00019021371235356205,0,2.0655491134633257,2.0658609274630844,1.60259282831759,0.0,2.0608779574342253,2.0609804818204878,16.150324742413968,17.088002664598672,0,2
2023-06-01 20:24:00,2023-06-01 20:24:59,2.0725,2.0697,2.0693,2.0725,2.0696359780148614,2.0709999999999997,2.0693,2.0725,True,0.003041716429094246,-0.00024801303312185405,0,2.0657050204632053,2.0660138135579618,0.6379746817701601,0.0,2.0609786742756757,2.0610672431954082,23.846419664361704,17.574454191315578,0,1
2023-06-01 20:25:00,2023-06-01 20:25:59,2.0697,2.0703,2.0691,2.0703,2.070317989007431,2.06985,2.0691,2.070317989007431,True,0.002910165255587505,-0.00024527825202309275,0,2.0658594170105835,2.0661605021742857,0.8324792919793111,0.0,2.06106694617343,2.06115911142232,32.0252937102908,24.00734603902195,0,-2
2023-06-01 20:26:00,2023-06-01 20:26:59,2.0703,2.0696,2.0695,2.0718,2.0700839945037153,2.0703,2.0695,2.0718,True,0.002866582023045538,-0.0002922715099265515,0,2.0660099595924346,2.066304392510813,-0.13371207788478756,-0.0,2.061158817355784,2.061243100363391,34.536099779759475,30.135937718137114,0,-2
2023-06-01 20:27:00,2023-06-01 20:27:59,2.0699,2.0695,2.0691,2.0699,2.0701919972518574,2.0696000000000003,2.0691,2.0701919972518574,True,0.002718969021399422,-0.0003276855308382361,0,2.066157176051624,2.0664402897568213,-0.951730587867921,-0.0,2.061242809222891,2.0613252585687305,28.5350173063967,31.698803598815445,0,-2
2023-06-01 20:28:00,2023-06-01 20:28:59,2.0696,2.0693,2.0693,2.0698,2.069895998625929,2.0694999999999997,2.0693,2.069895998625929,True,0.002560471234156587,-0.00036034534937524096,0,2.066298732904223,2.0665682754804755,-1.89936491003224,-0.0,2.061324970325151,2.0614046092297382,27.04719751351371,30.039438199889748,0,-2
2023-06-01 20:29:00,2023-06-01 20:29:59,2.0692,2.0687,2.0687,2.07,2.0696979993129645,2.06915,2.0687,2.07,True,0.0024704375745739473,-0.00041659838505570456,0,2.066433504192349,2.066686752916557,-3.8240184116665574,-3.8240184116665574,2.0614028313169404,2.061477200182676,18.00264773698139,24.528287518963722,0,-2
2023-06-01 20:30:00,2023-06-01 20:30:59,2.0687,2.0673,2.0657,2.0718,2.0694239996564825,2.068375,2.0657,2.0718,True,0.0027296920335329504,-0.0005397564935893978,0,2.0665601285544533,2.066791614205571,-7.7922242292157335,-7.7922242292157335,2.0614722061297073,2.061535138489316,10.526817418216682,18.52555422290372,0,-2
2023-06-01 20:31:00,2023-06-01 20:31:59,2.0677,2.0706,2.0677,2.0738,2.068899499828241,2.06995,2.0677,2.0738,True,0.0029989997454234504,-0.00037747428272965375,0,2.066675871380012,2.0668958421212404,-2.770724273848188,-0.0,2.061556562287621,2.061625336116288,23.358378859215993,17.295948004804476,0,-1
2023-06-01 20:32:00,2023-06-01 20:32:59,2.0709,2.07,2.0694,2.0714,2.0694247499141207,2.070425,2.0694,2.0714,True,0.002927642620750363,-0.00030474459437805266,0,2.0667858567506263,2.067002115268423,-0.7772446928684573,-0.0,2.061644805448938,2.0617086661051807,44.427432976453446,26.104209751295162,0,-1
2023-06-01 20:33:00,2023-06-01 20:33:59,2.0701,2.0692,2.0688,2.0716,2.0699248749570605,2.069925,2.0688,2.0716,True,0.002918525290696775,-0.000306395511330168,0,2.0668939860095246,2.0671058389622186,-1.2560858050918213,-0.0,2.061727195444471,2.06178320674095,62.29982853517239,43.36188012361373,0,-2
2023-06-01 20:34:00,2023-06-01 20:34:59,2.069,2.072,2.0684,2.0721,2.0699249374785302,2.0703750000000003,2.0684,2.0721,True,0.0029743449127898496,-0.00010870426333982721,0,2.0669999124858713,2.067209931277147,3.641969265992799,0.0,2.061813243250994,2.0618848663753684,66.17337785705092,57.63354645622538,0,-1
2023-06-01 20:35:00,2023-06-01 20:35:59,2.0719,2.0702,2.0697,2.0731,2.0701499687392655,2.071225,2.0697,2.0731,True,0.0030047488475905795,-0.00010625923206661098,0,2.067104921881509,2.067319431530052,2.9357910713391746,0.0,2.0619068925718795,2.0619676040233745,74.60189390797619,67.69170010006629,0,-2
2023-06-01 20:36:00,2023-06-01 20:36:59,2.0702,2.066,2.0658,2.0702,2.070687484369633,2.06805,2.0658,2.070687484369633,True,0.003104409644191249,-0.00039455457785100097,0,2.0672121767057803,2.0674106543258723,-3.4540364998806865,-3.4540364998806865,2.0619680180189257,2.0620077273664257,56.729498349257234,65.8349233714279,0,-2
2023-06-01 20:37:00,2023-06-01 20:37:59,2.0662,2.0652,2.0652,2.0662,2.0693687421848166,2.0656999999999996,2.0652,2.0693687421848166,True,0.002954094669606152,-0.0006240915770687912,0,2.067311415515826,2.0674707377666577,-8.535825694242476,-8.535825694242476,2.062005152167991,2.0620394912732274,33.33333333333328,54.88824186352202,-1,-2
2023-06-01 20:38:00,2023-06-01 20:38:59,2.0652,2.0646,2.0638,2.0653,2.067534371092408,2.064725,2.0638,2.067534371092408,True,0.002850230764634288,-0.0007906005529459877,0,2.0673910766412416,2.0674992032010553,-12.567097450520848,-12.567097450520848,2.0620322153304986,2.062064968972001,-5.210646728907401e-14,30.020943894196606,0,-2
2023-06-01 20:39:00,2023-06-01 20:39:59,2.0646,2.0662,2.0645,2.0662,2.066129685546204,2.065375,2.0645,2.0662,True,0.00276807142430327,-0.0007567361498318196,0,2.067445139921148,2.067507039944768,-11.374382471887927,-11.374382471887927,2.0620654768694986,2.0621061135593446,4.160743153811429,12.498025495714671,0,-2
2023-06-01 20:40:00,2023-06-01 20:40:59,2.0662,2.0659,2.0638,2.0676,2.065752342773102,2.065875,2.0638,2.0676,True,0.00284178060828161,-0.000723894892603448,0,2.067476089932958,2.0675020123385672,-11.068049399873132,-11.068049399873132,2.06210338257229,2.062143863673182,11.504908251046706,5.221883801619147,0,-2
2023-06-01 20:41:00,2023-06-01 20:41:59,2.0664,2.0659,2.0655,2.067,2.065813671386551,2.0662000000000003,2.0655,2.067,True,0.002745939136261499,-0.000671436338153749,0,2.0674890511357624,2.0674891208795616,-10.863827351863272,-10.863827351863272,2.062144144934755,2.0621812381639963,20.949433471891886,12.205028292249793,0,-2
2023-06-01 20:42:00,2023-06-01 20:42:59,2.0658,2.0664,2.0649,2.067,2.0660068356932757,2.066025,2.0649,2.067,True,0.002699800626528534,-0.0005732679456791762,0,2.067489086007662,2.067468925916951,-9.13499709479801,-9.13499709479801,2.062182760408041,2.0622232158937077,25.372504953464333,19.275615558800762,0,-1
2023-06-01 20:43:00,2023-06-01 20:43:59,2.0664,2.066,2.0652,2.067,2.066015917846638,2.06615,2.0652,2.067,True,0.0026355291532050846,-0.0005107326421672887,0,2.0674790059623063,2.0674439770464432,-9.024353748023088,-9.024353748023088,2.0622222354288566,2.062260795835064,27.514073213471203,24.612003879608924,0,-1
2023-06-01 20:44:00,2023-06-01 20:44:59,2.0661,2.068,2.0661,2.0681,2.066082958923319,2.067075,2.0661,2.0681,True,0.002597277070833292,-0.00030863765119955923,0,2.0674614915043747,2.0674218030503044,-3.1227175266247116,-3.1227175266247116,2.062270521643495,2.0623179023441676,34.12906754191808,29.005215236284325,0,-1
2023-06-01 20:45:00,2023-06-01 20:45:59,2.068,2.0651,2.0643,2.0686,2.0665789794616596,2.0665,2.0643,2.0686,True,0.0027189001372023565,-0.00036088280450614007,0,2.06744164727734,2.067398020757974,-5.85742291929315,-5.85742291929315,2.0623126060052512,2.062345584907907,38.21064505130084,33.28459526889649,0,-2
2023-06-01 20:46:00,2023-06-01 20:46:59,2.0652,2.0659,2.0647,2.0659,2.06653948973083,2.0654250000000003,2.0647,2.06653948973083,True,0.0026104072702593214,-0.00032091746411855695,0,2.067419834017657,2.0673657597713326,-5.60729298631572,-5.60729298631572,2.0623435750997263,2.0623809522222563,35.46378783312435,35.93450014211421,0,-1
2023-06-01 20:47:00,2023-06-01 20:47:59,2.0658,2.0675,2.0658,2.0684,2.06665,2.066875,2.0658,2.0684,True,0.002609663893812238,-0.00016774848927152727,0,2.0673927968944947,2.0673369933357346,-1.8446296010516292,-0.0,2.062388663904704,2.06243188802104,36.34470325066988,36.673045378364804,0,-1
2023-06-01 20:48:00,2023-06-01 20:48:59,2.0673,2.0669,2.0663,2.0679,2.0667625000000003,2.0671,2.0663,2.0679,True,0.002537545044254209,-9.885014148224762e-05,0,2.067364895115115,2.0673127192923686,-0.8388220990936546,-0.0,2.0624355428708263,2.0624763468467013,42.101682504312684,37.970057862702085,0,-1
2023-06-01 20:49:00,2023-06-01 20:49:59,2.0666,2.0663,2.0661,2.0666,2.06693125,2.0664,2.0661,2.06693125,True,0.0024134346839503303,-8.736734101990099e-05,0,2.067338807203742,2.0672873459423267,-1.6787199277386335,-0.0,2.062474990205445,2.062514393146734,60.94759802597091,46.464661260317605,0,-1
2023-06-01 20:50:00,2023-06-01 20:50:59,2.0665,2.0661,2.0653,2.0666,2.0666656249999997,2.0661250000000004,2.0653,2.0666656249999997,True,0.002333903635096741,-8.594979184436676e-05,0,2.0673130765730345,2.0672593943961197,-2.7704896107491024,-0.0,2.0625113087108637,2.062550070826866,66.58229027960887,56.5438569366306,0,-1
2023-06-01 20:51:00,2023-06-01 20:51:59,2.0662,2.0672,2.0662,2.0677,2.0663953125,2.066825,2.0662,2.0677,True,0.002281481946875532,-1.8201974773400693e-06,0,2.0672862354845774,2.067234407539699,-0.12437354380261922,-0.0,2.062554231012248,2.0625963387788375,80.20744448205112,69.24577759587675,0,-1
2023-06-01 20:52:00,2023-06-01 20:52:59,2.0671,2.0676,2.0671,2.0686,2.0666101562500003,2.0676,2.0671,2.0686,True,0.0022256618078129982,8.401099076481527e-05,0,2.0672603215121383,2.067217243564989,2.751448370654657,0.0,2.0626044376688424,2.06264612645268,87.95598615466058,78.2485736387733,0,-1
2023-06-01 20:53:00,2023-06-01 20:53:59,2.0676,2.069,2.0666,2.0691,2.0671050781250004,2.068075,2.0666,2.0691,True,0.002245257392969209,0.00023552293412042646,0,2.067238782538564,2.06720961536833,7.961698850332482,7.961698850332482,2.062658871124874,2.062709349075041,98.71419226751836,88.95920763474312,0,-1
2023-06-01 20:54:00,2023-06-01 20:54:59,2.0691,2.067,2.067,2.0693,2.0675900390625,2.0681000000000003,2.067,2.0693,True,0.002249167579185692,0.0001891695348614701,0,2.067224198953447,2.067209718620921,4.828749779541752,4.828749779541752,2.062713011710696,2.0627520421190706,99.99999999999996,95.55672614072607,0,-2
2023-06-01 20:55:00,2023-06-01 20:55:59,2.067,2.0674,2.0669,2.068,2.06784501953125,2.067325,2.0669,2.068,True,0.0021670841806724355,0.00018123388787891182,0,2.067216958787184,2.0672105908652703,3.8552025172553215,3.8552025172553215,2.0627589021414354,2.062798290456194,89.61629440956831,96.1101622256953,0,-1
2023-06-01 20:56:00,2023-06-01 20:56:59,2.0675,2.069,2.0675,2.0699,2.067585009765625,2.068475,2.0675,2.0699,True,0.0021908638820529723,0.00028048261037489893,0,2.067213774826227,2.0672199527806994,7.019933519167964,7.019933519167964,2.062815778737043,2.062859999008869,89.61629440956831,93.07752960637862,0,-1
2023-06-01 20:57:00,2023-06-01 20:57:59,2.069,2.0731,2.069,2.0734,2.0680300048828126,2.071125,2.069,2.0734,True,0.002348659319049186,0.0006155438844374393,0,2.067216863803463,2.06725411625936,14.291198633089095,14.291198633089095,2.0628984575555798,2.0629618895659947,89.61629440956831,89.61629440956807,1,2
2023-06-01 20:58:00,2023-06-01 20:58:59,2.0731,2.0717,2.0717,2.0732,2.0695775024414065,2.072425,2.0717,2.0732,True,0.0022880407962599623,0.0007098737976823058,0,2.0672354900314116,2.067316491167881,15.260897044527198,15.260897044527198,2.0629932490226883,2.0630488359384724,99.99999999999996,93.07752960637862,0,2
2023-06-01 20:59:00,2023-06-01 20:59:59,2.072,2.0736,2.0704,2.0738,2.071001251220703,2.07245,2.0704,2.0738,True,0.0023674664536699704,0.0008694550328936599,0,2.0672759905996463,2.067400820701911,18.025797840586293,18.025797840586293,2.0630873460473382,2.0631538226455524,99.99999999999996,96.53876480318917,0,2
2023-06-01 21:00:00,2023-06-01 21:00:59,2.0735,2.0738,2.071,2.0739,2.071725625610352,2.07305,2.071,2.0739,True,0.0024055045641221086,0.0009460674264679072,0,2.0673384056507786,2.0675059733147965,20.079653803063835,20.079653803063835,2.0631864769324393,2.063259754758532,99.99999999999996,99.99999999999972,0,2
2023-06-01 21:01:00,2023-06-01 21:01:59,2.0738,2.0749,2.0738,2.0751,2.072387812805176,2.0744,2.0738,2.0751,True,0.0023265399523991065,0.0010257678697762583,0,2.0674221894827873,2.067636061061032,22.620791124818112,22.620791124818112,2.063298054276395,2.063375578094268,99.99999999999996,99.99999999999972,0,2
2023-06-01 21:02:00,2023-06-01 21:02:59,2.0748,2.0741,2.0741,2.0751,2.073393906402588,2.0745250000000004,2.0741,2.0751,True,0.002231787098656305,0.0009719260071806319,0,2.0675291252719097,2.0677857455057627,21.563209716733326,21.563209716733326,2.0634097651791174,2.063482288759997,99.99999999999996,99.99999999999972,0,2
2023-06-01 21:03:00,2023-06-01 21:03:59,2.0743,2.0745,2.0734,2.0745,2.073959453201294,2.074175,2.0734,2.0745,True,0.002150945163038005,0.000914861241852163,0,2.067657435388836,2.0679474302023464,21.46841172144478,21.46841172144478,2.0635168819435044,2.063591917727559,97.3308711211833,99.1102903737275,0,2
2023-06-01 21:04:00,2023-06-01 21:04:59,2.0746,2.0757,2.0744,2.0757,2.074067226600647,2.0751,2.0744,2.0757,True,0.002090163365678153,0.0009116383546013491,0,2.0678024327955913,2.0681237999363473,23.104017485967773,23.104017485967773,2.063632136849539,2.0637123961581305,97.3308711211833,98.22058074745529,0,2
2023-06-01 21:05:00,2023-06-01 21:05:59,2.0757,2.0747,2.0745,2.0762,2.0745836133003235,2.075275,2.0745,2.0762,True,0.0020622945538440016,0.0007910250588013825,0,2.067963116365969,2.0683117219057485,20.357762706515118,20.357762706515118,2.063747986234121,2.063821725549592,97.3308711211833,97.33087112118307,0,1
2023-06-01 21:06:00,2023-06-01 21:06:59,2.0747,2.0775,2.0745,2.0775,2.0749293066501617,2.0760500000000004,2.0745,2.0775,True,0.0021292735142837238,0.0008592105202098975,0,2.068137419135859,2.0685127670109495,22.463762590014028,22.463762590014028,2.063870394331294,2.063957827782929,99.99999999999996,98.22058074745529,0,2
2023-06-01 21:07:00,2023-06-01 21:07:59,2.0775,2.0779,2.0756,2.0785,2.0754896533250813,2.077375,2.0756,2.0785,True,0.0021843254061205937,0.0008804245483869451,0,2.0683250930734043,2.06873185557912,24.29137550650293,24.29137550650293,2.0640047685170524,2.064096555864691,99.99999999999996,99.1102903737275,0,2
2023-06-01 21:08:00,2023-06-01 21:08:59,2.0779,2.0802,2.0779,2.0831,2.0764323266625406,2.079775,2.0779,2.0831,True,0.0023997307342548276,0.0009991659269586398,0,2.0685284743262624,2.068980113264324,27.51833674796994,27.51833674796994,2.064161686243251,2.064256789139669,99.99999999999996,99.99999999999972,0,2
2023-06-01 21:09:00,2023-06-01 21:09:59,2.0803,2.0805,2.0786,2.0811,2.0781036633312704,2.080125,2.0786,2.0811,True,0.002406892824665225,0.0010368563290715518,0,2.068754293795293,2.0692520340609817,29.888756965152524,29.888756965152524,2.0643205251861043,2.064418413128329,99.99999999999996,99.99999999999972,0,2
2023-06-01 21:10:00,2023-06-01 21:10:59,2.0803,2.0823,2.0799,2.0823,2.079114331665635,2.0812,2.0799,2.0823,True,0.002406400480046293,0.0011216168878127384,0,2.0690031639281377,2.0695480949690808,32.637045454119814,32.637045454119814,2.064488480159377,2.0645963393658584,99.99999999999996,99.99999999999972,0,2
2023-06-01 21:11:00,2023-06-01 21:11:59,2.0823,2.0833,2.0823,2.0837,2.0801571658328175,2.0829,2.0823,2.0837,True,0.0023345147314715467,0.001176315813528444,0,2.0692756294486094,2.069872794071896,34.991083474906574,34.991083474906574,2.0646716793617714,2.06478244544182,99.99999999999996,99.99999999999972,0,2
2023-06-01 21:12:00,2023-06-01 21:12:59,2.0832,2.0832,2.0814,2.0834,2.081528582916409,2.0827999999999998,2.0814,2.0834,True,0.0023106208220807383,0.00113177401606221,0,2.0695742117602527,2.0702171263393137,36.09445728320446,36.09445728320446,2.0648520606616545,2.064965704691155,98.73050406189707,99.57683468729876,0,2
2023-06-01 21:13:00,2023-06-01 21:13:59,2.0832,2.0826,2.0825,2.0833,2.0821642914582044,2.0829,2.0825,2.0833,True,0.0022027193347892507,0.0009889363802843892,0,2.0698956690497834,2.070575239556102,33.86045861231098,33.86045861231098,2.0650316421476083,2.0651411703161187,97.57850243018665,98.76966883069433,0,1
2023-06-01 21:14:00,2023-06-01 21:14:59,2.0825,2.0822,2.0822,2.0833,2.082532145729102,2.08255,2.0822,2.0833,True,0.002123953668018597,0.0008010602900288257,0,2.0702354543029426,2.0709393442015243,30.394667536077847,30.394667536077847,2.06520595416604,2.065310909914963,90.49857317102726,95.6025265543701,0,1
2023-06-01 21:15:00,2023-06-01 21:15:59,2.0823,2.0792,2.0781,2.0823,2.082541072864551,2.080475,2.0781,2.082541072864551,True,0.0022722426917315534,0.000412907145436691,0,2.0705873992522337,2.0712914310890764,18.24080025851879,18.24080025851879,2.065357884970358,2.065449109816307,58.43473577579682,82.17060379233668,0,1
2023-06-01 21:16:00,2023-06-01 21:16:59,2.0791,2.076,2.0756,2.0791,2.0815080364322753,2.0774500000000002,2.0756,2.0815080364322753,True,0.0023670824994650175,-0.0001016923815013197,0,2.0709394151706553,2.0716108859038793,5.163154209142917,0.0,2.0654782045228917,2.065554093798234,26.253404074173897,58.39557100699909,0,1
2023-06-01 21:17:00,2023-06-01 21:17:59,2.0757,2.0756,2.0747,2.0764,2.079479018216138,2.0756,2.0747,2.079479018216138,True,0.002319433749503233,-0.0004827728684986287,0,2.0712751505372675,2.0718897644911505,-4.0241209086639245,-4.0241209086639245,2.0655789189057483,2.0656540530639234,-3.789561257387201e-14,28.22937994998999,0,1
2023-06-01 21:18:00,2023-06-01 21:18:59,2.0756,2.0759,2.0746,2.076,2.0775395091080693,2.0755250000000003,2.0746,2.0775395091080693,True,0.002253759910252991,-0.0007116312721043645,0,2.071582457514209,2.0721342691456837,-9.13986740405371,-9.13986740405371,2.0656778848867856,2.0657560027846804,-3.789561257387201e-14,8.751134691391039,0,1
2023-06-01 21:19:00,2023-06-01 21:19:59,2.0756,2.0765,2.0749,2.0796,2.076532254554035,2.07665,2.0749,2.0796,True,0.002428491345234931,-0.0008100648881271882,0,2.0718583633299463,2.07235775209568,-10.441426594782428,-10.441426594782428,2.065787060161544,2.065862908229609,3.498265355939459,1.1660884519795591,0,1
2023-06-01 21:20:00,2023-06-01 21:20:59,2.0766,2.0743,2.0732,2.0766,2.0765911272770174,2.0751749999999998,2.0732,2.0766,True,0.002497884820575298,-0.0010104328629885243,-1,2.0721080577128133,2.072553031110544,-14.836795874713268,-14.836795874713268,2.065880472498245,2.0659468593915036,3.498265355939459,2.3321769039593914,0,-2
2023-06-01 21:21:00,2023-06-01 21:21:59,2.0743,2.0756,2.0743,2.0761,2.075883063638509,2.075075,2.0743,2.0761,True,0.002448035904819905,-0.0010260587218144973,0,2.0723305444116784,2.0727240790408707,-13.624545060349732,-13.624545060349732,2.065971960334083,2.066042910541837,3.498265355939459,3.4982653559392234,0,-2
2023-06-01 21:22:00,2023-06-01 21:22:59,2.0756,2.0758,2.0756,2.0769,2.0754790318192544,2.075975,2.0756,2.0769,True,0.0023660333401899175,-0.0009952949515966512,0,2.0725273117262746,2.0728810510543467,-12.19990338220559,-12.19990338220559,2.0660714930670774,2.0661399960090825,2.8947317535124246,3.297087488463545,0,-2
2023-06-01 21:23:00,2023-06-01 21:23:59,2.0758,2.0762,2.0752,2.0762,2.075727015909627,2.07585,2.0752,2.0762,True,0.002268459530176344,-0.0009205808395464769,0,2.0727041813903107,2.073025006371616,-9.91234010259349,-9.91234010259349,2.0661687916435243,2.0662400955512807,5.387236042116221,3.9267443838557994,0,-2
2023-06-01 21:24:00,2023-06-01 21:24:59,2.0761,2.0735,2.0727,2.0765,2.0757885079548135,2.0747,2.0727,2.0765,True,0.0023778552780208606,-0.0010318744366823885,0,2.072864593880963,2.0731498356428686,-13.655955917046782,-13.655955917046782,2.066253679288862,2.0663123334064917,5.387236042116221,4.556401279248053,0,-2
2023-06-01 21:25:00,2023-06-01 21:25:59,2.0736,2.0743,2.0722,2.0752,2.0752442539774067,2.0738250000000003,2.0722,2.0752442539774067,True,0.0024222941867336647,-0.001016746163580952,0,2.0730072147619154,2.073252746951502,-13.501233361260837,-13.501233361260837,2.066329015813351,2.0663918126760787,2.4925042886037585,4.422325457611831,0,-2
2023-06-01 21:26:00,2023-06-01 21:26:59,2.0748,2.0731,2.0731,2.0749,2.0745346269887035,2.073975,2.0731,2.0749,True,0.0023778446019669603,-0.0010560443733090275,0,2.0731299808567085,2.0733387251725257,-15.453021765012736,-15.453021765012736,2.0664050952579944,2.066458560808655,0.5344749465843887,2.804738425767887,-1,-2
2023-06-01 21:27:00,2023-06-01 21:27:59,2.0732,2.0749,2.0732,2.0756,2.0742548134943517,2.0742249999999998,2.0732,2.0756,True,0.0023865699875407448,-0.0009213281210931337,0,2.073234353014617,2.073412497218426,-11.398972215824735,-11.398972215824735,2.066482905255427,2.0665425552284695,2.0928386936651546,1.706605976284198,0,-1
2023-06-01 21:28:00,2023-06-01 21:28:59,2.0749,2.077,2.0749,2.0774,2.0742399067471755,2.0760499999999995,2.0749,2.0774,True,0.0023946721312878305,-0.000658079039301817,0,2.0733234251165213,2.0734886745429444,-4.346291620131829,-4.346291620131829,2.06657810022801,2.066646609405301,14.315639637157423,5.647651092468752,0,-1
2023-06-01 21:29:00,2023-06-01 21:29:59,2.0771,2.077,2.0762,2.0787,2.0751449533735875,2.07725,2.0762,2.0787,True,0.002402195550481553,-0.0004664744802830962,0,2.0734060498297326,2.0735744561789344,0.3554954436634361,0.0,2.066684288285443,2.066749628217188,47.11449802390633,21.174325451576067,1,-1
2023-06-01 21:30:00,2023-06-01 21:30:59,2.0766,2.0758,2.0742,2.0769,2.0761974766867937,2.075875,2.0742,2.0769,True,0.002430610154018594,-0.0004113170754040138,0,2.0734902530043335,2.0736577768413764,0.14931502601442048,0.0,2.0667757381532494,2.0668396816677634,65.44153749208809,42.29055838438371,0,-1
2023-06-01 21:31:00,2023-06-01 21:31:59,2.0757,2.0768,2.0744,2.0772,2.076036238343397,2.076025,2.0744,2.0772,True,0.0024569951430172756,-0.0002953247066036082,0,2.073574014922855,2.073739617453204,2.4181549580162027,0.0,2.066867770609436,2.0669387893128603,74.45967591815563,62.33857047804978,0,-1
2023-06-01 21:32:00,2023-06-01 21:32:59,2.0766,2.0745,2.0729,2.0766,2.076030619171698,2.07515,2.0729,2.0766,True,0.002560066918516027,-0.00037101204347239603,0,2.0736568161880298,2.0738137278666104,-1.4586583383729845,-0.0,2.0669501808521282,2.0670140252400957,54.08282020642386,64.66134453888897,0,-2
2023-06-01 21:33:00,2023-06-01 21:33:59,2.0743,2.0777,2.0743,2.0777,2.075590309585849,2.076,2.0743,2.0777,True,0.00262006213862203,-0.00018947937974975724,0,2.0737352720273203,2.0738870756681322,2.303310214815575,0.0,2.0670402288038483,2.0671203533471596,55.350897569559585,61.29779789804613,0,-1
2023-06-01 21:34:00,2023-06-01 21:34:59,2.0778,2.0795,2.0772,2.0798,2.0757951547929245,2.078575,2.0772,2.0798,True,0.002618629128720468,5.451279639967065e-05,0,2.0738111738477265,2.0739769870544547,7.199387581146119,0.0,2.067155002646596,2.0672435339108692,67.44329153333312,58.959003103105296,0,-1
2023-06-01 21:35:00,2023-06-01 21:35:59,2.0795,2.0762,2.0743,2.0795,2.077185077396462,2.077375,2.0743,2.0795,True,0.0028030127623832825,-2.1871077604899308e-05,0,2.073894080451091,2.0740710889036897,4.171023277554703,0.0,2.06725669416255,2.067332652976433,78.49924954740237,67.09781288343147,0,-2
2023-06-01 21:36:00,2023-06-01 21:36:59,2.0762,2.0784,2.0755,2.0784,2.0772800386982313,2.077125,2.0755,2.0784,True,0.0028099404222130414,7.522016961807488e-05,0,2.0739825846773905,2.07416612902922,5.3337256437541285,0.0,2.067354886260435,2.067442775832389,79.47641509319631,75.13965205797705,0,-1
2023-06-01 21:37:00,2023-06-01 21:37:59,2.0786,2.0809,2.0786,2.0818,2.0772025193491155,2.0799749999999997,2.0786,2.0818,True,0.0028520875349121147,0.0003005578144536094,0,2.0740743568533055,2.074280809820818,8.939284888334996,0.0,2.0674804595314757,2.0675766785604246,79.47641509319631,79.15069324459809,0,2
2023-06-01 21:38:00,2023-06-01 21:38:59,2.0809,2.0789,2.0784,2.0816,2.078588759674558,2.07995,2.0784,2.0816,True,0.0028769384252755417,0.0002896313456678297,0,2.074177583337062,2.0744099954881596,7.783167464103869,0.0,2.0676045345610135,2.067689348425495,88.619433570574,82.52408791898864,0,2
2023-06-01 21:39:00,2023-06-01 21:39:59,2.0789,2.0796,2.0789,2.0814,2.079269379837279,2.0797,2.0789,2.0814,True,0.0028500142520415704,0.00031111346064073564,0,2.0742937894126108,2.0745479993292526,7.954955621936122,0.0,2.0677248874509537,2.06780786237151,97.69337758538497,88.5964087497182,0,2
2023-06-01 21:40:00,2023-06-01 21:40:59,2.0796,2.0809,2.0796,2.0837,2.0794846899186394,2.08095,2.0796,2.0837,True,0.0029392989483242988,0.00039321913079098936,0,2.074420894370932,2.0747005752567733,9.792735868536717,0.0,2.067856480610646,2.067938132397664,97.69337758538497,94.66872958044775,0,2
2023-06-01 21:41:00,2023-06-01 21:41:59,2.0809,2.0806,2.0806,2.0832,2.08021734495932,2.081325,2.0806,2.0832,True,0.0029150633091582887,0.000400477132027044,0,2.074560734813853,2.0748661499560956,10.315732336193882,0.0,2.067990495728948,2.0680641211300257,97.8712568056698,97.75267065881302,0,2
2023-06-01 21:42:00,2023-06-01 21:42:59,2.0806,2.0786,2.0781,2.0811,2.0807711724796603,2.0796,2.0781,2.0811,True,0.0029211302156469904,0.00024179268582489753,0,2.0747134423849745,2.0750289873268755,6.372848032495874,0.0,2.0681060131843814,2.0681689557456475,85.02769478091797,93.53077639065735,0,1
2023-06-01 21:43:00,2023-06-01 21:43:59,2.0787,2.0784,2.0781,2.0797,2.08018558623983,2.078725,2.0781,2.08018558623983,True,0.002826763771672193,0.00010597978313170138,0,2.074871214855925,2.075182548911576,3.3473188087619334,0.0,2.068211674744736,2.0682707571810144,63.32972239706985,82.07622466121897,0,1
2023-06-01 21:44:00,2023-06-01 21:44:59,2.0783,2.0792,2.0762,2.0792,2.0794552931199153,2.078225,2.0762,2.0794552931199153,True,0.0028391377879813306,5.9450155981852605e-05,0,2.0750268818837507,2.075324323477153,3.182908377090939,0.0,2.068311309821903,2.0683795058657806,37.896938177529485,62.08478511850554,0,1
2023-06-01 21:45:00,2023-06-01 21:45:59,2.0793,2.0753,2.075,2.0797,2.0788401465599575,2.077325,2.075,2.0797,True,0.0029720565174112144,-0.00024964879083189313,0,2.075175602680452,2.0754496703582697,-3.648595379938108,-3.648595379938108,2.0684009982813865,2.068448366503932,20.93465649779219,40.72043902413028,0,-2
2023-06-01 21:46:00,2023-06-01 21:46:59,2.0752,2.0748,2.0746,2.0757,2.078082573279979,2.075075,2.0746,2.078082573279979,True,0.0028383381947389603,-0.00048107848174154966,0,2.075312636519361,2.0755457862021798,-8.807048912133084,-8.807048912133084,2.0684674062586863,2.0685115668372265,9.299295548306967,22.71029674120932,0,-2
2023-06-01 21:47:00,2023-06-01 21:47:59,2.075,2.0744,2.0738,2.075,2.076578786639989,2.0745500000000003,2.0738,2.076578786639989,True,0.0027213140379719137,-0.0006442593231492579,0,2.0754292113607704,2.075614626729703,-12.766132978227134,-12.766132978227134,2.0685279295794956,2.0685701582119806,1.398746434514005,10.544232826870827,-1,-2
2023-06-01 21:48:00,2023-06-01 21:48:59,2.0745,2.0732,2.0718,2.0764,2.0755643933199948,2.073975,2.0718,2.0764,True,0.002855505892402487,-0.000809793998247515,0,2.0755219190452365,2.075657575778098,-16.909665582693357,-16.909665582693357,2.068582129285172,2.0686162262894734,-1.8355687340469256e-14,3.566013994273424,0,-2
2023-06-01 21:49:00,2023-06-01 21:49:59,2.0734,2.0742,2.0716,2.0744,2.074769696659997,2.0734,2.0716,2.074769696659997,True,0.002851541185802287,-0.0008172390742892994,0,2.075589747411667,2.0756759004952525,-16.328452500722634,-16.328452500722634,2.06863006829726,2.0686717862268917,-1.8355687340469256e-14,0.4662488115044287,0,-2
2023-06-01 21:50:00,2023-06-01 21:50:59,2.0741,2.0747,2.0728,2.0748,2.0740848483299983,2.0741,2.0728,2.0748,True,0.002790716815387854,-0.0007550915627525785,0,2.07563282395346,2.0756795153206262,-14.331274679644856,-14.331274679644856,2.0686844954783816,2.06873176845349,3.8586294815143263,1.2862098271712024,0,-2
2023-06-01 21:51:00,2023-06-01 21:51:59,2.0749,2.0758,2.0744,2.0758,2.0740924241649994,2.075225,2.0744,2.0758,True,0.002691379900003028,-0.0006083649497034425,0,2.075656169637043,2.075679242839604,-9.70894080557396,-9.70894080557396,2.068749575125363,2.068802099115644,13.50131032592146,5.7866466024783625,0,-1
2023-06-01 21:52:00,2023-06-01 21:52:59,2.0758,2.0786,2.0758,2.0787,2.0746587120825,2.077225,2.0758,2.0787,True,0.0027062813357170905,-0.0002959784063850347,0,2.0756677062383235,2.0756896338513573,-1.021732211816257,-0.0,2.06883390771118,2.068899590666732,31.861282934277227,16.407074247237443,0,-1
2023-06-01 21:53:00,2023-06-01 21:53:59,2.0786,2.0784,2.0781,2.0792,2.0759418560412497,2.078575,2.0781,2.0792,True,0.0025915469545944483,-9.574422085971353e-05,0,2.0756786700448404,2.0757176114482516,4.155522066651905,0.0,2.0689308340026114,2.068994122102884,51.31084488095629,32.224479380384764,0,-1
2023-06-01 21:54:00,2023-06-01 21:54:59,2.0784,2.0782,2.0773,2.0784,2.0772584280206248,2.0780749999999997,2.0773,2.0784,True,0.0024850078864091063,2.314624292326707e-05,0,2.075698140746546,2.0757558125995064,6.913541961600686,0.0,2.0690218207289535,2.0690857228779795,62.692122157717414,48.62141665765008,1,-1
2023-06-01 21:55:00,2023-06-01 21:55:59,2.0783,2.0792,2.0783,2.0798,2.077666714010312,2.0789000000000004,2.0783,2.0798,True,0.0024217930373799036,0.0001663554857970433,0,2.0757269766730264,2.0758074611038424,10.782630230285214,10.782630230285214,2.069120111069959,2.069186362451333,77.43933836346135,63.814101800711455,0,-1
2023-06-01 21:56:00,2023-06-01 21:56:59,2.0791,2.0797,2.0791,2.0802,2.078283357005156,2.079525,2.0791,2.0802,True,0.002327379248995632,0.00028430044598490447,0,2.0757672188884344,2.0758736306048284,14.292264429876653,14.292264429876653,2.0692236423030934,2.069290975760275,87.46448026860128,75.86531359659311,0,-1
2023-06-01 21:57:00,2023-06-01 21:57:59,2.0798,2.0816,2.0797,2.0817,2.0789041785025777,2.0807,2.0797,2.0817,True,0.0023039950169245313,0.0004761516220186624,0,2.0758204247466314,2.075958840345023,19.384966533691127,19.384966533691127,2.069337834916993,2.0694134536134063,99.77385548076636,88.22589137094276,0,2
2023-06-01 21:58:00,2023-06-01 21:58:59,2.0816,2.0803,2.0803,2.0818,2.079802089251289,2.0809999999999995,2.0803,2.0818,True,0.0022465668014299256,0.00048696574092892055,0,2.075889632545827,2.0760605142890523,17.709422135713496,17.709422135713496,2.0694538763606047,2.069521777458049,99.99999999999999,95.74611191645566,0,2
2023-06-01 21:59:00,2023-06-01 21:59:59,2.0805,2.0757,2.0757,2.0808,2.0804010446256442,2.078175,2.0757,2.0808,True,0.002450383458470653,0.00015316756819524428,0,2.0759750734174394,2.076155070520876,6.98041456373781,0.0,2.0695406537102503,2.069583252309213,85.40073444693496,95.05819664256688,0,-2
2023-06-01 22:00:00,2023-06-01 22:00:59,2.0757,2.0801,2.0757,2.0824,2.079288022312822,2.0784749999999996,2.0757,2.0824,True,0.0027539274971513155,0.00022844664393690324,0,2.0760650719691576,2.076245432490556,7.127103435619752,7.127103435619752,2.0696295526783075,2.0696878965648424,72.03541937959572,85.81205127551,0,2
2023-06-01 22:01:00,2023-06-01 22:01:59,2.0802,2.0782,2.0777,2.0819,2.0788815111564105,2.0795000000000003,2.0777,2.0819,True,0.0028572183902119343,0.00013245383260814198,0,2.076155252229857,2.076338904898997,4.360568934894729,0.0,2.0697277660844935,2.069772594111461,62.79363459453263,73.40992947368754,0,-2
2023-06-01 22:02:00,2023-06-01 22:02:59,2.0783,2.0783,2.0783,2.081,2.0791907555782054,2.078975,2.0783,2.081,True,0.002853131362339663,6.69649905837528e-05,0,2.076247078564427,2.076430582799303,2.675923504897014,0.0,2.06981977836226,2.069857443921297,65.54522248478857,66.79142548630541,0,-2
2023-06-01 22:03:00,2023-06-01 22:03:59,2.0785,2.0758,2.0749,2.0788,2.0790828777891024,2.077,2.0749,2.0790828777891024,True,0.0029279076936011327,-0.00015425683101642242,0,2.076338830681865,2.076506668262499,-2.051397517161547,-0.0,2.06989122335368,2.069916573832528,55.353492757690496,61.230783279003674,0,-2
2023-06-01 22:04:00,2023-06-01 22:04:59,2.0759,2.076,2.075,2.0782,2.078041438894551,2.076275,2.075,2.0782,True,0.0029473428583438837,-0.0002808376779020196,0,2.076422749472182,2.076564981392099,-4.780230058934812,-4.780230058934812,2.069954743519315,2.0699771054361844,31.261944209420264,50.72021981729955,0,-2
2023-06-01 22:05:00,2023-06-01 22:05:59,2.0761,2.0746,2.0741,2.0763,2.0771582194472753,2.075275,2.0741,2.0771582194472753,True,0.0028939612256050178,-0.00044980279098416723,0,2.0764938654321408,2.076602041084926,-8.556082619980721,-8.556082619980721,2.0700076813947446,2.0700231043870683,9.776288538896011,32.1305751686687,-1,-2
2023-06-01 22:06:00,2023-06-01 22:06:59,2.0745,2.0749,2.0741,2.0805,2.0762166097236374,2.0759999999999996,2.0741,2.0805,True,0.0031443925666332123,-0.0005212786404148248,0,2.0765479532585336,2.076627087799622,-10.267409274782239,-10.267409274782239,2.0700673064554933,2.070071630711575,4.481989415700827,15.173407388005478,0,-2
2023-06-01 22:07:00,2023-06-01 22:07:59,2.0748,2.0758,2.0746,2.0766,2.0761083048618185,2.07545,2.0746,2.0766,True,0.0030626502404451097,-0.0004845216524483937,0,2.076587520529078,2.076638731180149,-8.93832803619452,-8.93832803619452,2.0701208655952397,2.0701286294109624,6.30569295748793,6.854656970694699,0,-2
2023-06-01 22:08:00,2023-06-01 22:08:59,2.0755,2.0784,2.0752,2.0786,2.0757791524309095,2.076925,2.0752,2.0786,True,0.0030867466518418605,-0.00026207665126909825,0,2.0766131258546134,2.0766498622040617,-2.66053107706761,-0.0,2.070188568425138,2.070210931605878,17.025077125094352,9.270919832760812,0,-1
2023-06-01 22:09:00,2023-06-01 22:09:59,2.0784,2.0742,2.0741,2.0784,2.076352076215455,2.076275,2.0741,2.0784,True,0.00317340760528171,-0.0003954238258430142,0,2.0766314940293378,2.0766560537840957,-5.618629669388277,-5.618629669388277,2.0702491299333454,2.0702506238287053,19.859323723783167,14.396697935454926,0,-2
2023-06-01 22:10:00,2023-06-01 22:10:59,2.0742,2.0747,2.0724,2.0752,2.076313538107727,2.074125,2.0724,2.076313538107727,True,0.003146735633475883,-0.00042988321343209436,0,2.0766437739067167,2.0766435627379534,-6.5932681779529645,-6.5932681779529645,2.070287695804655,2.0702948962284196,18.035620181996062,18.30667367695764,0,-2
2023-06-01 22:11:00,2023-06-01 22:11:59,2.0746,2.0784,2.0746,2.0784,2.0752192690538633,2.0765000000000002,2.0746,2.0784,True,0.0031933973739418616,-0.0001787310418076536,0,2.076643668322335,2.076632743456425,-1.3578590163112878,-0.0,2.070349509776748,2.070375544027142,19.474032382746454,19.122992096175008,0,-1
2023-06-01 22:12:00,2023-06-01 22:12:59,2.0785,2.0799,2.0781,2.0815,2.075859634526932,2.0795000000000003,2.0781,2.0815,True,0.0032081547043745907,9.523618903371135e-05,0,2.07663820588938,2.0766438977891055,3.8761774467479313,3.8761774467479313,2.0704405594307107,2.0704703147333396,45.491129701690134,27.666927422144,0,-1
2023-06-01 22:13:00,2023-06-01 22:13:59,2.0799,2.08,2.0796,2.0816,2.077679817263466,2.0802750000000003,2.0796,2.0816,True,0.00312185793977639,0.0002754979968760567,0,2.076641051839243,2.076677592896385,7.485955149636425,7.485955149636425,2.0705384145607533,2.0705651374723115,78.82446303502347,47.9298750398198,1,-1
2023-06-01 22:14:00,2023-06-01 22:14:59,2.0803,2.0822,2.0799,2.0823,2.078977408631733,2.081175,2.0799,2.0823,True,0.0030702966583638037,0.0005306332002771667,0,2.076659322367814,2.076734978286875,12.375254109864116,12.375254109864116,2.0706442512317906,2.0706809072487062,99.99999999999999,74.77186424557097,0,2
2023-06-01 22:15:00,2023-06-01 22:15:59,2.0822,2.0819,2.0803,2.0823,2.0800762043158665,2.0816749999999997,2.0803,2.0823,True,0.0029938468970521193,0.000650426384653475,0,2.0766971503273446,2.0768140520108673,14.831951424319811,14.831951424319811,2.070754009926002,2.0707925400124005,99.99999999999999,92.94148767834092,0,2
2023-06-01 22:16:00,2023-06-01 22:16:59,2.0819,2.0792,2.0791,2.0825,2.080875602157933,2.080675,2.0791,2.0825,True,0.003022857832976973,0.0005117049919052848,0,2.076755601169106,2.0769027975190473,10.309396312176673,10.309396312176673,2.070852726245146,2.070876196330685,94.37236800455514,98.1241226681848,0,1
2023-06-01 22:17:00,2023-06-01 22:17:59,2.0793,2.0789,2.0767,2.0793,2.0807753010789662,2.07855,2.0767,2.0807753010789662,True,0.002992653702050026,0.0003758103106144019,0,2.076829199344077,2.0769839690425096,6.711230074351754,6.711230074351754,2.0709293160337516,2.070956035173166,78.14546616365872,90.83927805607105,0,1
2023-06-01 22:18:00,2023-06-01 22:18:59,2.0787,2.0743,2.0743,2.0792,2.079662650539483,2.076625,2.0743,2.079662650539483,True,0.003128892723332176,-4.7626132045228966e-05,0,2.076906584193293,2.0770454130443947,-2.0536932966096444,-0.0,2.0709859895060525,2.070989308455025,53.824424544629295,75.44741957094747,0,-2
2023-06-01 22:19:00,2023-06-01 22:19:59,2.0744,2.0748,2.0717,2.0754,2.0781438252697413,2.074075,2.0717,2.0781438252697413,True,0.0031696861002370393,-0.00028816365094428266,0,2.076975998618844,2.077073408146775,-6.7859524453945,-6.7859524453945,2.0710167259288776,2.0710272257838307,26.19082012278317,52.72023694369016,-1,-2
2023-06-01 22:20:00,2023-06-01 22:20:59,2.0749,2.0773,2.0734,2.0775,2.076109412634871,2.075775,2.0734,2.0775,True,0.003236137093077266,-0.00026203844457029266,0,2.0770247033828095,2.077086540427059,-5.010839012994509,-5.010839012994509,2.0710640719395355,2.0710896414476734,16.887909277008333,32.30105131480669,0,-2
2023-06-01 22:21:00,2023-06-01 22:21:59,2.0773,2.0737,2.0735,2.0775,2.0759422063174355,2.0755,2.0735,2.0775,True,0.003290698729286033,-0.00048253848802906315,0,2.0770556219049343,2.077085994209121,-8.331481742580593,-8.331481742580593,2.0711082105272016,2.071115615164612,14.691527012419371,19.256752137403385,0,-2
2023-06-01 22:22:00,2023-06-01 22:22:59,2.0737,2.0754,2.072,2.0754,2.0757211031587177,2.0741250000000004,2.072,2.0757211031587177,True,0.003298505962908464,-0.0004883729139378821,0,2.0770708080570275,2.0770652485987093,-7.594341055433304,-7.594341055433304,2.071138228332901,2.0711582458594915,16.586596768538566,16.055344352655187,0,-2
2023-06-01 22:23:00,2023-06-01 22:23:59,2.0748,2.0739,2.073,2.0748,2.074923051579359,2.074125,2.073,2.074923051579359,True,0.0032343269655578724,-0.0005737887207833284,0,2.077068028327868,2.0770287422014984,-8.94701860130155,-8.94701860130155,2.071167947453967,2.071185526995218,10.750242794036495,14.009455524997906,0,-2
2023-06-01 22:24:00,2023-06-01 22:24:59,2.0738,2.0739,2.0716,2.0744,2.0745240257896795,2.0734250000000003,2.0716,2.0745240257896795,True,0.0032033036108751454,-0.0006030273903908762,0,2.0770483852646833,2.0769752749542842,-9.84880363188038,-9.84880363188038,2.0711904056882555,2.0712125366768577,3.93433334432155,10.423724302298632,0,-2
2023-06-01 22:25:00,2023-06-01 22:25:59,2.074,2.0792,2.0727,2.0792,2.07397451289484,2.076275,2.0727,2.0792,True,0.0034387819243840603,-0.00023021995852810892,0,2.077011830109484,2.0769283751836354,-2.4188206340956455,-0.0,2.071240998666482,2.071292013923854,15.676280225867794,10.12028545474171,0,-1
2023-06-01 22:26:00,2023-06-01 22:26:59,2.0792,2.0795,2.0781,2.0796,2.07512475644742,2.0791,2.0781,2.0796,True,0.0033002975012137747,4.330301907301461e-05,0,2.07697010264656,2.0769063503200633,2.8582368494751975,0.0,2.071319197684726,2.0713736854270994,38.011347085355546,19.207320218514727,0,-1
2023-06-01 22:27:00,2023-06-01 22:27:59,2.0795,2.0801,2.0781,2.0807,2.0771123782237098,2.0796,2.0781,2.0807,True,0.0032502762511270877,0.0002608556639545949,0,2.076938226483312,2.0769074912914873,7.088922605898844,7.088922605898844,2.0714015937276637,2.071460514427825,63.9990144093799,39.22888057353418,1,-1
2023-06-01 22:28:00,2023-06-01 22:28:59,2.0804,2.0789,2.0781,2.0822,2.078356189111855,2.0799,2.0781,2.0822,True,0.0033109708046179936,0.00030859964735821364,0,2.0769228588874,2.0769289213784816,7.2219956713908005,7.2219956713908005,2.071486154984105,2.0715345391598863,77.31998498787512,59.77678216086995,0,-1
2023-06-01 22:29:00,2023-06-01 22:29:59,2.0791,2.0787,2.0773,2.0792,2.0791280945559274,2.078575,2.0773,2.0792,True,0.003210187175716709,0.0003124811178862639,0,2.0769258901329413,2.076957087286572,6.850656101259823,6.850656101259823,2.0715566907554073,2.071605837277698,77.98610166886961,73.10170035537465,0,2
2023-06-01 22:30:00,2023-06-01 22:30:59,2.0786,2.0783,2.0767,2.0797,2.0788515472779636,2.0783250000000004,2.0767,2.0797,True,0.0031951738060226353,0.0002736054020372503,0,2.076941488709757,2.076988647840032,5.584180958387854,5.584180958387854,2.07162403711605,2.0716724458619997,76.25979153030683,77.1886260623503,0,2
2023-06-01 22:31:00,2023-06-01 22:31:59,2.0784,2.0772,2.0751,2.0791,2.078588273638982,2.07745,2.0751,2.0791,True,0.003252661391306733,0.00016038459390826088,0,2.0769650682748946,2.0770166610521725,2.045099913256891,0.0,2.07168200689599,2.0717274464006863,68.50177756833925,74.24922358917168,0,-2
2023-06-01 22:32:00,2023-06-01 22:32:59,2.0772,2.0795,2.0754,2.0799,2.078019136819491,2.078,2.0754,2.0799,True,0.003341757006213375,0.00023706179571640222,0,2.0769908646635336,2.0770454628020247,4.759670446856056,4.759670446856056,2.071744872499015,2.0718047852424704,65.89130913765707,70.21762607876751,0,2
2023-06-01 22:33:00,2023-06-01 22:33:59,2.0792,2.0807,2.0774,2.0809,2.0780095684097457,2.0795500000000002,2.0774,2.0809,True,0.0033530600771981543,0.00035725561318183626,0,2.077018163732779,2.0770853224108996,8.528233684274298,8.528233684274298,2.0718225354592237,2.071893294842048,72.17080367556848,68.85463012718806,0,2
2023-06-01 22:34:00,2023-06-01 22:34:59,2.0809,2.0813,2.0809,2.0826,2.078779784204873,2.081425,2.0809,2.0826,True,0.00324927007168397,0.00045846166608636024,0,2.077051743071839,2.0771464789646386,11.960922166160493,11.960922166160493,2.071918082370077,2.071986893898346,86.23206683866636,74.76472655063043,0,2
2023-06-01 22:35:00,2023-06-01 22:35:59,2.0816,2.0808,2.0808,2.0824,2.0801023921024364,2.0814,2.0808,2.0824,True,0.003131465066563674,0.00046667052244057114,0,2.0770991110182386,2.0772238116272588,12.523240316061539,12.523240316061539,2.0720124298091807,2.072074586496372,97.0607177761594,85.1545294301312,0,2
2023-06-01 22:36:00,2023-06-01 22:36:59,2.0809,2.0809,2.0808,2.0818,2.080751196051218,2.0811,2.0808,2.0818,True,0.002979217561809118,0.000454766229560404,0,2.0771614613227487,2.077311290950816,13.113045889488625,13.113045889488625,2.072102853393169,2.0721624015561098,97.85013761007114,93.71430740829875,0,2
2023-06-01 22:37:00,2023-06-01 22:37:59,2.0813,2.0791,2.0791,2.082,2.080925598025609,2.080375,2.0791,2.082,True,0.0029735591645370313,0.0002993644586849557,0,2.0772363761367822,2.0774011843396827,7.569950239816194,7.569950239816194,2.072185163309655,2.0722314323863973,91.34671438949657,95.41918992524216,0,1
2023-06-01 22:38:00,2023-06-01 22:38:59,2.0794,2.0799,2.0794,2.0809,2.0806502990128046,2.0799,2.0794,2.0809,True,0.0028897335099272612,0.0002359613538572235,0,2.0773187802382327,2.0774891025697535,6.170692700568836,6.170692700568836,2.0722619278538374,2.0723077365417564,74.90660111983259,88.03448437313324,0,1
2023-06-01 22:39:00,2023-06-01 22:39:59,2.0799,2.0815,2.0798,2.0819,2.0802751495064022,2.080775,2.0798,2.0819,True,0.0028333239735038847,0.00028935677275847196,0,2.0774039414039933,2.077580865961389,8.9060809079282,8.9060809079282,2.0723466350393713,2.0723992018497985,66.81422368519317,77.68917973150724,0,2
2023-06-01 22:40:00,2023-06-01 22:40:59,2.0813,2.0822,2.0798,2.0822,2.080525074753201,2.081375,2.0798,2.0822,True,0.002802372261110731,0.0003536819624415314,0,2.077492403682691,2.077679143719391,12.038772514031017,12.038772514031017,2.0724364695165916,2.0724967222294026,68.82426068121639,70.18169516208052,0,2
2023-06-01 22:41:00,2023-06-01 22:41:59,2.0824,2.0819,2.0811,2.0834,2.0809500373766006,2.0822000000000003,2.0811,2.0834,True,0.002766488528174248,0.00035303664526923956,0,2.077585773701041,2.0777875363712695,12.905599320663022,12.905599320663022,2.0725336190736403,2.072590287182344,85.41117456476057,73.68321964372318,0,2
2023-06-01 22:42:00,2023-06-01 22:42:59,2.082,2.0804,2.0804,2.0828,2.0815750186883006,2.0814,2.0804,2.0828,True,0.0027403107761618146,0.00022755277930007565,0,2.0776866550361555,2.0778976600105956,8.236231544356457,8.236231544356457,2.072621841769425,2.072667995767594,85.18210376843942,79.8058463381386,0,1
2023-06-01 22:43:00,2023-06-01 22:43:59,2.0803,2.0818,2.0795,2.0819,2.08148750934415,2.080875,2.0795,2.0819,True,0.0027160028635788403,0.00022547656755395116,0,2.0777921575233758,2.0780047888449156,8.773804495995321,8.773804495995321,2.0727039627468438,2.0727588614813497,72.7749938997096,81.12275741096967,0,2
2023-06-01 22:44:00,2023-06-01 22:44:59,2.0817,2.0823,2.0811,2.0823,2.081181254672075,2.08185,2.0811,2.0823,True,0.0026077169447517707,0.00024119798899575667,0,2.077898473184146,2.0781155143673393,10.25800324405467,10.25800324405467,2.0727949680926465,2.072853798183028,65.04206340419448,74.33305369078097,0,2
2023-06-01 22:45:00,2023-06-01 22:45:59,2.0826,2.0865,2.0819,2.0865,2.081515627336038,2.084375,2.0819,2.0865,True,0.002750022877269497,0.00052104075846021,1,2.078006993775743,2.0782456360780137,16.87198777714201,16.87198777714201,2.07291019229073,2.0729895812856842,75.36657341120365,71.06121023836904,0,2
2023-06-01 22:46:00,2023-06-01 22:46:59,2.0865,2.0881,2.0864,2.0892,2.082945313668019,2.08755,2.0864,2.0892,True,0.0027535926717502566,0.0007799453024521772,0,2.0781263149268785,2.078411919647289,22.431464831013216,22.431464831013216,2.07305586201918,2.0731399337107024,92.26706950448484,77.55856877329411,0,2
2023-06-01 22:47:00,2023-06-01 22:47:59,2.0881,2.0882,2.0875,2.0891,2.0852476568340093,2.088225,2.0875,2.0891,True,0.002671193195196686,0.0009095578341190337,0,2.0782691172870837,2.0786101640378694,26.20817219767359,26.20817219767359,2.0732067987155065,2.073289785116566,99.99999999999996,89.21121430522926,0,2
2023-06-01 22:48:00,2023-06-01 22:48:59,2.0882,2.0856,2.0853,2.0885,2.086736328417005,2.0869,2.0853,2.0885,True,0.0027089651098254693,0.0007631319342171132,0,2.0784396406624768,2.078823120331394,20.741230653618985,20.741230653618985,2.0733430494745564,2.0734122748168984,89.45482640504436,93.9072986365095,0,1
2023-06-01 22:49:00,2023-06-01 22:49:59,2.0856,2.0871,2.0827,2.0871,2.0868181642085024,2.085625,2.0827,2.0871,True,0.0028297533162665043,0.0007247098896816903,0,2.0786313804969354,2.079037450447007,19.31076783658078,19.31076783658078,2.073465257937496,2.073548471087377,69.65033709097746,86.36838783200704,0,2
2023-06-01 22:50:00,2023-06-01 22:50:59,2.0871,2.0836,2.0833,2.0871,2.086221582104251,2.0852749999999998,2.0833,2.0871,True,0.002899056650818899,0.00041380037259134165,0,2.078834415471971,2.0792489902776725,11.349895726715552,11.349895726715552,2.0735827678087646,2.0736484863004376,47.37793533387069,68.82769960996396,0,1
2023-06-01 22:51:00,2023-06-01 22:51:59,2.0834,2.0813,2.0812,2.0834,2.0857482910521252,2.082325,2.0812,2.0857482910521252,True,0.0028634097471889907,2.2288687689477928e-05,0,2.079041702874822,2.079436641771952,3.0192628745968975,0.0,2.073669755193752,2.07372462076511,24.589775595492963,47.20601600678015,0,1
2023-06-01 22:52:00,2023-06-01 22:52:59,2.0812,2.0825,2.0793,2.0826,2.0840366455260626,2.0814,2.0793,2.0840366455260626,True,0.00289459476524691,-0.00016379308016053942,0,2.079239172323387,2.079597851838481,-0.17731237363179275,-0.0,2.0737466730525207,2.0738119379714273,11.060931576226524,27.676214168529842,0,1
2023-06-01 22:53:00,2023-06-01 22:53:59,2.0826,2.0825,2.0824,2.0839,2.0827183227630313,2.0828499999999996,2.0824,2.0839,True,0.0027949808534435635,-0.0002907217233603758,0,2.079418512080934,2.0797470868525165,-2.3083625391175886,-0.0,2.0738372534201575,2.073898386349821,5.602321668412819,13.75100961337722,0,1
2023-06-01 22:54:00,2023-06-01 22:54:59,2.0825,2.0846,2.0824,2.085,2.0827841613815155,2.0836249999999996,2.0824,2.085,True,0.0027810536496261774,-0.0002292325759107954,0,2.0795827994667255,2.079891187236792,0.3959609562040569,0.0,2.0739346439333897,2.074004870067733,14.023795510626243,10.229016251754981,0,2
2023-06-01 22:55:00,2023-06-01 22:55:59,2.085,2.0873,2.0841,2.0879,2.0832045806907575,2.0860749999999997,2.0841,2.0879,True,0.002853835531795738,-7.1691817376939165e-06,0,2.0797369933517587,2.0800470660145534,5.916276061864544,0.0,2.0740554434962415,2.074137159917805,30.363570240154804,16.663229139731072,0,2
2023-06-01 22:56:00,2023-06-01 22:56:59,2.0873,2.0878,2.0861,2.0878,2.0846397903453786,2.08725,2.0861,2.0878,True,0.002771418708096045,0.00015789474720221547,0,2.079892029683156,2.080219210259724,10.181329086962776,10.181329086962776,2.074186732615682,2.074273108575339,44.40664210281064,29.59800261786368,0,2
2023-06-01 22:57:00,2023-06-01 22:57:59,2.0878,2.0856,2.0856,2.0878,2.0859448951726893,2.0867,2.0856,2.0878,True,0.002730603086089199,9.329509895786292e-05,0,2.08005561997144,2.080399205744277,8.009478666332768,0.0,2.074311242738909,2.074385813962649,53.024609780625234,42.598274041196674,0,1
2023-06-01 22:58:00,2023-06-01 22:58:59,2.0855,2.0859,2.0848,2.0862,2.086322447586345,2.0856,2.0848,2.086322447586345,True,0.002635560008511388,5.4387562816082726e-05,0,2.080227412857859,2.080576600434556,7.095839516727246,0.0,2.0744235686818056,2.0745003829779463,48.63931085118204,48.69018757820575,0,1
2023-06-01 22:59:00,2023-06-01 22:59:59,2.0859,2.0866,2.0859,2.0868,2.0859612237931726,2.0863,2.0859,2.0868,True,0.0025115914364748694,6.117740801878189e-05,0,2.0804020066462074,2.08075553312941,7.803403567258144,0.0,2.074541742127758,2.0746207771771705,43.26763137539914,48.31051733573525,0,2
2023-06-01 23:00:00,2023-06-01 23:00:59,2.0867,2.0862,2.0856,2.0892,2.0861306118965866,2.086925,2.0856,2.0892,True,0.0025893349052980965,2.167870605640585e-05,0,2.0805787698878087,2.080938737202172,7.148100167285584,0.0,2.074664958623999,2.074735993324661,42.55470896701413,44.82055039786488,0,1
2023-06-01 23:01:00,2023-06-01 23:01:59,2.0862,2.0854,2.0848,2.0864,2.0865278059482932,2.0856999999999997,2.0848,2.0865278059482932,True,0.0025186681263482196,-7.34375127703574e-05,0,2.0807587535449903,2.0811156423832853,4.468186812221781,0.0,2.0747747600307256,2.0748421028438186,44.11081780756447,43.31105271665902,0,1
2023-06-01 23:02:00,2023-06-01 23:02:59,2.0855,2.0842,2.0841,2.0855,2.0861139029741462,2.084825,2.0841,2.0861139029741462,True,0.00243876326018051,-0.00022755030816476538,0,2.080937197964138,2.0812803712144996,-0.23636490979605185,-0.0,2.0748747624184793,2.074935216248358,40.6306332848787,42.432053353152206,0,1
2023-06-01 23:03:00,2023-06-01 23:03:59,2.0842,2.0839,2.0839,2.0852,2.0854694514870733,2.0843,2.0839,2.0854694514870733,True,0.002357423027310479,-0.0003508010499091226,0,2.081108784589319,2.0814307812465227,-4.055558669369361,-4.055558669369361,2.074968545877002,2.0750244180767323,31.093618336980317,38.61168980980761,0,1
2023-06-01 23:04:00,2023-06-01 23:04:59,2.084,2.0825,2.0821,2.084,2.0848847257435366,2.08315,2.0821,2.0848847257435366,True,0.0023247499539311603,-0.0005234206574602324,0,2.081269782917921,2.081560995791484,-9.427984221137905,-9.427984221137905,2.0750499533807134,2.0750988019764662,17.58303369634461,29.769095106067653,0,-2
2023-06-01 23:05:00,2023-06-01 23:05:59,2.0825,2.0839,2.0817,2.0839,2.0840173628717684,2.0829999999999997,2.0817,2.0840173628717684,True,0.0023158392429360602,-0.0005273539156146118,0,2.0814153893547025,2.0816733877176783,-8.100534875628838,-8.100534875628838,2.0751290583221986,2.0751863760861533,6.7895041637445885,18.488718732356283,0,-2
2023-06-01 23:06:00,2023-06-01 23:06:59,2.084,2.0815,2.0814,2.084,2.083508681435884,2.082725,2.0814,2.084,True,0.00233613643986921,-0.0006817601323387979,0,2.0815443885361904,2.081769089850187,-11.69396410708562,-11.69396410708562,2.0752046398314303,2.0752491982146495,-3.197442310920451e-14,8.124179286696167,0,-2
2023-06-01 23:07:00,2023-06-01 23:07:59,2.0815,2.0811,2.0808,2.0818,2.083116840717942,2.0813,2.0808,2.083116840717942,True,0.002240698122735687,-0.0007882632641672896,0,2.0816567391931886,2.081841218356912,-14.679591425797597,-14.679591425797597,2.0752652901813664,2.075307415147837,-3.197442310920451e-14,2.2631680545812856,0,-2
2023-06-01 23:08:00,2023-06-01 23:08:59,2.0815,2.0827,2.081,2.0835,2.0822084203589712,2.0821750000000003,2.081,2.0835,True,0.0022592196853974196,-0.0007205839943498049,0,2.0817489787750505,2.081900295734543,-11.619286779513793,-11.619286779513793,2.0753340435128953,2.0753809732060673,5.57160632027976,1.857202106759676,-1,-2
2023-06-01 23:09:00,2023-06-01 23:09:59,2.0821,2.0867,2.0815,2.087,2.082191710179486,2.084325,2.0815,2.087,True,0.0024907039935833227,-0.00037758123861218783,0,2.081824637254797,2.081963443819268,-2.3364301887935994,-0.0,2.0754235057664983,2.075493600338345,22.991231390727254,9.520945903668771,1,-1
2023-06-01 23:10:00,2023-06-01 23:10:59,2.0868,2.0858,2.0847,2.0869,2.083258355089743,2.08605,2.0847,2.0869,True,0.002469939422613068,-0.00020735708551881146,0,2.0818940405370325,2.0820411988717753,1.7416222827392218,0.0,2.075529242027528,2.0755961515787598,50.76744435468746,26.443427355231268,0,-1
2023-06-01 23:11:00,2023-06-01 23:11:59,2.0858,2.0871,2.0852,2.0879,2.0846541775448717,2.0865,2.0852,2.0879,True,0.0024863723209978435,-5.286620215932177e-06,0,2.081967619704404,2.0821330080889515,6.360529425621003,0.0,2.0756384037983984,2.075710617732205,75.90547575561095,49.88805050034167,0,-1
2023-06-01 23:12:00,2023-06-01 23:12:59,2.0868,2.089,2.0854,2.0891,2.085577088772436,2.087575,2.0854,2.0891,True,0.0025730600123551584,0.00024945239767317396,0,2.0820503138966777,2.0822426279831676,11.728197429543513,11.728197429543513,2.075757175899907,2.075842850391586,91.8191840184968,72.83070137626486,0,2
2023-06-01 23:13:00,2023-06-01 23:13:59,2.089,2.0874,2.0873,2.089,2.0865760443862182,2.088175,2.0873,2.089,True,0.0025106985829012212,0.00028639871586399286,0,2.082146470939923,2.0823696348777005,11.253076384751317,11.253076384751317,2.0758807363387137,2.0759578469051023,97.37630438786992,88.36698805399233,0,2
2023-06-01 23:14:00,2023-06-01 23:14:59,2.0877,2.0906,2.0877,2.0912,2.087375522193109,2.0893,2.0877,2.0912,True,0.0026027915412654215,0.0005095518396932282,0,2.082258052908812,2.0825171779738922,14.73563278309227,14.73563278309227,2.076014261350269,2.076103539970723,99.99999999999996,96.39849613545533,0,2
2023-06-01 23:15:00,2023-06-01 23:15:59,2.0906,2.09,2.0897,2.0934,2.088337761096555,2.0909250000000004,2.0897,2.0934,True,0.0026811635740321637,0.0005816708937875555,0,2.0823876154413523,2.082691026291656,15.607018877362407,15.607018877362407,2.076162626908973,2.0762418132048452,99.99999999999996,99.12543479595638,0,2
2023-06-01 23:16:00,2023-06-01 23:16:59,2.0903,2.0858,2.0855,2.0904,2.0896313805482776,2.088,2.0855,2.0904,True,0.0028396518901727006,0.0003050969903369879,0,2.0825393208665046,2.082864323500382,8.608175464358801,0.0,2.0762804117158487,2.0763369195411157,86.10490113670852,95.36830037890257,0,1
2023-06-01 23:17:00,2023-06-01 23:17:59,2.0858,2.0881,2.085,2.0882,2.0888156902741386,2.086775,2.085,2.0888156902741386,True,0.002865391040874657,0.0002607161875668707,0,2.0827018221834432,2.083027593011194,7.294878567195909,0.0,2.07638483547987,2.076453965117821,67.38848617453172,84.49779577041316,0,1
2023-06-01 23:18:00,2023-06-01 23:18:59,2.0878,2.0895,2.0878,2.0903,2.087795345137069,2.08885,2.0878,2.0903,True,0.0028392916808121778,0.0003063079950140972,0,2.082864707597319,2.083196084149132,8.188836125509162,0.0,2.076508866967633,2.076583776410181,54.846863765093026,69.44675035877752,0,2
2023-06-01 23:19:00,2023-06-01 23:19:59,2.0894,2.0852,2.0844,2.0894,2.0883226725685344,2.0871,2.0844,2.0894,True,0.003000770846468458,1.6665632577799946e-05,0,2.0830303958732257,2.0833555234213743,2.7574575934878,0.0,2.076614251375915,2.0766695099782386,49.679187404936165,57.304845781520065,0,1
2023-06-01 23:20:00,2023-06-01 23:20:59,2.0847,2.087,2.0836,2.0893,2.087711336284267,2.08615,2.0836,2.0893,True,0.003193572928863571,-5.8453026902456585e-05,0,2.0831929596473002,2.0835002241628384,1.6839669122661505,0.0,2.0767091344468014,2.0767723009237287,46.064533910474296,50.19686169350092,0,1
2023-06-01 23:21:00,2023-06-01 23:21:59,2.0867,2.0882,2.0861,2.0894,2.0869306681421333,2.0876,2.0861,2.0894,True,0.0032011748625161633,-3.255029449224277e-05,0,2.0833465919050695,2.0836422768964247,2.5697098800486486,0.0,2.076817501268226,2.0768860093722488,38.200345113661236,44.64802214302366,0,2
2023-06-01 23:22:00,2023-06-01 23:22:59,2.0885,2.0874,2.0871,2.0895,2.0872653340710667,2.088125,2.0871,2.0895,True,0.0031439480866221644,-7.958683336007949e-05,0,2.0834944344007473,2.0837848722602845,1.8782611895386978,0.0,2.076930013693418,2.0769906261944153,33.06534049570862,39.110073173281144,0,1
2023-06-01 23:23:00,2023-06-01 23:23:59,2.0872,2.0881,2.0864,2.0885,2.087695167035533,2.08755,2.0864,2.0885,True,0.0030693803661491523,-6.868191879797294e-05,0,2.083639653330516,2.0839229713734415,2.5587146636160654,0.0,2.077035685198956,2.0771011672273065,27.87353159899182,33.04640573612032,0,1
2023-06-01 23:24:00,2023-06-01 23:24:59,2.0878,2.0885,2.0876,2.0886,2.087622583517766,2.088125,2.0876,2.0886,True,0.0029215674828527763,-4.1264984110903286e-05,0,2.083781312351979,2.0840605281615123,3.707907863078468,0.0,2.0771460266397628,2.0772145884489253,23.581079184887347,28.173317093195692,0,2
2023-06-01 23:25:00,2023-06-01 23:25:59,2.0885,2.0913,2.0885,2.0916,2.087873791758883,2.089975,2.0885,2.0916,True,0.00293431266264903,0.00016023531261678521,0,2.083920920256746,2.084209407154786,8.515030923748448,0.0,2.077273678115984,2.0773547417976923,31.481619486975095,27.645410090284518,0,2
2023-06-01 23:26:00,2023-06-01 23:26:59,2.0908,2.0912,2.0902,2.0915,2.0889243958794417,2.090925,2.0902,2.0915,True,0.0028175760438883908,0.00026612012835736977,0,2.084065163705766,2.08437269674191,11.454712543347604,11.454712543347604,2.0774095121645813,2.0774925055608993,46.60567431802824,33.88945766329666,0,2
2023-06-01 23:27:00,2023-06-01 23:27:59,2.0911,2.0901,2.0901,2.0912,2.089924697939721,2.090625,2.0901,2.0912,True,0.002694892040753513,0.00023642668608659517,0,2.0842189302238383,2.084544153231657,10.418106936951816,10.418106936951816,2.0775410095559783,2.077617953266761,56.827462629167975,44.97158547805687,0,1
2023-06-01 23:28:00,2023-06-01 23:28:59,2.0901,2.0911,2.09,2.0913,2.0902748489698606,2.090625,2.09,2.0913,True,0.00259525689498541,0.0002640249218625768,0,2.084381541727748,2.0847208632074152,11.492153221597889,11.492153221597889,2.0776711985156204,2.0777521029855,58.64822685926466,54.02712126882006,0,2
2023-06-01 23:29:00,2023-06-01 23:29:59,2.0911,2.0929,2.0906,2.0936,2.0904499244849304,2.09205,2.0906,2.0936,True,0.002624167116772175,0.0003818509586194141,0,2.084551202467582,2.084910273886735,14.81920499592735,14.81920499592735,2.0778142711672065,2.077902828328928,71.04704938156698,62.174246289999644,0,2
2023-06-01 23:30:00,2023-06-01 23:30:59,2.0929,2.0928,2.0911,2.093,2.091249962242465,2.0924500000000004,2.0911,2.093,True,0.0025724408941455923,0.0004218127377749888,0,2.084730738177159,2.085111128785982,16.69991414257244,16.69991414257244,2.0779599003098213,2.0780510588928194,85.52352469078346,71.73960031053814,0,2
2023-06-01 23:31:00,2023-06-01 23:31:59,2.0927,2.0919,2.0914,2.0935,2.091849981121233,2.092375,2.0914,2.0935,True,0.0025386951159923348,0.00035409287174729227,0,2.0849209334815706,2.0853191011420886,14.838545371159384,14.838545371159384,2.0781033341375843,2.078188859301846,99.20007846124061,85.25688417786345,0,1
2023-06-01 23:32:00,2023-06-01 23:32:59,2.0919,2.0938,2.0911,2.0941,2.0921124905606163,2.0927249999999997,2.0911,2.0941,True,0.0025716454648500335,0.0004112158987015944,0,2.08512001731183,2.0855336515827143,16.857418607687237,16.857418607687237,2.0782488233501457,2.078344194035161,99.20007846124061,94.64122720442133,0,2
2023-06-01 23:33:00,2023-06-01 23:33:59,2.094,2.0923,2.0923,2.0942,2.092418745280308,2.0931999999999995,2.0923,2.0942,True,0.0025236707887893177,0.00031267474031852153,0,2.0853268344472724,2.0857551679564987,13.656190254420679,13.656190254420679,2.07839759127701,2.0784830577761046,99.20007846124061,99.20007846124037,0,1
2023-06-01 23:34:00,2023-06-01 23:34:59,2.0923,2.0939,2.0923,2.0943,2.0928093726401538,2.0932,2.0923,2.0943,True,0.0024862657324472397,0.00032997715699115224,0,2.085541001201886,2.0859806488205486,14.33789007939339,14.33789007939339,2.078544878925995,2.0786364601862926,99.99999999999996,99.46671897416014,0,2
2023-06-01 23:35:00,2023-06-01 23:35:59,2.0939,2.0942,2.0936,2.095,2.093004686320077,2.0941750000000003,2.0936,2.095,True,0.0024086753229867436,0.0003317175526135205,0,2.085760825011217,2.086214393454025,15.279075499781513,15.279075499781513,2.078700402518771,2.0787913212789664,99.99999999999996,99.73335948707994,0,2
2023-06-01 23:36:00,2023-06-01 23:36:59,2.0941,2.0914,2.0911,2.0941,2.0935898431600384,2.092675,2.0911,2.0941,True,0.0024580556570591105,0.00011020547677747031,0,2.085987609232621,2.0864427488793242,8.678573651879809,0.0,2.0788394532399774,2.078916780768728,82.68960798813671,94.22986932937863,0,1
2023-06-01 23:37:00,2023-06-01 23:37:59,2.0913,2.0903,2.09,2.0919,2.093132421580019,2.0908749999999996,2.09,2.093132421580019,True,0.002418194538697746,-0.00012930921471379902,0,2.0862151790559724,2.0866529446678235,2.275711477458451,0.0,2.078959209924157,2.0790300466317255,49.35627465480338,77.34862754764644,0,1
2023-06-01 23:38:00,2023-06-01 23:38:59,2.0903,2.0905,2.09,2.0917,2.092003710790009,2.0906249999999997,2.09,2.092003710790009,True,0.0023668949287907665,-0.00028035545325597825,0,2.086434061861898,2.08684568581405,-1.4276265076208148,-0.0,2.0790752874373495,2.079144175520962,16.022941321470046,49.356274654803144,0,1
2023-06-01 23:39:00,2023-06-01 23:39:59,2.0907,2.09,2.0895,2.091,2.0913143553950047,2.0903,2.0895,2.0913143553950047,True,0.0023049738624485727,-0.00041496473770673064,0,2.086639873837974,2.0870211325428003,-4.960342627125613,-4.960342627125613,2.0791869761195647,2.079252193674982,-4.026408835973901e-14,21.79307199209089,0,-2
2023-06-01 23:40:00,2023-06-01 23:40:59,2.09,2.0885,2.0877,2.0902,2.0908071776975024,2.0890999999999997,2.0877,2.0908071776975024,True,0.0023189043008450994,-0.0006007972811285936,0,2.086830503190387,2.0871735262277493,-10.077473875580885,-10.077473875580885,2.0792856131731012,2.0793442116483654,-4.026408835973901e-14,5.340980440489752,0,-2
2023-06-01 23:41:00,2023-06-01 23:41:59,2.0885,2.0877,2.0867,2.0885,2.089953588848751,2.08785,2.0867,2.089953588848751,True,0.0022818397079275785,-0.0007624228340642144,0,2.087002014709068,2.087298148177116,-14.701520685093513,-14.701520685093513,2.0793708309524734,2.0794273538210186,-4.026408835973901e-14,-2.7632217501781677e-13,0,-2
2023-06-01 23:42:00,2023-06-01 23:42:59,2.0876,2.0863,2.0863,2.0879,2.0889017944243755,2.0870249999999997,2.0863,2.0889017944243755,True,0.0022331368716470247,-0.0009410392543103459,0,2.087150081443092,2.087394389827289,-19.561383923289743,-19.561383923289743,2.0794469918385183,2.079495738360113,-4.026408835973901e-14,-2.7632217501781677e-13,0,-2
2023-06-01 23:43:00,2023-06-01 23:43:59,2.0863,2.0873,2.0863,2.0877,2.087963397212188,2.0869,2.0863,2.087963397212188,True,0.0021736270951007975,-0.0009565134584649617,0,2.0872722356351905,2.0874667695153164,-18.8572447450313,-18.8572447450313,2.079521151123707,2.0795733927047886,-4.026408835973901e-14,-2.7632217501781677e-13,-1,-2
2023-06-01 23:44:00,2023-06-01 23:44:59,2.0872,2.0866,2.0866,2.0878,2.087431698606094,2.08705,2.0866,2.0878,True,0.00210408230259362,-0.0009808262395256523,0,2.0873695025752537,2.0875208950706226,-19.596532482498876,-19.596532482498876,2.079596065042874,2.0796433091952884,0.8561528597487459,0.2853842865826524,0,-2
2023-06-01 23:45:00,2023-06-01 23:45:59,2.0866,2.086,2.0856,2.0873,2.087240849303047,2.0863749999999994,2.0856,2.0873,True,0.0020752192809797925,-0.0010013033450535383,0,2.0874451988229383,2.0875556464421545,-21.08057226928708,-21.08057226928708,2.079663517132,2.0797065598500617,0.8561528597487459,0.570768573165581,0,-2
2023-06-01 23:46:00,2023-06-01 23:46:59,2.086,2.085,2.0846,2.086,2.086807924651523,2.0854,2.0846,2.086807924651523,True,0.0020269893323383676,-0.001044174979139702,-1,2.0875004226325466,2.087568216414306,-23.545184809369506,-23.545184809369506,2.079720596563522,2.0797592308963297,0.8561528597487459,0.8561528597485099,0,-2
2023-06-01 23:47:00,2023-06-01 23:47:59,2.085,2.0842,2.0838,2.085,2.086103962325762,2.0845000000000002,2.0838,2.086103962325762,True,0.0019679186657427608,-0.0010841814514178263,0,2.0875343195234266,2.0875570616142385,-26.19770952370811,-26.19770952370811,2.0797681528166216,2.0798034176535802,-4.026408835973901e-14,0.5707685731655812,0,-2
2023-06-01 23:48:00,2023-06-01 23:48:59,2.0842,2.083,2.0827,2.0842,2.085301981162881,2.083525,2.0827,2.085301981162881,True,0.0019344959039039962,-0.0011461977791816704,0,2.0875456905688328,2.0875206151310683,-29.211940526653663,-29.211940526653663,2.079805534380635,2.0798352244430967,-4.026408835973901e-14,0.2853842865826524,0,-2
2023-06-01 23:49:00,2023-06-01 23:49:59,2.0833,2.0825,2.0815,2.0839,2.0844134905814404,2.0827999999999998,2.0815,2.0844134905814404,True,0.0019677461964822634,-0.0011697884024221602,0,2.0875331528499506,2.0874595321185483,-31.672882447287392,-31.672882447287392,2.07983533005844,2.079861739622767,-4.026408835973901e-14,-2.762851675836626e-13,0,-2
2023-06-01 23:50:00,2023-06-01 23:50:59,2.0824,2.0828,2.0815,2.0845,2.0836067452907203,2.0828,2.0815,2.0845,True,0.002041478611019221,-0.001110709459078899,0,2.0874963424842496,2.0873794716876373,-31.524640910359736,-31.524640910359736,2.0798648292618385,2.0798909760444313,3.754384420504962e-12,9.88597668704571e-13,0,-2
2023-06-01 23:51:00,2023-06-01 23:51:59,2.0828,2.086,2.0823,2.086,2.08320337264536,2.084275,2.0823,2.086,True,0.002159944424517835,-0.0008001640881692067,0,2.0874379070859437,2.087295139570075,-19.4485074166383,-19.4485074166383,2.0799087115577404,2.079951762352447,12.298027268394563,4.0993424227991895,0,-1
2023-06-01 23:52:00,2023-06-01 23:52:59,2.086,2.0845,2.0842,2.0875,2.08373918632268,2.08555,2.0842,2.0875,True,0.002241376965623694,-0.000661960151211732,0,2.0873665233280096,2.0872167707875002,-15.030959173922689,-15.030959173922689,2.0799648437810463,2.0799970184484424,34.69565055745087,15.664559275282826,0,-1
2023-06-01 23:53:00,2023-06-01 23:53:59,2.0849,2.083,2.083,2.0849,2.08464459316134,2.08395,2.083,2.0849,True,0.0022169928966505738,-0.0006403045505154511,0,2.087291647057755,2.087132656972145,-14.903426342130857,-14.903426342130857,2.0800044970767573,2.080026898861891,53.43685960063135,33.47684580882536,0,-2
2023-06-01 23:54:00,2023-06-01 23:54:59,2.0831,2.0834,2.0823,2.0845,2.08429729658067,2.083325,2.0823,2.0845,True,0.0022157791183183726,-0.0005636421998241692,0,2.08721215201495,2.08704030899764,-13.565162554906735,-13.565162554906735,2.0800375369068393,2.080060462057295,59.50292951320511,49.21181322376221,0,-1
2023-06-01 23:55:00,2023-06-01 23:55:59,2.0835,2.0841,2.0833,2.0842,2.083811148290335,2.083775,2.0833,2.0842,True,0.002121794895581355,-0.0004333666237390358,0,2.087126230506295,2.0869451992956014,-10.46401460155343,-10.46401460155343,2.0800747255943333,2.080100656464685,60.407327210557945,57.782372108131234,0,-1
2023-06-01 23:56:00,2023-06-01 23:56:59,2.0841,2.0836,2.0836,2.0849,2.0837930741451673,2.0840500000000004,2.0836,2.0849,True,0.0020630952601826923,-0.0003558557406542085,0,2.0870357149009484,2.086850454612209,-9.697507555109851,-9.697507555109851,2.080114280563544,2.080135475803345,68.01751734942978,62.642591357730716,0,-1
2023-06-01 23:57:00,2023-06-01 23:57:59,2.0837,2.0831,2.0822,2.0839,2.083921537072584,2.083225,2.0822,2.083921537072584,True,0.0020371598844553594,-0.0003153579383400897,0,2.086943084756579,2.08675098698249,-10.48177729218262,-10.48177729218262,2.0801452329957475,2.0801649735565455,70.161704504858,66.19551635494834,0,-1
2023-06-01 23:58:00,2023-06-01 23:58:59,2.083,2.0831,2.0827,2.0835,2.083573268536292,2.083075,2.0827,2.083573268536292,True,0.0019487913212799701,-0.00026580791008412705,0,2.0868470358695346,2.0866474542381144,-11.004623783564469,-11.004623783564469,2.0801743849062375,2.080194177799764,66.32268589821366,68.16730258416692,0,-1
2023-06-01 23:59:00,2023-06-01 23:59:59,2.0829,2.0842,2.0828,2.0851,2.083324134268146,2.08375,2.0828,2.0851,True,0.001973877655474256,-0.000136767492267432,0,2.0867472450538247,2.0865460625629497,-6.650715910508026,-0.0,2.080209963165877,2.0802340367271293,67.67358175312958,68.05265738540018,0,-1
