start_time,end_time,open,close,low,high,h_open,h_close,h_low,h_high,finish,atr_14,macd_13_34,st_signal,av2_open,av2_close,histo2,qqe,ema_h200,ema_200,fastk,fastd,xo_signal,macd_hists
2023-06-03 00:00:00,2023-06-03 00:02:59,35.99,35.94,35.94,36.0,35.9623815165696,35.9675,35.94,36.0,True,0.041265943225450734,0.013907494241951306,0,35.98449619422568,35.98050458188542,9.93471392268885,9.93471392268885,36.058152144676484,36.05797023739924,96.98058308734444,96.90389317617219,0,1
2023-06-03 00:03:00,2023-06-03 00:05:59,35.95,35.94,35.92,35.95,35.9649407582848,35.94,35.92,35.9649407582848,True,0.04046123299506148,0.011854923944670265,0,35.98250038805555,35.97894568799468,6.911041976604324,6.911041976604324,36.056976501445874,36.05679640419129,83.90022716077556,93.62693674937334,0,1
2023-06-03 00:06:00,2023-06-03 00:08:59,35.94,35.88,35.88,35.98,35.9524703791424,35.919999999999995,35.88,35.98,True,0.044714002066842395,0.006003989147645432,0,35.98072303802512,35.97731392976513,-0.7600456243889155,-0.0,36.05561355118273,36.05503723599038,64.53519543667993,81.80533522826669,-1,1
2023-06-03 00:09:00,2023-06-03 00:11:59,35.9,35.86,35.86,35.91,35.93623518957119,35.88249999999999,35.86,35.93623518957119,True,0.04509157334778202,0.0006930451683744218,0,35.979018483895125,35.975378710646055,-7.204214040236636,-0.0,36.05389102828539,36.053096566975555,38.38758877905563,62.274337125503756,0,1
2023-06-03 00:12:00,2023-06-03 00:14:59,35.85,35.8,35.8,35.85,35.90936759478559,35.825,35.8,35.90936759478559,True,0.04615646096579775,-0.00677431631605821,-1,35.977198597270586,35.9728233411465,-14.467585052477041,-14.467585052477041,36.05161350561588,36.0505781931748,18.134611372291186,40.352465196008964,0,1
2023-06-03 00:15:00,2023-06-03 00:17:59,35.8,35.8,35.79,35.81,35.8671837973928,35.8,35.79,35.8671837973928,True,0.04428814232538385,-0.011175252616661458,0,35.97501096920854,35.96962572885682,-19.309832393970645,-19.309832393970645,36.04910988864458,36.048084877819825,4.1663097630534836,20.22950330480015,0,-2
2023-06-03 00:18:00,2023-06-03 00:20:59,35.8,35.82,35.8,35.83,35.8335918986964,35.8125,35.8,35.8335918986964,True,0.04326756073071365,-0.012006384225533344,0,35.972318349032676,35.966030176616016,-19.24632443113501,-19.24632443113501,36.046755561394384,36.045815376547985,3.275593234475538,8.525504789940117,0,-2
2023-06-03 00:21:00,2023-06-03 00:23:59,35.83,35.83,35.8,35.84,35.8230459493482,35.825,35.8,35.84,True,0.043034163535663125,-0.01115832373418239,0,35.969174262824346,35.962231756058564,-17.596449815817806,-17.596449815817806,36.04454903839544,36.043667959865914,9.769362899711838,5.737088632413669,0,-2
2023-06-03 00:24:00,2023-06-03 00:26:59,35.8,35.84,35.79,35.84,35.8240229746741,35.8175,35.79,35.84,True,0.04353172328311606,-0.009244472660114265,0,35.965703009441455,35.958248219077255,-14.84071964257766,-14.84071964257766,36.042289843983546,36.04164141300158,15.21306689741146,9.419341010532994,0,-1
2023-06-03 00:27:00,2023-06-03 00:29:59,35.84,35.83,35.83,35.84,35.82076148733705,35.835,35.83,35.84,True,0.041136600191465277,-0.008083818910324565,0,35.96197561425935,35.95426633854427,-14.153787265827795,-14.153787265827795,36.04022725847127,36.0395355282951,21.972411800954124,15.651613866025855,0,-1
2023-06-03 00:30:00,2023-06-03 00:32:59,35.83,35.82,35.82,35.85,35.82788074366853,35.83,35.82,35.85,True,0.04034112874921784,-0.007449043200735923,0,35.95812097640181,35.950278776762424,-14.842268843071949,-14.842268843071949,36.03813544495414,36.03735109517773,24.69986587126712,20.628448189877616,0,-2
2023-06-03 00:33:00,2023-06-03 00:35:59,35.82,35.86,35.82,35.87,35.828940371834264,35.8425,35.82,35.87,True,0.0410310481242735,-0.0037420307445865247,0,35.95419987658211,35.946399864301156,-8.51908865186752,-0.0,36.03618882361132,36.03558640766353,31.817360100255183,26.163212590825523,0,-1
2023-06-03 00:36:00,2023-06-03 00:38:59,35.86,35.84,35.84,35.86,35.83572018591713,35.85,35.84,35.86,True,0.039528830401110826,-0.002323336754008809,0,35.95029987044163,35.94268456365463,-7.112103833474578,-0.0,36.03433619850076,36.03364027425394,36.324599116246894,30.947275029256446,0,-1
2023-06-03 00:39:00,2023-06-03 00:41:59,35.85,35.83,35.82,35.86,35.84286009295857,35.84,35.82,35.86,True,0.03956248537245999,-0.0017582996782995255,0,35.94649221704813,35.93905495601934,-7.47536574879102,-0.0,36.03240250498334,36.03161400286833,40.59100064944698,36.2443199553164,0,-1
2023-06-03 00:42:00,2023-06-03 00:44:59,35.82,35.8,35.76,35.82,35.84143004647929,35.8,35.76,35.84143004647929,True,0.041736593560141436,-0.0031391048200353905,0,35.94277358653373,35.935243275524186,-10.994291360728454,-10.994291360728454,36.03009004224719,36.029309385924364,36.15463288524326,37.690077550312424,0,-2
2023-06-03 00:45:00,2023-06-03 00:47:59,35.81,35.8,35.8,35.83,35.82071502323964,35.81,35.8,35.83,True,0.04089826544870284,-0.0036536932628273705,0,35.93900843102896,35.931383010602445,-13.340241768686738,-13.340241768686738,36.02790009157806,36.02702770049228,36.87143140185086,37.87235497884708,0,-2
2023-06-03 00:48:00,2023-06-03 00:50:59,35.8,35.78,35.78,35.81,35.81535751161982,35.792500000000004,35.78,35.81535751161982,True,0.04011981791665272,-0.004950605479945733,0,35.9351957208157,35.92739091173197,-16.86693691186251,-16.86693691186251,36.025557802109624,36.02456971342271,36.50041748635949,36.508827257817906,0,-2
2023-06-03 00:51:00,2023-06-03 00:53:59,35.77,35.79,35.73,35.79,35.80392875580991,35.769999999999996,35.73,35.80392875580991,True,0.04153983092260626,-0.004629859775728197,0,35.93129331627383,35.923168035182265,-16.765970585111546,-16.765970585111546,36.02301493840704,36.02223568642348,33.98843539695475,35.78676142838841,0,-2
2023-06-03 00:54:00,2023-06-03 00:56:59,35.78,35.76,35.72,35.78,35.78696437790495,35.76,35.72,35.78696437790495,True,0.043572700142420116,-0.006012947720883795,0,35.92723067572805,35.91872382853211,-19.63838882314505,-19.63838882314505,36.02039787434329,36.01962637611081,21.213369835200865,30.56740757283841,0,-2
2023-06-03 00:57:00,2023-06-03 00:59:59,35.76,35.75,35.71,35.76,35.77348218895247,35.745,35.71,35.77348218895247,True,0.044031792989389903,-0.007054272823495918,0,35.922977252130075,35.91403294316924,-22.33644610106163,-22.33644610106163,36.01765759698664,36.01694352659727,8.096758481942857,21.099521238032867,0,-2
2023-06-03 01:00:00,2023-06-03 01:02:59,35.74,35.71,35.69,35.76,35.75924109447624,35.725,35.69,35.76,True,0.04588666491871922,-0.00987351009134195,0,35.91850509764966,35.90904280911395,-26.467096716464415,-26.467096716464415,36.01474558109622,36.01388936215351,2.4839101088636433,10.598012808669164,0,-2
2023-06-03 01:03:00,2023-06-03 01:05:59,35.71,35.7,35.7,35.71,35.742120547238116,35.705,35.7,35.742120547238116,True,0.04332333171023913,-0.011642381126497701,0,35.913773953381806,35.90371409081578,-29.65933054096832,-29.65933054096832,36.01166353551317,36.01076608491815,-5.5067062021407764e-14,3.5268895302688574,0,-2
2023-06-03 01:06:00,2023-06-03 01:08:59,35.71,35.7,35.7,35.71,35.72356027361906,35.705,35.7,35.72356027361906,True,0.04094309373093619,-0.011948017283707264,0,35.908744022098794,35.8981553634365,-31.787486423970922,-31.787486423970922,36.00861215705036,36.00767388506822,-5.5067062021407764e-14,0.827970036287887,0,-2
2023-06-03 01:09:00,2023-06-03 01:11:59,35.71,35.67,35.67,35.71,35.71428013680953,35.69,35.67,35.71428013680953,True,0.04087572989301212,-0.013331540749862876,0,35.903449692767644,35.89235077111945,-34.467846303536575,-34.467846303536575,36.00544188683095,36.00431394591332,-5.5067062021407764e-14,-1.2434497875801753e-14,0,-2
2023-06-03 01:12:00,2023-06-03 01:14:59,35.67,35.69,35.67,35.69,35.70214006840476,35.68,35.67,35.70214006840476,True,0.039384606329225254,-0.011899496768298871,0,35.897900231943545,35.886323822649466,-30.91671005060042,-30.91671005060042,36.00220365910129,36.00118644396393,-5.5067062021407764e-14,-1.2434497875801753e-14,0,-1
2023-06-03 01:15:00,2023-06-03 01:17:59,35.69,35.68,35.66,35.7,35.69107003420238,35.682500000000005,35.66,35.7,True,0.039428563019995325,-0.010749113200493668,0,35.892112027296506,35.880180315551144,-29.392711931445387,-29.392711931445387,35.99902252816496,35.99799055894936,1.4618374744365734,0.4872791581455304,0,-1
2023-06-03 01:18:00,2023-06-03 01:20:59,35.69,35.66,35.66,35.69,35.686785017101194,35.675,35.66,35.69,True,0.03875509423285289,-0.01050064630005966,0,35.886146171423825,35.87393573404114,-29.861095904537546,-29.861095904537546,35.995798423407095,35.99462746881056,1.6697416162183056,1.043859696884984,0,-2
2023-06-03 01:21:00,2023-06-03 01:23:59,35.67,35.64,35.64,35.67,35.6808925085506,35.655,35.64,35.6808925085506,True,0.03812973035907776,-0.010829307879197725,0,35.88004095273248,35.86751719913675,-31.352837718683837,-31.352837718683837,35.99240739431847,35.99109883728011,1.6697416162183056,1.6004402356244374,0,-2
2023-06-03 01:24:00,2023-06-03 01:26:59,35.65,35.64,35.63,35.65,35.6679462542753,35.6425,35.63,35.6679462542753,True,0.03683474961914335,-0.010127235379331134,0,35.873779075934614,35.860919984183646,-32.34733226144803,-32.34733226144803,35.98892572870336,35.98760531651116,0.20790414178167715,1.1824624580728054,0,-2
2023-06-03 01:27:00,2023-06-03 01:29:59,35.64,35.65,35.63,35.65,35.655223127137646,35.6425,35.63,35.655223127137646,True,0.03563226750348997,-0.00808803481918563,0,35.86734953005913,35.85422735708208,-29.71738647619047,-29.71738647619047,35.9854787065272,35.98424605963045,-5.5104069455561934e-14,0.6258819193333517,0,-1
2023-06-03 01:30:00,2023-06-03 01:32:59,35.64,35.64,35.64,35.65,35.64886156356882,35.6425,35.64,35.65,True,0.03380139125324054,-0.006634119595711502,0,35.860788443570605,35.847505529864335,-29.01337748438364,-29.01337748438364,35.982065983079174,35.98082072570378,-5.5104069455561934e-14,0.06930138059389815,0,-1
2023-06-03 01:33:00,2023-06-03 01:35:59,35.65,35.69,35.65,35.7,35.64568078178441,35.6725,35.65,35.7,True,0.035672720449437804,-0.0014987701557078043,0,35.854146986717474,35.841012663976855,-17.54728580872412,-17.54728580872412,35.978985724541076,35.97792698713956,33.33333333333328,11.111111111111098,0,-1
2023-06-03 01:36:00,2023-06-03 01:38:59,35.69,35.7,35.67,35.71,35.6590903908922,35.6925,35.67,35.71,True,0.03598181184590647,0.0030457623215270346,0,35.84757982534717,35.834881830189104,-8.5264129956919,-0.0,35.97613512031678,35.97516154448146,66.66666666666661,33.33333333333332,0,-1
2023-06-03 01:39:00,2023-06-03 01:41:59,35.69,35.72,35.69,35.72,35.6757951954461,35.705,35.69,35.72,True,0.03555453957119895,0.007685014924959474,0,35.841230827768136,35.829163854152505,-0.05916972304692791,-0.0,35.97343725842308,35.972622623640845,99.99999999999994,66.66666666666666,0,-1
2023-06-03 01:42:00,2023-06-03 01:44:59,35.71,35.7,35.69,35.71,35.69039759772305,35.7025,35.69,35.71,True,0.035157786744684824,0.009421809909542875,0,35.83519734096032,35.82379300266467,1.5934877949459505,0.0,35.97074136530445,35.96990996071904,99.20879736095473,88.62515467587382,0,-1
2023-06-03 01:45:00,2023-06-03 01:47:59,35.69,35.69,35.69,35.72,35.696448798861525,35.6975,35.69,35.72,True,0.034789373405778846,0.009874430381395335,0,35.829495171812496,35.818697989210854,0.9197115312545563,0.0,35.96802254574918,35.96712478698055,96.78402064602373,98.66427266899285,0,-1
2023-06-03 01:48:00,2023-06-03 01:50:59,35.7,35.7,35.69,35.7,35.69697439943076,35.697500000000005,35.69,35.7,True,0.03301870387679501,0.010831778036271791,0,35.82409658051168,35.81385510219174,2.223555579354617,0.0,35.965330779124805,35.96446682890114,94.35924393109637,96.784020646025,0,2
2023-06-03 01:51:00,2023-06-03 01:53:59,35.69,35.7,35.69,35.7,35.69723719971538,35.695,35.69,35.7,True,0.03137451074273859,0.011369065488578932,0,35.81897584135171,35.809226790784294,3.092784944754648,3.092784944754648,35.96264092062605,35.961835318165804,91.8200231894214,94.32109592218056,0,2
2023-06-03 01:54:00,2023-06-03 01:56:59,35.7,35.73,35.7,35.73,35.69611859985769,35.715,35.7,35.73,True,0.03127633140397112,0.013649229168412595,0,35.814101316068,35.80493639267254,8.348693822037369,8.348693822037369,35.9601768318636,35.959528499079575,94.2447999043524,93.47468900829011,0,2
2023-06-03 01:57:00,2023-06-03 01:59:59,35.73,35.73,35.7,35.73,35.70555929992885,35.7225,35.7,35.73,True,0.03118516487511561,0.014874413673940531,0,35.80951885437027,35.8009929307446,11.852633073559183,11.852633073559183,35.95781188826297,35.95724463341709,96.66957661927977,94.24479990435124,0,2
2023-06-03 02:00:00,2023-06-03 02:02:59,35.73,35.72,35.71,35.76,35.714029649964424,35.73,35.71,35.76,True,0.03252908166975001,0.014652514521341899,0,35.80525589255743,35.79740112843259,11.210525963315341,11.210525963315341,35.95554510330513,35.95488399029851,99.99999999999993,96.97145884121075,0,2
2023-06-03 02:03:00,2023-06-03 02:05:59,35.73,35.71,35.71,35.73,35.72201482498221,35.72,35.71,35.73,True,0.03163414726476758,0.01348107183168639,0,35.80132851049501,35.79404222315824,8.091410538636673,8.091410538636673,35.95320137093393,35.95244733367863,96.69558471714856,97.7883871121428,0,2
2023-06-03 02:06:00,2023-06-03 02:08:59,35.71,35.68,35.67,35.71,35.721007412491105,35.6925,35.67,35.721007412491105,True,0.03223170817442698,0.01035487707911957,0,35.79768536682663,35.7907010457765,0.3670580032501931,0.0,35.95060732744205,35.94973641493556,85.70878991021874,94.13479154245579,0,1
2023-06-03 02:09:00,2023-06-03 02:11:59,35.68,35.67,35.67,35.73,35.70675370624555,35.6875,35.67,35.73,True,0.03421515759053899,0.007459757692592141,0,35.794193206301564,35.787362444402014,-6.1273631668530655,-0.0,35.94798934408442,35.946952968020774,73.49801400346956,85.30079621027899,0,1
2023-06-03 02:12:00,2023-06-03 02:14:59,35.68,35.66,35.66,35.68,35.697126853122775,35.67,35.66,35.697126853122775,True,0.033199789191215,0.00483184135976418,0,35.79077782535179,35.78392870888143,-11.710528872058902,-0.0,35.945223280959205,35.94409771460763,50.634239799264584,69.94701457098434,0,1
2023-06-03 02:15:00,2023-06-03 02:17:59,35.66,35.68,35.66,35.68,35.68356342656139,35.67,35.66,35.68356342656139,True,0.03225694710612844,0.0045439221976357885,0,35.78735326711661,35.780443632655924,-9.938897087216688,-0.0,35.942484740850155,35.94146987665133,28.28770127286107,50.80665169186511,0,2
2023-06-03 02:18:00,2023-06-03 02:20:59,35.67,35.62,35.62,35.67,35.6767817132807,35.644999999999996,35.62,35.6767817132807,True,0.03423859374140514,0.0002886768875287257,0,35.783898449886266,35.77677052027491,-15.280680879817012,-0.0,35.93952469367752,35.93827117141102,7.165143846276917,28.695694972800897,0,1
2023-06-03 02:21:00,2023-06-03 02:23:59,35.63,35.61,35.59,35.64,35.66089085664035,35.61750000000001,35.59,35.66089085664035,True,0.03536440847416172,-0.0029124142763974625,0,35.78033448508059,35.772785887918154,-19.501754022222727,-19.501754022222727,35.936320467869784,35.93500479159598,-7.697546304067752e-14,11.817615039712678,0,-2
2023-06-03 02:24:00,2023-06-03 02:26:59,35.61,35.59,35.59,35.62,35.63919542832018,35.6025,35.59,35.63919542832018,True,0.03498123644029259,-0.005969199377991452,0,35.776560186499374,35.768480416557225,-23.529226228057592,-23.529226228057592,35.93299887117456,35.93157190809751,-7.697546304067752e-14,2.3883812820922947,0,-2
2023-06-03 02:27:00,2023-06-03 02:29:59,35.6,35.59,35.57,35.61,35.62084771416009,35.5925,35.57,35.62084771416009,True,0.035339719551700205,-0.007414268576972652,0,35.7725203015283,35.76388327586958,-26.21420769861417,-26.21420769861417,35.929610822705165,35.9281731826438,-7.697546304067752e-14,-3.6316628716627346e-14,0,-2
2023-06-03 02:30:00,2023-06-03 02:32:59,35.58,35.63,35.56,35.63,35.60667385708005,35.6,35.56,35.63,True,0.037815453869435925,-0.0049974713776121185,0,35.768201788698946,35.759139501119826,-19.242418672681183,-19.242418672681183,35.92633111302651,35.925206285304064,3.6941024729789778,1.231367490992982,0,-1
2023-06-03 02:33:00,2023-06-03 02:35:59,35.62,35.58,35.58,35.63,35.603336928540024,35.6025,35.58,35.63,True,0.03868577859304795,-0.006355638027820139,0,35.76367064490939,35.75432998034004,-19.44937999245616,-19.44937999245616,35.923108912896886,35.92177139689308,8.639945865897458,4.11134944629216,0,-2
2023-06-03 02:36:00,2023-06-03 02:38:59,35.59,35.61,35.59,35.61,35.60291846427001,35.6,35.59,35.61,True,0.03806536583640174,-0.004597364618473515,0,35.75900031262472,35.74948454301708,-15.162351779406833,-0.0,35.91989389883821,35.91866919393892,13.109039227602201,8.481029188826254,0,-1
2023-06-03 02:39:00,2023-06-03 02:41:59,35.62,35.62,35.61,35.63,35.60145923213501,35.62,35.61,35.63,True,0.03677498256237327,-0.002267082867169923,0,35.754242427820905,35.74478129446939,-10.971927311946665,-0.0,35.9169098799443,35.9156973611634,23.861276057422543,15.203420383640776,0,-1
2023-06-03 02:42:00,2023-06-03 02:44:59,35.63,35.66,35.63,35.66,35.6107296160675,35.644999999999996,35.63,35.66,True,0.03700534095077512,0.0023892391096359752,0,35.74951186114515,35.74039378801782,-3.739525089128101,-0.0,35.91420430899958,35.91315310881352,46.727147821271046,27.899154368765306,0,2
2023-06-03 02:45:00,2023-06-03 02:47:59,35.65,35.78,35.65,35.79,35.62786480803375,35.7175,35.65,35.79,True,0.04436210231143408,0.013822171430652404,1,35.74495282458149,35.73678239760042,7.324946052218266,7.324946052218266,35.912247052193614,35.91182820225816,75.59138779289964,48.72660389053112,0,2
2023-06-03 02:48:00,2023-06-03 02:50:59,35.78,35.81,35.78,35.84,35.672682404016875,35.8025,35.78,35.84,True,0.04547909500347467,0.022929079075821562,0,35.740867611090955,35.734390017168195,15.558403779906854,15.558403779906854,35.91115504172402,35.91081498631529,94.4783818234336,72.26563914586814,0,2
2023-06-03 02:51:00,2023-06-03 02:53:59,35.81,35.81,35.77,35.82,35.73759120200844,35.8025,35.77,35.82,True,0.04580201678894057,0.028028680907191482,0,35.73762881412958,35.73297378614407,21.047375598365903,21.047375598365903,35.91007389703025,35.9098118521231,99.99999999999994,90.02325653877777,1,2
2023-06-03 02:54:00,2023-06-03 02:56:59,35.81,35.81,35.8,35.83,35.77004560100422,35.8125,35.8,35.83,True,0.04467330130401632,0.030262714030761036,0,35.735301300136825,35.73240441189939,24.70669014400528,24.70669014400528,35.90910301248269,35.90881869936565,99.99999999999994,98.1594606078112,0,2
2023-06-03 02:57:00,2023-06-03 02:59:59,35.81,35.86,35.81,35.86,35.791272800502114,35.835,35.81,35.86,True,0.045053779782300664,0.033922928651104786,0,35.73385285601811,35.73266005439355,28.7336719697214,28.7336719697214,35.908365669074904,35.90833294116301,99.99999999999994,99.99999999999999,0,2
2023-06-03 03:00:00,2023-06-03 03:02:59,35.87,35.82,35.79,35.88,35.813136400251054,35.839999999999996,35.79,35.88,True,0.04826422408356514,0.03211406415637431,0,35.73325645520583,35.733597789706145,25.552261677398462,25.552261677398462,35.90768541366122,35.90745400642507,99.99999999999994,99.99999999999999,0,2
2023-06-03 03:03:00,2023-06-03 03:05:59,35.82,35.86,35.82,35.88,35.82656820012552,35.845,35.82,35.88,True,0.04910249379188208,0.03228377007776535,0,35.73342712245599,35.73510041294741,25.441266720420813,25.441266720420813,35.907061678201906,35.90698182725666,99.99999999999994,99.99999999999999,0,2
2023-06-03 03:06:00,2023-06-03 03:08:59,35.86,35.85,35.84,35.89,35.83578410006276,35.86,35.84,35.89,True,0.049166601378176016,0.030243783267517234,0,35.734263767701705,35.737140382786095,23.976814226685548,23.976814226685548,35.906593402796915,35.90641484390087,99.99999999999994,99.99999999999999,0,2
2023-06-03 03:09:00,2023-06-03 03:11:59,35.84,35.82,35.81,35.86,35.847892050031376,35.832499999999996,35.81,35.86,True,0.049226129851163244,0.02544594753038763,0,35.7357020752439,35.739400733772044,19.05929681049166,19.05929681049166,35.90585615500789,35.90555499470783,94.6643320178395,98.22144400594651,0,1
2023-06-03 03:12:00,2023-06-03 03:14:59,35.82,35.82,35.82,35.85,35.840196025015686,35.8275,35.82,35.85,True,0.04785283486179452,0.021096089524190894,0,35.73755140450797,35.7417847786562,15.7809518663624,15.7809518663624,35.90507649177398,35.90470370122815,88.33143153508213,94.33192118430723,0,1
2023-06-03 03:15:00,2023-06-03 03:17:59,35.83,35.85,35.82,35.85,35.83384801250784,35.8375,35.82,35.85,True,0.04657763237166642,0.01925386284386703,0,35.73966809158208,35.7443184621677,16.222914451073805,16.222914451073805,35.904404088870756,35.904159385793044,82.89276096900541,88.62950817397571,0,1
2023-06-03 03:18:00,2023-06-03 03:20:59,35.85,35.83,35.83,35.86,35.835674006253925,35.8425,35.83,35.86,True,0.04539351577369033,0.015655602491556342,0,35.74199327687489,35.7469868787768,13.521494725879542,13.521494725879542,35.903788127787465,35.903421481456796,82.20467227916497,84.4762882610842,0,1
2023-06-03 03:21:00,2023-06-03 03:23:59,35.82,35.84,35.82,35.84,35.83908700312696,35.83,35.82,35.84,True,0.04357969321842696,0.013115149850409888,0,35.744490077825844,35.74965730023215,12.758999397957233,12.758999397957233,35.903053917560726,35.90279042193981,76.93939466062595,80.67894263626549,0,1
2023-06-03 03:24:00,2023-06-03 03:26:59,35.84,35.85,35.83,35.86,35.83454350156348,35.845,35.83,35.86,True,0.042609715131396546,0.011351250925846691,0,35.747073689029,35.752413894137945,13.309594011321124,13.309594011321124,35.902476266639724,35.90226514410956,63.610249444342884,74.25143879471132,0,1
2023-06-03 03:27:00,2023-06-03 03:29:59,35.85,35.86,35.85,35.88,35.839771750781736,35.86,35.85,35.88,True,0.04170902119343973,0.010150080558445067,0,35.74974379158348,35.75532233500623,14.738788664390427,14.738788664390427,35.902053617220425,35.90184459541196,49.29182560867085,63.28048990454661,0,1
2023-06-03 03:30:00,2023-06-03 03:32:59,35.86,35.84,35.83,35.87,35.84988587539087,35.85,35.83,35.87,True,0.041586948251051116,0.007292947110527186,0,35.752533063294855,35.75826176042392,11.706230644342035,11.706230644342035,35.90153567078042,35.90122922630338,31.082088771528174,47.99472127484736,0,1
2023-06-03 03:33:00,2023-06-03 03:35:59,35.84,35.85,35.84,35.86,35.84994293769543,35.8475,35.84,35.86,True,0.040045023375975757,0.005538698303955938,0,35.75539741185939,35.76118825995227,11.103147356597688,11.103147356597688,35.90099800241445,35.90071948275807,17.643062148506804,32.67232550956866,0,1
2023-06-03 03:36:00,2023-06-03 03:38:59,35.85,35.87,35.85,35.88,35.848721468847714,35.8625,35.85,35.88,True,0.03932752170626329,0.0052529318840735945,0,35.758292835905834,35.76418741989001,13.203035209772075,13.203035209772075,35.900614937713804,35.90041381626297,13.024630981764318,20.58326063393315,0,1
2023-06-03 03:39:00,2023-06-03 03:41:59,35.87,35.9,35.86,35.9,35.855610734423855,35.8825,35.86,35.9,True,0.03937555587010156,0.006606552680177277,0,35.76124012789792,35.76736042972168,17.341101801874046,17.341101801874046,35.900434689577345,35.900409698688215,26.572293600881565,19.079995577050948,0,2
2023-06-03 03:42:00,2023-06-03 03:44:59,35.9,35.88,35.86,35.9,35.86905536721193,35.885,35.86,35.9,True,0.039420159022237104,0.005519955048460534,0,35.7643002788098,35.77066569523428,15.870915226475319,15.870915226475319,35.90028111057658,35.90020661710923,43.563410176271766,27.720111586305933,0,1
2023-06-03 03:45:00,2023-06-03 03:47:59,35.88,35.87,35.85,35.89,35.87702768360596,35.8725,35.85,35.89,True,0.0394615762349344,0.0035811696329156387,0,35.76748298702204,35.773966645644826,12.972281532808232,12.972281532808232,35.90000468161562,35.899906053754904,39.90853533331014,36.681413036821205,0,1
2023-06-03 03:48:00,2023-06-03 03:50:59,35.88,35.92,35.88,35.92,35.87476384180298,35.900000000000006,35.88,35.92,True,0.040214320789582245,0.005286905142917922,0,35.770724816333434,35.777430229960196,16.097749911250204,16.097749911250204,35.90000463503238,35.90010599351854,54.420882577570616,45.96427602905089,0,2
2023-06-03 03:51:00,2023-06-03 03:53:59,35.91,35.92,35.89,35.94,35.88738192090149,35.915,35.89,35.94,True,0.04091329787604046,0.005835147844511168,0,35.774077523146815,35.781101009172744,18.18139549687818,18.18139549687818,35.900153842644,35.90030394383179,69.63660840756158,54.65534210614751,0,2
2023-06-03 03:54:00,2023-06-03 03:56:59,35.92,35.93,35.91,35.95,35.90119096045075,35.927499999999995,35.91,35.95,True,0.04084806231346659,0.006286608547301897,0,35.77758926615978,35.78499549222912,20.423949623917878,20.423949623917878,35.90042594371222,35.90059942697774,98.2520949249386,74.103195303357,0,2
2023-06-03 03:57:00,2023-06-03 03:59:59,35.93,35.94,35.93,35.96,35.91434548022537,35.940000000000005,35.93,35.96,True,0.04007320071964763,0.006644963210251299,0,35.78129237919445,35.78912514189286,22.755369385358236,22.755369385358236,35.900819715416574,35.90099147248045,99.99999999999994,89.29623444416677,0,2
2023-06-03 04:00:00,2023-06-03 04:02:59,35.94,35.94,35.92,35.97,35.92717274011269,35.942499999999995,35.92,35.97,True,0.04078225781110117,0.00623046936999188,0,35.785208760543654,35.793428758750636,24.30964922631847,24.30964922631847,35.90123444461641,35.90137961703288,99.99999999999994,99.41736497497955,0,1
2023-06-03 04:03:00,2023-06-03 04:05:59,35.94,35.93,35.92,35.95,35.934836370056345,35.935,35.92,35.95,True,0.040012096538879736,0.00463902876069517,0,35.789318759647145,35.797788355839344,22.097455030841516,22.097455030841516,35.90157042029187,35.9016643969629,90.53559212741835,96.84519737580614,0,1
2023-06-03 04:06:00,2023-06-03 04:08:59,35.93,35.89,35.89,35.98,35.934918185028174,35.9225,35.89,35.98,True,0.04358266107181663,0.00029339169010068195,0,35.793553557743245,35.80207635179193,12.126545701627428,0.0,35.90177867481633,35.90154833331153,65.88047638944195,85.47202283895346,0,1
2023-06-03 04:09:00,2023-06-03 04:11:59,35.9,35.91,35.89,35.91,35.92870909251408,35.9025,35.89,35.92870909251408,True,0.0418981852809723,-0.0015240007615881582,0,35.79781495476759,35.80614133418485,9.031605242296237,0.0,35.90178585218134,35.90163242949749,32.54714305610862,62.987737190989684,0,1
2023-06-03 04:12:00,2023-06-03 04:14:59,35.9,35.89,35.86,35.9,35.91560454625704,35.887499999999996,35.86,35.91560454625704,True,0.042476886332331217,-0.004365577438145037,0,35.80197814447622,35.80989993037972,3.777915891830766,0.0,35.901643704398445,35.90151668393035,8.678217595356864,35.70194568030252,0,1
2023-06-03 04:15:00,2023-06-03 04:17:59,35.9,35.89,35.89,35.91,35.901552273128516,35.897499999999994,35.89,35.91,True,0.040871394451450126,-0.00636318353022159,0,35.805939037427976,35.8134601292338,0.2754563248537849,0.0,35.90160247350891,35.9014020900604,3.761757544960174,14.995706065475261,0,1
2023-06-03 04:18:00,2023-06-03 04:20:59,35.89,35.89,35.87,35.9,35.899526136564255,35.8875,35.87,35.9,True,0.040094866276346626,-0.007715059495736656,0,35.80969958333089,35.81677109108129,-2.0595167197975357,-0.0,35.90146215038942,35.90128863642796,3.761757544960174,5.400577561759114,0,1
2023-06-03 04:21:00,2023-06-03 04:23:59,35.89,35.91,35.89,35.94,35.89351306828213,35.9075,35.89,35.94,True,0.040802375828035954,-0.0072047301083324605,0,35.813235337206095,35.82000033143065,0.8915663089763513,0.0,35.901522228495,35.9013753166625,10.984606876777399,6.1693739888992924,0,1
2023-06-03 04:24:00,2023-06-03 04:26:59,35.91,35.92,35.9,35.92,35.900506534141066,35.912499999999994,35.9,35.92,True,0.03931649184031932,-0.006187292163029504,0,35.81661783431837,35.82317738116415,4.66110284951413,0.0,35.90163146005226,35.901560636894715,16.140016740765102,10.295460387500937,0,1
2023-06-03 04:27:00,2023-06-03 04:29:59,35.92,35.91,35.9,35.92,35.90650326707053,35.912499999999994,35.9,35.92,True,0.037936742423153876,-0.006249000768590217,0,35.81989760774126,35.8262915429189,4.46730754190213,0.0,35.901739604728355,35.90164461065696,25.05718414971304,17.39393592241856,0,1
2023-06-03 04:30:00,2023-06-03 04:32:59,35.9,35.82,35.81,35.9,35.909501633535264,35.8575,35.81,35.909501633535264,True,0.04236983225007106,-0.012481151899407343,0,35.82309457533008,35.828957467573716,-6.208491705841617,-6.208491705841617,35.90129940965643,35.900832226471316,17.83433481789582,19.677178569458032,0,1
2023-06-03 04:33:00,2023-06-03 04:35:59,35.81,35.88,35.8,35.89,35.883500816767636,35.845,35.8,35.89,True,0.045771987089351936,-0.01211678047023907,0,35.826026021451895,35.831166437635915,-5.083047734305204,-5.083047734305204,35.90073921652552,35.90062494063578,8.917167408947876,17.269562125518956,0,1
2023-06-03 04:36:00,2023-06-03 04:38:59,35.88,35.85,35.85,35.89,35.86425040838382,35.86750000000001,35.85,35.89,True,0.04535970229725531,-0.013655560877926617,0,35.828596229543905,35.83315486217795,-6.857433254601013,-6.857433254601013,35.90040847805263,35.90012120988318,5.745443151026124,10.832315125956649,0,1
2023-06-03 04:39:00,2023-06-03 04:41:59,35.84,35.81,35.81,35.85,35.86587520419191,35.8275,35.81,35.86587520419191,True,0.04497686641887987,-0.017019118600402804,0,35.83087554586093,35.83468156443538,-10.738091941668692,-10.738091941668692,35.89968302055957,35.899224481426636,5.745443151026124,6.802684570333418,0,-2
2023-06-03 04:42:00,2023-06-03 04:44:59,35.82,35.83,35.81,35.83,35.846687602095955,35.822500000000005,35.81,35.846687602095955,True,0.04319280453181674,-0.017269361809713564,0,35.83277855514815,35.83579996937263,-10.830784812637383,-10.830784812637383,35.89891503030525,35.89853568061642,5.745443151026124,5.7454431510261665,-1,-2
2023-06-03 04:45:00,2023-06-03 04:47:59,35.84,35.78,35.77,35.84,35.83459380104798,35.807500000000005,35.77,35.84,True,0.04510760420811556,-0.02026732159489773,-1,35.83428926226039,35.836486329559094,-14.100145846253767,-14.100145846253767,35.898005428013654,35.8973562211078,-6.631732200427602e-14,3.830295434017437,0,-2
2023-06-03 04:48:00,2023-06-03 04:50:59,35.77,35.79,35.77,35.8,35.821046900523996,35.7825,35.77,35.821046900523996,True,0.04402848962182117,-0.02075978676515778,0,35.835387795909746,35.83665630212745,-14.96282472215566,-14.96282472215566,35.896856120272226,35.89628800000225,-6.631732200427602e-14,1.915147717008707,0,-2
2023-06-03 04:51:00,2023-06-03 04:53:59,35.79,35.77,35.76,35.79,35.801773450262,35.777499999999996,35.76,35.801773450262,True,0.04302645464883403,-0.021633511614666562,0,35.8360220490186,35.83638424758262,-16.85200957307375,-16.85200957307375,35.89566849718494,35.8950314029873,-6.631732200427602e-14,-2.2993952421125465e-14,0,-2
2023-06-03 04:54:00,2023-06-03 04:56:59,35.76,35.77,35.76,35.78,35.789636725131,35.7675,35.76,35.789636725131,True,0.041381707888203244,-0.021307755464999835,0,35.83620314830062,35.83569743793184,-18.11146614035248,-18.11146614035248,35.894393188755245,35.893787309425235,-6.631732200427602e-14,-2.2993952421125465e-14,0,-2
2023-06-03 04:57:00,2023-06-03 04:59:59,35.77,35.77,35.74,35.77,35.778568362565494,35.7625,35.74,35.778568362565494,True,0.040568728753331666,-0.02018633574469158,0,35.835950293116234,35.83465449559662,-18.951103851871636,-18.951103851871636,35.89308081871788,35.89255559490359,-6.631732200427602e-14,-2.2993952421125465e-14,0,-2
2023-06-03 05:00:00,2023-06-03 05:02:59,35.77,35.78,35.74,35.79,35.77053418128275,35.77,35.74,35.79,True,0.04124239098523635,-0.01788217305717849,0,35.83530239435643,35.83338978116393,-17.32690181439643,-17.32690181439643,35.89185613395451,35.891435638735395,2.7647320530958432,0.9215773510319468,0,-1
2023-06-03 05:03:00,2023-06-03 05:05:59,35.78,35.79,35.77,35.8,35.770267090641376,35.785,35.77,35.8,True,0.040439363057719044,-0.014887587652660942,0,35.83434608776019,35.832062057237245,-14.104614554842563,-14.104614554842563,35.89079288884054,35.890426328897234,10.835781619867959,4.533504557654622,0,-1
2023-06-03 05:06:00,2023-06-03 05:08:59,35.78,35.76,35.75,35.78,35.77763354532068,35.7675,35.75,35.78,True,0.04040797998216762,-0.014299624476781753,0,35.833204072498724,35.8305737664803,-15.696847371508838,-15.696847371508838,35.8895660939267,35.889128554480344,15.447825544350236,9.682779739104722,0,-2
2023-06-03 05:09:00,2023-06-03 05:11:59,35.75,35.69,35.69,35.75,35.77256677266034,35.72,35.69,35.77256677266034,True,0.042521695697727104,-0.018013525407676725,0,35.831888919489515,35.82864337107145,-21.176909187087638,-21.176909187087638,35.88787886911151,35.8871471758288,12.683093491254326,12.988900218490883,0,-2
2023-06-03 05:12:00,2023-06-03 05:14:59,35.7,35.7,35.68,35.71,35.74628338633017,35.697500000000005,35.68,35.74628338633017,True,0.04162728886217525,-0.018826842477797687,0,35.83026614528049,35.826223774198475,-22.96702312660903,-22.96702312660903,35.88598455200592,35.88528501487528,4.612043924482209,10.914320986695634,0,-2
2023-06-03 05:15:00,2023-06-03 05:17:59,35.69,35.67,35.67,35.7,35.72189169316509,35.682500000000005,35.67,35.72189169316509,True,0.04079676822916282,-0.020440446452782035,0,35.828244959739486,35.823332710628165,-25.698810272476447,-25.698810272476447,35.883959830095414,35.883142875423786,-6.690944095074276e-14,5.765045805245531,0,-2
2023-06-03 05:18:00,2023-06-03 05:20:59,35.68,35.65,35.64,35.68,35.70219584658255,35.6625,35.64,35.70219584658255,True,0.04073985621279398,-0.02177992644173581,0,35.82578883518383,35.81995307251275,-28.374067624245,-28.374067624245,35.88175624969645,35.88082304581758,-6.690944095074276e-14,1.5373479748274006,0,-2
2023-06-03 05:21:00,2023-06-03 05:23:59,35.65,35.56,35.56,35.66,35.682347923291275,35.6075,35.56,35.682347923291275,True,0.04497272362616544,-0.027646477900723845,0,35.822870953848295,35.81583460564307,-32.454894452957056,-32.454894452957056,35.879027331789025,35.87763077670497,-6.690944095074276e-14,-2.467162276944792e-14,0,-2
2023-06-03 05:24:00,2023-06-03 05:26:59,35.56,35.63,35.56,35.63,35.64492396164564,35.595,35.56,35.64492396164564,True,0.0467603862242965,-0.02515995778275598,0,35.819352779745685,35.81107694746853,-26.61909035334216,-26.61909035334216,35.87620118918416,35.87516678887706,-6.690944095074276e-14,-2.467162276944792e-14,0,-1
2023-06-03 05:27:00,2023-06-03 05:29:59,35.62,35.59,35.59,35.63,35.61996198082282,35.6075,35.59,35.63,True,0.04627750149398955,-0.02488634052353498,0,35.81521486360711,35.805934455372494,-24.628980220913757,-24.628980220913757,35.87352754551068,35.87232930839072,6.107028853385337,2.035676284461777,0,-2
2023-06-03 05:30:00,2023-06-03 05:32:59,35.58,35.57,35.56,35.59,35.61373099041141,35.575,35.56,35.61373099041141,True,0.04511482281584752,-0.024643658229488954,0,35.81057465948981,35.80030127922572,-24.172140248405547,-24.172140248405547,35.870557122172265,35.86932105656594,8.480857854573474,4.862628902652957,0,-2
2023-06-03 05:33:00,2023-06-03 05:35:59,35.56,35.61,35.56,35.61,35.59436549520571,35.585,35.56,35.61,True,0.04546376404328678,-0.02027735201881674,0,35.80543796935777,35.79438904428872,-19.573093083685237,-19.573093083685237,35.867715757772544,35.86674074754538,15.589870581464053,10.059252429807664,0,-1
2023-06-03 05:36:00,2023-06-03 05:38:59,35.61,35.64,35.61,35.65,35.58968274760285,35.6275,35.61,35.65,True,0.04507349518305195,-0.014093643355562943,0,35.799913506823245,35.78858926382004,-13.757010265855435,-13.757010265855435,35.86532555122754,35.86448462070413,34.43715829438911,19.502628910142253,0,-1
2023-06-03 05:39:00,2023-06-03 05:41:59,35.64,35.65,35.64,35.66,35.608591373801424,35.647499999999994,35.64,35.66,True,0.04328253124140509,-0.008360982812562756,0,35.794251385321644,35.783055033476295,-8.979137294103808,-8.979137294103808,35.86315813280737,35.86235044537374,64.221589329271,38.08287273504143,0,-1
2023-06-03 05:42:00,2023-06-03 05:44:59,35.65,35.62,35.62,35.65,35.628045686900705,35.635,35.62,35.65,True,0.042333779009876234,-0.005906530004660612,0,35.78865320939897,35.77768208002572,-8.44475706574179,-8.44475706574179,35.86088790263018,35.859938998156096,86.70769567150529,61.788814431721846,0,-1
2023-06-03 05:45:00,2023-06-03 05:47:59,35.63,35.68,35.62,35.68,35.631522843450355,35.6525,35.62,35.68,True,0.04359565193774238,0.00049933311294513,0,35.78316764471235,35.77259303379259,-2.8485390536004545,-0.0,35.858814391161225,35.858148560363496,95.08671243852818,82.0053324797682,0,-1
2023-06-03 05:48:00,2023-06-03 05:50:59,35.69,35.76,35.68,35.76,35.64201142172518,35.7225,35.68,35.76,True,0.0461959625136178,0.010542907110218186,1,35.77788033925247,35.768242700420075,5.1140868650847295,5.1140868650847295,35.85745802906012,35.85717195777281,96.26178573579149,92.68539794860835,0,-1
2023-06-03 05:51:00,2023-06-03 05:53:59,35.76,35.74,35.73,35.76,35.68225571086259,35.747499999999995,35.73,35.76,True,0.04503910804835947,0.015613080807592251,0,35.773061519836276,35.76467533537777,8.438822122806066,8.438822122806066,35.85636391931823,35.85600606764572,99.99999999999996,97.11616605810657,0,-1
2023-06-03 05:54:00,2023-06-03 05:56:59,35.74,35.77,35.74,35.78,35.7148778554313,35.7575,35.74,35.78,True,0.04467917175919088,0.020643239196808223,0,35.768868427607025,35.76181749336073,12.180142196201388,12.180142196201388,35.85538019872799,35.8551502858781,99.99999999999996,98.75392857859715,0,2
2023-06-03 05:57:00,2023-06-03 05:59:59,35.76,35.77,35.74,35.77,35.736188927715645,35.760000000000005,35.74,35.77,True,0.04363065949067733,0.02333083651348629,0,35.76534296048388,35.75955502430539,14.67435557846494,14.67435557846494,35.85443114202423,35.85430301935195,99.99999999999996,99.99999999999999,0,2
2023-06-03 06:00:00,2023-06-03 06:02:59,35.77,35.76,35.74,35.79,35.748094463857825,35.765,35.74,35.79,True,0.044085612384200175,0.02365942330371716,0,35.76244899239464,35.757811124830916,14.963115573535134,14.963115573535134,35.85354127991454,35.85336468085094,99.99999999999996,99.99999999999999,0,2
2023-06-03 06:03:00,2023-06-03 06:05:59,35.75,35.72,35.71,35.76,35.75654723192891,35.735,35.71,35.76,True,0.044508068642471386,0.020352314210672774,0,35.76013005861278,35.75628163193536,10.323052036988514,10.323052036988514,35.85236176469151,35.85203766910118,95.20774121801351,98.4025804060045,0,1
2023-06-03 06:06:00,2023-06-03 06:08:59,35.72,35.73,35.71,35.74,35.74577361596445,35.725,35.71,35.74577361596445,True,0.04347177802515208,0.01823844204182328,0,35.75820584527407,35.7548628261604,8.24522367206697,8.24522367206697,35.851094483450794,35.850823363935994,88.68994658481915,94.63256260094424,0,2
2023-06-03 06:09:00,2023-06-03 06:11:59,35.73,35.74,35.7,35.74,35.73538680798222,35.7275,35.7,35.74,True,0.043223793880498296,0.016961165570253504,0,35.756534335717234,35.75355805230903,7.923411386897627,7.923411386897627,35.84986468759556,35.84972064389683,82.56031692905276,88.81933491062851,0,2
2023-06-03 06:12:00,2023-06-03 06:14:59,35.73,35.73,35.71,35.73,35.73144340399111,35.724999999999994,35.71,35.73144340399111,True,0.0422792371747485,0.014883000663612294,0,35.75504619401313,35.75233485607058,6.2393089327208315,6.2393089327208315,35.84862225289312,35.8485293937088,80.26194843683025,83.83740398356743,0,1
2023-06-03 06:15:00,2023-06-03 06:17:59,35.73,35.72,35.72,35.74,35.72822170199555,35.7275,35.72,35.74,True,0.04068786309083811,0.012356043453266206,0,35.75369052504186,35.75120143154618,3.6264594771934497,3.6264594771934497,35.84741705634692,35.84725049426891,77.2412902335589,80.02118519981401,0,1
2023-06-03 06:18:00,2023-06-03 06:20:59,35.73,35.68,35.68,35.73,35.72786085099777,35.705,35.68,35.73,True,0.041353015727206614,0.007575067512419646,0,35.75244597829402,35.7499920874932,-2.772976108855296,-0.0,35.84599997120914,35.84558631024634,65.54765580405923,74.3502981581495,0,1
2023-06-03 06:21:00,2023-06-03 06:23:59,35.68,35.7,35.68,35.71,35.716430425498885,35.6925,35.68,35.716430425498885,True,0.04054208603240622,0.0056533737814958365,0,35.75121903289361,35.74864550555445,-3.8122854499815375,-0.0,35.844472608311534,35.84413769024389,51.20286717816185,64.66393773859336,0,1
2023-06-03 06:24:00,2023-06-03 06:26:59,35.69,35.68,35.68,35.7,35.70446521274944,35.6875,35.68,35.70446521274944,True,0.03907479417294885,0.002914486514166509,0,35.749932269224026,35.747165808929914,-6.7180009267278535,-0.0,35.84291069181092,35.84250447939569,32.99922606334685,49.91658301518935,0,1
2023-06-03 06:27:00,2023-06-03 06:29:59,35.67,35.66,35.66,35.68,35.69598260637472,35.6675,35.66,35.69598260637472,True,0.0377123088748813,-0.00023452928717080518,0,35.74854903907697,35.74545424120027,-10.565833652222395,-10.565833652222395,35.8411653117929,35.84068851442658,17.48915681527958,33.8970833522628,0,-2
2023-06-03 06:30:00,2023-06-03 06:32:59,35.67,35.67,35.67,35.69,35.68174130318736,35.675,35.67,35.69,True,0.03716142966953272,-0.00144979559568233,0,35.74700164013862,35.74362332086973,-11.218167013405463,-11.218167013405463,35.839511925605905,35.83899012124821,9.197314742661687,19.895232540429408,0,-2
2023-06-03 06:33:00,2023-06-03 06:35:59,35.67,35.7,35.67,35.7,35.67837065159368,35.685,35.67,35.7,True,0.036649898978851896,1.352490109554974e-05,0,35.745312480504175,35.74177960609237,-6.811020582072679,-0.0,35.83797449351032,35.83760713496713,11.975340726539649,12.887270761493674,0,-1
2023-06-03 06:36:00,2023-06-03 06:38:59,35.69,35.71,35.69,35.72,35.68168532579684,35.7025,35.69,35.72,True,0.03617490619464826,0.0017714830082095553,0,35.743546043298274,35.7400585366118,-2.5125207391130786,-0.0,35.83662648859977,35.83633741223114,28.198611101404747,16.457088856868733,0,2
2023-06-03 06:39:00,2023-06-03 06:41:59,35.72,35.73,35.7,35.75,35.69209266289842,35.724999999999994,35.7,35.75,True,0.03716241289503032,0.004323826687150097,0,35.74180228995503,35.738600208930784,2.8341741206090987,0.0,35.835515777270416,35.83527932852735,49.78690130028605,29.986951042743517,0,2
2023-06-03 06:42:00,2023-06-03 06:44:59,35.73,35.76,35.73,35.76,35.708546331449206,35.745,35.73,35.76,True,0.03665081197395681,0.0079538249107102,0,35.740201249442904,35.73749596666439,9.240579908404541,9.240579908404541,35.83461512277021,35.8345302804823,74.7509692676888,50.9121605564599,0,2
2023-06-03 06:45:00,2023-06-03 06:47:59,35.75,35.74,35.74,35.76,35.7267731657246,35.7475,35.74,35.76,True,0.035461468261531036,0.008676023009561473,0,35.738848608053644,35.73669522726999,9.727604982296114,9.727604982296114,35.83374830562822,35.8335896806765,91.86103222615704,72.132967598044,1,2
2023-06-03 06:48:00,2023-06-03 06:50:59,35.74,35.74,35.72,35.75,35.737136582862306,35.7375,35.72,35.75,True,0.035071363385707474,0.008843077728623232,0,35.73777191766182,35.73607032111028,10.0522883648905,10.0522883648905,35.83279061104486,35.832658440072755,95.13436637655671,87.24878929013421,0,2
2023-06-03 06:51:00,2023-06-03 06:53:59,35.73,35.74,35.73,35.74,35.73731829143115,35.735,35.73,35.74,True,0.033280551715300165,0.008629277164597923,0,35.736921119386054,35.735570984554975,10.268743953286759,10.268743953286759,35.83181757013894,35.831736465544665,89.03812123148903,92.01117327806763,0,2
2023-06-03 06:54:00,2023-06-03 06:56:59,35.73,35.71,35.71,35.73,35.736159145715575,35.72,35.71,35.736159145715575,True,0.0330462265927788,0.006107609737287578,0,35.73624605197052,35.73507101986011,4.5461494096707185,4.5461494096707185,35.83070495750074,35.83052515742979,75.69427495246256,86.62225418683613,0,1
2023-06-03 06:57:00,2023-06-03 06:59:59,35.71,35.71,35.71,35.71,35.72807957285779,35.71,35.71,35.72807957285779,True,0.030685781836151747,0.0042542247045184835,0,35.73565853591531,35.734505380281405,0.7310863805933536,0.0,35.8295039131475,35.829325902131984,62.662299942491636,75.79823204214777,0,1
2023-06-03 07:00:00,2023-06-03 07:02:59,35.71,35.71,35.7,35.73,35.719039786428894,35.7125,35.7,35.73,True,0.03063679741928334,0.002909172230005872,0,35.73508195809836,35.7339090679525,-1.8122889721248896,-0.0,35.82833969510623,35.82813857972271,52.105681668595366,63.487418854516555,0,1
2023-06-03 07:03:00,2023-06-03 07:05:59,35.71,35.69,35.69,35.72,35.71576989321444,35.7025,35.69,35.72,True,0.030591311889334612,0.0005769841863360343,0,35.734495513025436,35.73322408745374,-7.105223289655555,-0.0,35.82708755883652,35.82676406649164,44.068165572890855,52.94538239465931,-1,1
2023-06-03 07:06:00,2023-06-03 07:08:59,35.7,35.68,35.67,35.7,35.70913494660722,35.6875,35.67,35.70913494660722,True,0.030549075325810793,-0.0016039344669157114,0,35.73385980023959,35.73237108162399,-12.040486784185347,-12.040486784185347,35.825698627902824,35.82530372752157,33.97724324931415,43.383696830266814,0,1
2023-06-03 07:09:00,2023-06-03 07:11:59,35.68,35.71,35.67,35.72,35.69831747330361,35.695,35.67,35.72,True,0.03193842708825268,-0.0008436582205221107,0,35.7331154409318,35.731443098772615,-7.664434549289616,-0.0,35.824398144043094,35.824156426750214,24.036995910752733,34.02746824431927,0,2
2023-06-03 07:12:00,2023-06-03 07:14:59,35.72,35.68,35.68,35.72,35.696658736651806,35.7,35.68,35.72,True,0.032514253724806,-0.0023288525999226256,0,35.73227926985221,35.7304967582514,-9.470032292479985,-0.0,35.82316035156505,35.82272203444424,20.608844530789963,26.207694563618972,0,1
2023-06-03 07:15:00,2023-06-03 07:17:59,35.68,35.64,35.61,35.68,35.6983293683259,35.652499999999996,35.61,35.6983293683259,True,0.03519180703017702,-0.0058810423585492,0,35.7313880140518,35.729216556995404,-14.456216441898036,-14.456216441898036,35.82146223861415,35.82090390474828,15.264042154447507,19.96996086533009,0,-2
2023-06-03 07:18:00,2023-06-03 07:20:59,35.65,35.67,35.65,35.68,35.675414684162945,35.6625,35.65,35.68,True,0.035535249385164315,-0.005800520132609727,0,35.7303022855236,35.727750899011724,-12.404510126507788,-12.404510126507788,35.8198805247971,35.81940237335775,13.267478720142291,16.38012180179328,0,-2
2023-06-03 07:21:00,2023-06-03 07:23:59,35.67,35.68,35.67,35.68,35.66895734208147,35.675,35.67,35.68,True,0.033711303000509577,-0.004736912021275016,0,35.72902659226766,35.72623504890785,-9.486664549511488,-0.0,35.81843892753544,35.81801528506563,15.165088526829672,14.56553646713985,0,-1
2023-06-03 07:24:00,2023-06-03 07:26:59,35.69,35.69,35.67,35.71,35.67197867104073,35.69,35.67,35.71,True,0.034160495643330256,-0.0030777288902152453,0,35.727630820587756,35.724792998490514,-5.9792624892254835,-0.0,35.81716092825648,35.81674150113463,31.935333141866227,20.122633462946087,0,-1
2023-06-03 07:27:00,2023-06-03 07:29:59,35.69,35.68,35.64,35.69,35.680989335520366,35.675,35.64,35.69,True,0.035291888811663605,-0.0024743859214568405,0,35.72621190953914,35.723316029132846,-5.255028523206299,-0.0,35.81574639165691,35.81538088918304,40.42830976964844,29.17624381278147,0,-1
2023-06-03 07:30:00,2023-06-03 07:32:59,35.68,35.69,35.68,35.7,35.67799466776018,35.6875,35.68,35.7,True,0.034199611039402146,-0.001205296422066451,0,35.724763969335996,35.721907464721696,-2.938925986626863,-0.0,35.81447030815784,35.81413331814639,49.921434067950294,40.761692326488344,0,-1
2023-06-03 07:33:00,2023-06-03 07:35:59,35.68,35.7,35.68,35.7,35.68274733388009,35.69,35.68,35.7,True,0.0331853531080165,0.0004392068917281021,0,35.72333571702885,35.72057957291448,0.36442191910737165,0.0,35.8132317976289,35.81299766323946,60.14931893595507,50.16635425785129,0,2
2023-06-03 07:36:00,2023-06-03 07:38:59,35.7,35.64,35.63,35.7,35.68637366694004,35.667500000000004,35.63,35.7,True,0.0358149707431582,-0.0025481251863472866,0,35.721957644971674,35.719169932037694,-5.794674303634068,-0.0,35.811781729990805,35.81127629345598,63.940628512057835,58.00379383865442,0,-2
2023-06-03 07:39:00,2023-06-03 07:41:59,35.65,35.67,35.64,35.68,35.67693683347002,35.66,35.64,35.68,True,0.036113901404361125,-0.0022203667466241615,0,35.72056378850469,35.71765414320305,-5.156205520446704,-0.0,35.81027146402075,35.80987055919274,56.82545703250785,60.305134826840266,0,-1
2023-06-03 07:42:00,2023-06-03 07:44:59,35.67,35.69,35.67,35.69,35.66846841673501,35.68,35.67,35.69,True,0.03496290844690648,-0.0004461056869762125,0,35.71910896585388,35.71620240452739,-2.1581543460201686,-0.0,35.80897523054791,35.808677817310226,60.21970742295402,60.32859765583992,0,-1
2023-06-03 07:45:00,2023-06-03 07:47:59,35.68,35.66,35.65,35.69,35.67423420836751,35.67,35.65,35.69,True,0.03532270070069881,-0.0012441401962465775,0,35.717655685190635,35.714742442828864,-3.8378731983775793,-0.0,35.807592392433,35.80719843604346,66.9570935753461,61.334086010269345,0,-2
2023-06-03 07:48:00,2023-06-03 07:50:59,35.66,35.67,35.66,35.69,35.672117104183755,35.67,35.66,35.69,True,0.03494250779350612,-0.0009245240215798745,0,35.71619906400975,35.71328602397649,-3.5129592317753335,-0.0,35.80622331390133,35.80583327747586,77.92304286904704,68.36661462244908,0,-1
2023-06-03 07:51:00,2023-06-03 07:53:59,35.67,35.67,35.67,35.68,35.67105855209188,35.6725,35.67,35.68,True,0.033160900093969825,-0.0005808674386646468,0,35.71474254399312,35.71185953967263,-3.296349920707165,-0.0,35.8048927336635,35.80448170257561,73.56378771665464,72.81464138701595,0,-1
2023-06-03 07:54:00,2023-06-03 07:56:59,35.67,35.67,35.66,35.67,35.67177927604594,35.667500000000004,35.66,35.67177927604594,True,0.03150655008725806,-0.00023614912011029818,0,35.71330104183287,35.71043210493136,-3.151943713328386,-0.0,35.80352564178625,35.80314357618182,72.01864462852797,74.5018250714099,0,-1
2023-06-03 07:57:00,2023-06-03 07:59:59,35.68,35.69,35.68,35.69,35.66963963802297,35.685,35.68,35.69,True,0.030684653652453632,0.0014655926150473758,0,35.71186657338211,35.709133784235014,0.6012688216248421,0.0,35.80234628216649,35.80201776945364,81.58664646408151,75.72302626975473,0,2
2023-06-03 08:00:00,2023-06-03 08:02:59,35.69,35.65,35.64,35.71,35.67731981901149,35.6725,35.64,35.71,True,0.03349289267727839,-0.00014839171894388478,0,35.71050017880856,35.70786026050163,-3.3364359625059095,-0.0,35.801054279358866,35.80050515483221,75.2025367695932,76.26927595406758,0,-2
2023-06-03 08:03:00,2023-06-03 08:05:59,35.65,35.56,35.56,35.65,35.67490990950574,35.605000000000004,35.56,35.67490990950574,True,0.03752911462890109,-0.007261959012083093,-1,35.70918021965509,35.70615187553486,-12.077738234278861,-12.077738234278861,35.79910349050952,35.798112068714474,52.98234835994007,69.92384386453828,0,-2
2023-06-03 08:06:00,2023-06-03 08:08:59,35.55,35.57,35.54,35.57,35.639954954752874,35.5575,35.54,35.639954954752874,True,0.036991320726836814,-0.010742791272167061,0,35.70766604759497,35.70378694208393,-16.331824252301487,-16.331824252301487,35.79669947567858,35.79584229688647,19.649015026606737,49.27796671871335,0,-2
2023-06-03 08:09:00,2023-06-03 08:11:59,35.56,35.57,35.55,35.58,35.598727477376436,35.565,35.55,35.598727477376436,True,0.036491940674919975,-0.012386841897121775,0,35.705726494839446,35.70097278732868,-19.16788159764991,-19.16788159764991,35.79439400825889,35.793595109852774,3.225386115778074,25.285583167441647,0,-2
2023-06-03 08:12:00,2023-06-03 08:14:59,35.57,35.58,35.57,35.59,35.58186373868821,35.5775,35.57,35.59,True,0.03531394491242591,-0.012063604748047196,0,35.70334964108406,35.69791002886903,-19.095008758769193,-19.095008758769193,35.79223585892298,35.79146978537663,11.76729967065741,11.547233604347428,0,-2
2023-06-03 08:15:00,2023-06-03 08:17:59,35.57,35.54,35.53,35.57,35.57968186934411,35.5525,35.53,35.57968186934411,True,0.03636294884725243,-0.013891844265637995,0,35.700629834976546,35.694501030158136,-21.884589187241403,-21.884589187241403,35.78985042749091,35.788967598457454,15.72419840598387,10.238961397473139,0,-2
2023-06-03 08:18:00,2023-06-03 08:20:59,35.54,35.57,35.54,35.59,35.566090934672054,35.56,35.54,35.59,True,0.03733702392959185,-0.012206314524458195,0,35.69756543256734,35.690894281394954,-18.633228830117467,-18.633228830117467,35.787563358560654,35.78678881638325,19.651146361754623,15.714214812798653,0,-1
2023-06-03 08:21:00,2023-06-03 08:23:59,35.58,35.63,35.58,35.65,35.563045467336025,35.61,35.58,35.65,True,0.040384379363192315,-0.006247630704725712,0,35.694229856981146,35.68749964193032,-9.795725796757559,-9.795725796757559,35.78579655897298,35.78522872865804,36.35235419113664,23.90923298629173,0,-1
2023-06-03 08:24:00,2023-06-03 08:26:59,35.63,35.6,35.6,35.64,35.58652273366801,35.61750000000001,35.6,35.64,True,0.0403569236943928,-0.003954983063321857,0,35.690864749455734,35.684346746420914,-7.028439852738423,-7.028439852738423,35.78412196634638,35.78338565673109,59.94929546260289,38.65093200516474,0,-1
2023-06-03 08:27:00,2023-06-03 08:29:59,35.6,35.6,35.6,35.61,35.602011366834006,35.602500000000006,35.6,35.61,True,0.03818857200193603,-0.002071875264680209,0,35.68760574793832,35.68130289389175,-5.183582556725668,-0.0,35.782314782601645,35.781560923828295,76.56339995140571,57.62168320171511,0,-1
2023-06-03 08:30:00,2023-06-03 08:32:59,35.6,35.58,35.55,35.6,35.602255683417006,35.5825,35.55,35.602255683417006,True,0.039032245430369476,-0.0019061411263443379,0,35.68445432091503,35.678228554463864,-6.129142497351097,-0.0,35.78032657580959,35.77955534249667,70.36887609143496,68.96052383514787,0,-1
2023-06-03 08:33:00,2023-06-03 08:35:59,35.59,35.6,35.58,35.61,35.592377841708505,35.595,35.58,35.61,True,0.03838708504248602,-0.00011221354663176752,0,35.68134143768945,35.67523706901746,-4.070997031455171,-0.0,35.77848253027914,35.77776872217332,66.13740353098967,71.02322652461014,0,-1
2023-06-03 08:36:00,2023-06-03 08:38:59,35.6,35.58,35.58,35.61,35.59368892085425,35.5925,35.58,35.61,True,0.03778800753945139,-8.882668872955968e-05,0,35.678289253353455,35.6723141872062,-5.08383071685283,-0.0,35.77663195783855,35.775800874191496,65.05518091452991,67.1871535123182,0,-1
2023-06-03 08:39:00,2023-06-03 08:41:59,35.57,35.51,35.5,35.57,35.593094460427125,35.5375,35.5,35.593094460427125,True,0.04080314985806188,-0.004639625035308195,0,35.675301720279826,35.669088013106375,-11.122926237688539,-11.122926237688539,35.7742525353725,35.77315608937367,58.750261852274065,63.31428209926457,0,-2
2023-06-03 08:42:00,2023-06-03 08:44:59,35.52,35.49,35.47,35.53,35.56529723021356,35.5025,35.47,35.56529723021356,True,0.04217435343962905,-0.008507306257654224,0,35.672194866693104,35.66540505261882,-16.16709961691329,-16.16709961691329,35.77154853004541,35.770338615847564,41.46712619056894,55.09085631912432,0,-2
2023-06-03 08:45:00,2023-06-03 08:47:59,35.48,35.48,35.48,35.52,35.53389861510678,35.49,35.48,35.53389861510678,True,0.042019042479655995,-0.01106007658846022,0,35.66879995965596,35.66130196672815,-20.036482859660392,-20.036482859660392,35.76874705213451,35.767449674396346,22.577596786015665,40.93166160961957,0,-2
2023-06-03 08:48:00,2023-06-03 08:50:59,35.48,35.48,35.41,35.49,35.511949307553394,35.464999999999996,35.41,35.511949307553394,True,0.04473196801682381,-0.011944331043772856,0,35.66505096319206,35.65672473809911,-22.61607168815846,-22.61607168815846,35.7657246934068,35.76458947863121,9.833918323980937,24.62621376685519,0,-2
2023-06-03 08:51:00,2023-06-03 08:53:59,35.48,35.47,35.47,35.49,35.48847465377669,35.4775,35.47,35.49,True,0.04296539887276519,-0.012376351025194285,0,35.66088785064559,35.65189138150712,-24.960986810766975,-24.960986810766975,35.76285678600972,35.76165824003786,9.442175844069729,13.951230318022121,0,-2
2023-06-03 08:54:00,2023-06-03 08:56:59,35.48,35.49,35.47,35.49,35.48298732688835,35.4825,35.47,35.49,True,0.04132501323899647,-0.010419241615316724,0,35.65638961607635,35.64692384085232,-22.052517152580528,-22.052517152580528,35.76006716624843,35.758955172972804,13.573987750986847,10.95002730634585,0,-1
2023-06-03 08:57:00,2023-06-03 08:59:59,35.5,35.47,35.47,35.5,35.482743663444175,35.485,35.47,35.5,True,0.040516083721925375,-0.0097312032718775,0,35.65165672846434,35.64190189141156,-22.005806993249507,-22.005806993249507,35.75733017951959,35.75607999712233,22.692084634433925,15.236082743163513,0,-2
2023-06-03 09:00:00,2023-06-03 09:02:59,35.47,35.46,35.42,35.48,35.483871831722084,35.4575,35.42,35.483871831722084,True,0.041907792027501785,-0.009192947774955593,0,35.64677930993795,35.636682882219525,-22.8325944346523,-22.8325944346523,35.75434679464875,35.75313392749922,20.533280530514716,18.933117638645175,0,-2
2023-06-03 09:03:00,2023-06-03 09:05:59,35.45,35.5,35.45,35.5,35.47068591586104,35.475,35.45,35.5,True,0.04248580688268002,-0.005332117723918096,0,35.641731096078736,35.6314646030634,-15.799104791571658,-15.799104791571658,35.75156722455274,35.750615181951964,24.444187902878998,22.556517689275893,0,-1
2023-06-03 09:06:00,2023-06-03 09:08:59,35.5,35.49,35.49,35.5,35.472842957930524,35.495000000000005,35.49,35.5,True,0.04016539210534559,-0.0029163508324709306,0,35.63659784957107,35.62641992288344,-12.46081536236963,-12.46081536236963,35.749014316845745,35.748021996061894,39.23709629729229,28.07152157689535,0,-1
2023-06-03 09:09:00,2023-06-03 09:11:59,35.48,35.51,35.48,35.51,35.483921478965264,35.495,35.48,35.51,True,0.03943929266924955,0.0005185797326366301,0,35.63150888622725,35.62154653026915,-7.117062411950322,-0.0,35.746486811205486,35.74565361799163,60.10802058750998,41.26310159589377,0,-1
2023-06-03 09:12:00,2023-06-03 09:14:59,35.51,35.52,35.51,35.52,35.48946073948263,35.515,35.51,35.52,True,0.03733648605001781,0.003771648492836774,0,35.6265277082482,35.616978651485205,-2.1397247736416887,-0.0,35.744183459850206,35.74340830835987,81.60394810222323,60.31635499567519,0,-1
2023-06-03 09:15:00,2023-06-03 09:17:59,35.51,35.53,35.51,35.53,35.50223036974131,35.519999999999996,35.51,35.53,True,0.0360981656178739,0.006754924087096048,0,35.6217531798667,35.61271695171202,2.568596860793619,0.0,35.74195277865767,35.74128484260504,91.0262761576962,77.57941494914316,0,-1
2023-06-03 09:18:00,2023-06-03 09:20:59,35.53,35.55,35.52,35.55,35.511115184870654,35.537499999999994,35.52,35.55,True,0.03566258235945391,0.010104512992960536,0,35.61723506578936,35.608845617230465,8.137386897705824,8.137386897705824,35.73991842265112,35.73938151083782,99.99999999999996,90.87674141997316,0,-1
2023-06-03 09:21:00,2023-06-03 09:23:59,35.54,35.54,35.54,35.55,35.52430759243532,35.542500000000004,35.54,35.55,True,0.03382954076234992,0.011466904941255754,0,35.613040341509915,35.605342486877205,9.467218080527566,9.467218080527566,35.73795406023668,35.7373976152076,99.99999999999996,97.00875871923206,0,2
2023-06-03 09:24:00,2023-06-03 09:26:59,35.55,35.52,35.52,35.55,35.53340379621766,35.535,35.52,35.55,True,0.03355600213646735,0.010778908842670687,0,35.60919141419356,35.60210182344726,6.24328841595117,6.24328841595117,35.73593461685124,35.73523445485728,97.54814306873855,99.1827143562462,0,2
2023-06-03 09:27:00,2023-06-03 09:29:59,35.5,35.45,35.42,35.5,35.53420189810883,35.4675,35.42,35.53420189810883,True,0.03830200198386264,0.00534999407845764,0,35.60564661882041,35.598626914685454,-3.4523252975493364,-0.0,35.73326362563879,35.7323963010776,78.04823394975747,91.86545900616538,0,-2
2023-06-03 09:30:00,2023-06-03 09:32:59,35.45,35.43,35.42,35.46,35.50085094905442,35.44,35.42,35.50085094905442,True,0.038423287556443815,0.0005195142046148099,0,35.602136766752935,35.59480274525079,-11.136801326094655,-0.0,35.73034557961253,35.72938738265892,51.23933743285366,75.61190481711661,0,-2
2023-06-03 09:33:00,2023-06-03 09:35:59,35.43,35.42,35.42,35.44,35.470425474527204,35.427499999999995,35.42,35.470425474527204,True,0.03710733844526897,-0.003022314405703788,0,35.59846975600186,35.59064407500805,-16.846017725237957,-16.846017725237957,35.72733219076066,35.72630890123943,24.587641396015755,51.291737592875684,0,-2
2023-06-03 09:36:00,2023-06-03 09:38:59,35.43,35.36,35.31,35.43,35.4489627372636,35.3825,35.31,35.4489627372636,True,0.04302824284203529,-0.008995606686971067,0,35.59455691550496,35.585941834971266,-23.18952230430985,-23.18952230430985,35.72390102468344,35.722664036550476,10.754217181663499,28.860398670177698,0,-2
2023-06-03 09:39:00,2023-06-03 09:41:59,35.36,35.39,35.36,35.4,35.415731368631796,35.3775,35.36,35.415731368631796,True,0.04281193978188985,-0.010086610754806893,0,35.590249375238116,35.580809595662906,-22.447958292207037,-22.447958292207037,35.72045424831843,35.71935394663455,4.2297803652339825,13.190546314304472,0,-2
2023-06-03 09:42:00,2023-06-03 09:44:59,35.4,35.39,35.39,35.42,35.3966156843159,35.4,35.39,35.42,True,0.041896801226040656,-0.01001275709995958,0,35.585529485450515,35.575528401451606,-21.953582284138495,-21.953582284138495,35.71726564883268,35.71607679293669,8.261222059603716,7.74840653550046,0,-2
2023-06-03 09:45:00,2023-06-03 09:47:59,35.4,35.43,35.39,35.43,35.39830784215795,35.4125,35.39,35.43,True,0.041761315424180545,-0.00642989864548036,0,35.580528943451064,35.57025193189965,-15.709494592460636,-15.709494592460636,35.714233154814444,35.71323025768359,20.85583810097975,11.115613508605875,0,-1
2023-06-03 09:48:00,2023-06-03 09:50:59,35.43,35.44,35.43,35.45,35.40540392107897,35.4375,35.43,35.45,True,0.04020693575102501,-0.0027858692656208828,0,35.57539043767536,35.5651869108843,-10.308914878114237,-0.0,35.711479591084945,35.710511548651915,41.54851427040999,23.555191476997877,0,-1
2023-06-03 09:51:00,2023-06-03 09:53:59,35.44,35.45,35.44,35.46,35.421451960539486,35.4475,35.44,35.46,True,0.038763583197380595,0.0007386478657122955,0,35.57028867427983,35.56039172685414,-5.43350849744369,-0.0,35.70885292848708,35.70791939393896,57.03410786687087,39.812820079420256,0,-1
2023-06-03 09:54:00,2023-06-03 09:56:59,35.46,35.44,35.43,35.46,35.43447598026974,35.447500000000005,35.43,35.46,True,0.03813761296899635,0.0026550185163919868,0,35.565340200566986,35.555841887442035,-3.7194688335393877,-0.0,35.70625240183547,35.70525352932265,68.18630748156171,55.589643206280904,0,-1
2023-06-03 09:57:00,2023-06-03 09:59:59,35.44,35.44,35.43,35.46,35.44098799013487,35.4425,35.43,35.46,True,0.03755635489978241,0.004127011668708165,0,35.56059104400451,35.551482120992766,-2.576775724269858,-0.0,35.703627999827155,35.70261419072242,69.9969209012034,65.07244541654538,0,-1
2023-06-03 10:00:00,2023-06-03 10:02:59,35.44,35.48,35.43,35.48,35.44174399506744,35.457499999999996,35.43,35.48,True,0.03844518669265489,0.007981730841090204,0,35.556036582498635,35.54740482891011,3.6882897135222024,3.6882897135222024,35.701178965003,35.70039912414807,73.87696510865817,70.6867311638078,0,-1
2023-06-03 10:03:00,2023-06-03 10:05:59,35.48,35.48,35.47,35.48,35.44962199753372,35.4775,35.47,35.48,True,0.0364133876431794,0.010447997761822848,0,35.55172070570437,35.54371512671186,7.865000005383571,7.865000005383571,35.69895330365969,35.69820609803715,83.46348278592463,75.77912293192878,0,2
2023-06-03 10:06:00,2023-06-03 10:08:59,35.48,35.48,35.47,35.49,35.46356099876686,35.48,35.47,35.49,True,0.035241002811523946,0.011888799491157648,0,35.547717916208114,35.54037304469498,10.64947353329115,10.64947353329115,35.69677466382228,35.69603489308155,94.29352653018604,83.87799147492301,0,2
2023-06-03 10:09:00,2023-06-03 10:11:59,35.49,35.5,35.48,35.5,35.47178049938343,35.4925,35.48,35.5,True,0.034152359753558174,0.01395393581176807,0,35.544045480451544,35.537413340021686,14.993952108794986,14.993952108794986,35.69474208010266,35.694084297130495,99.99999999999996,92.58566977203692,0,2
2023-06-03 10:12:00,2023-06-03 10:14:59,35.5,35.51,35.5,35.51,35.48214024969171,35.504999999999995,35.5,35.51,True,0.03242719119973245,0.015621506929958874,0,35.540729410236615,35.53486075373502,18.91715158761731,18.91715158761731,35.692854099206116,35.69225261258193,99.99999999999996,98.0978421767287,0,2
2023-06-03 10:15:00,2023-06-03 10:17:59,35.5,35.51,35.5,35.51,35.49357012484585,35.504999999999995,35.5,35.51,True,0.03082524897117999,0.01624595064758843,0,35.53779508198581,35.53264620807374,21.5326179068322,21.5326179068322,35.690984904189136,35.69043915375027,99.99999999999996,100.0,0,2
2023-06-03 10:18:00,2023-06-03 10:20:59,35.5,35.54,35.5,35.55,35.49928506242293,35.522499999999994,35.5,35.55,True,0.03219487404466693,0.018198563175827815,0,35.535220645029774,35.53083306692311,25.87761376329027,25.87761376329027,35.68930843748079,35.68894224674778,99.99999999999996,100.0,1,2
2023-06-03 10:21:00,2023-06-03 10:23:59,35.54,35.54,35.53,35.55,35.51089253121146,35.54,35.53,35.55,True,0.03132381161290472,0.018835354383740923,0,35.533026855976445,35.52946846305376,28.77427766759564,28.77427766759564,35.68782278138645,35.687460234342325,99.99999999999996,100.0,0,2
2023-06-03 10:24:00,2023-06-03 10:26:59,35.55,35.55,35.55,35.57,35.52544626560573,35.555,35.55,35.57,True,0.031229253640554462,0.019247798888876642,1,35.5312476595151,35.52856927432606,31.419542969093484,31.419542969093484,35.68650116167116,35.68609247081653,99.99999999999996,100.0,0,2
2023-06-03 10:27:00,2023-06-03 10:29:59,35.56,35.56,35.55,35.56,35.540223132802865,35.557500000000005,35.55,35.56,True,0.029712878380515225,0.01946525348857319,0,35.52990846692058,35.52805983226205,33.81567395458772,33.81567395458772,35.68521756802269,35.68483781936562,99.99999999999996,100.0,0,2
2023-06-03 10:30:00,2023-06-03 10:32:59,35.55,35.55,35.52,35.56,35.548861566401435,35.545,35.52,35.56,True,0.030447672781906934,0.01814366930046036,0,35.52898414959132,35.52777497250832,31.0921139883403,31.0921139883403,35.68382236834088,35.68349614952118,94.18502420057202,98.06167473352401,0,2
2023-06-03 10:33:00,2023-06-03 10:35:59,35.55,35.51,35.51,35.55,35.54693078320072,35.53,35.51,35.55,True,0.031129981868913522,0.013799620681166185,0,35.52837956104982,35.527565966475734,18.874431177528166,18.874431177528166,35.68229179751162,35.6817698196752,81.88455949902584,92.02319456653265,0,1
2023-06-03 10:36:00,2023-06-03 10:38:59,35.52,35.52,35.51,35.52,35.53846539160036,35.517500000000005,35.51,35.53846539160036,True,0.029620697449705777,0.011102536635914756,0,35.527972763762776,35.5273323513216,12.768947434244382,12.768947434244382,35.68065207813339,35.68016016972819,64.56125599985207,80.21027989981668,0,1
2023-06-03 10:39:00,2023-06-03 10:41:59,35.52,35.52,35.47,35.52,35.52798269580018,35.5075,35.47,35.52798269580018,True,0.031076361917584238,0.008887518298301162,0,35.52765255754219,35.52701235344675,8.698624938721856,8.698624938721856,35.67892917188331,35.67856653619856,45.43623543596116,63.96068364494641,0,1
2023-06-03 10:42:00,2023-06-03 10:44:59,35.52,35.51,35.51,35.52,35.51774134790009,35.515,35.51,35.52,True,0.029570907494900014,0.0063833954810316096,0,35.527332455494474,35.52667799935011,3.6782913338816456,3.6782913338816456,35.67729803584467,35.67688925723141,29.877696133561983,46.625062523125116,0,1
2023-06-03 10:45:00,2023-06-03 10:47:59,35.52,35.48,35.46,35.52,35.51637067395005,35.495000000000005,35.46,35.52,True,0.03174441410240732,0.0024229373299655176,0,35.52700522742229,35.52619741525447,-4.470232942533528,-0.0,35.67548412504025,35.67493016014453,13.86766629940243,29.727199289641906,0,1
2023-06-03 10:48:00,2023-06-03 10:50:59,35.48,35.5,35.48,35.5,35.50568533697503,35.489999999999995,35.48,35.50568533697503,True,0.030905527380807016,0.001123345904845289,0,35.52660132133838,35.5255706952529,-4.974531253463709,-0.0,35.67363851185577,35.67318956153613,5.474329329387936,16.406563920784166,0,1
2023-06-03 10:51:00,2023-06-03 10:53:59,35.5,35.52,35.5,35.52,35.49784266848751,35.510000000000005,35.5,35.52,True,0.030126561139321023,0.001600601241785678,0,35.52608600829564,35.52497044265988,-1.5702290350521864,-0.0,35.67201026795671,35.67166528729199,9.32129306388327,9.554429564224593,0,2
2023-06-03 10:54:00,2023-06-03 10:56:59,35.52,35.51,35.51,35.53,35.503921334243756,35.5175,35.51,35.53,True,0.029403235343655458,0.0011454585293639377,0,35.52552822547776,35.52444660439086,-1.2774061165578203,-0.0,35.67047285235515,35.67005667746819,21.869264304953777,12.221628899408378,0,1
2023-06-03 10:57:00,2023-06-03 10:59:59,35.52,35.5,35.49,35.52,35.51071066712188,35.50750000000001,35.49,35.52,True,0.02944586139053729,0.00010605677778624057,0,35.52498741493431,35.523917911109486,-2.957945578756231,-0.0,35.6688512319337,35.66836457122472,29.55536813986426,20.24864183623382,0,1
2023-06-03 11:00:00,2023-06-03 11:02:59,35.49,35.52,35.46,35.52,35.50910533356094,35.4975,35.46,35.52,True,0.031628299862641936,0.0007925503925531225,0,35.5244526630219,35.523320412206246,-0.041960746371593416,-0.0,35.667146244551276,35.66688830683442,23.255887146799314,24.89350653053917,0,2
2023-06-03 11:03:00,2023-06-03 11:05:59,35.52,35.53,35.5,35.53,35.50330266678047,35.52,35.5,35.53,True,0.031511992729596164,0.0018770577873508257,0,35.52388653761407,35.522827215558884,3.585900923138581,0.0,35.66568210281445,35.6655262341296,23.960817289838804,25.59069085883418,0,2
2023-06-03 11:06:00,2023-06-03 11:08:59,35.54,35.53,35.52,35.54,35.51165133339023,35.5325,35.52,35.54,True,0.030689707534624723,0.0024814222364373368,0,35.523356876586476,35.5225052839579,6.004475369478698,6.004475369478698,35.66435690776157,35.664177714387016,34.54820342724495,27.254969287961075,0,2
2023-06-03 11:09:00,2023-06-03 11:11:59,35.52,35.55,35.52,35.55,35.522075666695116,35.535,35.52,35.55,True,0.03064044271072253,0.004115602112320014,0,35.52293108027219,35.522337551984165,10.848732302741716,10.848732302741716,35.66306977435101,35.66304161772645,55.91226082346346,38.140427180182456,0,2
2023-06-03 11:12:00,2023-06-03 11:14:59,35.54,35.56,35.54,35.56,35.528537833347556,35.55,35.54,35.56,True,0.029880411088528288,0.00564978420911644,0,35.522634316128176,35.52239528923309,15.348520260205007,15.348520260205007,35.661944701969404,35.662016327997826,75.9926927726868,55.48438567446512,0,2
2023-06-03 11:15:00,2023-06-03 11:17:59,35.55,35.58,35.55,35.58,35.53926891667378,35.565,35.55,35.58,True,0.02988895315363349,0.007726923183643299,0,35.52251480268063,35.52273305979968,20.373939359880495,20.373939359880495,35.66098007806921,35.66120024513218,91.0525361337035,74.31916324328465,0,2
2023-06-03 11:18:00,2023-06-03 11:20:59,35.57,35.52,35.52,35.6,35.55213445833689,35.5525,35.52,35.6,True,0.03346831364265955,0.0045635114293560985,0,35.522623931240155,35.523203221808025,11.384978074203431,11.384978074203431,35.65990067430732,35.659795267568676,91.95269441242662,86.33264110627236,0,1
2023-06-03 11:21:00,2023-06-03 11:23:59,35.53,35.54,35.53,35.54,35.552317229168445,35.535,35.53,35.552317229168445,True,0.032506291239612156,0.0036322175904979874,0,35.52291357652409,35.52365432210751,8.325447696931086,8.325447696931086,35.65865788152814,35.65860327485655,73.69052498296077,85.56525184303035,0,1
2023-06-03 11:24:00,2023-06-03 11:26:59,35.54,35.53,35.53,35.54,35.54365861458422,35.535,35.53,35.54365861458422,True,0.030898699008211145,0.0021227964985640023,0,35.5232839493158,35.52408731996177,4.800832967434488,0.0,35.65742745484627,35.657323640280865,55.428355553494896,73.69052498296082,0,1
2023-06-03 11:27:00,2023-06-03 11:29:59,35.52,35.49,35.48,35.52,35.53932930729211,35.502500000000005,35.48,35.53932930729211,True,0.03226307765048208,-0.0017532402810310124,0,35.52368563463878,35.524280110245236,-2.1739937814108927,-0.0,35.65588588813138,35.655658728437274,30.14232780773491,53.08706944806358,0,1
2023-06-03 11:30:00,2023-06-03 11:32:59,35.48,35.52,35.48,35.53,35.52091465364606,35.5025,35.48,35.53,True,0.033530000675447945,-0.0021824779758770445,0,35.523982872442005,35.52428246067255,-2.25469299468255,-0.0,35.65435966038878,35.65430889034337,15.071163903867431,33.54728242169914,0,1
2023-06-03 11:33:00,2023-06-03 11:35:59,35.53,35.51,35.5,35.53,35.51170732682303,35.5175,35.5,35.53,True,0.033277857770058886,-0.0031032765651773124,0,35.52413266655728,35.524237776287386,-3.5230145032622744,-3.5230145032622744,35.65299787272322,35.65287298098672,7.835832993685012,17.68310823509584,0,1
2023-06-03 11:36:00,2023-06-03 11:38:59,35.52,35.52,35.51,35.52,35.51460366341151,35.517500000000005,35.51,35.52,True,0.03161515364362647,-0.002924047197637971,0,35.524185221422336,35.52415636764598,-2.7960290400331473,-0.0,35.65164963518369,35.651550861772925,15.671665987373723,12.859554294975446,0,1
2023-06-03 11:39:00,2023-06-03 11:41:59,35.52,35.54,35.52,35.54,35.51605183170576,35.53,35.52,35.54,True,0.030785499811938583,-0.0013511748741848548,0,35.52417079453416,35.52413236758253,0.5643114876593103,0.0,35.650439191052506,35.65044090294931,29.93156556248034,17.813021514513082,0,2
2023-06-03 11:42:00,2023-06-03 11:44:59,35.54,35.55,35.53,35.55,35.523025915852884,35.542500000000004,35.53,35.55,True,0.0300151069682284,0.00036860323951030515,0,35.52415158105835,35.524239493655514,4.108557233014345,0.0,35.64936516925099,35.64944149097967,42.28205241138679,29.29509465374701,0,2
2023-06-03 11:45:00,2023-06-03 11:47:59,35.54,35.54,35.53,35.55,35.532762957926444,35.54,35.53,35.55,True,0.02929974218478323,0.0007341155435274102,0,35.52419553735693,35.52443196860042,4.45148522446744,0.0,35.648276958611675,35.64835252092017,53.09543842113724,41.769685465001515,0,2
2023-06-03 11:48:00,2023-06-03 11:50:59,35.54,35.56,35.54,35.56,35.53638147896322,35.55,35.54,35.56,True,0.028635474885870368,0.002263587089110241,0,35.52431375297868,35.52475892936424,7.551541393268245,0.0,35.647299078426485,35.64747339135877,62.27366475801809,52.55038519684743,0,2
2023-06-03 11:51:00,2023-06-03 11:53:59,35.55,35.57,35.54,35.57,35.54319073948161,35.5575,35.54,35.57,True,0.028732940965451138,0.0037875138266424725,0,35.52453634117146,35.525240986436515,10.866483781969656,10.866483781969656,35.64640555525806,35.64670251184277,68.97067192339763,61.44659170085104,0,2
2023-06-03 11:54:00,2023-06-03 11:56:59,35.57,35.58,35.57,35.58,35.5503453697408,35.575,35.57,35.58,True,0.02739487375363306,0.005233250779524148,0,35.52488866380399,35.52596191310963,14.27144629237634,14.27144629237634,35.64569505222067,35.64603880525727,83.65478625329182,71.6330409782359,0,2
2023-06-03 11:57:00,2023-06-03 11:59:59,35.58,35.57,35.57,35.58,35.56267268487041,35.575,35.57,35.58,True,0.026152382771230553,0.005183552350034638,0,35.525425288456816,35.52686595717571,13.771987611597964,13.771987611597964,35.644991618865234,35.645282200229836,93.54999367463768,82.05848395044242,0,2
2023-06-03 12:00:00,2023-06-03 12:02:59,35.57,35.51,35.49,35.58,35.568836342435205,35.537499999999994,35.49,35.58,True,0.030712926858999536,0.0007322061540789536,0,35.526145622816266,35.52765067826941,3.8769122686583444,0.0,35.64392205051831,35.64393610868526,76.78259504594223,84.66245832462396,0,1
2023-06-03 12:03:00,2023-06-03 12:05:59,35.5,35.49,35.48,35.51,35.5531681712176,35.495,35.48,35.5531681712176,True,0.030662003511928222,-0.0036234220031565977,0,35.52689815054284,35.52804447632933,-4.475773298981714,-4.475773298981714,35.64244023907037,35.642404406111275,43.449261712608894,71.26061681106297,0,1
2023-06-03 12:06:00,2023-06-03 12:08:59,35.5,35.49,35.48,35.5,35.5240840856088,35.4925,35.48,35.5240840856088,True,0.029900431832505004,-0.006344262340540415,0,35.52747131343609,35.5281106434034,-10.044230344075089,-10.044230344075089,35.64094829639305,35.64088794435892,10.115928379275564,43.44926171260894,0,1
2023-06-03 12:09:00,2023-06-03 12:11:59,35.49,35.48,35.47,35.5,35.5082920428044,35.485,35.47,35.5082920428044,True,0.029907543844469014,-0.008561358435832476,-1,35.527790978419745,35.52786695234574,-14.718413032485046,-14.718413032485046,35.63939657205083,35.639287069290674,-4.026408835973901e-14,17.85506336396151,-1,-2
2023-06-03 12:12:00,2023-06-03 12:14:59,35.49,35.49,35.48,35.5,35.4966460214022,35.49,35.48,35.5,True,0.02919986214129288,-0.008967819068389884,0,35.527828965382746,35.527415285099,-15.186221184243095,-15.186221184243095,35.63791003899559,35.63780162581514,2.154646705793008,4.090191695022882,0,-2
2023-06-03 12:15:00,2023-06-03 12:17:59,35.49,35.48,35.48,35.5,35.493323010701104,35.4875,35.48,35.5,True,0.028542729131200754,-0.009542186427962689,0,35.527622125240875,35.526785822994974,-16.78592927480061,-16.78592927480061,35.636413421692154,35.636231460384145,3.5622440411522445,1.905630248981775,0,-2
2023-06-03 12:18:00,2023-06-03 12:20:59,35.49,35.48,35.47,35.49,35.49041150535055,35.4825,35.47,35.49041150535055,True,0.027932534193258064,-0.0094980293386855,0,35.527203974117924,35.52598639521156,-17.85240133517228,-17.85240133517228,35.634881944859394,35.634676918489774,3.5622440411522445,3.09304492936587,0,-2
2023-06-03 12:21:00,2023-06-03 12:23:59,35.49,35.46,35.45,35.5,35.486455752675276,35.475,35.45,35.5,True,0.029508781750882285,-0.010411881406746568,0,35.52659518466474,35.52500717920224,-21.036957218058365,-21.036957218058365,35.633291079736416,35.63293883969883,1.4075973353591962,2.8440284725545992,0,-2
2023-06-03 12:24:00,2023-06-03 12:26:59,35.46,35.47,35.43,35.47,35.48072787633764,35.4575,35.43,35.48072787633764,True,0.03025815448296206,-0.009829943781795983,0,35.52580118193349,35.52377306451084,-19.82690740603209,-19.82690740603209,35.631541914763915,35.631317557711775,-4.026408835973901e-14,1.6566137921705044,0,-2
2023-06-03 12:27:00,2023-06-03 12:29:59,35.47,35.48,35.46,35.48,35.474999999999994,35.4725,35.46,35.48,True,0.0295254291627502,-0.008291011254755409,0,35.52478712322216,35.52244964958563,-16.004640605560503,-16.004640605560503,35.62995940814935,35.62981191037136,6.21290598070846,2.5401677720225764,0,-1
2023-06-03 12:30:00,2023-06-03 12:32:59,35.47,35.48,35.47,35.49,35.473749999999995,35.4775,35.47,35.49,True,0.028845041365411127,-0.006874625098345364,0,35.523618386403896,35.521099313309456,-13.456462738579447,-13.456462738579447,35.628442399113034,35.62832124459652,14.392234657400303,6.868380212702945,0,-1
2023-06-03 12:33:00,2023-06-03 12:35:59,35.48,35.49,35.47,35.49,35.475624999999994,35.4825,35.47,35.49,True,0.028213252696453413,-0.004904123606386441,0,35.52235884985667,35.51977135172454,-8.606973750291488,-8.606973750291488,35.62699023593778,35.626944913804515,24.55627742091576,15.053806019674878,0,-1
2023-06-03 12:36:00,2023-06-03 12:38:59,35.49,35.53,35.49,35.53,35.4790625,35.510000000000005,35.49,35.53,True,0.02905516321813525,-0.0005986914932742636,0,35.52106510079061,35.518658796365415,1.7565731163254767,0.0,35.62582615398815,35.62598028779651,38.04164880784341,25.663386962053192,0,-1
2023-06-03 12:39:00,2023-06-03 12:41:59,35.53,35.54,35.52,35.54,35.49453125,35.5325,35.52,35.54,True,0.02840836584541102,0.002966874226961406,0,35.51986194857801,35.51787783908359,9.729526373648916,9.729526373648916,35.624897535540505,35.6251247625448,63.1956534644849,41.93119323108139,0,2
2023-06-03 12:42:00,2023-06-03 12:44:59,35.54,35.56,35.53,35.57,35.513515625,35.55,35.53,35.57,True,0.029236339713595884,0.006574877460472542,0,35.518869893830804,35.51748337810813,16.81051118195188,16.81051118195188,35.62415228643065,35.62447675495729,86.36494403430277,62.53408210221039,1,2
2023-06-03 12:45:00,2023-06-03 12:47:59,35.56,35.58,35.56,35.59,35.5317578125,35.572500000000005,35.56,35.59,True,0.029290886876910543,0.010037591369706222,1,35.51817663596947,35.5175502887425,22.845200509806844,22.845200509806844,35.62363833333184,35.6240342001816,99.99999999999996,83.18686583292924,0,2
2023-06-03 12:48:00,2023-06-03 12:50:59,35.57,35.58,35.56,35.58,35.552128906250005,35.572500000000005,35.56,35.58,True,0.028627252099988076,0.011863086019693414,0,35.51786346235598,35.5179799814118,26.868326728376815,26.868326728376815,35.62312949419421,35.62359604893601,99.99999999999996,95.45498134476759,0,2
2023-06-03 12:51:00,2023-06-03 12:53:59,35.58,35.59,35.57,35.6,35.562314453125005,35.585,35.57,35.6,True,0.02872530552141758,0.013214453297341925,0,35.51792172188389,35.518778110073136,30.203135744997198,30.203135744997198,35.62275009624203,35.62326175989187,99.99999999999996,99.99999999999999,0,2
2023-06-03 12:54:00,2023-06-03 12:56:59,35.59,35.63,35.58,35.63,35.5736572265625,35.6075,35.58,35.63,True,0.030244926555602344,0.0162341773213125,0,35.51834991597851,35.52001520889863,34.10611620175371,34.10611620175371,35.62259835399087,35.62332880705712,99.99999999999996,99.99999999999999,0,2
2023-06-03 12:57:00,2023-06-03 12:59:59,35.62,35.63,35.62,35.63,35.59057861328125,35.625,35.62,35.63,True,0.028798860373059683,0.017427603685794952,0,35.51918256243857,35.52170949281854,36.70810317292471,36.70810317292471,35.62262225096608,35.6233951870864,99.99999999999996,99.99999999999999,0,2
2023-06-03 13:00:00,2023-06-03 13:02:59,35.62,35.63,35.62,35.63,35.607789306640626,35.625,35.62,35.63,True,0.027456084632127214,0.01735823706763903,0,35.52044602762856,35.523752097188975,38.442761153705376,38.442761153705376,35.62264591016045,35.62346090661788,99.99999999999996,99.99999999999999,0,2
2023-06-03 13:03:00,2023-06-03 13:05:59,35.62,35.61,35.6,35.63,35.61639465332031,35.614999999999995,35.6,35.63,True,0.027637792872689637,0.015075781998552147,0,35.52209906240877,35.52598631162684,31.968479849097733,31.968479849097733,35.62256983145239,35.623326967248545,96.65873317117725,98.8862443903924,0,1
2023-06-03 13:06:00,2023-06-03 13:08:59,35.6,35.61,35.6,35.61,35.615697326660154,35.605000000000004,35.6,35.615697326660154,True,0.026377950524640235,0.012811790122661343,0,35.524042687017804,35.5282874422966,27.652292312692637,27.652292312692637,35.62239500725883,35.623194360609254,89.02103754980293,95.22659024032674,0,1
2023-06-03 13:09:00,2023-06-03 13:11:59,35.6,35.61,35.6,35.61,35.61034866333008,35.605000000000004,35.6,35.61034866333008,True,0.025208096915737218,0.010640466672844906,0,35.52616506465721,35.530625468382766,24.77483395508925,24.77483395508925,35.62222192260949,35.62306307343901,80.95556225778911,88.87844432625646,0,1
2023-06-03 13:12:00,2023-06-03 13:14:59,35.61,35.61,35.6,35.61,35.60767433166504,35.6075,35.6,35.61,True,0.024121804278898703,0.008609171998414045,0,35.528395266519986,35.53299365380304,22.85652838335365,22.85652838335365,35.62207543581736,35.622933092608775,76.31347636888786,82.09669205882666,0,1
2023-06-03 13:15:00,2023-06-03 13:17:59,35.6,35.58,35.58,35.62,35.60758716583252,35.595,35.58,35.62,True,0.025255961116120162,0.0046884125510860755,0,35.53069446016151,35.53528357231538,11.534737468484998,11.534737468484998,35.62180602849579,35.62250589765745,64.86415936842754,74.04439933170153,0,1
2023-06-03 13:18:00,2023-06-03 13:20:59,35.59,35.61,35.59,35.61,35.601293582916256,35.6,35.59,35.61,True,0.025594821036397375,0.003828721548140096,0,35.532989016238446,35.53753046478176,10.98908750293861,0.0,35.621589053087874,35.62238146086484,49.62734479148428,63.60166017626659,0,1
2023-06-03 13:21:00,2023-06-03 13:23:59,35.6,35.63,35.6,35.63,35.60064679145813,35.615,35.6,35.63,True,0.025909476676654785,0.004294738112555253,0,35.53525974051011,35.539830982419744,13.508536696771067,13.508536696771067,35.621523490370585,35.62245726722439,36.764316578583625,50.41860691283185,0,2
2023-06-03 13:24:00,2023-06-03 13:26:59,35.63,35.64,35.63,35.64,35.60782339572907,35.635000000000005,35.63,35.64,True,0.024773085485465012,0.004904215906418177,0,35.53754536146493,35.54229515680423,16.389501269864724,16.389501269864724,35.62165758499376,35.62263182177937,45.46231074836336,43.95132403947712,0,2
2023-06-03 13:27:00,2023-06-03 13:29:59,35.63,35.59,35.57,35.64,35.62141169786454,35.6075,35.57,35.64,True,0.028003579379360388,0.0014567888702887478,0,35.53992025913458,35.54468259319405,8.511712335247083,0.0,35.621516713501286,35.6223071270353,35.43126728398709,39.21929820364472,0,1
2023-06-03 13:30:00,2023-06-03 13:32:59,35.59,35.57,35.57,35.6,35.614455848932266,35.582499999999996,35.57,35.614455848932266,True,0.028146180852263298,-0.002404004464708384,0,35.542301426164315,35.546821706281776,0.9286457311747327,0.0,35.6211284874963,35.62178665810958,22.944314881278373,34.61263097120964,0,1
2023-06-03 13:33:00,2023-06-03 13:35:59,35.57,35.57,35.56,35.57,35.59847792446613,35.5675,35.56,35.59847792446613,True,0.02685002507710149,-0.004983356547745944,0,35.544561566223045,35.5486477201448,-4.126732004873496,-4.126732004873496,35.62059487070529,35.62127136797913,-3.315866100213801e-14,19.458527388421842,0,1
2023-06-03 13:36:00,2023-06-03 13:38:59,35.56,35.57,35.56,35.57,35.58298896223307,35.565,35.56,35.58298896223307,True,0.025646451857308385,-0.0066102738967336,0,35.546604643183926,35.55019754773065,-7.496983828905648,-7.496983828905648,35.6200416879122,35.620761205113666,-3.315866100213801e-14,7.648104960426135,0,1
2023-06-03 13:39:00,2023-06-03 13:41:59,35.57,35.53,35.52,35.57,35.57399448111653,35.5475,35.52,35.57399448111653,True,0.02738599101035758,-0.010280432624205523,-1,35.54840109545729,35.551399229842104,-14.048957479700896,-14.048957479700896,35.619319880072275,35.61985810854537,-3.315866100213801e-14,-3.947459643111675e-16,0,1
2023-06-03 13:42:00,2023-06-03 13:44:59,35.53,35.53,35.52,35.53,35.560747240558264,35.5275,35.52,35.560747240558264,True,0.02614413450961761,-0.012347185291672867,0,35.5499001626497,35.552181348486684,-18.41693991356439,-18.41693991356439,35.61840624942479,35.61896399801258,-3.315866100213801e-14,-3.947459643111675e-16,0,-2
2023-06-03 13:45:00,2023-06-03 13:47:59,35.53,35.54,35.53,35.54,35.54412362027914,35.535,35.53,35.54412362027914,True,0.024990982044644783,-0.012578620925011632,0,35.551040755568195,35.55267923367351,-18.370023676923676,-18.370023676923676,35.61757633649518,35.61817828658957,2.563289858466757,0.854429952822263,-1,-2
2023-06-03 13:48:00,2023-06-03 13:50:59,35.53,35.48,35.48,35.54,35.53956181013957,35.50749999999999,35.48,35.54,True,0.027491626184313174,-0.016392540401022358,0,35.551859994620855,35.552761244592986,-23.129774663822204,-23.129774663822204,35.61648104956488,35.616803378265296,2.563289858466757,1.7088599056445262,0,-2
2023-06-03 13:51:00,2023-06-03 13:53:59,35.49,35.5,35.48,35.5,35.52353090506978,35.4925,35.48,35.52353090506978,True,0.02695651002829103,-0.016838930531259438,0,35.55231061960692,35.552412356143016,-22.076169816501352,-22.076169816501352,35.615247407280656,35.61564115559599,2.563289858466757,2.56328985846679,0,-2
2023-06-03 13:54:00,2023-06-03 13:56:59,35.5,35.49,35.48,35.52,35.50801545253489,35.4975,35.48,35.52,True,0.027888187883413545,-0.017117718571627746,0,35.55236148787497,35.55176091665227,-22.217581740686374,-22.217581740686374,35.61407579128781,35.61439099484379,1.5400294426525158,2.222203053195376,0,-2
2023-06-03 13:57:00,2023-06-03 13:59:59,35.5,35.51,35.49,35.51,35.50275772626745,35.5025,35.49,35.51,True,0.027324745891740863,-0.015190539563395998,0,35.552061202263616,35.55091005148441,-18.245424498746015,-18.245424498746015,35.612965584409324,35.61335227847718,4.650944736790444,2.9180880126366056,0,-1
2023-06-03 14:00:00,2023-06-03 14:02:59,35.52,35.54,35.51,35.55,35.50262886313372,35.53,35.51,35.55,True,0.028230121185187883,-0.011213146566459463,0,35.55148562687401,35.55009669416368,-10.924625743836671,-10.924625743836671,35.61214005620624,35.6126224050595,15.548276310688644,7.246416830043901,0,-1
2023-06-03 14:03:00,2023-06-03 14:05:59,35.55,35.54,35.54,35.55,35.51631443156686,35.545,35.54,35.55,True,0.026927969671960036,-0.008127639971676641,0,35.55079116051885,35.54942136348294,-6.044093240563775,-6.044093240563775,35.611471995945486,35.61189979406388,28.542738142861555,16.24731973011358,0,-1
2023-06-03 14:06:00,2023-06-03 14:08:59,35.55,35.55,35.54,35.56,35.530657215783435,35.55,35.54,35.56,True,0.026433114695391686,-0.005058314285691607,0,35.550106262000895,35.54889364095054,-1.24172207153552,-0.0,35.61086033429429,35.61128387571499,47.44479689829635,30.51193711728222,0,-1
2023-06-03 14:09:00,2023-06-03 14:11:59,35.55,35.57,35.55,35.59,35.540328607891716,35.565,35.55,35.59,True,0.027402177931435585,-0.0014432837539352008,0,35.54949995147572,35.54858866804115,4.654415395704881,0.0,35.61040401256002,35.610873090882,69.88079865773149,48.62277789962983,0,-1
2023-06-03 14:12:00,2023-06-03 14:14:59,35.57,35.6,35.57,35.6,35.55266430394586,35.585,35.57,35.6,True,0.027587736650618838,0.0030503248399560935,1,35.549044309758436,35.54859838118424,11.48154892055728,11.48154892055728,35.61015123631564,35.61076490092298,88.67964071623936,68.66841209075578,0,2
2023-06-03 14:15:00,2023-06-03 14:17:59,35.59,35.61,35.59,35.61,35.56883215197293,35.6,35.59,35.61,True,0.02704575546128864,0.006533798497408091,0,35.54882134547134,35.548958698179,16.810913794022383,16.810913794022383,35.61005022898912,35.610757289968525,99.99999999999996,86.18681312465698,1,2
2023-06-03 14:18:00,2023-06-03 14:20:59,35.61,35.58,35.58,35.62,35.58441607598647,35.5975,35.58,35.62,True,0.027971058642625106,0.006454263568895333,0,35.54889002182517,35.549575423235396,13.841813625927706,13.841813625927706,35.60992535108873,35.61045124728227,99.06062564840276,95.91342212154741,0,2
2023-06-03 14:21:00,2023-06-03 14:23:59,35.59,35.59,35.59,35.6,35.59095803799323,35.5925,35.59,35.6,True,0.02740169731100925,0.00680702504351771,0,35.549232722530284,35.55035548345485,13.149943430922093,13.149943430922093,35.60975196451073,35.61024775228444,96.18131621243485,98.41398062027925,0,2
2023-06-03 14:24:00,2023-06-03 14:26:59,35.6,35.54,35.54,35.6,35.59172901899662,35.57,35.54,35.6,True,0.02973014750308018,0.003298041881478751,0,35.54979410299257,35.55110441262622,5.3784326259403485,0.0,35.609356422575296,35.60954876967464,85.26126740481429,93.50106975521737,0,1
2023-06-03 14:27:00,2023-06-03 14:29:59,35.55,35.57,35.55,35.58,35.58086450949831,35.5625,35.55,35.58086450949831,True,0.03046370839571725,0.002930198505504221,0,35.550449257809404,35.55177223567795,4.280516053553164,0.0,35.608890189514845,35.60915524957837,72.84529826694457,84.7626272947313,0,2
2023-06-03 14:30:00,2023-06-03 14:32:59,35.57,35.57,35.56,35.58,35.571682254749156,35.57,35.56,35.58,True,0.029716300653165734,0.0025477867207212047,0,35.55111074674368,35.55242307931094,3.548571671961703,0.0,35.608503222455,35.60876564510495,64.74914625489863,74.28523730888588,0,1
2023-06-03 14:33:00,2023-06-03 14:35:59,35.58,35.58,35.57,35.58,35.57084112737458,35.5775,35.57,35.58,True,0.028307993463653754,0.002854680156311587,0,35.551766913027315,35.55310754742466,4.482510800531834,0.0,35.60819473267933,35.60847941978052,66.49379489346889,68.0294131384374,0,2
2023-06-03 14:36:00,2023-06-03 14:38:59,35.57,35.56,35.55,35.58,35.57417056368729,35.565,35.55,35.58,True,0.028428851073392852,0.0015316480696701993,0,35.55243723022599,35.55372802885604,1.7983544038961767,0.0,35.60776493434421,35.60799703749415,64.9600118388373,65.40098432906832,0,1
2023-06-03 14:39:00,2023-06-03 14:41:59,35.55,35.57,35.55,35.58,35.56958528184364,35.5625,35.55,35.58,True,0.028541075996722017,0.00126886288507916,0,35.55308262954102,35.55427672330129,1.7148893371416065,0.0,35.60731453698755,35.60761895751909,51.78466523084288,61.07949065438308,0,1
2023-06-03 14:42:00,2023-06-03 14:44:59,35.57,35.56,35.56,35.57,35.56604264092182,35.565,35.56,35.57,True,0.027216713425527447,0.0003298581133966321,0,35.553679676421154,35.554782287378764,-0.10804098693034803,-0.0,35.60689349681852,35.60714513704626,31.173158180653413,49.305945083444584,0,1
2023-06-03 14:45:00,2023-06-03 14:47:59,35.57,35.56,35.56,35.59,35.56552132046091,35.57,35.56,35.59,True,0.027415519609418425,-0.0003190081821795223,0,35.554230981899956,35.55528473122446,-1.3233278696449844,-0.0,35.60652639734769,35.606676031205005,19.4573866119648,34.13840334115375,0,1
2023-06-03 14:48:00,2023-06-03 14:50:59,35.57,35.57,35.56,35.58,35.567760660230455,35.57,35.56,35.58,True,0.026885839637316826,-6.492318329801971e-05,0,35.554757856562205,35.55578127119063,0.17793473449695085,0.0,35.60616295060792,35.60631109557112,17.003296555185926,22.54461378260143,0,2
2023-06-03 14:51:00,2023-06-03 14:53:59,35.57,35.55,35.55,35.57,35.56888033011523,35.56,35.55,35.57,True,0.026393993948937274,-0.0012954972892111746,0,35.555269563876415,35.55620114556407,-3.012036676713926,-3.012036676713926,35.605703617766046,35.60575078616245,13.456870441092361,16.63918453608108,0,1
2023-06-03 14:54:00,2023-06-03 14:56:59,35.55,35.58,35.53,35.58,35.56444016505762,35.56,35.53,35.58,True,0.028080137238298695,-1.2162949568957776e-08,0,35.55573535472024,35.556557779792456,0.7710401656545756,0.0,35.60524885540021,35.60549455943447,6.72843522054615,12.39620073894153,0,2
2023-06-03 14:57:00,2023-06-03 14:59:59,35.57,35.63,35.57,35.65,35.56222008252881,35.605000000000004,35.57,35.65,True,0.03178869886413438,0.004241911538218953,0,35.55614656725635,35.55717092557575,8.484759446510303,0.0,35.605246379227076,35.60573839466397,33.33333333333329,17.83954633165732,0,2
2023-06-03 15:00:00,2023-06-03 15:02:59,35.62,35.61,35.61,35.64,35.58361004126441,35.62,35.61,35.64,True,0.031660934659553434,0.005391418688108282,0,35.55665874641605,35.55808473383,9.87889313700056,0.0,35.60539318142382,35.60578079869717,66.66666666666663,35.57614507351541,0,2
2023-06-03 15:03:00,2023-06-03 15:05:59,35.61,35.61,35.6,35.62,35.6018050206322,35.61,35.6,35.62,True,0.030828010755299333,0.005852599601890558,0,35.557371740123024,35.559160375431,10.808315597327393,0.0,35.60543902041463,35.605822780799684,92.39830044377565,64.1327668145919,0,2
2023-06-03 15:06:00,2023-06-03 15:08:59,35.62,35.63,35.61,35.64,35.6059025103161,35.625,35.61,35.64,True,0.03076886712992089,0.007209923757753072,0,35.55826605777701,35.56045896547068,13.664302469508819,13.664302469508819,35.60563365702742,35.606063350144964,91.2228583882292,83.42927516622387,0,2
2023-06-03 15:09:00,2023-06-03 15:11:59,35.64,35.61,35.6,35.64,35.61545125515805,35.6225,35.6,35.64,True,0.03142823376349791,0.006331062421069053,0,35.559362511623846,35.5619070220167,11.4659163402603,0.0,35.605801481335604,35.60610252079029,88.09112568266364,90.57076150488955,0,1
2023-06-03 15:12:00,2023-06-03 15:14:59,35.61,35.54,35.52,35.61,35.618975627579026,35.57000000000001,35.52,35.618975627579026,True,0.035611931351819226,0.0006069899322088783,0,35.56063476682027,35.563102613554534,1.878320911637374,0.0,35.605445247690476,35.60544478426501,62.35949190555464,80.55782532548254,0,1
2023-06-03 15:15:00,2023-06-03 15:17:59,35.54,35.56,35.53,35.57,35.59448781378951,35.55,35.53,35.59448781378951,True,0.035925364826689225,-0.0018222231489002736,0,35.5618686901874,35.56395401331722,-1.6489710257091659,-0.0,35.6048935536836,35.604992597356905,30.20160062776776,60.217406071995384,0,1
2023-06-03 15:18:00,2023-06-03 15:20:59,35.56,35.57,35.56,35.58,35.572243906894755,35.567499999999995,35.56,35.58,True,0.03478783876763971,-0.0026948812776036064,0,35.56291135175231,35.56464865557761,-2.607984875635907,-0.0,35.60452147852257,35.60464441230858,6.903265409899237,33.154785981073914,0,1
2023-06-03 15:21:00,2023-06-03 15:23:59,35.57,35.56,35.55,35.57,35.569871953447375,35.5625,35.55,35.57,True,0.03373156456995138,-0.0038890271761472892,0,35.56378000366496,35.56518081025206,-4.439917694608468,-4.439917694608468,35.604103354358166,35.604200189300535,12.0830039056257,16.39595664776427,0,-2
2023-06-03 15:24:00,2023-06-03 15:26:59,35.55,35.53,35.52,35.57,35.56618597672369,35.5425,35.52,35.57,True,0.03489359567209751,-0.006602489184851852,0,35.56448040695851,35.56544416489111,-8.743671663026127,-8.743671663026127,35.603490385658084,35.60346187895924,12.0830039056257,10.356424407050248,-1,-2
2023-06-03 15:27:00,2023-06-03 15:29:59,35.53,35.52,35.52,35.54,35.55434298836184,35.5275,35.52,35.55434298836184,True,0.03382976740980455,-0.008794198516331259,0,35.56496228592481,35.565391168527064,-12.495731409056418,-12.495731409056418,35.602734262417705,35.60263141250193,5.179738495726429,9.781915435659313,0,-2
2023-06-03 15:30:00,2023-06-03 15:32:59,35.53,35.57,35.53,35.58,35.54092149418092,35.552499999999995,35.53,35.58,True,0.0356990697376753,-0.006421531904439992,0,35.56517672722593,35.56526099699155,-7.357905711913311,-7.357905711913311,35.602234419010564,35.60230672183027,8.713043115051702,8.658595172134646,0,-1
2023-06-03 15:33:00,2023-06-03 15:35:59,35.58,35.58,35.57,35.58,35.54671074709046,35.5775,35.57,35.58,True,0.03386342189926978,-0.003936757417196137,0,35.565218862108736,35.56524248460258,-2.789365611521454,-0.0,35.601988305388566,35.60208476439912,24.793032218021484,12.895271276266575,0,-1
2023-06-03 15:36:00,2023-06-03 15:38:59,35.58,35.58,35.57,35.59,35.56210537354523,35.58,35.57,35.59,True,0.032873177477893596,-0.0021703499868487622,0,35.56523067335566,35.56532916191828,0.2563277887397817,0.0,35.60176951628022,35.60186501549963,41.56962766908341,25.025234334052232,0,-1
2023-06-03 15:39:00,2023-06-03 15:41:59,35.59,35.57,35.57,35.59,35.57105268677262,35.58,35.57,35.59,True,0.03195366480090142,-0.0016298677954757405,0,35.565279917636964,35.56549806112965,0.5034851212966842,0.0,35.60155290417793,35.60154795066878,49.6331800050936,38.6652799640662,0,-1
2023-06-03 15:42:00,2023-06-03 15:44:59,35.58,35.56,35.55,35.58,35.57552634338631,35.567499999999995,35.55,35.58,True,0.031814117315122833,-0.001903589338147021,0,35.56538898938331,35.56564477209621,-1.0704354533399325,-0.0,35.60121406931049,35.601134538224315,46.49537016574394,45.89939261330702,0,-2
2023-06-03 15:45:00,2023-06-03 15:47:59,35.56,35.54,35.54,35.56,35.571513171693155,35.55,35.54,35.571513171693155,True,0.030970251792614284,-0.0033740353655889116,0,35.56551688073976,35.5656529388977,-5.127455946702412,-5.127455946702412,35.60070447658103,35.60052623436139,37.226391999416414,44.451647390084695,0,-2
2023-06-03 15:48:00,2023-06-03 15:50:59,35.53,35.54,35.53,35.54,35.560756585846576,35.535,35.53,35.560756585846576,True,0.02947237666457026,-0.004175243180537986,0,35.565584909818725,35.56544905691878,-7.832136275610729,-7.832136275610729,35.60005070069465,35.599923983273214,23.862094729776874,35.86128563164578,0,-2
2023-06-03 15:51:00,2023-06-03 15:53:59,35.53,35.5,35.5,35.54,35.547878292923286,35.5175,35.5,35.547878292923286,True,0.030224349759958042,-0.0072438358277487815,-1,35.56551698336875,35.56495955768036,-14.071916516216824,-14.071916516216824,35.59922930068774,35.59892971478293,10.919915466156738,24.002800731783378,0,-2
2023-06-03 15:54:00,2023-06-03 15:56:59,35.51,35.53,35.5,35.54,35.53268914646164,35.519999999999996,35.5,35.54,True,0.03092261049138955,-0.006828761960592271,0,35.56523827052455,35.56426570110891,-11.960014521690468,-11.960014521690468,35.59844094943711,35.59824384697415,5.2675185309992765,13.349842908977664,0,-2
2023-06-03 15:57:00,2023-06-03 15:59:59,35.54,35.54,35.52,35.55,35.526344573230816,35.537499999999994,35.52,35.55,True,0.030856709742004156,-0.005540306590899954,0,35.56475198581673,35.56353578177661,-8.829350066275431,-8.829350066275431,35.597834571830774,35.59766430620824,16.26752188681678,10.818318627990967,0,-1
2023-06-03 16:00:00,2023-06-03 16:02:59,35.55,35.59,35.54,35.59,35.531922286615405,35.5675,35.54,35.59,True,0.03222408761757559,-0.0009931298188787952,0,35.56414388379667,35.56298830990588,-0.6195196710076445,-0.0,35.59753273529515,35.59758804445492,48.76151909378458,23.432186503866916,0,-1
2023-06-03 16:03:00,2023-06-03 16:05:59,35.59,35.58,35.57,35.59,35.549711143307704,35.5825,35.57,35.59,True,0.0313509385020347,0.0013440868615772188,0,35.563566096851275,35.562691152395956,3.1566778365505286,3.1566778365505286,35.59738315583947,35.59741303903746,80.23963207754097,48.42289101938081,0,-1
2023-06-03 16:06:00,2023-06-03 16:08:59,35.58,35.58,35.58,35.59,35.56610557165385,35.582499999999996,35.58,35.59,True,0.029825871466175442,0.0028310802900521886,0,35.563128624623616,35.56259310795918,5.674142841589315,5.674142841589315,35.597235064736594,35.59723977496744,99.16066387363064,76.05393834831877,0,-1
2023-06-03 16:09:00,2023-06-03 16:11:59,35.59,35.58,35.58,35.59,35.57430278582692,35.585,35.58,35.59,True,0.02840973779002042,0.003696993216716569,0,35.5628608662914,35.56266965199295,7.352452844948509,7.352452844948509,35.59711332279892,35.59706823491801,99.99999999999618,93.13343198372263,1,2
2023-06-03 16:12:00,2023-06-03 16:14:59,35.59,35.59,35.58,35.59,35.57965139291346,35.587500000000006,35.58,35.59,True,0.02709475651930504,0.004802159241480551,0,35.562765259142175,35.562900278242566,10.015866915646974,10.015866915646974,35.5970176678457,35.59699790422231,99.99999999999618,99.7202212912077,0,2
2023-06-03 16:15:00,2023-06-03 16:17:59,35.59,35.55,35.55,35.59,35.583575696456734,35.57,35.55,35.59,True,0.028016559625069413,0.0025759783306074256,0,35.56283276869237,35.56313056355235,3.9185823475159154,3.9185823475159154,35.59674883532982,35.59653026338428,90.20289936216072,96.73429978738439,0,1
2023-06-03 16:18:00,2023-06-03 16:20:59,35.56,35.57,35.55,35.57,35.57678784822836,35.5625,35.55,35.57678784822836,True,0.027443948223278964,0.002406010660891069,0,35.562981666122354,35.56330754245969,3.315766993348028,3.315766993348028,35.596408050898674,35.59626628066404,76.50476284721373,88.90255406979024,0,2
2023-06-03 16:21:00,2023-06-03 16:23:59,35.57,35.59,35.56,35.59,35.56964392411418,35.5775,35.56,35.59,True,0.02762652335018769,0.003569150817713488,0,35.56314460429102,35.56354425454997,5.726413121524999,5.726413121524999,35.59621991108874,35.596203929612656,70.45903307232459,79.0555650938997,0,2
2023-06-03 16:24:00,2023-06-03 16:26:59,35.59,35.58,35.58,35.59,35.57357196205709,35.585,35.58,35.59,True,0.026367485968031793,0.003478993332375702,0,35.56334442942049,35.56387782887456,5.403945883544402,5.403945883544402,35.596108270182384,35.59604269648218,77.81339480696727,74.92573024216854,0,2
2023-06-03 16:27:00,2023-06-03 16:29:59,35.58,35.55,35.55,35.58,35.57928598102855,35.565,35.55,35.58,True,0.026626951256029603,0.0012054798816819195,0,35.563611129147525,35.56414815357351,0.5152511137828242,0.0,35.5957987351557,35.59558456019877,78.15698588963808,75.47647125630999,0,1
2023-06-03 16:30:00,2023-06-03 16:32:59,35.56,35.58,35.56,35.58,35.57214299051427,35.57,35.56,35.58,True,0.026867883309170427,0.0017347536599390384,0,35.563879641360515,35.5644011319998,1.89916318349988,0.0,35.595542031323305,35.59542948994804,73.46330296840738,76.47789455500426,0,2
2023-06-03 16:33:00,2023-06-03 16:35:59,35.58,35.53,35.53,35.59,35.57107149525714,35.557500000000005,35.53,35.59,True,0.029234463072801274,-0.0014361946677579848,0,35.56414038668016,35.56455295458928,-3.0051336724948854,-3.0051336724948854,35.59516350364844,35.59477845024706,57.87994159188116,69.83341014997556,-1,-2
2023-06-03 16:36:00,2023-06-03 16:38:59,35.54,35.55,35.52,35.55,35.564285747628574,35.540000000000006,35.52,35.564285747628574,True,0.029289144281886472,-0.0020547359428495244,0,35.56434667063472,35.564504026202,-3.488573265974736,-3.488573265974736,35.59461461306488,35.59433289352819,37.901153690823996,56.414799417037536,0,-2
2023-06-03 16:39:00,2023-06-03 16:41:59,35.55,35.57,35.54,35.58,35.55214287381429,35.56,35.54,35.58,True,0.03005420540460881,-0.0009919420116776725,0,35.56442534841836,35.56443460212898,-1.3115209632778573,-0.0,35.59427018905428,35.594090775184625,29.765667408859077,41.8489208971881,0,-1
2023-06-03 16:42:00,2023-06-03 16:44:59,35.58,35.58,35.58,35.59,35.556071436907146,35.582499999999996,35.58,35.59,True,0.029336047875708402,0.00042607453269939086,0,35.56442997527367,35.564503891909375,1.3342929614031007,0.0,35.59415307274528,35.59395056846637,42.70733963931434,36.791386912999165,1,2
2023-06-03 16:45:00,2023-06-03 16:47:59,35.59,35.59,35.58,35.59,35.56928571845357,35.587500000000006,35.58,35.59,True,0.027954901598872452,0.0020093916898547507,0,35.56446693359152,35.56471622199781,4.311058262258676,4.311058262258676,35.59408687301647,35.5939112593274,73.7927940373416,48.755267028505024,0,2
2023-06-03 16:48:00,2023-06-03 16:50:59,35.59,35.57,35.56,35.59,35.57839285922679,35.5775,35.56,35.59,True,0.02810098005609593,0.001568069547660263,0,35.564591577794666,35.56497110128187,2.9289063460915656,0.0,35.59392182950387,35.59367333634901,83.32557080995603,66.60856816220401,0,1
2023-06-03 16:51:00,2023-06-03 16:53:59,35.57,35.57,35.56,35.58,35.57794642961339,35.57,35.56,35.58,True,0.027522338623517367,0.0012064390410852224,0,35.564781339538264,35.56520627312793,2.0074717353134943,0.0,35.593683801349606,35.59343778076345,73.88541059135228,77.00125847955,0,1
2023-06-03 16:54:00,2023-06-03 16:56:59,35.58,35.6,35.57,35.61,35.5739732148067,35.59,35.57,35.61,True,0.028413600150408922,0.002967741248961287,0,35.56499380633309,35.5655615369098,5.808387294086074,5.808387294086074,35.59364714660981,35.59350307647725,76.13328952665836,77.78142364265558,0,2
2023-06-03 16:57:00,2023-06-03 16:59:59,35.6,35.63,35.6,35.64,35.58198660740335,35.61750000000001,35.6,35.64,True,0.029241200139665365,0.006017660277980869,0,35.565277671621445,35.56619759167521,11.291688588668563,11.291688588668563,35.59388448843459,35.593866229945135,85.47541173212869,78.4980372833798,0,2
2023-06-03 17:00:00,2023-06-03 17:02:59,35.63,35.63,35.63,35.64,35.59974330370168,35.63250000000001,35.63,35.64,True,0.0278668287011177,0.007696806780629984,0,35.56573763164833,35.56715326709653,14.947222785056894,14.947222785056894,35.59426872238051,35.59422576994568,99.99999999999994,87.20290041959568,0,2
2023-06-03 17:03:00,2023-06-03 17:05:59,35.63,35.63,35.63,35.64,35.61612165185085,35.63250000000001,35.63,35.64,True,0.026590626651037723,0.008401750416266634,0,35.56644544937243,35.56835402515827,17.384245582649115,17.384245582649115,35.5946491331031,35.59458173243378,99.99999999999994,95.1584705773762,0,2
2023-06-03 17:06:00,2023-06-03 17:08:59,35.63,35.64,35.63,35.64,35.62431082592543,35.635000000000005,35.63,35.64,True,0.02540558189024917,0.009117188687444568,1,35.567399737265355,35.569756652687786,20.139478218963745,20.139478218963745,35.59505063426625,35.59503365549414,99.99999999999994,99.99999999999996,0,2
2023-06-03 17:09:00,2023-06-03 17:11:59,35.64,35.65,35.64,35.66,35.62965541296272,35.647499999999994,35.64,35.66,True,0.025019468898088232,0.00979240513744661,0,35.568578194976574,35.57139435324576,23.01474743210011,23.01474743210011,35.59557251850241,35.59558058429519,99.99999999999994,99.99999999999996,0,2
2023-06-03 17:12:00,2023-06-03 17:14:59,35.66,35.67,35.65,35.67,35.63857770648136,35.662499999999994,35.65,35.67,True,0.02466093540536787,0.011081027793648255,0,35.569986274111166,35.573308808036714,26.594424700001397,26.594424700001397,35.59623846359194,35.59632107599375,99.99999999999994,99.99999999999996,0,2
2023-06-03 17:15:00,2023-06-03 17:17:59,35.67,35.66,35.64,35.67,35.650538853240676,35.66,35.64,35.67,True,0.02504229716212739,0.010633145481390542,0,35.571647541073936,35.57541086552711,25.531904388612304,25.531904388612304,35.59687290674027,35.59695469712814,98.74933561228166,99.58311187076053,0,2
2023-06-03 17:18:00,2023-06-03 17:20:59,35.67,35.67,35.65,35.67,35.655269426620336,35.665000000000006,35.65,35.67,True,0.024682133079118512,0.010436736884393609,0,35.573529203300524,35.57768050690959,25.968017159146797,25.968017159146797,35.597550788265245,35.59768151606219,98.58696947143692,99.11210169457286,0,2
2023-06-03 17:21:00,2023-06-03 17:23:59,35.67,35.65,35.65,35.67,35.66013471331017,35.66,35.65,35.67,True,0.02434769500203884,0.008337549660092054,0,35.575604855105055,35.58003221079795,20.199681467467002,20.199681467467002,35.59817217345664,35.598202097991916,94.59462146894305,97.31030885088722,0,1
2023-06-03 17:24:00,2023-06-03 17:26:59,35.65,35.68,35.64,35.68,35.660067356655084,35.6625,35.64,35.68,True,0.025465716787607433,0.008517366129820937,0,35.577818532951504,35.58244954054335,20.469114190941028,20.469114190941028,35.598812251332696,35.599016007464634,92.76271863616664,95.31476985884889,0,2
2023-06-03 17:27:00,2023-06-03 17:29:59,35.67,35.67,35.66,35.68,35.66128367832754,35.67,35.66,35.68,True,0.025075308445635696,0.00740579181389614,0,35.580134036747424,35.5849534105107,18.12298987029628,18.12298987029628,35.59952058714033,35.59972231584807,92.57808319139683,93.3118077655022,0,1
2023-06-03 17:30:00,2023-06-03 17:32:59,35.66,35.64,35.64,35.67,35.66564183916377,35.6525,35.64,35.67,True,0.02542707212809037,0.004125681580843497,0,35.58254372362906,35.587388166382006,10.69077118178567,10.69077118178567,35.60004774547725,35.6001230888247,82.54514506660334,89.29531563138896,0,1
2023-06-03 17:33:00,2023-06-03 17:35:59,35.65,35.65,35.64,35.65,35.659070919581886,35.6475,35.64,35.659070919581886,True,0.0243251384046552,0.002326938085165882,0,35.58496594500553,35.589717497907564,7.540341490610231,0.0,35.600519907213794,35.60061937649809,61.554800811172065,78.89267635639077,0,1
2023-06-03 17:36:00,2023-06-03 17:38:59,35.65,35.66,35.64,35.66,35.65328545979094,35.6525,35.64,35.66,True,0.024016199947179545,0.001562904362626811,0,35.587341721456546,35.59198215173021,7.180291277975485,0.0,35.60103712206739,35.60121022847323,33.1032129266269,59.067719601467445,0,1
2023-06-03 17:39:00,2023-06-03 17:41:59,35.67,35.66,35.66,35.68,35.65289272989547,35.6675,35.66,35.68,True,0.023729328522381226,0.0008138797717986215,0,35.58966193659338,35.59428326236087,6.940257802885654,0.0,35.60169844423587,35.601795201324244,30.972582443858652,41.876865393885886,0,1
2023-06-03 17:42:00,2023-06-03 17:44:59,35.66,35.66,35.65,35.67,35.66019636494774,35.66,35.65,35.67,True,0.023462947913639932,0.00010685993628468254,0,35.591972599477124,35.59654582965079,6.7802354861591,0.0,35.6022785592186,35.60237435354987,27.94959114433473,30.67512883827344,0,1
2023-06-03 17:45:00,2023-06-03 17:47:59,35.66,35.66,35.65,35.66,35.66009818247387,35.6575,35.65,35.66009818247387,True,0.022501308776951223,-0.0005414332565435616,0,35.59425921456396,35.59874537522107,6.673553941674733,0.0,35.60282802629105,35.602947743066785,26.004483826012898,28.30888580473544,0,1
2023-06-03 17:48:00,2023-06-03 17:50:59,35.65,35.65,35.65,35.66,35.65879909123693,35.652499999999996,35.65,35.66,True,0.021608358150025993,-0.00180748114885311,0,35.59650229489252,35.60084590680919,3.1831896821212595,0.0,35.60332227478567,35.60341592472781,8.82706710273517,20.927047357694278,0,1
2023-06-03 17:51:00,2023-06-03 17:53:59,35.66,35.7,35.65,35.7,35.65564954561846,35.677499999999995,35.65,35.7,True,0.023636332567881585,0.0007011533052707977,0,35.59867410085086,35.60302559869892,10.208990216891173,10.208990216891173,35.60406036160372,35.60437696030266,22.28196322905013,19.03783805259941,0,2
2023-06-03 17:54:00,2023-06-03 17:56:59,35.7,35.69,35.67,35.71,35.66657477280923,35.6925,35.67,35.71,True,0.02480516595588998,0.0014221724261508847,0,35.60084984977489,35.605355574998384,12.139099378086044,12.139099378086044,35.60494035800568,35.60522893084691,49.10559256760066,26.738207633128667,0,2
2023-06-03 17:57:00,2023-06-03 17:59:59,35.7,35.72,35.69,35.72,35.67953738640462,35.707499999999996,35.69,35.72,True,0.02517622553046935,0.0036956064528151193,0,35.60310271238664,35.60789080110724,16.666828379113085,16.666828379113085,35.60596085195587,35.606370931535004,82.438925900934,51.27549389919494,0,2
2023-06-03 18:00:00,2023-06-03 18:02:59,35.71,35.72,35.71,35.73,35.69351869320231,35.7175,35.71,35.73,True,0.02480649513543554,0.004807475190500229,0,35.60549675674694,35.61063883812188,19.685314379797788,19.685314379797788,35.607070694224966,35.607501569032166,96.07993255006892,75.87481700620121,0,2
2023-06-03 18:03:00,2023-06-03 18:05:59,35.72,35.7,35.69,35.72,35.705509346601154,35.707499999999996,35.69,35.72,True,0.025177459768618796,0.003739158263019557,0,35.60806779743441,35.61346695756825,16.260924642509522,16.260924642509522,35.60806999079984,35.608421951429854,89.50912905663462,89.34266250254586,0,1
2023-06-03 18:06:00,2023-06-03 18:08:59,35.7,35.7,35.68,35.72,35.70650467330057,35.7,35.68,35.72,True,0.02623621264228882,0.0026745736356840744,0,35.610767377501325,35.61628726459331,13.977998150984014,13.977998150984014,35.608984717259546,35.609333175793736,71.50442479971643,85.69782880214001,0,1
2023-06-03 18:09:00,2023-06-03 18:11:59,35.7,35.68,35.67,35.72,35.70325233665029,35.692499999999995,35.67,35.72,True,0.027933626024982276,0.00028440450953186314,0,35.613527321047314,35.61903061256266,7.767658540855486,0.0,35.60981571509776,35.6100363282734,46.21431972393756,69.07595786009622,0,1
2023-06-03 18:12:00,2023-06-03 18:14:59,35.68,35.7,35.67,35.72,35.69787616832514,35.692499999999995,35.67,35.72,True,0.029509795594626194,-0.00011308904939003744,0,35.616278966804984,35.6216945478417,7.6578441508700195,0.0,35.61063844430077,35.61093148918611,31.415085591523972,49.71127670505934,0,1
2023-06-03 18:15:00,2023-06-03 18:17:59,35.7,35.74,35.7,35.74,35.69518808416257,35.72,35.7,35.74,True,0.03025909590929569,0.002167203002365767,0,35.618986757323334,35.62446636276745,12.505034819503585,12.505034819503585,35.61172661898434,35.6122157529753,38.77515162703701,38.80151898083287,0,2
2023-06-03 18:18:00,2023-06-03 18:20:59,35.73,35.7,35.69,35.74,35.70759404208128,35.715,35.69,35.74,True,0.031669160487203446,0.0005871323886599625,0,35.62172656004539,35.627269789182286,8.66393722240543,0.0,35.61275421481535,35.61308922807007,48.36596680900302,39.51873467585469,0,1
2023-06-03 18:21:00,2023-06-03 18:23:59,35.69,35.7,35.68,35.7,35.71129702104064,35.692499999999995,35.68,35.71129702104064,True,0.030835649023831995,-0.0006759403573422113,0,35.624498174613834,35.629924495130275,6.103205491006655,0.0,35.6135477052152,35.61395401187037,40.32273855144859,42.48795232916289,0,1
2023-06-03 18:24:00,2023-06-03 18:26:59,35.7,35.73,35.69,35.73,35.70189851052032,35.7125,35.69,35.73,True,0.03149024552212965,0.00038089154396433317,0,35.62721133487205,35.632581119572144,8.332561378202172,0.0,35.6145323051633,35.61510869831942,27.809378154038573,38.83269450483007,0,2
2023-06-03 18:27:00,2023-06-03 18:29:59,35.72,35.73,35.72,35.74,35.707199255260164,35.7275,35.72,35.74,True,0.030669513699120615,0.0008323985007980539,0,35.6298962272221,35.635323943140804,9.81879863633251,0.0,35.61565636182834,35.61625189535106,26.95061377983306,31.69424349510675,0,2
2023-06-03 18:30:00,2023-06-03 18:32:59,35.72,35.77,35.72,35.77,35.717349627630085,35.745000000000005,35.72,35.77,True,0.0320502627206123,0.0036137707346430153,0,35.63261008518145,35.63823588181224,14.732307841444253,14.732307841444253,35.616943363203184,35.61778172723812,50.53556823553842,35.09852005647003,0,2
2023-06-03 18:33:00,2023-06-03 18:35:59,35.77,35.8,35.77,35.81,35.731174813815045,35.7875,35.77,35.81,True,0.03261810109771136,0.00708497993589189,0,35.635422983496845,35.64155258219465,19.88698080221272,19.88698080221272,35.61864044416634,35.619594844380025,73.69356685435359,50.39324962324171,0,2
2023-06-03 18:36:00,2023-06-03 18:38:59,35.8,35.77,35.74,35.81,35.75933740690752,35.78,35.74,35.81,True,0.03528823673358914,0.006720486616520235,0,35.63848778284574,35.64511374025082,17.708578476300346,17.708578476300346,35.620246011886074,35.621091413092664,85.04392376729754,69.75768628572986,0,2
2023-06-03 18:39:00,2023-06-03 18:41:59,35.77,35.77,35.77,35.79,35.76966870345376,35.775,35.77,35.79,True,0.034196219824046775,0.005938629838377972,0,35.64180076154828,35.64880862290396,16.25631025902544,16.25631025902544,35.621785852563825,35.62257309057433,86.08198516887398,81.60649193017505,0,1
2023-06-03 18:42:00,2023-06-03 18:44:59,35.78,35.77,35.76,35.78,35.77233435172688,35.7725,35.76,35.78,True,0.03318220412232937,0.004912342859229986,0,35.64530469222612,35.65256628438967,15.288131447508832,15.288131447508832,35.6232854958219,35.624040024996475,75.56118538949742,82.22903144188967,0,1
2023-06-03 18:45:00,2023-06-03 18:47:59,35.78,35.78,35.77,35.79,35.77241717586344,35.78,35.77,35.79,True,0.032240618113591274,0.004451796597585704,0,35.6489354883079,35.65639904851383,15.961117275721918,15.961117275721918,35.62484484412218,35.625591865543775,72.64790001871141,78.0970235256943,0,1
2023-06-03 18:48:00,2023-06-03 18:50:59,35.79,35.81,35.78,35.83,35.77620858793172,35.802499999999995,35.78,35.83,True,0.033509145391191694,0.005741856947742048,0,35.652667268410866,35.66041901856346,19.459115555952692,19.459115555952692,35.62661255711599,35.62742677235428,79.74370738248108,75.98426426356333,0,2
2023-06-03 18:51:00,2023-06-03 18:53:59,35.81,35.79,35.78,35.82,35.78935429396586,35.8,35.78,35.82,True,0.03397277786324937,0.004667871096590975,0,35.65654314348716,35.66454164322646,17.129680461125673,17.129680461125673,35.62833780530389,35.62904441641046,86.67709912198406,79.68956884105887,0,1
2023-06-03 18:54:00,2023-06-03 18:56:59,35.79,35.83,35.78,35.84,35.79467714698293,35.81,35.78,35.84,True,0.03583186515873172,0.006220341480682491,0,35.660542393356806,35.66878541363368,19.392988015483482,19.392988015483482,35.63014538933072,35.63104397445613,94.05560082579649,86.82546911008723,0,2
2023-06-03 18:57:00,2023-06-03 18:59:59,35.83,35.84,35.82,35.84,35.80233857349147,35.8325,35.82,35.84,True,0.034701017647393965,0.007333894953943147,0,35.66466390349524,35.67324982008716,21.630768804663163,21.630768804663163,35.632158868043845,35.633123138889395,95.67011093807832,92.1342702952863,0,2
2023-06-03 19:00:00,2023-06-03 19:02:59,35.83,35.84,35.83,35.84,35.81741928674573,35.835,35.83,35.84,True,0.03293665924400905,0.007415990937970338,0,35.668956861791195,35.677874456934155,23.122622664116278,23.122622664116278,35.6341771877648,35.63518161511935,99.2575189779519,96.32774358060892,0,2
2023-06-03 19:03:00,2023-06-03 19:05:59,35.83,35.83,35.81,35.84,35.82620964337286,35.8275,35.81,35.84,True,0.032726897869437055,0.006129710111820362,0,35.673415659362675,35.682542056393906,21.384199281926655,21.384199281926655,35.63610079783679,35.6371201065112,92.66574512272649,95.86445834625226,0,1
2023-06-03 19:06:00,2023-06-03 19:08:59,35.83,35.79,35.79,35.83,35.82685482168643,35.81,35.79,35.83,True,0.0332464051644772,0.0019493326257068871,0,35.67797885787829,35.68709138731406,12.509830124082526,0.0,35.63783113815682,35.638641299481236,63.55973170218229,85.16099860095359,0,1
2023-06-03 19:09:00,2023-06-03 19:11:59,35.79,35.78,35.74,35.79,35.81842741084321,35.775,35.74,35.81842741084321,True,0.03444309050987148,-0.0018605162548562676,0,35.68253512259617,35.69127625411182,5.209435901961875,0.0,35.639196002453765,35.64004785371525,30.226398368848958,62.15062506458594,0,1
2023-06-03 19:12:00,2023-06-03 19:14:59,35.79,35.84,35.78,35.84,35.79671370542161,35.8125,35.78,35.84,True,0.03626858404488082,-0.00045671503212777603,0,35.686905688353995,35.69540275298613,8.27040172971006,0.0,35.640920420339796,35.64203742731013,15.267024942145094,36.351051671058805,0,2
2023-06-03 19:15:00,2023-06-03 19:17:59,35.83,35.83,35.82,35.84,35.804606852710805,35.83,35.82,35.84,True,0.03510654232738956,-0.0005444115688862106,0,35.691154220670064,35.69957505482381,8.71942946556485,0.0,35.642801809192136,35.64390770166525,26.305764808390467,23.93306270646153,0,1
2023-06-03 19:18:00,2023-06-03 19:20:59,35.83,35.78,35.76,35.83,35.8173034263554,35.8,35.76,35.83,True,0.037598932161147465,-0.004334437977374983,0,35.695364637746934,35.70354895932501,2.899690610040949,0.0,35.6443659702947,35.64526185388748,29.518644716534954,23.69714482235686,0,1
2023-06-03 19:21:00,2023-06-03 19:23:59,35.79,35.79,35.78,35.8,35.808651713177696,35.79,35.78,35.808651713177696,True,0.03634186557820808,-0.006226607185844293,0,35.69945679853597,35.707270788362315,0.36725345568525825,0.0,35.64581506511764,35.646702034445816,18.47893968717891,24.76778307070147,0,1
2023-06-03 19:24:00,2023-06-03 19:26:59,35.79,35.82,35.79,35.85,35.79932585658885,35.8125,35.79,35.85,True,0.03803173232262195,-0.005425204620229142,0,35.70336379344914,35.710922994836885,2.298971739241388,0.0,35.64747362168363,35.648426392312025,9.353186233061278,19.116923545591742,0,1
2023-06-03 19:27:00,2023-06-03 19:29:59,35.83,35.82,35.8,35.84,35.805912928294426,35.822500000000005,35.8,35.84,True,0.03817232287100654,-0.004966592166282285,0,35.70714339414301,35.71456393959242,3.5867839282788054,0.0,35.64921517768678,35.65013359238852,14.819262228650551,14.217129382963606,0,1
2023-06-03 19:30:00,2023-06-03 19:32:59,35.82,35.85,35.82,35.86,35.81420646414722,35.837500000000006,35.82,35.86,True,0.03830287123736315,-0.0026849431972994844,0,35.71085366686771,35.7182739531163,7.694259182313537,0.0,35.65108865850581,35.65212231286227,27.157674555524988,17.110041005745632,0,2
2023-06-03 19:33:00,2023-06-03 19:35:59,35.86,35.86,35.85,35.87,35.82585323207361,35.86,35.85,35.87,True,0.036995523291836925,-0.0006941316870816838,0,35.71456380999201,35.722167264256946,11.360663803169551,0.0,35.653167378321676,35.65419074756016,38.33898016909604,26.771972317757218,0,2
2023-06-03 19:36:00,2023-06-03 19:38:59,35.85,35.81,35.81,35.86,35.842926616036806,35.832499999999996,35.81,35.86,True,0.03792441448527695,-0.003093891309138841,0,35.71836553712448,35.72598949540022,6.274445917208652,0.0,35.65495178251748,35.65574108838045,36.25717980754113,33.91794484405407,0,1
2023-06-03 19:39:00,2023-06-03 19:41:59,35.82,35.79,35.79,35.82,35.8377133080184,35.805,35.79,35.8377133080184,True,0.037358384879185816,-0.006162351155623913,0,35.72217751626235,35.72954086094595,0.7884944969768171,0.0,35.65644479960686,35.657076997948806,23.918767480666688,32.83830915243464,0,1
2023-06-03 19:42:00,2023-06-03 19:44:59,35.79,35.8,35.79,35.8,35.8213566540092,35.795,35.79,35.8213566540092,True,0.0354042145306724,-0.007458174744045108,0,35.725859188604154,35.73278599532281,-1.351849675311101,-0.0,35.65782345831724,35.6584991173722,6.597155542178768,22.257700943462215,0,-2
2023-06-03 19:45:00,2023-06-03 19:47:59,35.79,35.83,35.79,35.83,35.8081783270046,35.81,35.79,35.83,True,0.03573248492133859,-0.006166149709423793,0,35.72932259196348,35.73587068262587,1.189198348041593,0.0,35.65933765276184,35.66020559381626,6.1861434492176635,12.234022157354394,0,-1
2023-06-03 19:48:00,2023-06-03 19:50:59,35.83,35.77,35.77,35.84,35.8090891635023,35.8025,35.77,35.84,True,0.03818016456981443,-0.00942037199564675,0,35.73259663729468,35.73875642660804,-3.480952528782531,-3.480952528782531,35.66076215372939,35.66129807546983,8.854207618166347,7.212502203187614,0,-2
2023-06-03 19:51:00,2023-06-03 19:53:59,35.78,35.75,35.73,35.78,35.80579458175115,35.76,35.73,35.80579458175115,True,0.0390244385291137,-0.01270953706421206,0,35.735676531951356,35.74117414664472,-8.075335156743591,-8.075335156743591,35.661749594985814,35.66218068168406,8.854207618166347,7.964852895183474,0,-2
2023-06-03 19:54:00,2023-06-03 19:56:59,35.76,35.75,35.73,35.76,35.782897290875574,35.74999999999999,35.73,35.782897290875574,True,0.03837983577703423,-0.014481438076223607,0,35.73842533929803,35.74313818937243,-11.13825690871763,-11.13825690871763,35.66262770846854,35.663054505746906,2.6680641689486086,6.792159801760455,0,-2
2023-06-03 19:57:00,2023-06-03 19:59:59,35.76,35.77,35.75,35.77,35.766448645437784,35.7625,35.75,35.77,True,0.03706699036438915,-0.013797754953861405,0,35.74078176433523,35.744817336635776,-9.888400054830122,-9.888400054830122,35.663621462613136,35.66411864001808,3.9188155662685134,5.147029117794511,0,-2
2023-06-03 20:00:00,2023-06-03 20:02:59,35.76,35.75,35.74,35.77,35.7644743227189,35.755,35.74,35.77,True,0.03656220533836144,-0.01427748769060451,0,35.7427995504855,35.746209204984545,-11.18273092265138,-11.18273092265138,35.664530701791115,35.66497318091342,5.946944394972481,4.177941376729888,-1,-2
2023-06-03 20:03:00,2023-06-03 20:05:59,35.76,35.76,35.71,35.76,35.75973716135945,35.747499999999995,35.71,35.76,True,0.03752204781419256,-0.013407412333065118,0,35.74450437773502,35.74731388895049,-10.29270751258408,-10.29270751258408,35.66535626694742,35.665918721401844,6.069566373295241,5.3117754448454315,0,-2
2023-06-03 20:06:00,2023-06-03 20:08:59,35.75,35.74,35.72,35.75,35.75361858067973,35.74,35.72,35.75361858067973,True,0.03769904439889303,-0.013738962534164519,0,35.74590913334275,35.7481334333494,-11.984098331697098,-11.984098331697098,35.666098990659385,35.666655848552075,2.1507508070266526,4.722420525098145,0,-2
2023-06-03 20:09:00,2023-06-03 20:11:59,35.74,35.73,35.71,35.75,35.74680929033987,35.7325,35.71,35.75,True,0.03786339837040061,-0.014124369271020593,0,35.74702128334607,35.748671404439804,-14.152848663522555,-14.152848663522555,35.66675969721999,35.667286138616234,0.12262197832268502,2.780979719548213,0,-2
2023-06-03 20:12:00,2023-06-03 20:14:59,35.74,35.74,35.71,35.75,35.739654645169935,35.735,35.71,35.75,True,0.0380160127725148,-0.013132803164828677,0,35.74784634389294,35.74900115248909,-13.369183991570758,-13.369183991570758,35.66743870520785,35.66800965962503,0.9209794718042672,1.064784085717888,0,-2
2023-06-03 20:15:00,2023-06-03 20:17:59,35.73,35.77,35.73,35.78,35.73732732258497,35.7525,35.73,35.78,True,0.038872011860192617,-0.009902631375211347,0,35.748423748191016,35.749284771262104,-7.488208048868209,-7.488208048868209,35.668285086250556,35.66902448888249,10.759989430600266,3.9345302935757593,0,-1
2023-06-03 20:18:00,2023-06-03 20:20:59,35.77,35.81,35.77,35.81,35.744913661292486,35.790000000000006,35.77,35.81,True,0.03895258244160737,-0.004668278756542534,0,35.748854259726556,35.74978741608503,0.9117437087082862,0.0,35.669496179919705,35.67042723028665,44.0933227639336,18.591430555446063,0,-1
2023-06-03 20:21:00,2023-06-03 20:23:59,35.8,35.81,35.8,35.81,35.767456830646246,35.805,35.8,35.81,True,0.03688454083863578,-0.0011084090928951008,0,35.74932083790579,35.75056196893131,6.511711547092617,0.0,35.67084447663692,35.67181601406489,76.50567662546258,43.786329606665504,0,-1
2023-06-03 20:24:00,2023-06-03 20:26:59,35.8,35.81,35.8,35.81,35.78622841532312,35.805,35.8,35.81,True,0.034964216493019305,0.0012108348452883099,0,35.749941403418546,35.75154528262036,10.245023439348834,0.0,35.672179357466405,35.67319097909907,99.99999999999993,73.53299979646539,1,-1
2023-06-03 20:27:00,2023-06-03 20:29:59,35.8,35.77,35.77,35.81,35.79561420766156,35.7875,35.77,35.81,True,0.035323915314946434,-0.00012098706212675028,0,35.75074334301945,35.752566140000795,5.132345566151741,0.0,35.673326826546344,35.67415425293888,91.27317513256611,89.25961725267622,0,-2
2023-06-03 20:30:00,2023-06-03 20:32:59,35.77,35.77,35.77,35.8,35.79155710383078,35.7775,35.77,35.8,True,0.03494363564959269,-0.001010484047647019,0,35.75165474151012,35.75354094099156,1.7238936506870104,0.0,35.67436337553593,35.67510794196436,77.86648715232681,89.71322076163096,-1,-2
2023-06-03 20:33:00,2023-06-03 20:35:59,35.78,35.8,35.78,35.81,35.78452855191539,35.792500000000004,35.78,35.81,True,0.035304804531764586,0.0004847247957572619,0,35.75259784125084,35.754575709243355,4.349713263906722,0.0,35.67553886433657,35.67635064900949,71.11511957542744,80.08492728677346,1,-1
2023-06-03 20:36:00,2023-06-03 20:38:59,35.79,35.82,35.79,35.82,35.788514275957695,35.805,35.79,35.82,True,0.03492588992235291,0.0027680814600070467,0,35.75358677524709,35.75573635382414,8.468330260574696,0.0,35.676827034840684,35.67777999578552,78.28366054954897,75.75508909243443,0,-1
2023-06-03 20:39:00,2023-06-03 20:41:59,35.81,35.82,35.81,35.82,35.796757137978844,35.815,35.81,35.82,True,0.03314546921361328,0.004082533874994516,0,35.75466156453562,35.7570567491025,11.214074925020007,11.214074925020007,35.678201890215405,35.67919512020556,91.69034852978827,80.36304288492158,0,-1
2023-06-03 20:42:00,2023-06-03 20:44:59,35.81,35.84,35.81,35.84,35.80587856898942,35.825,35.81,35.84,True,0.03292079284121241,0.00607630701162107,0,35.755859156819064,35.758562468547375,15.287068581723304,15.287068581723304,35.6796625679247,35.68079516876073,98.44171610668764,89.47190839534164,0,-1
2023-06-03 20:45:00,2023-06-03 20:47:59,35.83,35.83,35.83,35.85,35.815439284494715,35.835,35.83,35.85,True,0.03199787906684032,0.006352702087022056,0,35.75721081268322,35.76027237480982,15.355690196973526,15.355690196973526,35.681208214015,35.68227979394719,99.99999999999993,96.71068821215863,0,2
2023-06-03 20:48:00,2023-06-03 20:50:59,35.83,35.84,35.82,35.85,35.82521964224736,35.835,35.82,35.85,True,0.031855173419208946,0.0068674069111530935,0,35.75874159374652,35.76213130701432,16.722490794829923,16.722490794829923,35.68273848054221,35.68384914923129,99.99999999999993,99.48057203556253,0,2
2023-06-03 20:51:00,2023-06-03 20:53:59,35.84,35.86,35.84,35.86,35.830109821123685,35.85,35.84,35.86,True,0.031008375317836595,0.008187579279647864,0,35.76043645038042,35.764197730091176,19.83367430940166,19.83367430940166,35.68440277426816,35.68560189401506,99.99999999999993,99.99999999999996,0,2
2023-06-03 20:54:00,2023-06-03 20:56:59,35.86,35.87,35.85,35.87,35.84005491056185,35.8625,35.85,35.87,True,0.0302220627951337,0.009270156265539335,0,35.7623170902358,35.766499097624475,22.82380334656459,22.82380334656459,35.686174885966985,35.687436701039786,99.99999999999993,99.99999999999996,0,2
2023-06-03 20:57:00,2023-06-03 20:59:59,35.87,35.85,35.84,35.87,35.85127745528092,35.8575,35.84,35.87,True,0.03020620116690944,0.008078237259766259,0,35.764408093930136,35.76893534343457,19.14438007050198,19.14438007050198,35.6878796134698,35.68905424630307,96.37012649461114,98.79004216487037,0,1
2023-06-03 21:00:00,2023-06-03 21:02:59,35.86,35.82,35.81,35.86,35.85438872764046,35.837500000000006,35.81,35.86,True,0.03162004394070142,0.004770398454331432,0,35.76667171868235,35.77132384335412,10.926498677924087,10.926498677924087,35.68936837353478,35.690357189125926,79.26124153455693,91.87712267638936,0,1
2023-06-03 21:03:00,2023-06-03 21:05:59,35.81,35.83,35.8,35.83,35.84594436382024,35.817499999999995,35.8,35.84594436382024,True,0.031504326516365685,0.0029781366742426194,0,35.768997781018236,35.77352114367943,7.311032373362295,0.0,35.69064331509165,35.69174666983114,50.64910956458109,75.42682586458308,0,1
2023-06-03 21:06:00,2023-06-03 21:08:59,35.82,35.78,35.77,35.82,35.831722181910116,35.7975,35.77,35.831722181910116,True,0.03353973176519636,-0.0018729372457369428,0,35.77125946234883,35.77541561413329,-1.38631300908159,-0.0,35.69170656568775,35.692624812419886,20.945649736636543,50.28533361192488,0,-2
2023-06-03 21:09:00,2023-06-03 21:11:59,35.77,35.75,35.71,35.78,35.814611090955054,35.752500000000005,35.71,35.814611090955054,True,0.03614403663911092,-0.007109337104248898,-1,35.77333753824106,35.77674991856174,-9.404425819522451,-9.404425819522451,35.6923114754819,35.69319570980874,4.721201363357413,25.438653554858373,0,-2
2023-06-03 21:12:00,2023-06-03 21:14:59,35.74,35.75,35.74,35.75,35.783555545477526,35.745000000000005,35.74,35.783555545477526,True,0.034276605450602855,-0.010291008372469893,0,35.7750437284014,35.77758258761562,-14.749834359816361,-14.749834359816361,35.69283573940746,35.69376092662657,-7.283063041541027e-14,8.555617033331318,-1,-2
2023-06-03 21:15:00,2023-06-03 21:17:59,35.74,35.74,35.73,35.75,35.764277772738765,35.74,35.73,35.764277772738765,True,0.03325684791841716,-0.012670296799871406,0,35.77631315800851,35.777980297298754,-19.073823040158764,-19.073823040158764,35.69330503553275,35.69422101690889,-7.283063041541027e-14,1.5737337877857798,0,-2
2023-06-03 21:18:00,2023-06-03 21:20:59,35.74,35.73,35.73,35.74,35.75213888636938,35.735,35.73,35.75213888636938,True,0.031595644495673446,-0.01440330876438595,0,35.77714672765364,35.777998526381715,-22.701185234495686,-22.701185234495686,35.693719910801086,35.694577026690894,-7.283063041541027e-14,-4.884981308350689e-14,0,-2
2023-06-03 21:21:00,2023-06-03 21:23:59,35.73,35.72,35.72,35.75,35.74356944318469,35.73,35.72,35.75,True,0.03148166988883971,-0.015617158905075493,0,35.777572627017676,35.7776835573312,-25.837090910348987,-25.837090910348987,35.694080906713516,35.69482999159944,-7.283063041541027e-14,-4.884981308350689e-14,0,-2
2023-06-03 21:24:00,2023-06-03 21:26:59,35.72,35.76,35.7,35.76,35.73678472159234,35.735,35.7,35.76,True,0.033518693468207954,-0.012986786809013717,0,35.77762809217444,35.77714272538693,-18.616892711506534,-18.616892711506534,35.694488061870594,35.69547844939447,1.7862847654073424,0.5954282551357563,0,-1
2023-06-03 21:27:00,2023-06-03 21:29:59,35.77,35.78,35.74,35.78,35.73589236079617,35.767500000000005,35.74,35.78,True,0.033981643934764466,-0.009339331349813707,0,35.77738540878069,35.776650765242906,-10.742225249822802,-10.742225249822802,35.695214548817155,35.696319459848254,13.728952071026528,5.1717456121446235,0,-1
2023-06-03 21:30:00,2023-06-03 21:32:59,35.78,35.79,35.75,35.79,35.751696180398085,35.777499999999996,35.75,35.79,True,0.03441152651085266,-0.005868530065270967,0,35.7770180870118,35.77626926821532,-4.107893081456147,-4.107893081456147,35.69603330952544,35.69725160452638,28.338974085435286,14.618070307289742,0,-1
2023-06-03 21:33:00,2023-06-03 21:35:59,35.78,35.78,35.78,35.8,35.764598090199044,35.785,35.78,35.8,True,0.033382131760077184,-0.004029620304686233,0,35.776643677613556,35.776028815027466,-1.6517690823211382,-0.0,35.69691855022668,35.69807497164552,43.12410490770649,28.39734368805612,0,-1
2023-06-03 21:36:00,2023-06-03 21:38:59,35.78,35.79,35.78,35.8,35.77479904509952,35.787499999999994,35.78,35.8,True,0.03242626520578567,-0.0019503341222228531,0,35.77633624632051,35.77591820906977,1.6509377793917537,0.0,35.69781985818462,35.69898964854457,49.47273198967139,40.31193699427107,0,-1
2023-06-03 21:39:00,2023-06-03 21:41:59,35.79,35.8,35.78,35.8,35.781149522549754,35.792500000000004,35.78,35.8,True,0.03153867483394355,0.00019419128827088527,0,35.77612722769514,35.77594489694136,5.434596203192733,5.434596203192733,35.69876194914796,35.6999947266685,60.40865763234219,51.00183150990671,0,-1
2023-06-03 21:42:00,2023-06-03 21:44:59,35.8,35.79,35.78,35.8,35.78682476127488,35.792500000000004,35.78,35.8,True,0.030714483774375866,0.000912865424025596,0,35.77603606231825,35.7760794941031,5.436039963845083,5.436039963845083,35.699694666071856,35.70089030152752,77.1705753779969,62.35065500000351,0,-1
2023-06-03 21:45:00,2023-06-03 21:47:59,35.79,35.7,35.69,35.79,35.78966238063744,35.7425,35.69,35.79,True,0.035663449219063406,-0.004809788618099538,0,35.77605777821067,35.77595507235495,-4.995671050609047,-4.995671050609047,35.70012058979253,35.70088144280586,68.92535141667399,68.83486147567105,0,-2
2023-06-03 21:48:00,2023-06-03 21:50:59,35.7,35.74,35.68,35.75,35.766081190318715,35.7175,35.68,35.766081190318715,True,0.03811605998913032,-0.00551788459273651,0,35.77600642528281,35.775456050276354,-6.098488851795466,-6.098488851795466,35.70029351924733,35.701270682180926,45.22058072913157,63.77216917460083,0,-2
2023-06-03 21:51:00,2023-06-03 21:53:59,35.75,35.76,35.75,35.76,35.74179059515936,35.754999999999995,35.75,35.76,True,0.036822055704192155,-0.004314542985953826,0,35.77573123777958,35.774922816425274,-4.464207720385282,-4.464207720385282,35.7008378623394,35.701855053502506,32.05319847186562,48.733043539223736,0,-1
2023-06-03 21:54:00,2023-06-03 21:56:59,35.75,35.78,35.74,35.79,35.74839529757968,35.765,35.74,35.79,True,0.0377633374396068,-0.0019223818999207568,0,35.77532702710243,35.774434916591055,-1.1966246565723822,-0.0,35.701476291569854,35.702632615159196,46.377835723307385,41.2172049747682,0,-1
2023-06-03 21:57:00,2023-06-03 21:59:59,35.79,35.8,35.78,35.8,35.75669764878984,35.792500000000004,35.78,35.8,True,0.036494527622491744,0.0011341228037702487,0,35.77488097184674,35.77417473530414,2.959018661747997,0.0,35.70238200011145,35.7036014448591,77.86999208710358,52.100342094092206,0,-1
2023-06-03 22:00:00,2023-06-03 22:02:59,35.79,35.77,35.75,35.79,35.77459882439492,35.775,35.75,35.79,True,0.03745920422088499,0.001052492112263095,0,35.77452785357544,35.77397555494066,1.7888986884814315,0.0,35.70310456727452,35.70426212699981,84.45131138766007,69.56637973269035,0,-1
2023-06-03 22:03:00,2023-06-03 22:05:59,35.76,35.79,35.76,35.8,35.77479941219746,35.7775,35.76,35.8,True,0.03764068963367885,0.0023724789479484905,0,35.77425170425805,35.77384292028097,3.261969852689468,3.261969852689468,35.703844820336464,35.70511524016399,87.44195402342997,83.25441916606455,0,-1
2023-06-03 22:06:00,2023-06-03 22:08:59,35.79,35.78,35.78,35.8,35.776149706098735,35.787499999999994,35.78,35.8,True,0.03638064037413007,0.002478373414391862,0,35.77404731226951,35.77383219817133,2.852488647136397,0.0,35.70467721018386,35.70586036215241,85.45474786546974,85.7826710921866,0,-1
2023-06-03 22:09:00,2023-06-03 22:11:59,35.79,35.78,35.78,35.79,35.781824853049365,35.785,35.78,35.79,True,0.03449630891883492,0.0024762335143585067,0,35.77393975522042,35.77390037957611,2.5795011767676854,0.0,35.705476441923324,35.706598069991685,88.92300896544685,87.27323695144885,0,-1
2023-06-03 22:12:00,2023-06-03 22:14:59,35.78,35.79,35.78,35.79,35.78341242652468,35.785,35.78,35.79,True,0.032746572567489425,0.0030860136218626806,0,35.773920067398265,35.77403021447575,3.942286579395798,3.942286579395798,35.70626772110817,35.707427939942015,91.77719012857499,88.71831565316387,0,-1
2023-06-03 22:15:00,2023-06-03 22:17:59,35.79,35.79,35.76,35.79,35.78420621326234,35.7825,35.76,35.79,True,0.032550388812668835,0.0033732881888072514,0,35.773975140937004,35.77419054614133,4.850810181147871,4.850810181147871,35.7070262512464,35.708249552479906,89.36986544357883,90.02335484586689,1,-1
2023-06-03 22:18:00,2023-06-03 22:20:59,35.78,35.77,35.77,35.79,35.78335310663117,35.7775,35.77,35.79,True,0.031653932468906486,0.0020622190286611955,0,35.77408284353916,35.774339482762144,1.3446160931983542,0.0,35.707727482577276,35.70886398479354,85.46215605065316,88.86973720760233,-1,-2
2023-06-03 22:21:00,2023-06-03 22:23:59,35.77,35.76,35.75,35.77,35.780426553315586,35.7625,35.75,35.780426553315586,True,0.030821508721127676,0.0004589834472047915,0,35.77421116315065,35.774375510168504,-2.699955938135723,-0.0,35.70827248275064,35.709372800865246,74.02375860111874,82.95192669845024,0,-2
2023-06-03 22:24:00,2023-06-03 22:26:59,35.77,35.76,35.76,35.79,35.7714632766578,35.769999999999996,35.76,35.79,True,0.030762829526761494,-0.0005761997388147354,0,35.774293336659575,35.774373854145935,-5.396337292358439,-5.396337292358439,35.708886686902375,35.70987655409047,68.08813501828433,75.85801655668541,0,-2
2023-06-03 22:27:00,2023-06-03 22:29:59,35.76,35.77,35.76,35.78,35.7707316383289,35.7675,35.76,35.78,True,0.029994055989135897,-0.0005109870294164797,0,35.77433359540275,35.774325388398175,-4.3039058657198765,-4.3039058657198765,35.709469903948126,35.710474797333355,63.46736092931231,68.52641818290513,0,-1
2023-06-03 22:30:00,2023-06-03 22:32:59,35.78,35.75,35.74,35.78,35.76911581916445,35.7625,35.74,35.78,True,0.030708766275626128,-0.0017935711982103465,0,35.77432949190046,35.77420609623383,-7.645664167724647,-7.645664167724647,35.709997566595405,35.71086808293203,45.80352152246501,59.119672490020555,0,-2
2023-06-03 22:33:00,2023-06-03 22:35:59,35.74,35.76,35.74,35.79,35.76580790958222,35.7575,35.74,35.79,True,0.03208671154165263,-0.0018298907595270765,0,35.77426779406714,35.773997555087405,-7.027966798891377,-7.027966798891377,35.710470227624306,35.711356957728725,22.80034261492247,44.02374168889994,0,-2
2023-06-03 22:36:00,2023-06-03 22:38:59,35.76,35.77,35.72,35.79,35.761653954791115,35.76,35.72,35.79,True,0.03479480357439175,-0.0010558438502213463,0,35.77413267457727,35.77373733106243,-4.061471028276614,-4.061471028276614,35.71096306118028,35.711940470587145,4.543347524996827,24.38240388746144,0,-1
2023-06-03 22:39:00,2023-06-03 22:41:59,35.77,35.78,35.77,35.79,35.76082697739555,35.7775,35.77,35.79,True,0.033738031890506344,0.00020910048962962616,0,35.77393500281984,35.77355827076789,0.1864747435858618,0.0,35.71162512027301,35.712617679835034,32.59459617689223,19.979428772270513,0,-1
2023-06-03 22:42:00,2023-06-03 22:44:59,35.77,35.81,35.75,35.81,35.76916348869778,35.785000000000004,35.75,35.81,True,0.03561388675547034,0.003105718809333342,0,35.77374663679386,35.77349579776916,7.666768187658192,7.666768187658192,35.71235521857875,35.71358665814513,65.92792951022557,34.35529107070488,1,-1
2023-06-03 22:45:00,2023-06-03 22:47:59,35.8,35.8,35.76,35.82,35.77708174434889,35.794999999999995,35.76,35.82,True,0.03735575198722263,0.004179284350945377,0,35.7736212172815,35.77359415403417,9.774079534954708,9.774079534954708,35.713177554712296,35.71444649239245,95.83120993878124,64.78457854196635,0,-1
2023-06-03 22:48:00,2023-06-03 22:50:59,35.8,35.77,35.76,35.8,35.78604087217444,35.7825,35.76,35.8,True,0.037544626845278095,0.002647737669103546,0,35.77360768565783,35.77373269418769,4.783949717033089,0.0,35.7138673302873,35.71499926361242,87.62073108503175,83.12662351134618,0,-2
2023-06-03 22:51:00,2023-06-03 22:53:59,35.77,35.81,35.77,35.81,35.78427043608722,35.790000000000006,35.77,35.81,True,0.03772001064204389,0.004296346669863303,0,35.773670189922754,35.773953378842435,7.421928626280263,7.421928626280263,35.714624869289416,35.7159445445715,81.50252651244439,88.31815584541913,0,2
2023-06-03 22:54:00,2023-06-03 22:56:59,35.81,35.79,35.76,35.82,35.787135218043616,35.794999999999995,35.76,35.82,True,0.03931143845332663,0.003805704333674037,0,35.773811784382595,35.77427152762658,5.777334837187631,5.777334837187631,35.7154246218338,35.71668141477477,79.48639763817796,82.86988507855136,0,2
2023-06-03 22:57:00,2023-06-03 22:59:59,35.78,35.76,35.76,35.8,35.79106760902181,35.77499999999999,35.76,35.8,True,0.039360621420946096,0.001262071679896457,0,35.774041656004584,35.77452700649694,0.7150737587719291,0.0,35.7160174116663,35.717112445473525,70.61882129602631,77.20258181554955,0,-2
2023-06-03 23:00:00,2023-06-03 23:02:59,35.77,35.78,35.77,35.82,35.7830338045109,35.785000000000004,35.77,35.82,True,0.04083486274802154,0.0009318327576068945,0,35.77428433125076,35.77480000268134,0.3800551828615468,0.0,35.71670380558007,35.717738192284735,64.1823680303398,71.42919565484802,0,-2
2023-06-03 23:03:00,2023-06-03 23:05:59,35.78,35.76,35.75,35.79,35.78401690225545,35.769999999999996,35.75,35.79,True,0.04077522969459137,-0.000696930809131041,0,35.77454216696605,35.77498200137416,-2.420750356035896,-0.0,35.7172341159723,35.71815870778439,40.65159907352068,58.484262799962245,-1,-2
2023-06-03 23:06:00,2023-06-03 23:08:59,35.76,35.76,35.75,35.77,35.77700845112773,35.76,35.75,35.77700845112773,True,0.03929128471640649,-0.0017195357314764648,0,35.774762084170106,35.775022497762684,-4.287954048634191,-4.287954048634191,35.71765964715666,35.718575039050215,28.565110997307148,44.466359367055865,0,-2
2023-06-03 23:09:00,2023-06-03 23:11:59,35.77,35.73,35.73,35.77,35.76850422556386,35.75,35.73,35.77,True,0.03934190723666362,-0.004358663112147039,0,35.7748922909664,35.774882699908964,-9.051741194641536,-9.051741194641536,35.71798144171231,35.718688720253695,7.7864355022476675,25.667715191025152,0,-2
2023-06-03 23:12:00,2023-06-03 23:14:59,35.72,35.66,35.66,35.73,35.75925211278193,35.692499999999995,35.66,35.75925211278193,True,0.04153177100547339,-0.010660171272266959,0,35.77488749543768,35.77420740314311,-16.555324322710597,-16.555324322710597,35.71772789502861,35.71810475288799,-1.0066022089934752e-13,12.117182166518226,0,-2
2023-06-03 23:15:00,2023-06-03 23:17:59,35.66,35.68,35.63,35.7,35.72587605639096,35.667500000000004,35.63,35.72587605639096,True,0.04356521593365388,-0.012857762931142094,0,35.774547449290395,35.77294361098513,-18.184008603416,-18.184008603416,35.717228114978575,35.71772560111796,-1.0066022089934752e-13,2.595478500749144,0,-2
2023-06-03 23:18:00,2023-06-03 23:20:59,35.67,35.67,35.62,35.69,35.69668802819548,35.6625,35.62,35.69668802819548,True,0.04545341479553577,-0.014339530152399096,0,35.77374553013777,35.77119085790717,-19.929453598220178,-19.929453598220178,35.71668355662058,35.7172507195148,-1.0066022089934752e-13,-1.1230522684652694e-13,0,-2
2023-06-03 23:21:00,2023-06-03 23:23:59,35.68,35.75,35.68,35.78,35.679594014097745,35.722500000000004,35.68,35.78,True,0.05006388516728317,-0.009097126588296433,0,35.77246819402247,35.76947683201624,-11.316365313784374,-11.316365313784374,35.71674143167908,35.71757658300221,18.958129783972026,6.319376594657264,0,-1
2023-06-03 23:24:00,2023-06-03 23:26:59,35.75,35.72,35.72,35.76,35.70104700704887,35.7375,35.72,35.76,True,0.04934503622676288,-0.00727071868202139,0,35.77097251301936,35.7679079723044,-8.414061701754214,-8.414061701754214,35.716947984597695,35.71760069660418,41.52297154598316,20.160367109985017,0,-1
2023-06-03 23:27:00,2023-06-03 23:29:59,35.73,35.79,35.73,35.8,35.719273503524434,35.7625,35.73,35.8,True,0.05153467649627969,-0.0008658451091994902,0,35.76944024266188,35.76663569357893,-1.2347764596916946,-0.0,35.717401238482296,35.718321087682746,70.26235635150984,43.58115256048833,0,-1
2023-06-03 23:30:00,2023-06-03 23:32:59,35.79,35.81,35.78,35.81,35.74088675176222,35.7975,35.78,35.81,True,0.04999648531797408,0.0047844231180051745,0,35.7680379681204,35.765845781556095,4.694557331351305,4.694557331351305,35.718198241084465,35.719233315666,84.63755990087104,65.474295932788,0,-1
2023-06-03 23:33:00,2023-06-03 23:35:59,35.8,35.82,35.79,35.83,35.76919337588111,35.81,35.79,35.83,True,0.04928245065240444,0.008999604788091434,0,35.76694187483825,35.76552682316038,9.236668299616959,9.236668299616959,35.719111691421936,35.720235969241465,95.40605147219323,83.43532257485803,1,2
2023-06-03 23:36:00,2023-06-03 23:38:59,35.83,35.83,35.81,35.83,35.78959668794056,35.825,35.81,35.83,True,0.04719084703437527,0.012083012780906144,0,35.76623434899932,35.76568375421308,12.894500550465061,12.894500550465061,35.72016530643266,35.721328148652,99.99999999999989,93.34787045768805,0,2
2023-06-03 23:39:00,2023-06-03 23:41:59,35.82,35.82,35.81,35.82,35.80729834397028,35.8175,35.81,35.82,True,0.04524864367477675,0.012905099779783642,0,35.7659590516062,35.766162821685356,13.770039292488562,13.770039292488562,35.72113381084627,35.722309958118146,98.31024293261225,97.90543146826845,0,2
2023-06-03 23:42:00,2023-06-03 23:44:59,35.83,35.85,35.83,35.86,35.81239917198514,35.8425,35.83,35.86,True,0.044873740555149776,0.0149500510956423,1,35.76606093664578,35.76706374910051,16.581382856431105,16.581382856431105,35.72234143461894,35.723580505798566,98.31024293261225,98.87349528840814,0,2
2023-06-03 23:45:00,2023-06-03 23:47:59,35.86,35.85,35.85,35.86,35.82744958599257,35.855000000000004,35.85,35.86,True,0.04238275908692465,0.015612256382516516,0,35.766562342873144,35.76837639178859,18.455611899059477,18.455611899059477,35.72366142034412,35.724838411213504,98.31024293261225,98.31024293261225,0,2
2023-06-03 23:48:00,2023-06-03 23:50:59,35.86,35.85,35.82,35.87,35.841224792996286,35.85,35.82,35.87,True,0.042926847723572685,0.015325252968573372,0,35.76746936733087,35.76996986936437,19.70509792747839,19.70509792747839,35.72491852063921,35.72608380015665,98.86373004381623,98.49473863634692,0,2
2023-06-03 23:51:00,2023-06-03 23:53:59,35.84,35.85,35.83,35.85,35.84561239649814,35.8425,35.83,35.85,True,0.04128921574331772,0.01441242211853393,0,35.76871961834762,35.771722059295456,20.53808861309099,20.53808861309099,35.726088485607974,35.72731679717002,95.9908961416139,97.72162303934748,0,2
2023-06-03 23:54:00,2023-06-03 23:56:59,35.86,35.91,35.84,35.91,35.84405619824907,35.879999999999995,35.84,35.91,True,0.04333998604736596,0.017226714144511792,0,35.77022083882154,35.77384447257365,25.222292169042518,25.222292169042518,35.72761994346262,35.72913454048176,95.9908961416139,96.94850744234803,0,2
2023-06-03 23:57:00,2023-06-03 23:59:59,35.91,35.9,35.88,35.92,35.86202809912453,35.9025,35.88,35.92,True,0.04310141561541119,0.017496223989342027,0,35.77203265569759,35.77639817721241,26.037681382088365,26.037681382088365,35.72936004352767,35.73083469430781,97.12716609779757,96.36965279367513,0,2
