start_time,end_time,open,close,low,high,h_open,h_close,h_low,h_high,finish,atr_14,macd_13_34,st_signal,av2_open,av2_close,histo2,qqe,ema_h200,ema_200,fastk,fastd,xo_signal,macd_hists
2023-06-17 00:00:00,2023-06-17 00:04:59,1.00168,1.00178,1.00168,1.00178,1.0018735982515743,1.0017299999999998,1.00168,1.0018735982515743,True,0.00011024303851857751,1.1238903035837164e-05,0,1.0012047107529187,1.001246430553476,14.430281051582725,0.0,1.001026328603868,1.0010308290995555,33.33333333333326,66.66666666666661,0,1
2023-06-17 00:05:00,2023-06-17 00:09:59,1.00178,1.00183,1.00178,1.00253,1.001801799125787,1.00198,1.00178,1.00253,True,0.00015593996433868113,4.135462307752627e-06,0,1.0012255706531976,1.0012675466733234,11.909903525509698,0.0,1.0010358178714913,1.0010387810488137,10.651536856744128,36.88384561891468,0,1
2023-06-17 00:10:00,2023-06-17 00:14:59,1.00183,1.00181,1.0018,1.00184,1.0018908995628935,1.00182,1.0018,1.0018908995628935,True,0.00014765853831449248,-3.612487284741046e-06,0,1.0012465586632606,1.0012879619603159,9.379357606114851,0.0,1.00104362067874,1.0010464548692235,10.651536856744128,18.212135682273857,0,1
2023-06-17 00:15:00,2023-06-17 00:19:59,1.00181,1.00181,1.0018,1.00181,1.0018554497814467,1.0018075,1.0018,1.0018554497814467,True,0.0001378257855777477,-1.0051937953370858e-05,0,1.0012672603117883,1.0013075996428,7.692326993184956,0.0,1.0010512214680063,1.0010540523332114,10.651536856744128,10.65153685674415,0,1
2023-06-17 00:20:00,2023-06-17 00:24:59,1.0018,1.0018,1.0018,1.00181,1.0018314748907233,1.0018025,1.0018,1.0018314748907233,True,0.000128695372322199,-1.602558877691825e-05,0,1.0012874299772943,1.001326456071083,6.001183196489983,0.0,1.001058696876285,1.001061474698055,-7.579122514774402e-14,7.101024571162747,0,1
2023-06-17 00:25:00,2023-06-17 00:29:59,1.0018,1.00158,1.00157,1.0018,1.0018169874453617,1.0016875,1.00157,1.0018169874453617,True,0.00013593141715632424,-3.5803716784088e-05,0,1.0013069430241888,1.0013437790149897,-3.060043528327135,-3.060043528327135,1.0010649536237846,1.0010666341537957,-7.579122514774402e-14,3.550512285581346,0,1
2023-06-17 00:30:00,2023-06-17 00:34:59,1.00157,1.00151,1.00151,1.00158,1.001752243722681,1.0015424999999998,1.00151,1.001752243722681,True,0.00013122203021658782,-5.327469495886871e-05,-1,1.0013253610195894,1.0013587809278426,-10.515552843695808,-10.515552843695808,1.0010697053290205,1.0010710457542555,-7.579122514774402e-14,-5.5461807985718923e-14,0,1
2023-06-17 00:35:00,2023-06-17 00:39:59,1.00151,1.00152,1.00151,1.00152,1.0016473718613403,1.001515,1.00151,1.0016473718613403,True,0.00012256331377255052,-6.289692549579903e-05,0,1.0013420709737162,1.0013716638683026,-14.866758663145639,-14.866758663145639,1.0010741361217665,1.0010755129606808,-7.579122514774402e-14,-5.5461807985718923e-14,0,-2
2023-06-17 00:40:00,2023-06-17 00:44:59,1.00151,1.00151,1.0015,1.00152,1.0015811859306702,1.00151,1.0015,1.0015811859306702,True,0.00011523736278879042,-6.828142161616852e-05,0,1.0013568674210094,1.001382755830906,-18.02043675699898,-18.02043675699898,1.001078473075779,1.0010798362148032,-7.579122514774402e-14,-5.5461807985718923e-14,0,-2
2023-06-17 00:45:00,2023-06-17 00:49:59,1.0015,1.00151,1.0015,1.00151,1.0015455929653352,1.0015049999999999,1.0015,1.0015455929653352,True,0.00010772040830386563,-6.988714566523135e-05,0,1.0013698116259577,1.0013923273360714,-20.122888819567873,-20.122888819567873,1.001082717124776,1.0010841164514719,-7.579122514774402e-14,-5.5461807985718923e-14,0,-2
2023-06-17 00:50:00,2023-06-17 00:54:59,1.0015,1.00151,1.0015,1.00151,1.0015252964826675,1.0015049999999999,1.0015,1.0015252964826675,True,0.00010074037913929262,-6.886358269822841e-05,0,1.0013810694810146,1.0014006361036984,-21.524523527947135,-21.524523527947135,1.00108691894443,1.001088354098721,-7.579122514774402e-14,-5.5461807985718923e-14,0,-2
2023-06-17 00:55:00,2023-06-17 00:59:59,1.0015,1.0015,1.0015,1.00151,1.0015151482413338,1.0015025,1.0015,1.0015151482413338,True,9.425892348647482e-05,-6.675934502189642e-05,0,1.0013908527923565,1.0014078765495407,-22.863315762295098,-22.863315762295098,1.0010910540793114,1.0010924500778382,-7.579122514774402e-14,-5.5461807985718923e-14,0,-2
2023-06-17 01:00:00,2023-06-17 01:04:59,1.00151,1.00143,1.00143,1.00151,1.0015088241206669,1.0014699999999999,1.00143,1.00151,True,9.324042895171647e-05,-6.805618490679264e-05,0,1.0013993646709487,1.0014140032364076,-26.072488831803348,-26.072488831803348,1.0010948246854874,1.0010958087835313,-7.579122514774402e-14,-5.5461807985718923e-14,-1,-2
2023-06-17 01:05:00,2023-06-17 01:09:59,1.00144,1.00144,1.00143,1.00144,1.0014894120603333,1.0014375000000002,1.00143,1.0014894120603333,True,8.729468402659854e-05,-6.589687366096244e-05,0,1.0014066839536782,1.0014189880328508,-26.934757124924445,-26.934757124924445,1.0010982343901094,1.0010992335717548,-7.579122514774402e-14,-5.5461807985718923e-14,0,-2
2023-06-17 01:10:00,2023-06-17 01:14:59,1.00144,1.00143,1.00143,1.00144,1.0014634560301667,1.001435,1.00143,1.0014634560301667,True,8.177363516756048e-05,-6.286384541549791e-05,0,1.0014128359932646,1.0014230224572693,-27.88516371371898,-27.88516371371898,1.0011015852917002,1.001102524779996,-7.579122514774402e-14,-5.5461807985718923e-14,0,-2
2023-06-17 01:15:00,2023-06-17 01:19:59,1.00143,1.00144,1.00143,1.00144,1.0014492280150833,1.001435,1.00143,1.0014492280150833,True,7.664694694131084e-05,-5.7928045740907107e-05,0,1.001417929225267,1.0014262809666672,-26.9342336125323,-26.9342336125323,1.0011049028509869,1.0011058827423842,-7.579122514774402e-14,-5.5461807985718923e-14,0,-2
2023-06-17 01:20:00,2023-06-17 01:24:59,1.00144,1.00131,1.00131,1.00144,1.0014421140075416,1.001375,1.00131,1.0014421140075416,True,8.045787930265904e-05,-6.148907702031364e-05,0,1.001422105095967,1.001428494572065,-30.30937101329947,-30.30937101329947,1.001107590384808,1.0011079137598728,-7.579122514774402e-14,-5.5461807985718923e-14,0,-2
2023-06-17 01:25:00,2023-06-17 01:29:59,1.00132,1.00132,1.00131,1.00132,1.0014085570037707,1.0013174999999999,1.00131,1.0014085570037707,True,7.542517363818807e-05,-6.0683296251625094e-05,0,1.001425299834016,1.001429475818359,-31.324001368412464,-31.324001368412464,1.0011096790376954,1.0011100240707198,-7.579122514774402e-14,-5.5461807985718923e-14,0,-2
2023-06-17 01:30:00,2023-06-17 01:34:59,1.00132,1.00131,1.00131,1.00132,1.0013630285018853,1.001315,1.00131,1.0013630285018853,True,7.075194694975075e-05,-5.8362769530161565e-05,0,1.0014273878261875,1.001429462934612,-32.270123342374575,-32.270123342374575,1.0011117220323453,1.0011120138809615,-7.579122514774402e-14,-5.5461807985718923e-14,0,-2
2023-06-17 01:35:00,2023-06-17 01:39:59,1.00131,1.00126,1.00126,1.00132,1.0013390142509426,1.0012874999999999,1.00126,1.0013390142509426,True,6.998395073905064e-05,-5.781467108280682e-05,0,1.0014284253803998,1.0014284787744434,-34.09282436313828,-34.09282436313828,1.0011134710668494,1.0011134863796585,-7.579122514774402e-14,-5.5461807985718923e-14,0,-2
2023-06-17 01:40:00,2023-06-17 01:44:59,1.00126,1.00125,1.00117,1.00127,1.0013132571254713,1.0012375,1.00117,1.0013132571254713,True,7.212795425770496e-05,-5.559986183209215e-05,0,1.0014284520774215,1.0014263936207295,-35.518053240208175,-35.518053240208175,1.0011147051855873,1.0011148447241396,-7.579122514774402e-14,-5.5461807985718923e-14,0,-2
2023-06-17 01:45:00,2023-06-17 01:49:59,1.00125,1.00133,1.00125,1.00134,1.0012753785627355,1.0012925,1.00125,1.00134,True,7.34045289535777e-05,-4.614470958423689e-05,0,1.0014274228490754,1.0014238333119172,-26.73543645070521,-26.73543645070521,1.0011164742882184,1.0011169855726556,13.575260808415118,4.525086936138343,0,-1
2023-06-17 01:50:00,2023-06-17 01:54:59,1.00134,1.00129,1.00124,1.00134,1.0012839392813677,1.0013025,1.00124,1.00134,True,7.53042054568928e-05,-4.058620411265838e-05,0,1.0014256280804963,1.0014209850872302,-23.132108880087166,-23.132108880087166,1.0011183252903257,1.001118707109246,29.785819246211513,14.453693351542206,0,-1
2023-06-17 01:55:00,2023-06-17 01:59:59,1.00129,1.00128,1.00122,1.00129,1.0012932196406839,1.0012699999999999,1.00122,1.0012932196406839,True,7.492533363854434e-05,-3.567315957123029e-05,0,1.0014233065838631,1.001417706741638,-21.2669917412205,-21.2669917412205,1.001119834491417,1.0011203120136316,41.54737508728727,28.30281838063799,0,-1
2023-06-17 02:00:00,2023-06-17 02:04:59,1.00128,1.00127,1.00127,1.00133,1.0012816098203419,1.0012875,1.00127,1.00133,True,7.385923837864466e-05,-3.1339769060267204e-05,0,1.0014205066627506,1.00141423232038,-20.60465099688929,-20.60465099688929,1.0011215028049352,1.001121801446332,44.41197285914894,38.581722397549264,0,-1
2023-06-17 02:05:00,2023-06-17 02:09:59,1.00128,1.00125,1.00124,1.00128,1.001284554910171,1.0012625000000002,1.00124,1.001284554910171,True,7.144072135160146e-05,-2.8210250330697444e-05,0,1.0014173694915653,1.0014104558390098,-21.33211602795859,-21.33211602795859,1.0011229057621,1.001123077053831,42.82296231422935,42.927436753555206,0,-1
2023-06-17 02:10:00,2023-06-17 02:14:59,1.00125,1.00131,1.00124,1.00131,1.0012735274550857,1.0012775,1.00124,1.00131,True,7.133781268363096e-05,-2.0467808727772303e-05,0,1.0014139126652875,1.001406570370219,-14.750069609236547,-14.750069609236547,1.0011244440132234,1.0011249369836437,53.727681481112505,46.987538884830286,0,-1
2023-06-17 02:15:00,2023-06-17 02:19:59,1.00131,1.0013,1.0013,1.00131,1.0012755137275429,1.001305,1.0013,1.00131,True,6.695654034907472e-05,-1.4857174271918074e-05,0,1.0014102415177533,1.0014028144325589,-11.250407329303762,-11.250407329303762,1.0011262405902064,1.0011266789042044,70.48415822180353,55.67826733904849,0,-1
2023-06-17 02:20:00,2023-06-17 02:24:59,1.0013,1.00121,1.00113,1.0013,1.0012902568637714,1.0012349999999999,1.00113,1.0013,True,7.43167874669982e-05,-1.633818210745175e-05,0,1.001406527975156,1.001398705970953,-14.603162765270042,-14.603162765270042,1.0011273227733883,1.001127507969834,73.68576639439318,65.9658686991031,0,-2
2023-06-17 02:25:00,2023-06-17 02:29:59,1.00122,1.00121,1.00121,1.00122,1.0012626284318857,1.001215,1.00121,1.0012626284318857,True,6.972273121936015e-05,-1.6139556391619967e-05,0,1.0014026169730545,1.001394210931912,-16.838333055914227,-16.838333055914227,1.0011281951836033,1.0011283287860546,64.96082250251597,69.71024903957091,0,-1
2023-06-17 02:30:00,2023-06-17 02:34:59,1.00121,1.00123,1.00121,1.00124,1.001238814215943,1.0012225,1.00121,1.00124,True,6.688539327511832e-05,-1.3466135189195107e-05,0,1.0013984139524832,1.0013894938364618,-15.794738917114614,-15.794738917114614,1.0011291335399854,1.0011293404399246,48.71559596039028,62.45406161909984,0,-1
2023-06-17 02:35:00,2023-06-17 02:39:59,1.00123,1.00119,1.00119,1.00124,1.0012306571079714,1.0012125,1.00119,1.00124,True,6.567929375545868e-05,-1.3405014289201452e-05,0,1.0013939538944725,1.0013845656680955,-17.563412884065173,-17.563412884065173,1.0011299630570005,1.0011299440176369,45.65614970967761,53.110856057527975,0,-1
2023-06-17 02:40:00,2023-06-17 02:44:59,1.00119,1.00124,1.00119,1.00125,1.0012215785539857,1.0012174999999999,1.00119,1.00125,True,6.527362991577942e-05,-8.842255397699687e-06,0,1.0013892597812841,1.0013795394383314,-13.195486390562515,-13.195486390562515,1.0011308340713587,1.0011310391020385,48.71827010272983,47.696671924265935,0,-1
2023-06-17 02:45:00,2023-06-17 02:49:59,1.00125,1.00129,1.00124,1.00129,1.0012195392769927,1.0012675,1.00124,1.00129,True,6.418265635037413e-05,-1.5594719665292976e-06,0,1.001384399609808,1.0013748135425937,-6.302999249974704,-0.0,1.0011321939313451,1.0011326208025157,65.10049465722098,53.158304823209505,0,-1
2023-06-17 02:50:00,2023-06-17 02:54:59,1.0013,1.0013,1.00129,1.00131,1.0012435196384963,1.0013,1.00129,1.00131,True,6.102675232534091e-05,4.414597416094759e-06,0,1.001379606576201,1.0013705795111805,-0.9994469935126133,-0.0,1.001133863643471,1.0011342862671673,83.67011817580052,65.82962764525048,0,-1
2023-06-17 02:55:00,2023-06-17 02:59:59,1.0013,1.00134,1.0013,1.00135,1.0012717598192482,1.0013225000000001,1.0013,1.00135,True,6.023912715923681e-05,1.132425493166435e-05,0,1.0013750930436909,1.001366916151895,5.141995828476489,0.0,1.0011357406221428,1.0011363331699816,99.99999999999993,82.92353761100718,0,-1
2023-06-17 03:00:00,2023-06-17 03:04:59,1.00135,1.00126,1.00125,1.00135,1.001297129909624,1.0013025,1.00125,1.00135,True,6.307918950500482e-05,1.0281509286345889e-05,0,1.001371004597793,1.0013635900000604,2.108073170440136,0.0,1.0011373999194348,1.0011375636857032,95.04616549626083,92.90542789068712,0,-1
2023-06-17 03:05:00,2023-06-17 03:09:59,1.00125,1.00126,1.00125,1.00126,1.001299814954812,1.001255,1.00125,1.001299814954812,True,5.928781882608059e-05,9.613036856278545e-06,0,1.0013672972989267,1.0013602262544474,0.08545806508256959,0.0,1.0011385700694901,1.0011387819574873,79.30774618003755,91.45130389209946,0,-1
2023-06-17 03:10:00,2023-06-17 03:14:59,1.00126,1.00114,1.00113,1.00126,1.001277407477406,1.0011975,1.00113,1.001277407477406,True,6.433868890992937e-05,9.722903822213374e-07,0,1.001363761776687,1.0013564614787114,-7.502220930392809,-0.0,1.0011391564369578,1.0011387940773133,52.55132402568707,75.6350785673285,0,-2
2023-06-17 03:15:00,2023-06-17 03:19:59,1.00113,1.00125,1.00113,1.00125,1.001237453738703,1.00119,1.00113,1.00125,True,6.831449684492712e-05,3.3350177307887825e-06,0,1.0013601116276993,1.0013523553415284,-5.074528639345893,-0.0,1.0011396623430577,1.0011399006039072,29.41347619598847,53.75751546723771,0,-1
2023-06-17 03:20:00,2023-06-17 03:24:59,1.00125,1.00125,1.00124,1.00125,1.0012137268693515,1.0012474999999998,1.00124,1.00125,True,6.414917564172272e-05,5.157444040842729e-06,0,1.0013562334846138,1.0013484031316946,-3.456067111981284,-0.0,1.0011407353545696,1.0011409961202862,34.08966911956783,38.684823113747804,0,-1
2023-06-17 03:25:00,2023-06-17 03:29:59,1.00125,1.0012,1.00119,1.00125,1.0012306134346756,1.0012225,1.00119,1.00125,True,6.38528059530246e-05,3.111734222209511e-06,0,1.001352318308154,1.0013444276997212,-5.168736959763336,-0.0,1.001141548933131,1.0011415832235668,44.648608482955915,36.050584599504084,0,-2
2023-06-17 03:30:00,2023-06-17 03:34:59,1.0012,1.00112,1.00109,1.0012,1.0012265567173377,1.0011525000000001,1.00109,1.0012265567173377,True,6.714903409924101e-05,-3.4052190595057496e-06,0,1.0013483730039376,1.0013399809860424,-9.68026351430516,-0.0,1.0011416578989705,1.0011413684651234,43.95634430195222,40.898207301492,0,-2
2023-06-17 03:35:00,2023-06-17 03:39:59,1.00112,1.00114,1.00112,1.00117,1.001189528358669,1.0011375,1.00112,1.001189528358669,True,6.592410309214405e-05,-5.657667814152668e-06,0,1.00134417699499,1.0013350908221956,-11.125034506127648,-0.0,1.0011416165268414,1.001141354848555,23.228595088713615,37.27784929120727,0,-2
2023-06-17 03:40:00,2023-06-17 03:44:59,1.00114,1.00105,1.00095,1.00115,1.0011635141793345,1.0010724999999998,1.00095,1.0011635141793345,True,7.550095287127505e-05,-1.258547362780931e-05,0,1.0013396339085927,1.0013294391095122,-15.318370671422066,-0.0,1.0011409288002062,1.0011404458450868,6.092744546342684,24.42589464566952,0,-2
2023-06-17 03:45:00,2023-06-17 03:49:59,1.00106,1.00106,1.00105,1.00106,1.001118007089667,1.0010575,1.00105,1.001118007089667,True,7.082231338047437e-05,-1.5347305991483617e-05,0,1.0013345365090525,1.0013231236848814,-17.26237300677972,-17.26237300677972,1.0011400986628907,1.0011396453889168,1.543357727450734,10.288232454169025,0,-2
2023-06-17 03:50:00,2023-06-17 03:54:59,1.00105,1.00098,1.00098,1.00106,1.0010877535448335,1.0010175,1.00098,1.0010877535448335,True,7.147786242473192e-05,-2.1438080098403598e-05,0,1.001328830096967,1.0013160546031574,-20.959311376767165,-20.959311376767165,1.0011388787756976,1.0011380568775843,-7.401486830834377e-14,2.545367424597795,0,-2
2023-06-17 03:55:00,2023-06-17 03:59:59,1.00099,1.00099,1.00098,1.001,1.0010526267724167,1.0009899999999998,1.00098,1.0010526267724167,True,6.780087225153029e-05,-2.3201224103123737e-05,0,1.0013224423500622,1.001308251984077,-22.481133191714108,-22.481133191714108,1.001137397394845,1.0011365836748223,-7.401486830834377e-14,0.5144525758168756,0,-2
2023-06-17 04:00:00,2023-06-17 04:04:59,1.001,1.001,1.00099,1.001,1.0010213133862083,1.0009975,1.00099,1.0010213133862083,True,6.367223851926694e-05,-2.2049381651066726e-05,0,1.0013153471670695,1.0012999768381177,-22.450434657925843,-22.450434657925843,1.001136005380966,1.0011352246332819,1.7320807005008492,0.5773602335002473,0,-2
2023-06-17 04:05:00,2023-06-17 04:09:59,1.001,1.00117,1.00099,1.00118,1.0010094066931041,1.0010849999999998,1.00099,1.00118,True,7.269565005359875e-05,-8.057199033916255e-06,0,1.0013076620025936,1.0012919867877785,-11.364582877569411,-0.0,1.0011354978647373,1.0011355706568312,23.30287083035382,8.344983843618213,0,-1
2023-06-17 04:10:00,2023-06-17 04:14:59,1.00118,1.00119,1.00117,1.00119,1.0010472033465518,1.0011825,1.00117,1.00119,True,6.893167504977963e-05,3.3358764524402405e-06,0,1.001299824395186,1.001284944969156,-3.1796512927382636,-0.0,1.0011359655476753,1.0011361122423355,56.636204163687154,27.22371856484729,0,-1
2023-06-17 04:15:00,2023-06-17 04:19:59,1.00119,1.0012,1.00118,1.0012,1.001114851673276,1.0011925,1.00118,1.0012,True,6.543655540337616e-05,1.184586316152616e-05,0,1.001292384682171,1.001278766625032,2.708851487234554,0.0,1.0011365280795392,1.0011367479414166,88.23745679651957,56.05884393018687,0,-1
2023-06-17 04:20:00,2023-06-17 04:24:59,1.0012,1.00119,1.00119,1.0012,1.001153675836638,1.001195,1.00119,1.0012,True,6.147680144599683e-05,1.6718994926124802e-05,0,1.0012855756536017,1.001273327643123,5.763395363384667,5.763395363384667,1.001137109889693,1.0011372778126464,99.99999999999993,81.62455365340224,0,-1
2023-06-17 04:25:00,2023-06-17 04:29:59,1.00119,1.00115,1.00115,1.0012,1.001174337918319,1.0011725,1.00115,1.0012,True,6.0657029914147445e-05,1.6937555790318164e-05,0,1.0012794516483623,1.0012683537095572,4.44115323830885,4.44115323830885,1.0011374620300941,1.0011374044015753,96.96267256163924,95.06670978605295,0,-1
2023-06-17 04:30:00,2023-06-17 04:34:59,1.00116,1.00111,1.0011,1.00116,1.0011734189591595,1.0011325000000002,1.0011,1.0011734189591595,True,6.061009920599041e-05,1.4109327991612707e-05,0,1.0012739026789599,1.0012635055957582,0.7372182797290279,0.0,1.0011374126566603,1.0011371317209625,88.82245538987895,95.26170931717274,0,-2
2023-06-17 04:35:00,2023-06-17 04:39:59,1.0011,1.0011,1.00109,1.00111,1.0011529594795798,1.0011,1.00109,1.0011529594795798,True,5.7709377834127456e-05,1.1472346929237726e-05,0,1.0012687041373591,1.0012585668194,-2.4072734804136005,-0.0,1.00113704039142,1.0011367622511023,76.84642971005714,87.54385255385847,0,-2
2023-06-17 04:40:00,2023-06-17 04:44:59,1.00109,1.00103,1.00102,1.0011,1.0011264797397899,1.00106,1.00102,1.0011264797397899,True,5.9301565131695496e-05,4.944391727615757e-06,0,1.0012636354783797,1.001253316106491,-8.385686545407921,-0.0,1.001136273820361,1.001135699940146,63.53875959067337,76.40254823020318,0,-2
2023-06-17 04:45:00,2023-06-17 04:49:59,1.00103,1.00105,1.001,1.00105,1.001093239869895,1.0010325,1.001,1.001093239869895,True,5.863716762229621e-05,2.3572505949090455e-06,0,1.0012584757924354,1.0012476671499708,-10.30434916238741,-0.0,1.001135241245034,1.001134847204423,52.52533664081097,64.30350864718052,0,-2
2023-06-17 04:50:00,2023-06-17 04:54:59,1.00105,1.00103,1.00103,1.00107,1.0010628699349475,1.001045,1.00103,1.00107,True,5.730594136354777e-05,-3.1258196318417893e-07,0,1.0012530714712031,1.0012418291745975,-12.726896091267065,-0.0,1.001134343322198,1.0011338039486577,47.59512881842997,54.553075016638125,0,-2
2023-06-17 04:55:00,2023-06-17 04:59:59,1.00103,1.00098,1.00094,1.00104,1.0010539349674739,1.0009975,1.00094,1.0010539349674739,True,6.035551698043643e-05,-4.9726395452720935e-06,0,1.0012474503229003,1.0012355565375568,-16.75232957356615,-0.0,1.0011329816971015,1.0011322735611088,42.15239906878647,47.424288176009156,0,-2
2023-06-17 05:00:00,2023-06-17 05:04:59,1.00097,1.00103,1.00097,1.00103,1.001025717483737,1.001,1.00097,1.00103,True,6.033012291041747e-05,-3.8449500032085315e-06,0,1.0012415034302284,1.001229001877948,-14.1722482939971,-0.0,1.0011316584961354,1.0011312559137346,40.000274235027284,43.24926737408126,0,-1
2023-06-17 05:05:00,2023-06-17 05:09:59,1.00103,1.00102,1.00102,1.00103,1.0010128587418685,1.001025,1.00102,1.00103,True,5.6735114131106616e-05,-3.1339439734360245e-06,0,1.0012352526540882,1.0012224416785103,-13.111025480235412,-0.0,1.0011305972175668,1.0011301488897173,39.63559326033496,40.596088854716264,0,-1
2023-06-17 05:10:00,2023-06-17 05:14:59,1.00102,1.00102,1.00102,1.00103,1.0010189293709342,1.0010225,1.00102,1.00103,True,5.339689169317511e-05,-2.03342838069291e-06,0,1.0012288471662991,1.0012159049748122,-12.403543604394287,-0.0,1.0011295216233622,1.0011290528808643,35.816349917489156,38.48407247095049,0,-1
2023-06-17 05:15:00,2023-06-17 05:19:59,1.00102,1.00102,1.00102,1.00103,1.001020714685467,1.0010225,1.00102,1.00103,True,5.0297113715095855e-05,-7.271739527988698e-07,0,1.0012223760705556,1.001209431618214,-11.9318890205002,-0.0,1.0011284567315875,1.0011279677775722,31.515144222637247,35.65569580015381,0,-1
2023-06-17 05:20:00,2023-06-17 05:24:59,1.00102,1.00102,1.00102,1.00103,1.0010216073427336,1.0010225,1.00102,1.00103,True,4.7418748449736546e-05,6.546359948596389e-07,0,1.0012159038443849,1.0012030525493438,-11.617452631237477,-0.0,1.0011274024357508,1.0011268934713278,23.179088049298624,30.170194063141697,0,-1
2023-06-17 05:25:00,2023-06-17 05:29:59,1.00102,1.00093,1.00093,1.00103,1.0010220536713668,1.0009775,1.00093,1.00103,True,5.117455213189744e-05,-4.149242912363391e-06,0,1.0012094781968643,1.0011964827332052,-17.567262715650408,-17.567262715650408,1.0011259108692259,1.0011249343323096,15.452725366199056,23.382319212711664,0,-2
2023-06-17 05:30:00,2023-06-17 05:34:59,1.00093,1.00098,1.0009,1.00099,1.0009997768356835,1.00095,1.0009,1.0009997768356835,True,5.394779840820088e-05,-3.129900389174165e-06,0,1.0012029804650349,1.0011896191370808,-15.176658887352083,-0.0,1.0011241605123182,1.00112349219965,7.726362683099503,15.452725366199083,0,-1
2023-06-17 05:35:00,2023-06-17 05:39:59,1.00098,1.00098,1.00098,1.00099,1.0009748884178418,1.0009824999999999,1.00098,1.00099,True,5.080866995047692e-05,-1.814894735011226e-06,0,1.001196299801058,1.001182794322039,-13.582923001819864,-0.0,1.0011227509549818,1.0011220644165688,14.511399948153942,12.563495999150854,0,-1
2023-06-17 05:40:00,2023-06-17 05:44:59,1.00099,1.0009,1.0009,1.00099,1.000978694208921,1.000945,1.0009,1.00099,True,5.3608050668310394e-05,-5.850526078588061e-06,0,1.0011895470615486,1.0011757895752256,-17.220976893411063,-17.220976893411063,1.001120982288763,1.0011198548203841,21.96633624893246,14.734699626728656,0,-2
2023-06-17 05:45:00,2023-06-17 05:49:59,1.00091,1.0009,1.0009,1.00091,1.0009618471044606,1.000905,1.0009,1.0009618471044606,True,5.049318990629291e-05,-7.66905025980879e-06,0,1.001182668318387,1.0011684167843364,-19.646346154471868,-19.646346154471868,1.0011188332112628,1.001117667210231,21.96633624893246,19.481357482006306,0,-2
2023-06-17 05:50:00,2023-06-17 05:54:59,1.0009,1.0009,1.0009,1.00091,1.0009334235522303,1.0009025,1.0009,1.0009334235522303,True,4.760081919870524e-05,-7.959977866953328e-06,0,1.0011755425513618,1.001160787662286,-21.26325899517907,-21.26325899517907,1.0011166806419964,1.0011155013673432,7.454936300778454,17.129202932881146,0,-2
2023-06-17 05:55:00,2023-06-17 05:59:59,1.0009,1.00102,1.0009,1.00103,1.000917961776115,1.0009625,1.0009,1.00103,True,5.348647497023955e-05,9.913618407096484e-07,0,1.0011681651068238,1.0011534207366077,-10.422788307617857,-0.0,1.001115146506255,1.0011145511049815,33.33333333333327,20.91820196101475,0,-1
2023-06-17 06:00:00,2023-06-17 06:04:59,1.00103,1.00102,1.00102,1.00103,1.0009402308880575,1.001025,1.00102,1.00103,True,5.038029818665569e-05,7.2860234307031626e-06,0,1.001160792921716,1.0011467396013887,-3.195807849243721,-0.0,1.0011142495260934,1.0011136102979667,66.66666666666661,35.81831210025947,0,-1
2023-06-17 06:05:00,2023-06-17 06:09:59,1.00102,1.00092,1.00092,1.00103,1.0009826154440287,1.0009725,1.00092,1.00103,True,5.463884831618418e-05,4.711405426065959e-06,0,1.0011537662615524,1.001140284027682,-5.840297728417681,-0.0,1.0011128390830477,1.0011116838273402,90.24811369741344,63.41603789913779,0,-2
2023-06-17 06:10:00,2023-06-17 06:14:59,1.0009,1.00091,1.0009,1.00091,1.0009775577220144,1.000905,1.0009,1.0009775577220144,True,5.2164644865037526e-05,2.681858229753334e-06,0,1.0011470251446173,1.001133587210457,-8.147646559050273,-0.0,1.00111077103247,1.001109677023088,70.13633580754697,75.68370539054236,0,-2
2023-06-17 06:15:00,2023-06-17 06:19:59,1.00091,1.0009,1.0009,1.00091,1.0009412788610073,1.000905,1.0009,1.0009412788610073,True,4.915288451753952e-05,1.0914599800275986e-06,0,1.0011403061775372,1.0011267464078015,-10.28162711455414,-0.0,1.0011087235595102,1.00110759068455,50.02455791768049,70.13633580754698,0,-2
2023-06-17 06:20:00,2023-06-17 06:24:59,1.0009,1.0009,1.0009,1.00091,1.0009231394305036,1.0009025,1.0009,1.0009231394305036,True,4.635624990914852e-05,5.403229137609754e-07,0,1.0011335262926695,1.0011198220269268,-11.704280818223381,-0.0,1.0011066715837937,1.0011055251055991,39.28202621032979,53.147639978519095,0,-2
2023-06-17 06:25:00,2023-06-17 06:29:59,1.00091,1.0009,1.0009,1.00091,1.0009128197152517,1.000905,1.0009,1.0009128197152517,True,4.3759374915642584e-05,6.84962786236853e-07,0,1.0011266741597982,1.0011128965056073,-12.652716620669544,-12.652716620669544,1.001104664901368,1.0011034800796728,39.59419274737569,42.966925625128674,0,-1
2023-06-17 06:30:00,2023-06-17 06:34:59,1.0009,1.0009,1.0009,1.0009,1.0009089098576258,1.0009,1.0009,1.0009089098576258,True,4.0633705278810975e-05,1.2718314072761907e-06,0,1.0011197853327027,1.0011059832975318,-13.28500715563365,-13.28500715563365,1.0011026284346878,1.001101455402263,39.031780401110815,39.30266645293878,0,-1
2023-06-17 06:35:00,2023-06-17 06:39:59,1.00091,1.0009,1.0009,1.00091,1.0009044549288129,1.000905,1.0009,1.00091,True,3.84455834731863e-05,2.1161887888054213e-06,0,1.0011128843151174,1.0010991615210363,-13.706534178943059,-13.706534178943059,1.0011006619826013,1.0010994508708972,40.42280161719908,39.682924921895214,0,-1
2023-06-17 06:40:00,2023-06-17 06:44:59,1.00091,1.00086,1.00085,1.00091,1.0009047274644063,1.0008825000000001,1.00085,1.00091,True,3.9985184653669346e-05,3.4279846831526087e-07,0,1.0011060229180768,1.0010923041599806,-17.807676138740113,-17.807676138740113,1.0010984912166052,1.001097068275167,36.85908000204764,38.771220673452525,0,-2
2023-06-17 06:45:00,2023-06-17 06:49:59,1.00086,1.00086,1.00085,1.00086,1.0008936137322033,1.0008575000000002,1.00085,1.0008936137322033,True,3.78433857498405e-05,-3.011267984888731e-07,0,1.0010991635390287,1.001085294305153,-20.541770778604818,-20.541770778604818,1.001096093294052,1.001094709386857,29.731349618278973,35.67107707917525,0,-2
2023-06-17 06:50:00,2023-06-17 06:54:59,1.00085,1.00085,1.00085,1.00086,1.0008755568661019,1.0008525000000001,1.00085,1.0008755568661019,True,3.5854572481999434e-05,-8.711300526204323e-07,0,1.001092228922091,1.0010781781806477,-23.198138398729427,-23.198138398729427,1.0010936694801809,1.0010922744675848,20.15740130574212,28.915943642022928,0,-2
2023-06-17 06:55:00,2023-06-17 06:59:59,1.00086,1.00085,1.00085,1.00086,1.000864028433051,1.000855,1.00085,1.000864028433051,True,3.400781730471844e-05,-6.806119407394551e-07,0,1.0010852035513693,1.0010710443661186,-24.969050145479166,-24.969050145479166,1.0010912946594825,1.001089863776365,15.806146854096042,21.898299259372397,0,-1
2023-06-17 07:00:00,2023-06-17 07:04:59,1.00085,1.00085,1.00085,1.00086,1.0008595142165255,1.0008525000000001,1.00085,1.00086,True,3.2292973211528945e-05,-5.836155860477034e-09,0,1.001078123958744,1.0010639284170049,-26.14965797664566,-26.14965797664566,1.001088918593219,1.0010874770721225,10.812570707829392,15.592039622555873,0,-1
2023-06-17 07:05:00,2023-06-17 07:09:59,1.00086,1.00085,1.00085,1.00086,1.0008560071082628,1.000855,1.00085,1.00086,True,3.0700617982138696e-05,9.517405117594267e-07,0,1.0010710261878746,1.0010568925090952,-26.936729864089987,-26.936729864089987,1.0010865910450277,1.001085114116181,7.964628788219362,11.527782116714954,0,-1
2023-06-17 07:10:00,2023-06-17 07:14:59,1.00086,1.00085,1.00085,1.00086,1.0008555035541313,1.000855,1.00085,1.00086,True,2.922200241199061e-05,2.0476095068590084e-06,0,1.001063959348485,1.0010499678919995,-27.46144445571954,-27.46144445571954,1.00108428665652,1.0010827746722388,5.085576979750084,7.954258825266302,0,-1
2023-06-17 07:15:00,2023-06-17 07:19:59,1.00085,1.00085,1.00085,1.00086,1.0008552517770657,1.0008525000000001,1.00085,1.00086,True,2.7849002239710245e-05,3.180343407843103e-06,0,1.0010569636202422,1.0010431612525228,-27.811254183472574,-27.811254183472574,1.001081980321629,1.001080458506346,7.809732275489178,6.953312681152897,0,-1
2023-06-17 07:20:00,2023-06-17 07:24:59,1.00086,1.00085,1.00085,1.00086,1.000853875888533,1.000855,1.00085,1.00086,True,2.657407350830705e-05,4.280861761158479e-06,0,1.0010500624363825,1.0010365113510993,-28.044460668641264,-28.044460668641264,1.0010797218109662,1.0010781653868799,13.895510723449924,8.93027332622975,0,-1
2023-06-17 07:25:00,2023-06-17 07:29:59,1.00086,1.00085,1.00085,1.00086,1.0008544379442665,1.000855,1.00085,1.00086,True,2.5390211114861225e-05,5.304151586460996e-06,0,1.001043286893741,1.0010300304760429,-28.199931658753723,-28.199931658753723,1.001077485773046,1.0010758950845229,19.049641373502237,13.58496145748047,0,-1
2023-06-17 07:30:00,2023-06-17 07:34:59,1.00085,1.00085,1.00085,1.00086,1.0008547189721333,1.0008525000000001,1.00085,1.00086,True,2.4290910320947247e-05,6.222907340412286e-06,0,1.0010366586848918,1.0010237099896706,-28.303578985495363,-28.303578985495363,1.0010752471086375,1.001073647372239,21.023706009626896,17.98961936885971,0,-1
2023-06-17 07:35:00,2023-06-17 07:39:59,1.00086,1.00085,1.00085,1.00086,1.0008536094860667,1.000855,1.00085,1.00086,True,2.3270131012312838e-05,7.022668509904743e-06,0,1.001030184337281,1.001017576296354,-28.37267720332312,-28.37267720332312,1.0010730555951186,1.0010714220252517,23.973504445789924,21.34895060963971,0,-1
2023-06-17 07:40:00,2023-06-17 07:44:59,1.00085,1.00086,1.00085,1.00086,1.0008543047430334,1.000855,1.00085,1.00086,True,2.232226451143803e-05,8.383837098043312e-06,0,1.0010238803168174,1.001011631750183,-18.152839884660782,-18.152839884660782,1.0010708858877044,1.001069318323508,26.92330288195295,23.973504445789946,0,-1
2023-06-17 07:45:00,2023-06-17 07:49:59,1.00085,1.00085,1.00085,1.00086,1.0008546523715167,1.0008525000000001,1.00085,1.00086,True,2.1442102760625705e-05,8.661742607906365e-06,0,1.0010177560335003,1.0010058597541398,-16.918001967112694,-0.0,1.001068712893797,1.0010671360516323,35.33291104315873,28.743239456967228,0,-1
2023-06-17 07:50:00,2023-06-17 07:54:59,1.00085,1.00085,1.00085,1.00086,1.0008535761857584,1.0008525000000001,1.00085,1.00086,True,2.062480970629998e-05,8.898380651229282e-06,0,1.00101180789382,1.0010002632100568,-16.094776688747302,-0.0,1.0010665615217194,1.0010649754939047,47.77183470092205,36.676016208677936,0,-1
2023-06-17 07:55:00,2023-06-17 07:59:59,1.00085,1.00078,1.00077,1.00086,1.0008530380928793,1.000815,1.00077,1.00086,True,2.5580180441574662e-05,4.283185480793782e-06,0,1.0010060355519383,1.0009945859089,-24.59248186829261,-24.59248186829261,1.0010640584220007,1.001062139916851,36.92821150946075,40.010985751180534,0,-2
2023-06-17 08:00:00,2023-06-17 08:04:59,1.00078,1.00082,1.00077,1.00083,1.0008340190464398,1.0008,1.00077,1.0008340190464398,True,2.8038738981474403e-05,4.274208643242189e-06,0,1.001000310730419,1.000988781063503,-19.767728897984462,-19.767728897984462,1.0010614309750157,1.0010597305644444,23.28254684922456,35.99419768653581,0,-1
2023-06-17 08:05:00,2023-06-17 08:09:59,1.00083,1.00085,1.00082,1.00086,1.0008170095232198,1.0008400000000002,1.00082,1.00086,True,2.8893114768514804e-05,6.551003420975348e-06,0,1.000994545896961,1.0009831900715798,-11.817948927594337,-0.0,1.0010592276817318,1.0010576436931564,33.33333333333328,31.181363897339555,0,-1
2023-06-17 08:10:00,2023-06-17 08:14:59,1.00085,1.00085,1.00085,1.00086,1.0008285047616101,1.0008525000000001,1.00085,1.00086,True,2.7543606570768427e-05,8.135557708329953e-06,0,1.0009888679842702,1.000977891571444,-6.518095614000927,-0.0,1.0010571706898739,1.001055577586757,66.66666666666661,41.094182283074844,0,2
2023-06-17 08:15:00,2023-06-17 08:19:59,1.00085,1.0009,1.00085,1.0009,1.0008405023808051,1.000875,1.00085,1.0009,True,2.914763467284807e-05,1.2616702959477868e-05,0,1.0009833797778571,1.0009730140794233,2.5527073052254607,0.0,1.0010553580461936,1.0010540295510677,99.99999999999994,66.66666666666664,0,2
2023-06-17 08:20:00,2023-06-17 08:24:59,1.0009,1.00089,1.00089,1.0009,1.0008577511904027,1.0008949999999999,1.00089,1.0009,True,2.777994648191917e-05,1.4634504250379044e-05,0,1.0009781969286402,1.0009686387361039,6.71727100522498,6.71727100522498,1.0010537624437439,1.0010523974162313,99.99999999999994,88.88888888888886,0,2
2023-06-17 08:25:00,2023-06-17 08:29:59,1.0009,1.00092,1.00089,1.00093,1.0008763755952013,1.00091,1.00089,1.00093,True,2.865280744749923e-05,1.7688047177123953e-05,1,1.0009734178323721,1.0009647916734485,12.096154394118336,12.096154394118336,1.0010523319716669,1.0010510800290051,99.99999999999994,99.99999999999996,0,2
2023-06-17 08:30:00,2023-06-17 08:34:59,1.00092,1.00092,1.00092,1.00093,1.0008931877976006,1.0009225000000002,1.00092,1.00093,True,2.732046405839682e-05,1.918810963058476e-05,0,1.0009691047529103,1.0009614726881098,15.682076653380577,15.682076653380577,1.0010510401112522,1.0010497757501096,99.99999999999994,99.99999999999996,0,2
2023-06-17 08:35:00,2023-06-17 08:39:59,1.00093,1.00092,1.00092,1.00093,1.0009078438988004,1.000925,1.00092,1.00093,True,2.60832880542303e-05,1.9585122133890874e-05,0,1.00096528872051,1.0009586093861835,18.072691492888737,18.072691492888737,1.001049785980792,1.0010484844491134,99.99999999999994,99.99999999999996,0,2
2023-06-17 08:40:00,2023-06-17 08:44:59,1.00092,1.00092,1.00092,1.00093,1.0009164219494002,1.0009225000000002,1.00092,1.00093,True,2.4934481764647102e-05,1.9219178316588986e-05,0,1.0009619490533468,1.0009561073396502,19.66643471922751,19.66643471922751,1.00104851945362,1.0010472059968833,99.25761528577927,99.75253842859307,1,2
2023-06-17 08:45:00,2023-06-17 08:49:59,1.00092,1.00092,1.00092,1.00093,1.0009194609747003,1.0009225000000002,1.00092,1.00093,True,2.386773306717699e-05,1.8345011762647315e-05,0,1.0009590281964986,1.0009539068787285,20.728930203453345,20.728930203453345,1.0010472655287084,1.0010459402655711,98.5152305715586,99.2576152857793,0,2
2023-06-17 08:50:00,2023-06-17 08:54:59,1.00092,1.00092,1.00092,1.00093,1.0009209804873502,1.0009225000000002,1.00092,1.00093,True,2.2877180705240456e-05,1.71515609063572e-05,0,1.0009564675376137,1.0009519589557818,21.437260526270578,21.437260526270578,1.0010460240806616,1.0010446871286003,97.77284585733793,98.51523057155862,0,2
2023-06-17 08:55:00,2023-06-17 08:59:59,1.00093,1.00093,1.00092,1.00093,1.0009217402436752,1.0009275000000002,1.00092,1.00093,True,2.1957382083442244e-05,1.6462978219545595e-05,0,1.0009542132466978,1.000950257527899,23.555317821645545,23.555317821645545,1.0010448447365754,1.0010435459631415,98.5152305715586,98.26776900015174,0,2
2023-06-17 09:00:00,2023-06-17 09:04:59,1.00093,1.00093,1.00092,1.00093,1.0009246201218378,1.0009275000000002,1.00092,1.00093,True,2.1103283363201048e-05,1.5419131599428606e-05,0,1.0009522353872984,1.0009487618409183,24.967356018562185,24.967356018562185,1.0010436771272562,1.001042416152563,99.25761528577927,98.51523057155862,0,2
2023-06-17 09:05:00,2023-06-17 09:09:59,1.00092,1.00093,1.00092,1.00093,1.000926060060919,1.000925,1.00092,1.00093,True,2.0310191694405653e-05,1.4167288461408722e-05,0,1.0009504986141082,1.000947421244541,25.908714816506617,25.908714816506617,1.0010424962603184,1.001041297583881,98.9840209796762,98.91895561233804,0,2
2023-06-17 09:10:00,2023-06-17 09:14:59,1.00093,1.00085,1.00085,1.00093,1.0009255300304596,1.00089,1.00085,1.00093,True,2.457374943052525e-05,7.328329857019371e-06,-1,1.0009489599293246,1.0009459718127824,7.9841568446490925,7.9841568446490925,1.0010409788845938,1.0010393941253348,77.35763720412938,91.86642448986163,0,1
2023-06-17 09:15:00,2023-06-17 09:19:59,1.00086,1.00075,1.00074,1.00086,1.0009077650152298,1.0008025,1.00074,1.0009077650152298,True,3.138991018549631e-05,-4.199207837927951e-06,0,1.0009474658710535,1.0009438462957527,-7.784952324728486,-0.0,1.0010386059603689,1.0010365145817992,44.02430387079604,73.45532068486723,-1,1
2023-06-17 09:20:00,2023-06-17 09:24:59,1.00075,1.00073,1.00073,1.00086,1.000855132507615,1.0007675,1.00073,1.00086,True,3.843348802940268e-05,-1.2747922390791116e-05,0,1.0009456560834031,1.0009409629381203,-18.69098029651225,-18.69098029651225,1.001035908388624,1.0010334646854628,11.706949557786444,44.36296354423731,0,-2
2023-06-17 09:25:00,2023-06-17 09:29:59,1.00074,1.00073,1.00073,1.00074,1.0008113162538075,1.000735,1.00073,1.0008113162538075,True,3.6402524598735744e-05,-1.7594675250605517e-05,0,1.0009433095107618,1.000937279725589,-25.96166561103476,-25.96166561103476,1.0010329142753043,1.0010304451363539,-4.973799150320701e-14,18.577084476194166,0,-2
2023-06-17 09:30:00,2023-06-17 09:34:59,1.00073,1.00079,1.00073,1.00079,1.0007731581269037,1.00076,1.00073,1.00079,True,3.808805855598112e-05,-1.568737552399069e-05,0,1.0009402946181756,1.0009331635790124,-21.0606773162177,-21.0606773162177,1.0010301987103758,1.0010280526474349,6.1794196330560425,5.962123063614167,0,-2
2023-06-17 09:35:00,2023-06-17 09:39:59,1.00079,1.00079,1.00078,1.00079,1.000766579063452,1.0007875000000002,1.00078,1.00079,True,3.608176865913e-05,-1.3587681581175827e-05,0,1.000936729098594,1.0009289235008054,-17.793351786339656,-17.793351786339656,1.0010277837978347,1.0010256839643759,18.371946836520554,8.183788823192204,0,-1
2023-06-17 09:40:00,2023-06-17 09:44:59,1.00078,1.00078,1.00075,1.00079,1.0007770395317261,1.000775,1.00075,1.00079,True,3.6361642326337857e-05,-1.2121401176978778e-05,0,1.0009328262996997,1.0009245291785065,-16.544539257226923,-16.544539257226923,1.0010252685361647,1.001023239347815,29.12497838604864,17.8921149518751,0,-2
2023-06-17 09:45:00,2023-06-17 09:49:59,1.00077,1.00072,1.00072,1.00078,1.000776019765863,1.0007475,1.00072,1.00078,True,3.805009644588151e-05,-1.453925639897767e-05,0,1.000928677739103,1.0009198548892282,-19.8024818461166,-19.8024818461166,1.001022504670133,1.0010202220408715,30.75773019086211,26.084885137810456,0,-2
2023-06-17 09:50:00,2023-06-17 09:54:59,1.00073,1.00077,1.0007,1.00078,1.0007617598829315,1.000745,1.0007,1.00078,True,4.104651812832426e-05,-1.1793172736261669e-05,0,1.0009242663141658,1.000914975097915,-15.500994803073816,-0.0,1.0010197434296342,1.0010177322693206,26.11977975893117,28.66749611194733,0,-1
2023-06-17 09:55:00,2023-06-17 09:59:59,1.00077,1.00077,1.0007,1.00078,1.0007533799414658,1.0007549999999998,1.0007,1.00078,True,4.382890969059253e-05,-9.241055325855986e-06,0,1.0009196207060405,1.0009100356045968,-12.633336774378627,-0.0,1.0010171091666527,1.001015267271616,25.282434429718005,27.386648126503786,0,-1
2023-06-17 10:00:00,2023-06-17 10:04:59,1.00077,1.00076,1.0007,1.00078,1.0007541899707328,1.0007525,1.0007,1.00078,True,4.6412558998413065e-05,-7.5995547471015265e-06,0,1.0009148281553186,1.000905065844989,-11.702591678346018,-0.0,1.0010144762396214,1.0010127272987641,27.07999918197831,26.160737790209186,0,-1
2023-06-17 10:05:00,2023-06-17 10:09:59,1.00077,1.00077,1.00077,1.00078,1.0007533449853665,1.0007724999999998,1.00077,1.00078,True,4.4525947641377056e-05,-5.236659844461421e-06,0,1.000909947000154,1.0009002435756236,-9.571451058302117,-0.0,1.0010120685158441,1.0010103121017615,33.942584916948356,28.76833950954825,0,-1
2023-06-17 10:10:00,2023-06-17 10:14:59,1.00077,1.00078,1.00077,1.00078,1.000762922492683,1.000775,1.00077,1.00078,True,4.205980852414052e-05,-2.5049009379043397e-06,0,1.0009050952878888,1.0008955876649184,-6.614786188650875,-0.0,1.0010097096251391,1.0010080204390575,39.478533290916594,33.50037246328111,0,-1
2023-06-17 10:15:00,2023-06-17 10:19:59,1.00078,1.00077,1.00077,1.00078,1.0007689612463415,1.000775,1.00077,1.00078,True,3.9769822200992306e-05,-1.02464949832388e-06,0,1.0009003414764037,1.000891094674055,-6.137163688939012,-0.0,1.0010073742059835,1.0010056520764798,53.4905348836426,42.30388436383587,0,-1
2023-06-17 10:20:00,2023-06-17 10:24:59,1.00077,1.0008,1.00077,1.00081,1.0007719806231707,1.0007875,1.00077,1.00081,True,3.978626347235286e-05,2.3245338237677557e-06,0,1.0008957180752294,1.0008868465411176,-1.284181497912762,-0.0,1.001005186402939,1.0010036057871616,72.40670571047232,55.12525796167719,0,-1
2023-06-17 10:25:00,2023-06-17 10:29:59,1.0008,1.00072,1.00071,1.00083,1.0007797403115855,1.000765,1.00071,1.00083,True,4.551581608147908e-05,-8.149849761219892e-07,0,1.0008912823081735,1.0008826659593288,-6.636679686167128,-0.0,1.001002796488482,1.0010007838390307,83.12070988098107,69.67265015836534,0,-2
2023-06-17 10:30:00,2023-06-17 10:34:59,1.00071,1.00073,1.00071,1.00073,1.0007723701557927,1.0007199999999998,1.00071,1.0007723701557927,True,4.369325778993836e-05,-1.8359311855277054e-06,0,1.0008869741337512,1.0008782584964158,-8.812286237549792,-0.0,1.0009999825930742,1.0009980894724733,74.34434090906842,76.62391883350729,0,-2
2023-06-17 10:35:00,2023-06-17 10:39:59,1.00073,1.00073,1.00072,1.00073,1.0007461850778963,1.0007275,1.00072,1.0007461850778963,True,4.128659651921729e-05,-2.124033806620042e-06,0,1.0008826163150835,1.0008737541062567,-10.262690605138232,-0.0,1.0009972713234914,1.0009954219155333,51.627413448950314,69.69748807966661,0,-2
2023-06-17 10:40:00,2023-06-17 10:44:59,1.00072,1.00073,1.00072,1.00073,1.0007368425389482,1.000725,1.00072,1.0007368425389482,True,3.90518396249763e-05,-1.9219275841948695e-06,0,1.00087818521067,1.0008691871568431,-11.229626850197192,-0.0,1.0009945621560934,1.0009927809014483,32.09204105796967,52.68793180532948,0,-1
2023-06-17 10:45:00,2023-06-17 10:49:59,1.00073,1.00073,1.00072,1.00073,1.0007309212694742,1.0007275,1.00072,1.0007309212694742,True,3.6976708223181096e-05,-1.408822653739086e-06,0,1.0008736861837566,1.0008646194408772,-11.874251013569832,-0.0,1.0009919048212068,1.0009901661661105,26.076706268192698,36.5987202583709,0,-1
2023-06-17 10:50:00,2023-06-17 10:54:59,1.00072,1.00073,1.00072,1.00073,1.000729210634737,1.000725,1.00072,1.00073,True,3.50498004929427e-05,-7.153847838400063e-07,0,1.0008691528123168,1.0008600653081297,-12.304000455818262,-0.0,1.0009892490518415,1.0009875774480397,23.093834918791867,27.087527414984752,0,-1
2023-06-17 10:55:00,2023-06-17 10:59:59,1.00073,1.00073,1.00072,1.00073,1.0007271053173685,1.0007275,1.00072,1.00073,True,3.32605290291499e-05,6.467788190740449e-08,0,1.0008646090602231,1.0008555702683977,-12.590500083983876,-0.0,1.000986644583664,1.0009850144883576,26.568309335799636,25.24628350759474,0,-1
2023-06-17 11:00:00,2023-06-17 11:04:59,1.00073,1.00073,1.00072,1.00073,1.0007273026586843,1.0007275,1.00072,1.00073,True,3.1599062669913726e-05,8.656173114931142e-07,0,1.0008600896643103,1.0008511525937656,-12.78149983609429,-0.0,1.0009840660305926,1.000982477030762,26.599271500158792,25.420471918250104,0,-1
2023-06-17 11:05:00,2023-06-17 11:09:59,1.00073,1.00073,1.00072,1.00073,1.0007274013293421,1.0007275,1.00072,1.00073,True,3.005627247919442e-05,1.6426804095612084e-06,0,1.0008556211290378,1.0008468261391665,-12.908833004167896,-0.0,1.000981513134766,1.0009799648215008,27.8267331618698,26.998104665942748,0,-1
2023-06-17 11:10:00,2023-06-17 11:14:59,1.00072,1.00073,1.00072,1.00073,1.000727450664671,1.000725,1.00072,1.00073,True,2.862368158781221e-05,2.3667362538028897e-06,0,1.000851223634102,1.0008425840341622,-12.99372178288364,-0.0,1.0009789607652657,1.0009774776093465,24.915834038503004,26.44727956684387,0,2
2023-06-17 11:15:00,2023-06-17 11:19:59,1.00073,1.00073,1.00072,1.00073,1.0007262253323357,1.0007275,1.00072,1.00073,True,2.7293418617243013e-05,3.020148596936942e-06,0,1.000846903834132,1.000838454596197,-13.050314302027466,-0.0,1.000976458668099,1.0009750151455719,26.61557997131194,26.452715723894922,0,2
2023-06-17 11:20:00,2023-06-17 11:24:59,1.00072,1.00073,1.00072,1.00073,1.0007268626661678,1.000725,1.00072,1.00073,True,2.6058174430285906e-05,3.5936200184083505e-06,0,1.0008426792151646,1.0008344250414616,-13.088042648123348,-0.0,1.0009739565917994,1.0009725771839244,26.419464338022653,25.98362611594587,0,2
2023-06-17 11:25:00,2023-06-17 11:29:59,1.00073,1.00073,1.00072,1.00073,1.000725931333084,1.0007275,1.00072,1.00073,True,2.491116197096859e-05,4.083792355802804e-06,0,1.000838552128313,1.0008305189251847,-13.113194878853939,-13.113194878853939,1.0009715042874034,1.0009701634806019,31.61899553661714,28.218013281983914,0,2
2023-06-17 11:30:00,2023-06-17 11:34:59,1.00073,1.00072,1.00072,1.00073,1.000726715666542,1.000725,1.00072,1.00073,True,2.384607897303108e-05,3.8057198457245542e-06,0,1.0008345355267487,1.0008267196403273,-17.503261428537236,-17.503261428537236,1.0009690515084244,1.0009676742917402,37.789073990273465,31.94251128830442,0,2
2023-06-17 11:35:00,2023-06-17 11:39:59,1.00073,1.00073,1.00072,1.00073,1.0007258578332712,1.0007275,1.00072,1.00073,True,2.2857073332089107e-05,4.408653563828866e-06,0,1.000830627583538,1.0008230476843911,-12.816256180993939,-12.816256180993939,1.0009666480108281,1.0009653093734143,62.457526771370674,43.9551987660871,0,2
2023-06-17 11:40:00,2023-06-17 11:44:59,1.00073,1.00073,1.00073,1.00073,1.0007266789166356,1.00073,1.00073,1.00073,True,2.1224425236939887e-05,4.861202196740294e-06,0,1.0008268376339644,1.0008195183215913,-9.691586015965079,-0.0,1.0009642933042526,1.000962967986614,83.39748723865729,61.21469600010048,0,2
2023-06-17 11:45:00,2023-06-17 11:49:59,1.00073,1.00073,1.00073,1.00073,1.0007283394583177,1.00073,1.00073,1.00073,True,1.970839486287275e-05,5.188267101952032e-06,0,1.0008231779777776,1.0008161254385528,-7.608472572612506,-0.0,1.0009619620275934,1.000960649897195,99.99999999999996,81.95167133667599,0,2
2023-06-17 11:50:00,2023-06-17 11:54:59,1.00072,1.00073,1.00072,1.00073,1.000729169729159,1.000725,1.00072,1.00073,True,1.9014938086942088e-05,5.411047749079816e-06,0,1.0008196517081651,1.0008128289804585,-6.219730277044121,-0.0,1.000959604196473,1.0009583548733423,84.96403202724521,89.45383975530082,0,2
2023-06-17 11:55:00,2023-06-17 11:59:59,1.00073,1.00073,1.00072,1.00073,1.0007270848645795,1.0007275,1.00072,1.00073,True,1.8371013937863614e-05,5.547568670827699e-06,0,1.0008162403443117,1.000809648208268,-5.2939020799985315,-0.0,1.0009572947019807,1.000956082685548,83.22985472834473,89.3979622518633,0,2
2023-06-17 12:00:00,2023-06-17 12:04:59,1.00072,1.00073,1.00072,1.00073,1.0007272924322899,1.000725,1.00072,1.00073,True,1.7773084370862175e-05,5.613133273696721e-06,0,1.0008129442762899,1.0008065631872243,-4.676683281968138,-0.0,1.0009549833119111,1.0009538331065873,72.47286490072207,80.22225055210401,0,2
2023-06-17 12:05:00,2023-06-17 12:09:59,1.00073,1.00073,1.00072,1.00073,1.000726146216145,1.0007275,1.00072,1.00073,True,1.7217864058646554e-05,5.620714428254109e-06,0,1.000809753731757,1.0008035918709155,-4.265204083281212,-0.0,1.0009527197963697,1.000951605911497,87.50883287347683,81.07051750084788,0,2
2023-06-17 12:10:00,2023-06-17 12:14:59,1.00072,1.00073,1.00072,1.00073,1.0007268231080726,1.000725,1.00072,1.00073,True,1.670230234016062e-05,5.581290453385389e-06,0,1.0008066728013363,1.0008007133088754,-3.9908846174899253,-0.0,1.0009504539277492,1.0009494008775517,80.59825315214256,80.19331697544716,0,2
2023-06-17 12:15:00,2023-06-17 12:19:59,1.00073,1.00073,1.00073,1.00073,1.0007259115540363,1.00073,1.00073,1.00073,True,1.550928074443486e-05,5.504133968534742e-06,0,1.0008036930551059,1.0007979618282374,-3.8080049736290675,-0.0,1.000948260356329,1.0009472177842427,91.35524297976524,86.48744300179489,0,2
2023-06-17 12:20:00,2023-06-17 12:24:59,1.00073,1.00073,1.00072,1.00073,1.0007279557770181,1.0007275,1.00072,1.00073,True,1.511576069124976e-05,5.397060088386204e-06,0,1.0008008274416718,1.0007953121251059,-3.6860852110551647,-0.0,1.0009460637358678,1.0009450564132552,84.77919032569109,85.57756215253299,0,2
2023-06-17 12:25:00,2023-06-17 12:29:59,1.00073,1.00073,1.00072,1.00073,1.000727727888509,1.0007275,1.00072,1.00073,True,1.4750349213292169e-05,5.2666395685378635e-06,0,1.000798069783389,1.000792760731902,-3.604805369339232,-0.0,1.0009438889723268,1.0009429165484467,86.84789469185166,87.66077599910268,0,2
2023-06-17 12:30:00,2023-06-17 12:34:59,1.00072,1.00073,1.00072,1.00073,1.0007276139442545,1.000725,1.00072,1.00073,True,1.441103855518869e-05,5.1183817512100375e-06,0,1.0007954152576455,1.0007902870914076,-3.5506188081952743,-0.0,1.0009417109726022,1.0009407979758254,71.9326274708569,81.18657082946658,0,2
2023-06-17 12:35:00,2023-06-17 12:39:59,1.00073,1.00072,1.00072,1.00073,1.0007263069721273,1.000725,1.00072,1.00073,True,1.409596437266403e-05,4.271177221058314e-06,0,1.0007928511745265,1.0007878916379727,-14.804724316522666,-14.804724316522666,1.0009395546445166,1.000938600981041,63.59341290393627,74.12464502221496,0,1
2023-06-17 12:40:00,2023-06-17 12:44:59,1.00073,1.00073,1.00072,1.00073,1.0007256534860636,1.0007275,1.00072,1.00073,True,1.3803395488891134e-05,4.3745752201458946e-06,0,1.0007903714062496,1.0007855913297763,-8.742040341466101,-0.0,1.0009374446480537,1.000936525349389,68.30768411423114,67.94457482967479,0,2
2023-06-17 12:45:00,2023-06-17 12:49:59,1.00073,1.00073,1.00072,1.00073,1.0007265767430318,1.0007275,1.00072,1.00073,True,1.3531724382530587e-05,4.395068046099704e-06,0,1.000787981368013,1.0007833817126557,-4.700251024761727,-0.0,1.0009353556465805,1.000934470370788,81.3611698914466,71.08742230320469,0,2
2023-06-17 12:50:00,2023-06-17 12:54:59,1.00072,1.00072,1.00072,1.00073,1.0007270383715159,1.0007225,1.00072,1.00073,True,1.3279458355195793e-05,3.668150146417766e-06,0,1.0007856815403344,1.0007812243522631,-9.152330514157995,-0.0,1.0009332376799478,1.000932336337248,72.11027973627397,73.92637791398393,0,1
2023-06-17 12:55:00,2023-06-17 12:59:59,1.00073,1.00073,1.00072,1.00073,1.000724769185758,1.0007275,1.00072,1.00073,True,1.3045211329813483e-05,3.856085217987386e-06,0,1.000783452946299,1.0007791572410636,-4.7428168326463975,-0.0,1.0009311905388538,1.00093032304036,73.97206118005323,75.8145036025913,0,2
2023-06-17 13:00:00,2023-06-17 13:04:59,1.00073,1.00072,1.00071,1.00073,1.0007261345928788,1.0007225,1.00071,1.00073,True,1.354198194910602e-05,3.2493386191200237e-06,0,1.0007813050936814,1.0007771410609525,-6.862987022493947,-0.0,1.0009291140160792,1.0009282302737892,56.273501181133675,67.45194736582032,0,1
2023-06-17 13:05:00,2023-06-17 13:09:59,1.00072,1.00061,1.00061,1.00072,1.0007243172964393,1.0006650000000001,1.00061,1.0007243172964393,True,2.0431840381316627e-05,-4.706400222561501e-06,0,1.000779223077317,1.0007747843012358,-18.486483648288747,-18.486483648288747,1.0009264860159193,1.0009250638034033,47.10632522396775,59.117295861718254,0,1
2023-06-17 13:10:00,2023-06-17 13:14:59,1.00062,1.00062,1.00061,1.00062,1.0006946586482197,1.0006175000000002,1.00061,1.0006946586482197,True,1.9686708925512977e-05,-8.820035733163038e-06,0,1.0007770036892765,1.0007718496701639,-23.816461413772558,-23.816461413772558,1.0009234115281986,1.000922028342673,13.772991890634415,39.050939431911985,0,-2
2023-06-17 13:15:00,2023-06-17 13:19:59,1.00062,1.00062,1.00061,1.00062,1.00065607932411,1.0006175000000002,1.00061,1.00065607932411,True,1.8994801145123872e-05,-1.0936254212848609e-05,0,1.0007744266797203,1.0007684802116001,-27.3697799240951,-27.3697799240951,1.0009203676323957,1.000919023085532,-4.263256414560601e-14,20.29310570486741,0,-2
2023-06-17 13:20:00,2023-06-17 13:24:59,1.00061,1.00062,1.00061,1.00062,1.000636789662055,1.000615,1.00061,1.000636789662055,True,1.8352315349048273e-05,-1.1648212437054541e-05,0,1.0007714534456602,1.0007647743757044,-29.738658930976793,-29.738658930976793,1.0009173291484912,1.0009160477314472,-4.263256414560601e-14,4.590997296878148,0,-2
2023-06-17 13:25:00,2023-06-17 13:29:59,1.00061,1.00062,1.00061,1.00062,1.0006258948310274,1.000615,1.00061,1.0006258948310274,True,1.7755721395549503e-05,-1.140129045734483e-05,0,1.0007681139106823,1.000760829133545,-31.317911602231256,-31.317911602231256,1.0009143208982574,1.0009131019828756,-4.263256414560601e-14,-4.736951571734001e-15,0,-2
2023-06-17 13:30:00,2023-06-17 13:34:59,1.00062,1.00061,1.00061,1.00062,1.0006204474155136,1.000615,1.00061,1.0006204474155136,True,1.7201741295872075e-05,-1.1212609299214368e-05,0,1.0007644715221138,1.0007567224737075,-33.09996829694838,-33.09996829694838,1.0009113425808618,1.0009100860427476,-4.263256414560601e-14,-4.736951571734001e-15,0,-2
2023-06-17 13:35:00,2023-06-17 13:39:59,1.00062,1.0006,1.00059,1.00073,1.000617723707757,1.000635,1.00059,1.00073,True,2.597304548901028e-05,-1.1051747713394062e-05,0,1.0007605969979108,1.0007526541259197,-34.93101387894487,-34.93101387894487,1.0009085929034403,1.0009070006094865,15.354608453315107,5.118202817771712,0,-2
2023-06-17 13:40:00,2023-06-17 13:44:59,1.00059,1.00078,1.00058,1.0008,1.0006263618538784,1.0006875,1.00058,1.0008,True,3.983211366835861e-05,2.130520408834571e-06,1,1.0007566255619154,1.0007490040605025,-13.780735176480455,-0.0,1.0009063929740527,1.00090573692183,48.687941786648445,21.347516746654538,0,2
2023-06-17 13:45:00,2023-06-17 13:49:59,1.00077,1.0007,1.0007,1.00078,1.0006569309269393,1.0007374999999998,1.0007,1.00078,True,4.270124840633871e-05,5.307619706111061e-06,0,1.000752814811209,1.000746051408241,-7.212182112966758,-0.0,1.0009047124469477,1.0009036897882795,82.02127511998178,48.68794178664848,0,2
2023-06-17 13:50:00,2023-06-17 13:54:59,1.00067,1.00076,1.00066,1.00077,1.0006972154634695,1.000715,1.00066,1.00077,True,4.750830209158826e-05,1.1464760301057108e-05,0,1.000749433109725,1.000743513718668,0.18906619803431823,0.0,1.0009028247609084,1.0009022600391424,95.59374081096166,75.43431923919734,0,2
2023-06-17 13:55:00,2023-06-17 13:59:59,1.00076,1.00081,1.00076,1.00081,1.0007061077317347,1.000785,1.00076,1.00081,True,4.7686280513609354e-05,1.856771351209347e-05,0,1.0007464734141966,1.0007418004178297,7.114190293664443,7.114190293664443,1.0009016523752277,1.0009013420288027,95.59374081096166,91.06958558063506,1,2
2023-06-17 14:00:00,2023-06-17 14:04:59,1.0008,1.00081,1.0008,1.00081,1.0007455538658674,1.000805,1.0008,1.00081,True,4.4994403334070505e-05,2.250436936644929e-05,0,1.0007441369160133,1.000740885140375,11.730939690751192,11.730939690751192,1.0009006906600513,1.0009004331528941,95.59374081096166,95.59374081096168,0,2
2023-06-17 14:05:00,2023-06-17 14:09:59,1.0008,1.0008,1.0008,1.00081,1.0007752769329337,1.0008024999999998,1.0008,1.00081,True,4.249480309592729e-05,2.3494713125229264e-05,0,1.0007425110281942,1.0007405872794604,13.700897516882279,13.700897516882279,1.0008997136385582,1.0008994338180395,99.59620547257659,96.92789569816665,0,2
2023-06-17 14:10:00,2023-06-17 14:14:59,1.0008,1.0008,1.0008,1.00081,1.0007888884664666,1.0008024999999998,1.0008,1.00081,True,4.017374573193716e-05,2.3183067077773814e-05,0,1.0007415491538274,1.0007407775585724,15.014202734302998,15.014202734302998,1.000898746338672,1.0008984444268152,99.19241094515321,98.12745240956383,0,2
2023-06-17 14:15:00,2023-06-17 14:19:59,1.00081,1.00081,1.0008,1.00081,1.0007956942332332,1.0008075,1.0008,1.00081,True,3.8018478179660616e-05,2.269150141543139e-05,0,1.0007411633562,1.0007413851535607,16.571239179664175,16.571239179664175,1.000897838414904,1.0008975643827673,99.19241094515321,99.32700912096101,0,2
2023-06-17 14:20:00,2023-06-17 14:24:59,1.00081,1.0008,1.0008,1.00081,1.0008015971166166,1.000805,1.0008,1.00081,True,3.601715830968953e-05,2.0697206588773634e-05,0,1.0007412742548805,1.0007422999828666,15.97225155270759,15.97225155270759,1.0008969146495816,1.000896593592889,99.1089792103935,99.16460036689999,0,2
2023-06-17 14:25:00,2023-06-17 14:29:59,1.00081,1.0008,1.0008,1.00081,1.0008032985583082,1.000805,1.0008,1.00081,True,3.4158789859002104e-05,1.847281405119558e-05,0,1.0007417871188737,1.0007434504232096,15.572926468069866,15.572926468069866,1.000896000075954,1.0008956324626115,99.02554747563379,99.10897921039351,0,1
2023-06-17 14:30:00,2023-06-17 14:34:59,1.00081,1.00083,1.0008,1.00084,1.000804149279154,1.00082,1.0008,1.00084,True,3.457601915479053e-05,1.822651014568224e-05,0,1.0007426187710418,1.0007448813844868,18.04719151225305,18.04719151225305,1.0008952438562926,1.000894979403282,99.02554747563379,99.05335805388705,0,2
2023-06-17 14:35:00,2023-06-17 14:39:59,1.00084,1.00083,1.00083,1.00084,1.000812074639577,1.000835,1.00083,1.00084,True,3.2820589215151456e-05,1.7183259212735733e-05,0,1.0007437500777643,1.000746626299904,19.696701541708507,19.696701541708507,1.0008946444149365,1.0008943328420552,99.51277373781687,99.18795622969485,0,2
2023-06-17 14:40:00,2023-06-17 14:44:59,1.00083,1.00084,1.00083,1.00084,1.0008235373197885,1.000835,1.00083,1.00084,True,3.119054712834374e-05,1.632925745278287e-05,0,1.0007451881888343,1.0007486064216484,21.703202624251517,21.703202624251517,1.000894050938171,1.0008937922167611,99.99999999999996,99.51277373781689,0,2
2023-06-17 14:45:00,2023-06-17 14:49:59,1.00083,1.00073,1.00072,1.00084,1.0008292686598943,1.00078,1.00072,1.00084,True,3.75340794763119e-05,7.380722571886236e-06,0,1.0007468973052414,1.0007503807787566,8.635124762893966,8.635124762893966,1.0008929161029654,1.00089216244346,75.0283692257341,91.51371432118366,0,1
2023-06-17 14:50:00,2023-06-17 14:54:59,1.00073,1.00067,1.00066,1.00073,1.0008046343299473,1.0006975,1.00066,1.0008046343299473,True,3.985307379941765e-05,-2.982883540086359e-06,-1,1.000748639041999,1.000751414924207,-3.0233543076621174,-0.0,1.0008909716641299,1.0008899518718832,41.69503589240077,72.24113503937828,0,1
2023-06-17 14:55:00,2023-06-17 14:59:59,1.00066,1.00067,1.00066,1.00067,1.0007510671649738,1.0006650000000001,1.00066,1.0007510671649738,True,3.772071138516235e-05,-9.676916029310426e-06,0,1.0007500269831031,1.0007516362159135,-10.795673688032835,-0.0,1.00088872318986,1.0008877632960436,8.361702559067444,41.695035892400774,0,1
2023-06-17 15:00:00,2023-06-17 15:04:59,1.00066,1.00066,1.00066,1.00067,1.000708033582487,1.0006625000000002,1.00066,1.000708033582487,True,3.5740660571925284e-05,-1.4367823679019767e-05,0,1.0007508315995084,1.000751198871196,-16.46048335568522,-16.46048335568522,1.0008864722128465,1.0008854969945904,-3.0790185216271006e-14,16.685579483822735,-1,1
2023-06-17 15:05:00,2023-06-17 15:09:59,1.00066,1.00067,1.00066,1.00067,1.0006852667912436,1.0006650000000001,1.00066,1.0006852667912436,True,3.3902041959633727e-05,-1.61581513770696e-05,0,1.0007510152353523,1.0007502631306981,-18.460931215788964,-18.460931215788964,1.000884268509236,1.000883352745888,0.5359343237910975,2.9658789609528458,0,-2
2023-06-17 15:10:00,2023-06-17 15:14:59,1.00066,1.00067,1.00066,1.00067,1.0006751333956219,1.0006650000000001,1.00066,1.0006751333956219,True,3.2194753248220136e-05,-1.6652116913598776e-05,0,1.0007506391830254,1.0007489414198727,-19.794563122524792,-19.794563122524792,1.0008820867330248,1.0008812298329937,1.0718686475822259,0.5359343237911062,0,-2
2023-06-17 15:15:00,2023-06-17 15:19:59,1.00067,1.00066,1.00066,1.00067,1.000670066697811,1.0006650000000001,1.00066,1.000670066697811,True,3.0609413730478945e-05,-1.694429373966482e-05,0,1.0007497903014493,1.0007473249002357,-21.507762299858467,-21.507762299858467,1.0008799266660295,1.000879028541123,1.6078029713733544,1.0718686475822345,0,-2
2023-06-17 15:20:00,2023-06-17 15:24:59,1.00066,1.00065,1.00065,1.00066,1.0006675333489055,1.000655,1.00065,1.0006675333489055,True,2.9137312749735126e-05,-1.706522569087289e-05,0,1.0007485576008426,1.0007454187559572,-23.46249857374906,-23.46249857374906,1.0008776885897506,1.0008767496501667,1.071868647582226,1.2505134221792773,0,-2
2023-06-17 15:25:00,2023-06-17 15:29:59,1.00066,1.00063,1.00062,1.00066,1.0006612666744528,1.0006425,1.00062,1.0006612666744528,True,2.991321898189976e-05,-1.7727865683420518e-05,0,1.0007469881784001,1.0007432119030455,-26.19305427352837,-26.19305427352837,1.0008753484047779,1.000874294429767,0.5359343237910977,1.0718686475822345,0,-2
2023-06-17 15:30:00,2023-06-17 15:34:59,1.00063,1.00059,1.00059,1.00063,1.0006518833372264,1.00061,1.00059,1.0006518833372264,True,3.063370334032249e-05,-2.0053470441348304e-05,0,1.000745100040723,1.000740560456907,-29.92340135341975,-29.92340135341975,1.0008727081221434,1.0008714656294708,-3.064215547965432e-14,0.5359343237911063,0,-2
2023-06-17 15:35:00,2023-06-17 15:39:59,1.0006,1.0006,1.00059,1.0006,1.0006309416686132,1.0005975,1.00059,1.0006309416686132,True,2.915986738743113e-05,-1.9888506131085654e-05,0,1.000742830248815,1.0007374914078415,-29.914862596646316,-29.914862596646316,1.0008699697328682,1.000868764478929,-3.064215547965432e-14,0.1786447745970207,0,-2
2023-06-17 15:40:00,2023-06-17 15:44:59,1.00059,1.00059,1.00059,1.0006,1.0006142208343065,1.0005925000000002,1.00059,1.0006142208343065,True,2.7791305431174868e-05,-1.9459676778572753e-05,0,1.0007401608283284,1.0007340803286777,-30.533825328801022,-30.533825328801022,1.000867208840004,1.000865990703019,-3.064215547965432e-14,-2.2093438190040615e-14,0,-2
2023-06-17 15:45:00,2023-06-17 15:49:59,1.00059,1.00051,1.0005,1.00059,1.0006033604171534,1.0005475,1.0005,1.0006033604171534,True,3.2234783614672774e-05,-2.364773326042001e-05,0,1.0007371205785032,1.000730114622587,-33.81605511516852,-33.81605511516852,1.0008640276575163,1.000862448506969,-3.064215547965432e-14,-2.2093438190040615e-14,0,-2
2023-06-17 15:50:00,2023-06-17 15:54:59,1.0005,1.00046,1.0004,1.00051,1.0005754302085768,1.0004675,1.0004,1.0005754302085768,True,3.778944192791433e-05,-2.853696117735617e-05,0,1.0007336176005452,1.0007251905787005,-36.84290057426808,-36.84290057426808,1.0008600821086853,1.0008584440442132,-3.064215547965432e-14,-2.2093438190040615e-14,0,-2
2023-06-17 15:55:00,2023-06-17 15:59:59,1.00046,1.00065,1.00044,1.00065,1.0005214651042884,1.00055,1.00044,1.00065,True,5.0090196075923554e-05,-1.7156267721607954e-05,1,1.0007294040896229,1.0007201118506408,-22.017267389600256,-22.017267389600256,1.000856996714569,1.0008563699741215,26.024221804077396,8.67474060135912,0,-1
2023-06-17 16:00:00,2023-06-17 16:04:59,1.00065,1.00065,1.00065,1.00066,1.0005357325521442,1.0006525,1.00065,1.00066,True,4.72266106419337e-05,-8.768103145602534e-06,0,1.0007247579701317,1.0007156494431246,-12.133511933155049,-0.0,1.0008549619213893,1.000854316541543,59.357555137410735,28.460592313829377,0,-1
2023-06-17 16:05:00,2023-06-17 16:09:59,1.00065,1.00064,1.00064,1.00066,1.000594116276072,1.0006475,1.00064,1.00066,True,4.5281852738947796e-05,-3.362710584348184e-06,0,1.000720203706628,1.0007116685806505,-6.304976595101188,-0.0,1.0008528976236641,1.0008521840386422,92.11191746622501,59.16456480257106,0,-1
2023-06-17 16:10:00,2023-06-17 16:14:59,1.00064,1.00065,1.00064,1.00065,1.000620808138036,1.000645,1.00064,1.00065,True,4.27617204004562e-05,1.2484561767278065e-06,0,1.000715936143639,1.0007080770022658,-1.744259572427083,-0.0,1.0008508289905929,1.0008501722571632,98.5359606711829,83.33514442493957,0,-1
2023-06-17 16:15:00,2023-06-17 16:19:59,1.00064,1.00064,1.00064,1.00066,1.000632904069018,1.000645,1.00064,1.00066,True,4.1135883229004404e-05,3.765632800476436e-06,0,1.0007120065729522,1.0007048165520298,0.3089769704806713,0.0,1.0008487809409352,1.0008480809909228,97.65089234688487,96.09959016143095,0,-1
2023-06-17 16:20:00,2023-06-17 16:24:59,1.00064,1.00065,1.00064,1.00065,1.000638952034509,1.000645,1.00064,1.00065,True,3.891189156979448e-05,6.181245204935201e-06,0,1.000708411562491,1.0007018391714697,2.5641044257378667,0.0,1.000846753269881,1.0008461100357893,97.34479502710592,97.8438826817246,0,-1
2023-06-17 16:25:00,2023-06-17 16:29:59,1.00064,1.00066,1.00064,1.00066,1.0006419760172545,1.00065,1.00064,1.00066,True,3.756104217196138e-05,8.41264533655416e-06,0,1.0007051253669803,1.0006991393869706,5.003533555903779,5.003533555903779,1.000844795525902,1.000844258194637,98.14090387395233,97.71219708264772,0,2
2023-06-17 16:30:00,2023-06-17 16:34:59,1.00066,1.00067,1.00066,1.00067,1.0006459880086274,1.0006650000000001,1.00066,1.00067,True,3.559239630252438e-05,1.0411026351225678e-05,0,1.0007021323769754,1.0006967795951476,7.603150381137297,7.603150381137297,1.0008430065156941,1.0008425242822527,99.02597219825036,98.1705570331029,0,2
2023-06-17 16:35:00,2023-06-17 16:39:59,1.00066,1.00066,1.00066,1.00067,1.0006554940043138,1.0006625000000002,1.00066,1.00067,True,3.376436799519003e-05,1.078060397910796e-05,0,1.0006994559860614,1.000694686519972,7.654653289419784,7.654653289419784,1.000841210430961,1.0008407081202402,99.50273674924789,98.88987094048355,0,2
2023-06-17 16:40:00,2023-06-17 16:44:59,1.00066,1.00067,1.00066,1.00067,1.0006589970021569,1.0006650000000001,1.00066,1.00067,True,3.206691313837956e-05,1.1434344660113193e-05,0,1.0006970712530165,1.0006928349460689,8.92693920108556,8.92693920108556,1.0008394570933394,1.000839009531979,99.59169622669948,99.37346839139927,0,2
2023-06-17 16:45:00,2023-06-17 16:49:59,1.00066,1.00067,1.00066,1.00067,1.0006619985010785,1.0006650000000001,1.00066,1.00067,True,3.0490705057055556e-05,1.1538071227781116e-05,0,1.0006949530995426,1.000691186211582,9.775129808862744,9.775129808862744,1.0008377212018633,1.0008373278450937,99.59169622669948,99.56204306754897,0,2
2023-06-17 16:50:00,2023-06-17 16:54:59,1.00067,1.00066,1.00066,1.00067,1.0006634992505394,1.0006650000000001,1.00066,1.00067,True,2.9027083267254692e-05,1.0576987769896335e-05,0,1.0006930696555623,1.000689708486066,8.037974949744886,8.037974949744886,1.0008360025829393,1.0008355633889237,99.99999999999999,99.72779748446634,0,2
2023-06-17 16:55:00,2023-06-17 16:59:59,1.00067,1.00067,1.00066,1.00067,1.0006642496252698,1.0006675,1.00066,1.00067,True,2.766800589101103e-05,1.0324782740093395e-05,0,1.0006913890708142,1.0006883926885428,8.679545035105512,8.679545035105512,1.000834325940323,1.000833915992019,99.99999999999999,99.86389874223318,0,2
2023-06-17 17:00:00,2023-06-17 17:04:59,1.00067,1.00067,1.00066,1.00067,1.000665874812635,1.0006675,1.00066,1.00067,True,2.6406005470213347e-05,9.839641731795357e-06,0,1.0006898908796784,1.0006872134058373,9.107258425345925,9.107258425345925,1.0008326659807179,1.0008322849871232,99.99999999999999,100.00000000000001,0,2
2023-06-17 17:05:00,2023-06-17 17:09:59,1.00067,1.00066,1.00066,1.00067,1.0006666874063175,1.0006650000000001,1.00066,1.00067,True,2.52341479366155e-05,8.523903316652469e-06,0,1.0006885521427578,1.0006861325406826,6.472040305458037,6.472040305458037,1.0008309976625018,1.0008305707086445,94.07732408379745,98.02577469459918,0,1
2023-06-17 17:10:00,2023-06-17 17:14:59,1.00066,1.00067,1.00066,1.00067,1.0006658437031588,1.0006650000000001,1.00066,1.00067,True,2.4145994512560354e-05,8.087744216144123e-06,0,1.0006873423417202,1.0006851365762421,7.141738311237795,7.141738311237795,1.000829345944467,1.0008289729901505,88.15464816759489,94.07732408379746,0,2
2023-06-17 17:15:00,2023-06-17 17:19:59,1.00067,1.00067,1.00066,1.00067,1.0006654218515796,1.0006675,1.00066,1.00067,True,2.3135566333080578e-05,7.5409239555125674e-06,0,1.000686239458981,1.0006842314407651,7.58820364842429,7.58820364842429,1.0008277355370594,1.000827391169353,88.15464816759489,90.12887347299575,1,2
2023-06-17 17:20:00,2023-06-17 17:24:59,1.00066,1.00066,1.00066,1.00067,1.0006664609257898,1.0006625000000002,1.00066,1.00067,True,2.2197311594992214e-05,6.249082983003199e-06,0,1.000685235449873,1.0006833697204442,4.438814141627773,4.438814141627773,1.0008260914023623,1.0008257255855784,80.08700973826203,85.46543535781727,0,1
2023-06-17 17:25:00,2023-06-17 17:29:59,1.00067,1.00067,1.00066,1.00067,1.000664480462895,1.0006675,1.00066,1.00067,True,2.132607505248159e-05,5.894790323719071e-06,0,1.0006843025851586,1.0006825823988164,5.3652367179584886,5.3652367179584886,1.0008245133784583,1.0008241760772643,85.78527385774099,84.67564392119931,0,2
2023-06-17 17:30:00,2023-06-17 17:34:59,1.00066,1.00065,1.00065,1.00067,1.0006659902314476,1.0006575,1.00065,1.00067,True,2.123135540586926e-05,4.095791362127062e-06,0,1.0006834424919875,1.0006817904430318,0.34051502513075604,0.0,1.0008228515537971,1.000822442981968,52.451940524407654,72.77474137347023,-1,1
2023-06-17 17:35:00,2023-06-17 17:39:59,1.00066,1.00066,1.00065,1.00066,1.0006617451157238,1.0006575,1.00065,1.0006617451157238,True,2.0429115734026133e-05,3.4939727829664117e-06,0,1.0006826164675096,1.0006810002724018,-0.009063972687741284,-0.0,1.0008212062647046,1.0008208266338887,33.10892153660973,57.11537863958614,0,1
2023-06-17 17:40:00,2023-06-17 17:44:59,1.00065,1.00061,1.0006,1.00065,1.000659622557862,1.0006275,1.0006,1.000659622557862,True,2.32556074673222e-05,-4.26801764168839e-07,0,1.0006818083699556,1.0006800110967435,-8.045273201616098,-0.0,1.0008192788391852,1.0008187288564372,-1.4210854715202004e-14,28.520287353672472,0,1
2023-06-17 17:45:00,2023-06-17 17:49:59,1.00061,1.00056,1.00055,1.00061,1.000643561278931,1.0005825000000002,1.00055,1.000643561278931,True,2.58802069339384e-05,-6.31665135025938e-06,-1,1.0006809097333496,1.0006785632819681,-16.53464839461708,-16.53464839461708,1.000816922830835,1.0008161544399552,-1.4210854715202004e-14,11.036307178869917,0,-2
2023-06-17 17:50:00,2023-06-17 17:54:59,1.00055,1.00054,1.00053,1.00056,1.0006130306394656,1.000545,1.00053,1.0006130306394656,True,2.6174477867226692e-05,-1.1147670243484506e-05,0,1.0006797365076587,1.0006765070210593,-23.009720215146693,-23.009720215146693,1.0008142171310257,1.0008134066345824,-1.4210854715202004e-14,2.3684757858670005e-15,0,-2
2023-06-17 17:55:00,2023-06-17 17:59:59,1.00053,1.00054,1.00053,1.00054,1.0005790153197327,1.000535,1.00053,1.0005790153197327,True,2.5019158019572324e-05,-1.3687590941843195e-05,0,1.000678121764359,1.0006739172237327,-27.326434762166436,-27.326434762166436,1.000811438851115,1.0008106861705568,-1.4210854715202004e-14,2.3684757858670005e-15,0,-2
2023-06-17 18:00:00,2023-06-17 18:04:59,1.00053,1.00054,1.00053,1.00054,1.0005570076598662,1.000535,1.00053,1.0005570076598662,True,2.394636101817898e-05,-1.4609862178589023e-05,0,1.0006760194940458,1.0006709251381962,-30.2042444601796,-30.2042444601796,1.0008086882157805,1.0008079927758249,-1.4210854715202004e-14,2.3684757858670005e-15,0,-2
2023-06-17 18:05:00,2023-06-17 18:09:59,1.00054,1.00053,1.00053,1.00054,1.0005460038299332,1.000535,1.00053,1.0005460038299332,True,2.2950192374028015e-05,-1.510672687182574e-05,0,1.000673472316121,1.0006676368572116,-32.65462521661922,-32.65462521661922,1.0008059649499519,1.000805226678553,-1.4210854715202004e-14,2.3684757858670005e-15,0,-2
2023-06-17 18:10:00,2023-06-17 18:14:59,1.00053,1.00053,1.00053,1.00054,1.0005405019149665,1.0005324999999998,1.00053,1.0005405019149665,True,2.2025178633030693e-05,-1.459586667151709e-05,0,1.0006705545866663,1.0006641207879134,-34.28821238757898,-34.28821238757898,1.0008032439056738,1.0008024881046371,-1.4210854715202004e-14,2.3684757858670005e-15,0,-2
2023-06-17 18:15:00,2023-06-17 18:19:59,1.00053,1.00053,1.00053,1.00054,1.0005365009574831,1.0005324999999998,1.00053,1.00054,True,2.1166237302104606e-05,-1.3432588072958009e-05,0,1.0006673376872899,1.0006604495032487,-35.37727050155215,-35.37727050155215,1.0008005499364632,1.0007997767802128,-1.4210854715202004e-14,2.3684757858670005e-15,0,-2
2023-06-17 18:20:00,2023-06-17 18:24:59,1.00053,1.00053,1.00053,1.00054,1.0005345004787416,1.0005324999999998,1.00053,1.00054,True,2.0368648923387528e-05,-1.1877799086867044e-05,0,1.0006638935952692,1.0006566812053515,-36.10330924420093,-36.10330924420093,1.0007978827729163,1.000797092434141,-1.4210854715202004e-14,2.3684757858670005e-15,0,-1
2023-06-17 18:25:00,2023-06-17 18:29:59,1.00054,1.00054,1.00053,1.00054,1.0005335002393707,1.0005375,1.00053,1.00054,True,1.962803114315024e-05,-9.434586892104595e-06,0,1.0006602874003103,1.0006528966881023,-31.0215697428986,-31.0215697428986,1.000795291899554,1.0007945343004678,3.103128266193482,1.0343760887311677,0,-1
2023-06-17 18:30:00,2023-06-17 18:34:59,1.00054,1.0006,1.00053,1.00061,1.0005355001196854,1.00057,1.00053,1.00061,True,2.3940314632930937e-05,-3.082702301902318e-06,0,1.0006565920442063,1.000649348351619,-13.967422192460958,-0.0,1.0007930501891107,1.0007925986357866,23.088225207868543,8.730451158020687,0,-1
2023-06-17 18:35:00,2023-06-17 18:39:59,1.0006,1.00061,1.0006,1.00061,1.0005527500598426,1.000605,1.0006,1.00061,True,2.2944577873440552e-05,2.08753354511134e-06,1,1.0006529701979128,1.0006462504444968,-1.5656723876062273,-0.0,1.0007911790429505,1.000790781733938,56.421558541201875,27.53763733842132,0,-1
2023-06-17 18:40:00,2023-06-17 18:44:59,1.0006,1.00061,1.0006,1.00061,1.0005788750299214,1.000605,1.0006,1.00061,True,2.201996516819948e-05,5.572541764722209e-06,0,1.0006496103212048,1.0006435284185156,6.702160815630258,6.702160815630258,1.00078932651516,1.0007889829107148,86.65176360834171,55.38718245247073,0,2
2023-06-17 18:45:00,2023-06-17 18:49:59,1.0006,1.0006,1.0006,1.00061,1.0005919375149608,1.0006024999999998,1.0006,1.00061,True,2.116139622761848e-05,7.116716664887243e-06,0,1.00064656936986,1.0006411038497343,9.04170662859233,9.04170662859233,1.0007874675448598,1.0007871024837425,99.06587963149325,80.71306726034562,0,2
2023-06-17 18:50:00,2023-06-17 18:54:59,1.0006,1.0006,1.0006,1.00061,1.0005972187574803,1.0006024999999998,1.0006,1.00061,True,2.0364153639936125e-05,8.010848265465072e-06,0,1.0006438366097972,1.0006389301062186,10.601403837233711,10.601403837233711,1.0007856270717765,1.0007852407674864,98.1317592629865,94.61646750094052,0,2
2023-06-17 18:55:00,2023-06-17 18:59:59,1.00061,1.0006,1.0006,1.00061,1.00059985937874,1.000605,1.0006,1.00061,True,1.9623856951373935e-05,8.431483353680507e-06,0,1.000641383358008,1.0006369859060495,11.641201976327963,11.641201976327963,1.0007838297874803,1.00078339757577,98.1317592629865,98.44313271915546,0,2
2023-06-17 19:00:00,2023-06-17 19:04:59,1.00061,1.00058,1.00058,1.00061,1.00060242968937,1.0005950000000001,1.00058,1.00061,True,2.0365010026273976e-05,7.141908536179654e-06,0,1.0006391846320288,1.0006351671556177,5.751727183262204,5.751727183262204,1.0007819508841223,1.0007813737192948,94.79895837925062,97.02082563507457,0,1
2023-06-17 19:05:00,2023-06-17 19:09:59,1.00059,1.00058,1.00058,1.00059,1.000598714844685,1.000585,1.00058,1.000598714844685,True,1.9624652167259087e-05,6.164298251443664e-06,0,1.0006371758938233,1.0006333910405736,1.8254106545516962,0.0,1.0007799911738324,1.0007793700006948,87.48233044111679,93.47101602778467,0,1
2023-06-17 19:10:00,2023-06-17 19:14:59,1.00058,1.00055,1.00054,1.00059,1.0005918574223425,1.000565,1.00054,1.0005918574223425,True,2.1794319869605258e-05,3.365068276153644e-06,0,1.0006352834671985,1.000631523457439,-6.669654543303864,-0.0,1.0007778519581725,1.0007770877121307,72.27631408583035,84.85253430206593,0,1
2023-06-17 19:15:00,2023-06-17 19:19:59,1.00054,1.00052,1.00051,1.00055,1.0005784287111712,1.00053,1.00051,1.0005784287111712,True,2.309472559320774e-05,-4.917088687218587e-07,-1,1.0006334034623188,1.0006293565372184,-15.185371451662576,-15.185371451662576,1.0007753857695338,1.0007745296254429,52.16169250136576,70.64011234277099,0,-2
2023-06-17 19:20:00,2023-06-17 19:24:59,1.00051,1.00052,1.00051,1.00052,1.0005542143555854,1.000515,1.00051,1.0005542143555854,True,2.2159388050840436e-05,-2.801115562780603e-06,0,1.0006313799997686,1.0006268658982302,-20.86251605723505,-20.86251605723505,1.0007727948663545,1.0007719969923539,32.90854638701476,52.448850991403646,0,-2
2023-06-17 19:25:00,2023-06-17 19:29:59,1.00051,1.00051,1.00051,1.00052,1.0005346071777927,1.0005125,1.00051,1.0005346071777927,True,2.1290860332927943e-05,-4.687553280248911e-06,0,1.0006291229489994,1.0006241203289532,-25.44692828071548,-25.44692828071548,1.0007702048676843,1.0007693900571066,20.10427822613441,35.058172371505,0,-2
2023-06-17 19:30:00,2023-06-17 19:34:59,1.00052,1.00052,1.0005,1.00052,1.0005235535888963,1.000515,1.0005,1.0005235535888963,True,2.119865602344245e-05,-4.836749682938608e-06,0,1.0006266216389763,1.0006212100414507,-24.57348833128307,-24.57348833128307,1.0007676655157671,1.0007669085640012,15.028271341943821,22.680365318364352,0,-2
2023-06-17 19:35:00,2023-06-17 19:39:59,1.00052,1.00054,1.00052,1.00055,1.0005192767944482,1.0005324999999998,1.00052,1.00055,True,2.1827323450337596e-05,-3.162456760777609e-06,0,1.0006239158402135,1.0006183101064088,-17.90800889148123,-17.90800889148123,1.0007653255603863,1.0007646507673444,21.29703121680365,18.809860261627318,0,-1
2023-06-17 19:40:00,2023-06-17 19:44:59,1.00054,1.00055,1.00054,1.00055,1.000525888397224,1.000545,1.00054,1.00055,True,2.0982514632461015e-05,-1.064945595603699e-06,0,1.0006211129733111,1.0006155239818635,-11.086579530322837,-0.0,1.0007631332662532,1.0007625149388137,34.77105810712448,23.69878688862401,0,-1
2023-06-17 19:45:00,2023-06-17 19:49:59,1.00055,1.00056,1.00054,1.00057,1.0005354441986118,1.0005549999999999,1.00054,1.00057,True,2.162662073014055e-05,1.2137538356550212e-06,0,1.0006183184775874,1.0006129151875347,-4.39485150850259,-0.0,1.0007610622884795,1.0007604998647956,54.709670398751946,36.92591990756005,0,-1
2023-06-17 19:50:00,2023-06-17 19:54:59,1.00057,1.00062,1.00057,1.00062,1.0005452220993059,1.0005950000000001,1.00057,1.00062,True,2.4367576392285584e-05,6.93387786298691e-06,1,1.000615616832561,1.0006107383481744,6.819080101617423,6.819080101617423,1.0007594099274002,1.0007591018561908,75.9448049448837,55.14184448358674,0,2
2023-06-17 19:55:00,2023-06-17 19:59:59,1.00062,1.00057,1.00056,1.00062,1.000570111049653,1.0005925000000002,1.00056,1.00062,True,2.6912749507134544e-05,7.0679885865808205e-06,0,1.0006131775903677,1.0006088993727729,5.560915641816152,5.560915641816152,1.0007577491321027,1.0007572202456814,89.56026809893291,73.40491448085622,0,2
2023-06-17 20:00:00,2023-06-17 20:04:59,1.00056,1.00057,1.00056,1.00057,1.0005813055248267,1.000565,1.00056,1.0005813055248267,True,2.570469597091533e-05,7.001581266369838e-06,0,1.0006110384815703,1.0006071503381238,4.722139335281966,4.722139335281966,1.0007558312302907,1.0007553573576646,88.90404603047006,84.80303969142892,0,2
2023-06-17 20:05:00,2023-06-17 20:09:59,1.00056,1.0005,1.00049,1.00056,1.0005731527624133,1.0005275,1.00049,1.0005731527624133,True,2.958293197298266e-05,1.9970832927333957e-06,0,1.0006090944098471,1.0006052268248196,-2.909066455627631,-0.0,1.0007535592777506,1.000752816488434,69.02945838956852,82.49792417299052,0,1
2023-06-17 20:10:00,2023-06-17 20:14:59,1.0005,1.0005,1.00045,1.0005,1.0005503263812066,1.0004875,1.00045,1.0005503263812066,True,3.104129397490415e-05,-1.178610252775421e-06,0,1.0006071606173332,1.0006029046980511,-7.996536982900693,-0.0,1.000750911921753,1.0007503009014844,42.344114311043136,66.75920624369394,0,-2
2023-06-17 20:15:00,2023-06-17 20:19:59,1.0005,1.0005,1.00049,1.0005,1.0005189131906032,1.0004975,1.00049,1.0005189131906032,True,2.953834440525696e-05,-3.027419331085646e-06,0,1.000605032657692,1.000600353282993,-11.388184001082735,-11.388184001082735,1.0007483904100938,1.0007478103452507,28.257023701813154,46.543532134141635,0,-2
2023-06-17 20:20:00,2023-06-17 20:24:59,1.00049,1.00051,1.00049,1.00052,1.0005082065953017,1.0005025,1.00049,1.00052,True,2.9571319804879642e-05,-3.2446922166634023e-06,0,1.0006026929703424,1.0005976731583899,-11.607270874422497,-11.607270874422497,1.0007459437393467,1.0007454440731587,25.555625757355955,32.05225459007078,0,-2
2023-06-17 20:25:00,2023-06-17 20:29:59,1.00052,1.00053,1.00052,1.00053,1.000505353297651,1.000525,1.00052,1.00053,True,2.8887654104524596e-05,-1.7063601569761828e-06,0,1.000600183064366,1.0005950644622896,-8.08421511263738,-0.0,1.000743745294179,1.0007433003510378,37.79947203461567,30.53737383126163,0,-1
2023-06-17 20:30:00,2023-06-17 20:34:59,1.00052,1.00053,1.00052,1.00053,1.0005151766488254,1.000525,1.00052,1.00053,True,2.7538535954190228e-05,-4.706864045398969e-07,0,1.0005976237633278,1.0005925299007816,-5.735511271447301,-0.0,1.0007415687240877,1.0007411779594853,46.699429868516404,36.68484255349605,0,-1
2023-06-17 20:35:00,2023-06-17 20:39:59,1.00052,1.00034,1.00033,1.00053,1.0005200883244127,1.0004300000000002,1.00033,1.00053,True,3.985721195746078e-05,-1.251397270360397e-05,-1,1.0005950768320546,1.0005894192947178,-15.727887070383332,-15.727887070383332,1.0007384685377785,1.0007371861389929,35.9420821205418,40.146994674557995,0,-2
2023-06-17 20:40:00,2023-06-17 20:44:59,1.00034,1.00039,1.00032,1.00039,1.0004750441622066,1.0003600000000001,1.00032,1.0004750441622066,True,4.201026824619875e-05,-1.6124220364921518e-05,0,1.0005922480633862,1.0005853962323468,-17.16767490190785,-17.16767490190785,1.000734702681681,1.0007337315505451,17.971041060270892,33.53751768310973,0,-2
2023-06-17 20:45:00,2023-06-17 20:49:59,1.00038,1.00039,1.0003,1.0004,1.000385,1.0003675,1.0003,1.0004,True,4.615239194289805e-05,-1.7522403811316477e-05,0,1.0005888221478665,1.0005807338471708,-18.12753345625753,-18.12753345625753,1.0007310489236545,1.000730311336112,1.7743160043358452,18.56247972838288,0,-2
2023-06-17 20:50:00,2023-06-17 20:54:59,1.00039,1.00043,1.0003,1.00044,1.00037625,1.0003900000000001,1.0003,1.00044,True,5.28557925184074e-05,-1.4656179294242163e-05,0,1.0005847779975185,1.0005757544815028,-14.706401608224205,-14.706401608224205,1.0007276554020261,1.0007273231636133,8.76244440478214,9.502600489796325,0,-1
2023-06-17 20:55:00,2023-06-17 20:59:59,1.00044,1.00032,1.00031,1.00044,1.000383125,1.0003775000000001,1.00031,1.00044,True,5.836609305280426e-05,-1.942335794677493e-05,0,1.0005802662395107,1.0005704739553147,-17.547395369909083,-17.547395369909083,1.0007241712686727,1.0007232701968112,14.530717822075765,8.355826077064616,0,-2
2023-06-17 21:00:00,2023-06-17 21:04:59,1.00032,1.00043,1.00031,1.00044,1.0003803125,1.000375,1.00031,1.00044,True,6.348280069188706e-05,-1.3794302941039994e-05,0,1.0005753700974127,1.000564975400698,-12.011242903158788,-0.0,1.000720696927691,1.0007203520854002,18.407242183401802,13.900134803419936,0,-1
2023-06-17 21:05:00,2023-06-17 21:09:59,1.00043,1.00043,1.00043,1.00044,1.00037765625,1.0004325,1.00043,1.00044,True,5.966260064247124e-05,-9.216833536758788e-06,0,1.0005701727490555,1.0005597374278474,-8.320474591991925,-0.0,1.0007178292965697,1.0007174630099236,35.68142627449797,22.873128759991875,0,-1
2023-06-17 21:10:00,2023-06-17 21:14:59,1.00043,1.00033,1.00032,1.00044,1.000405078125,1.00038,1.00032,1.00044,True,6.397241488228744e-05,-1.2366860415490561e-05,0,1.0005649550884514,1.0005543803450863,-10.519722476230605,-0.0,1.0007144678110318,1.000713607656591,49.45785287868157,34.51550711219381,0,-2
2023-06-17 21:15:00,2023-06-17 21:19:59,1.00033,1.00034,1.00031,1.00034,1.0003925390625001,1.00033,1.00031,1.0003925390625001,True,6.154581381926508e-05,-1.2808472483873285e-05,0,1.0005596677167687,1.0005486231883662,-11.27044788730867,-0.0,1.0007106422606733,1.0007098901674707,55.731748020997344,46.957009058058986,0,-2
2023-06-17 21:20:00,2023-06-17 21:24:59,1.00033,1.00031,1.00031,1.00034,1.00036126953125,1.0003224999999998,1.00031,1.00036126953125,True,5.929254140360147e-05,-1.420112933675401e-05,0,1.0005541454525675,1.0005425390928466,-13.090831319232436,-0.0,1.000706780148627,1.0007059111608292,42.34536726463243,49.178322721437134,0,-2
2023-06-17 21:25:00,2023-06-17 21:29:59,1.00032,1.00036,1.00031,1.00037,1.000341884765625,1.00034,1.00031,1.00037,True,5.9343074160483436e-05,-1.0637238503052079e-05,0,1.000548342272707,1.000536359408087,-10.402586317636079,-0.0,1.0007031305949092,1.0007024692587314,39.38673951825279,45.82128493462755,0,-1
2023-06-17 21:30:00,2023-06-17 21:34:59,1.00036,1.0003,1.0003,1.00037,1.0003409423828125,1.0003325,1.0003,1.00037,True,6.010428314902137e-05,-1.155428950696028e-05,0,1.000542350840397,1.0005300954064795,-11.633508390023316,-0.0,1.0006994427282931,1.0006984645894903,42.813751830841845,41.515286204575716,0,-2
2023-06-17 21:35:00,2023-06-17 21:39:59,1.00031,1.00031,1.0003,1.00032,1.0003367211914063,1.00031,1.0003,1.0003367211914063,True,5.7239691495529205e-05,-1.05083687158251e-05,0,1.0005362231234383,1.0005236536254098,-11.625847735961145,-0.0,1.0006955676762703,1.0006945992701919,43.65103369051895,41.950508346537895,0,-1
2023-06-17 21:40:00,2023-06-17 21:44:59,1.00031,1.00042,1.00031,1.00043,1.0003233605957031,1.0003674999999999,1.00031,1.00043,True,6.172257067441269e-05,-1.3659868997460591e-06,0,1.000529938374424,1.000517510585937,-4.668865318125455,-0.0,1.0006923033212825,1.0006918669391451,60.3982947487547,48.95436009003853,0,-1
2023-06-17 21:45:00,2023-06-17 21:49:59,1.00042,1.00042,1.00042,1.00043,1.0003454302978514,1.0004225,1.00042,1.00043,True,5.8028101340514885e-05,5.059903574055848e-06,0,1.0005237244801806,1.0005120222540986,-0.030877039568323994,-0.0,1.0006896187111205,1.000689161795472,78.37988026152131,60.809736233598336,0,-1
2023-06-17 21:50:00,2023-06-17 21:54:59,1.00042,1.00036,1.00036,1.00043,1.0003839651489257,1.0003924999999998,1.00036,1.00043,True,5.888323695905057e-05,5.318443087469498e-06,0,1.0005178733671396,1.0005068812020743,-1.0867748528709242,-0.0,1.0006866623060346,1.000685886553726,94.8877681694946,77.88864772659024,0,-1
2023-06-17 21:55:00,2023-06-17 21:59:59,1.00036,1.00032,1.00031,1.00037,1.0003882325744629,1.00034,1.00031,1.0003882325744629,True,5.896300574768617e-05,2.940738911213502e-06,0,1.000512377284607,1.0005016886331421,-4.034950448814605,-0.0,1.0006832129298553,1.0006822458915,79.62826046012493,84.29863629704698,0,-2
2023-06-17 22:00:00,2023-06-17 22:04:59,1.00032,1.00031,1.00031,1.00032,1.0003641162872314,1.000315,1.00031,1.0003641162872314,True,5.54656481942847e-05,1.017718204063381e-06,0,1.0005070329588746,1.0004963196045444,-6.552971254050469,-0.0,1.0006795491196079,1.000678541952281,60.47273252934034,78.32958705298667,0,-2
2023-06-17 22:05:00,2023-06-17 22:09:59,1.00031,1.00031,1.00031,1.00032,1.0003395581436156,1.0003125000000002,1.00031,1.0003395581436156,True,5.2218101894697616e-05,1.5905668863567483e-07,0,1.0005016762817094,1.0004908313325984,-8.231651790874373,-0.0,1.000675896889562,1.0006748748681786,46.03744165818168,62.04614488254902,0,-2
2023-06-17 22:10:00,2023-06-17 22:14:59,1.00032,1.00038,1.00031,1.00038,1.000326029071808,1.0003475,1.00031,1.00038,True,5.3488237473648825e-05,4.826828438572473e-06,0,1.0004962538071538,1.0004855269721291,-3.308948589359673,-0.0,1.00067262925882,1.0006719407898883,50.104468880975354,52.204881022832495,0,-1
2023-06-17 22:15:00,2023-06-17 22:19:59,1.00037,1.0004,1.00037,1.0004,1.0003367645359038,1.000385,1.00037,1.0004,True,5.181050622552923e-05,9.421583080519784e-06,0,1.0004908903896415,1.0004806610898924,1.300720310817809,0.0,1.000669767276145,1.000669234911382,67.09615245710765,54.4126876654216,0,-1
2023-06-17 22:20:00,2023-06-17 22:24:59,1.00039,1.00039,1.00039,1.0004,1.000360882267952,1.0003924999999998,1.00039,1.0004,True,4.882404149513896e-05,1.1690309787167955e-05,0,1.000485775739767,1.0004762252677548,3.322281088224379,3.322281088224379,1.0006670083977756,1.0006664564545522,86.21110839926844,67.80390991245052,0,2
2023-06-17 22:25:00,2023-06-17 22:29:59,1.00039,1.00039,1.0003,1.00041,1.000376691133976,1.0003725,1.0003,1.00041,True,5.319375281691864e-05,1.3019955095098948e-05,0,1.000481000503761,1.0004720212481457,4.66998827316209,4.66998827316209,1.0006640779659568,1.000663705644059,92.49863765412442,81.9352995035002,0,2
2023-06-17 22:30:00,2023-06-17 22:34:59,1.00039,1.00048,1.00039,1.00048,1.000374595566988,1.000435,1.00039,1.00048,True,5.582277047286342e-05,1.9832928672632768e-05,0,1.0004765108759535,1.0004684573888092,11.298281039181163,11.298281039181163,1.000661798583211,1.0006618777272027,94.66248200877673,91.12407602072324,0,2
2023-06-17 22:35:00,2023-06-17 22:39:59,1.00047,1.00041,1.00039,1.00051,1.000404797783494,1.000445,1.00039,1.00051,True,6.040685829623889e-05,1.8881344360674488e-05,0,1.0004724841323813,1.000465490594657,8.922324841286674,8.922324841286674,1.000659641383378,1.000659371481161,95.09504876827998,94.08538947706042,0,2
2023-06-17 22:40:00,2023-06-17 22:44:59,1.00042,1.00049,1.00042,1.00051,1.000424898891747,1.0004600000000001,1.00042,1.00051,True,6.323493984650676e-05,2.3207347477336465e-05,0,1.0004689873635193,1.0004631171454383,11.504436092484802,11.504436092484802,1.0006576549019512,1.0006576861927912,100.0,96.58584359235228,0,2
2023-06-17 22:45:00,2023-06-17 22:49:59,1.00049,1.00051,1.00043,1.00052,1.0004424494458735,1.0004875,1.00043,1.00052,True,6.514672985748095e-05,2.6599068452737762e-05,0,1.0004660522544788,1.0004614158044896,14.066084004478412,14.066084004478412,1.0006559618183497,1.000656216678435,100.0,98.36501625609337,1,2
2023-06-17 22:50:00,2023-06-17 22:54:59,1.00051,1.00051,1.00051,1.00052,1.0004649747229366,1.0005125,1.00051,1.00052,True,6.120767772480841e-05,2.7819610451400952e-05,0,1.0004637340294842,1.0004604268187032,15.77384927914082,15.77384927914082,1.0006545343375701,1.0006547617861121,100.0,100.00000000000004,0,2
2023-06-17 22:55:00,2023-06-17 22:59:59,1.00051,1.00053,1.00051,1.00053,1.0004887373614682,1.0005199999999999,1.00051,1.00053,True,5.826427217302988e-05,2.890762773164853e-05,1,1.0004620804240938,1.0004600569186162,17.920963423813646,17.920963423813646,1.0006531956874452,1.000653520375305,100.0,100.00000000000004,0,2
2023-06-17 23:00:00,2023-06-17 23:04:59,1.00053,1.00052,1.00052,1.00054,1.000504368680734,1.0005275,1.00052,1.00054,True,5.553110987494981e-05,2.775677498466275e-05,0,1.000461068671355,1.000460228424938,18.012895953615654,18.012895953615654,1.0006519449840874,1.0006521918143567,100.0,100.00000000000004,0,2
2023-06-17 23:05:00,2023-06-17 23:09:59,1.00053,1.00054,1.00052,1.00055,1.000515934340367,1.0005350000000002,1.00052,1.00055,True,5.370745916959443e-05,2.7221920841735047e-05,0,1.0004606485481466,1.0004608764655931,19.323146036413036,19.323146036413036,1.0006507813524048,1.0006510754778954,100.0,100.00000000000004,0,2
2023-06-17 23:10:00,2023-06-17 23:14:59,1.00054,1.00055,1.00054,1.00056,1.0005254671701835,1.0005475,1.00054,1.00056,True,5.129978351461689e-05,2.637918427466472e-05,0,1.00046076250687,1.0004619810021254,20.814089302790748,20.814089302790748,1.0006497536772565,1.0006500697517473,100.0,100.00000000000004,0,2
2023-06-17 23:15:00,2023-06-17 23:19:59,1.00056,1.00044,1.00044,1.00056,1.0005364835850918,1.0005,1.00044,1.00056,True,5.620694183499411e-05,1.7103589962935515e-05,0,1.000461371754498,1.0004631114622624,10.353303001995194,10.353303001995194,1.0006482635909157,1.0006479795054612,86.97214701960672,95.65738233986895,0,1
2023-06-17 23:20:00,2023-06-17 23:24:59,1.00045,1.00049,1.00044,1.0005,1.000518241792546,1.00047,1.00044,1.000518241792546,True,5.647787456106232e-05,1.3735854568390616e-05,0,1.0004622416083802,1.000464048744173,7.468842514242397,7.468842514242397,1.0006464898238419,1.0006464075700836,63.39846243871653,83.45686981944112,0,1
2023-06-17 23:25:00,2023-06-17 23:29:59,1.00049,1.0005,1.00049,1.00051,1.000494120896273,1.0004975,1.00049,1.00051,True,5.3872312092408505e-05,1.1573652234776565e-05,0,1.0004631451762767,1.0004650161840019,6.292245812247735,6.292245812247735,1.0006450073380324,1.0006449507783415,45.97071018563705,65.4471065479868,0,1
2023-06-17 23:30:00,2023-06-17 23:34:59,1.00051,1.00048,1.00047,1.00051,1.0004958104481365,1.0004925,1.00047,1.00051,True,5.2881432657239324e-05,8.211903785567544e-06,0,1.0004640806801393,1.0004659664243885,3.707697262482192,3.707697262482192,1.0006434898520817,1.0006433094770644,40.16400750118515,49.844393375179614,0,1
2023-06-17 23:35:00,2023-06-17 23:39:59,1.00048,1.00044,1.00044,1.00048,1.0004941552240683,1.00046,1.00044,1.0004941552240683,True,5.1961330324582235e-05,2.8407119349588244e-06,0,1.0004650235522639,1.000466673619311,-1.149922276696465,-0.0,1.0006416640824092,1.000641286497193,30.404358748742016,38.84635881185478,0,1
2023-06-17 23:40:00,2023-06-17 23:44:59,1.00044,1.00044,1.00044,1.00045,1.0004770776120342,1.0004425,1.00044,1.0004770776120342,True,4.896409244425961e-05,-8.502717897322966e-07,0,1.0004658485857876,1.0004670645421108,-4.388335302815577,-0.0,1.000639682350246,1.0006392836464746,14.498777668488158,28.35571463947181,0,1
2023-06-17 23:45:00,2023-06-17 23:49:59,1.00044,1.00044,1.00044,1.00045,1.0004597888060172,1.0004425,1.00044,1.0004597888060172,True,4.618094298396003e-05,-3.287843690529616e-06,0,1.0004664565639494,1.000467203779498,-6.547277320228318,-6.547277320228318,1.0006377203368106,1.0006373007246192,2.3684757858670005e-15,14.96771213907676,0,1
2023-06-17 23:50:00,2023-06-17 23:54:59,1.00045,1.00044,1.00044,1.00045,1.0004511444030086,1.000445,1.00044,1.0004511444030086,True,4.359658991368185e-05,-4.800236565664593e-06,0,1.0004668301717237,1.0004671610605316,-7.986571998503479,-7.986571998503479,1.000635802721519,1.0006353375333294,0.7813975520972104,5.093391740195158,0,1
2023-06-17 23:55:00,2023-06-17 23:59:59,1.00044,1.00044,1.00044,1.00045,1.0004480722015043,1.0004425,1.00044,1.00045,True,4.1196833491280683e-05,-5.6387324046300495e-06,0,1.0004669956161276,1.0004669582264876,-8.94610178402025,-8.94610178402025,1.0006338793113545,1.0006333938762815,0.8027730073834407,0.5280568531602521,0,1
