start_time,end_time,open,close,low,high,h_open,h_close,h_low,h_high,finish,atr_14,macd_13_34,st_signal,av2_open,av2_close,histo2,qqe,ema_h200,ema_200,fastk,fastd,xo_signal,macd_hists
2023-06-03 00:00:00,2023-06-03 00:00:59,0.0849,0.0849,0.0849,0.085,0.08491657203084303,0.08492500000000001,0.0849,0.085,True,0.00012100902991104721,1.007189735345133e-05,0,0.08481576557264078,0.08482122332235444,4.760559578698533,4.760559578698533,0.0847897016122585,0.08478740605541554,73.33091727710156,62.808562255249,0,1
2023-06-03 00:01:00,2023-06-03 00:01:59,0.085,0.0848,0.0847,0.085,0.08492078601542152,0.084875,0.0847,0.085,True,0.00013379409920311587,-1.4194910469647422e-06,0,0.08481849444749762,0.08482388088935057,-0.9611753151736266,-0.0,0.08479055035243503,0.08478753136829698,57.08347368820455,65.46062525800586,0,1
2023-06-03 00:02:00,2023-06-03 00:02:59,0.0849,0.0847,0.0847,0.0849,0.08489789300771076,0.08479999999999999,0.0847,0.0849,True,0.00013852309211717943,-1.586587477461941e-05,0,0.0848211876684241,0.08482580936223877,-7.346144879562303,-7.346144879562303,0.08479064437877896,0.08478666040940845,26.84448867179101,52.41962654569903,0,-2
2023-06-03 00:03:00,2023-06-03 00:03:59,0.0848,0.0848,0.0847,0.0848,0.08484894650385538,0.08477499999999999,0.0847,0.08484894650385538,True,0.00013577144268023825,-1.7833951110114732e-05,0,0.08482349851533144,0.08482697905624688,-6.986300346363414,-6.986300346363414,0.08479048871331847,0.08478679314165315,6.082271315765013,30.003411225253515,-1,-2
2023-06-03 00:04:00,2023-06-03 00:04:59,0.0847,0.0848,0.0847,0.0848,0.08481197325192769,0.08474999999999999,0.0847,0.08481197325192769,True,0.00013321633963165,-1.8474083318863483e-05,0,0.08482523878578917,0.08482737180637508,-6.746403990897491,-6.746403990897491,0.08479008584054913,0.08478692455317899,-3.789561257387201e-14,10.975586662518653,0,-2
2023-06-03 00:05:00,2023-06-03 00:05:59,0.0848,0.0849,0.0847,0.0849,0.08478098662596384,0.08482500000000001,0.0847,0.0849,True,0.00013798660108653256,-1.1339613742705991e-05,0,0.08482630529608212,0.08482766474819899,-2.4331420208408474,-0.0,0.08479043324512078,0.08478804968200308,12.831376590696422,6.3045493021537915,0,-1
2023-06-03 00:06:00,2023-06-03 00:06:59,0.0849,0.0849,0.0848,0.0849,0.08480299331298193,0.084875,0.0848,0.0849,True,0.00013527327243749473,-6.33757844048307e-06,0,0.08482698502214056,0.08482822015352381,0.4423659591969198,0.0,0.08479127470536833,0.08478916361551549,33.008885174664236,15.280087255120199,1,-1
2023-06-03 00:07:00,2023-06-03 00:07:59,0.0849,0.0848,0.0848,0.0849,0.08483899665649097,0.08485000000000001,0.0848,0.0849,True,0.00013275375297767389,-9.785604142096876e-06,0,0.08482760258783219,0.08482880686095093,-2.1694754700028724,-0.0,0.0847918590366582,0.08478927144023672,49.392446046459064,31.74423593727323,-1,-2
2023-06-03 00:08:00,2023-06-03 00:08:59,0.0848,0.0847,0.0847,0.0848,0.08484449832824549,0.08474999999999999,0.0847,0.08484449832824549,True,0.00013041419919355453,-1.8526067144243126e-05,0,0.08482820472439156,0.08482872808095991,-7.104643423293979,-7.104643423293979,0.08479144252883075,0.08478838316719954,40.074043342666506,40.825124854596595,0,-2
2023-06-03 00:09:00,2023-06-03 00:09:59,0.0848,0.0848,0.0847,0.0848,0.08479724916412273,0.08477499999999999,0.0847,0.0848,True,0.00012824175639401512,-1.6551291568936602e-05,0,0.08482846640267575,0.08482829742514565,-5.650336615553506,-5.650336615553506,0.0847912789215787,0.08478849875757566,27.69718233115799,39.05455724009451,0,-1
2023-06-03 00:10:00,2023-06-03 00:10:59,0.0847,0.0846,0.0846,0.0848,0.08478612458206136,0.084675,0.0846,0.0848,True,0.00013336734522301444,-2.8281855683563037e-05,0,0.0848283819139107,0.08482690658343153,-10.001532708158265,-10.001532708158265,0.08479012191738389,0.08478662314804754,11.313621459363164,26.36161571106254,0,-2
2023-06-03 00:11:00,2023-06-03 00:11:59,0.0847,0.0846,0.0846,0.0847,0.08473056229103068,0.08465,0.0846,0.08473056229103068,True,0.00013098396342137075,-3.458620289757353e-05,0,0.08482764424867112,0.08482459779667252,-12.90233010322811,-12.90233010322811,0.08478872766944973,0.08478476620130079,7.800647572459257,15.603817120993456,0,-2
2023-06-03 00:12:00,2023-06-03 00:12:59,0.0846,0.0846,0.0846,0.0847,0.08469028114551534,0.08462499999999999,0.0846,0.0847,True,0.00012877082317698732,-3.704281518272801e-05,0,0.08482612102267183,0.08482141061946999,-14.83619503327467,-14.83619503327467,0.08478709853841042,0.0847829277316361,-3.907985046680551e-14,6.371423010607447,0,-2
2023-06-03 00:13:00,2023-06-03 00:13:59,0.0846,0.0846,0.0846,0.0847,0.08465764057275767,0.08462499999999999,0.0846,0.0847,True,0.00012671576437863128,-3.684097410485707e-05,0,0.0848237658210709,0.08481755374671897,-16.125438319972375,-16.125438319972375,0.08478548561763022,0.08478110755520192,-2.7736924943247395e-14,2.6002158574863836,0,-2
2023-06-03 00:14:00,2023-06-03 00:14:59,0.0846,0.0846,0.0845,0.0846,0.08464132028637883,0.084575,0.0845,0.08464132028637883,True,0.00012480749549444254,-3.486927526988433e-05,0,0.08482065978389493,0.08481285302702841,-16.984933844437514,-16.984933844437514,0.0847833912333752,0.08477930548997603,-2.7736924943247395e-14,-4.4772778435754136e-14,0,-2
2023-06-03 00:15:00,2023-06-03 00:15:59,0.0845,0.0845,0.0845,0.0846,0.08460816014318942,0.084525,0.0845,0.08460816014318942,True,0.000123035531530553,-3.864204789758668e-05,-1,0.08481675640546167,0.08480717713947082,-20.644669630092025,-20.644669630092025,0.08478082017632668,0.0847765263308718,-2.7736924943247395e-14,-4.099180326123476e-14,0,-2
2023-06-03 00:16:00,2023-06-03 00:16:59,0.0846,0.0846,0.0845,0.0846,0.0845665800715947,0.084575,0.0845,0.0846,True,0.00012139013642122698,-3.218203261354211e-05,0,0.08481196677246625,0.08480111549119154,-16.274843287004856,-16.274843287004856,0.08477877221437319,0.0847747698499676,8.477621103030392,2.825873701010099,0,-1
2023-06-03 00:17:00,2023-06-03 00:17:59,0.0845,0.0845,0.0845,0.0846,0.08457079003579734,0.084525,0.0845,0.0846,True,0.0001198622695339957,-3.305799181871875e-05,0,0.0848065411318289,0.08479444866696349,-16.74773407120228,-16.74773407120228,0.08477624711771276,0.0847720358216097,12.795426863455901,7.091015988828741,0,-2
2023-06-03 00:18:00,2023-06-03 00:18:59,0.0845,0.0844,0.0844,0.0846,0.08454789501789867,0.084475,0.0844,0.0846,True,0.0001255863931387097,-3.8583582089639395e-05,0,0.08480049489939619,0.08478700807178591,-19.464831375554958,-19.464831375554958,0.08477324963395443,0.08476833397263847,13.333338518086412,11.535462161524222,0,-2
2023-06-03 00:19:00,2023-06-03 00:19:59,0.0844,0.0845,0.0844,0.0845,0.08451144750894933,0.08445,0.0844,0.08451144750894933,True,0.00012375879362880207,-3.3089934136069124e-05,0,0.08479375148559104,0.08477883780510725,-16.00497295517318,-16.00497295517318,0.08477003321968622,0.08476566398286098,4.855717415055981,10.328160932199419,0,-1
2023-06-03 00:20:00,2023-06-03 00:20:59,0.0845,0.0845,0.0844,0.0846,0.08448072375447466,0.0845,0.0844,0.0846,True,0.00012920459408388704,-2.752178340320202e-05,0,0.08478629464534915,0.08477049217281578,-13.698400674918659,-13.698400674918659,0.0847673463219779,0.08476302056014594,9.658746174552446,9.282600702564933,0,-1
2023-06-03 00:21:00,2023-06-03 00:21:59,0.0846,0.0846,0.0845,0.0846,0.08449036187723732,0.084575,0.0845,0.0846,True,0.00012711855164932289,-1.5253386566102138e-05,0,0.08477839340908246,0.08476258031361672,-7.568803110441799,-7.568803110441799,0.08476543242822687,0.08476139846502011,37.42282731247324,17.312430300693872,0,-1
2023-06-03 00:22:00,2023-06-03 00:22:59,0.0845,0.0845,0.0845,0.0846,0.08453268093861865,0.084525,0.0845,0.0846,True,0.00012518151224579903,-1.289328371949252e-05,0,0.08477048686134958,0.08475472119761872,-7.4677795711844865,-7.4677795711844865,0.08476304006575695,0.08475879748526867,58.932545977012104,35.338039821345916,0,-1
2023-06-03 00:23:00,2023-06-03 00:23:59,0.0845,0.0846,0.0845,0.0846,0.08452884046930934,0.08455,0.0845,0.0846,True,0.00012338283279966975,-3.3098240807107667e-06,0,0.08476260402948414,0.08474712905519409,-3.4334628331189094,-0.0,0.08476092026410763,0.08475721741078839,81.16849221838152,59.174621835955605,0,-1
2023-06-03 00:24:00,2023-06-03 00:24:59,0.0845,0.0844,0.0843,0.0846,0.08453942023465466,0.08445,0.0843,0.0846,True,0.00013599834474255012,-1.0052545709336055e-05,0,0.08475486654233912,0.08473911308676582,-6.804491870058598,-6.804491870058598,0.0847578265301364,0.08475366300869099,69.33963492525302,69.81355770688221,0,-2
2023-06-03 00:25:00,2023-06-03 00:25:59,0.0844,0.0845,0.0844,0.0846,0.08449471011732733,0.084475,0.0844,0.0846,True,0.00014056989154665307,-6.460067976977199e-06,0,0.08474698981455248,0.08473098996179904,-5.526328764232801,-0.0,0.08475501233580669,0.08475113899865426,70.36718787155824,73.62510500506426,0,-1
2023-06-03 00:26:00,2023-06-03 00:26:59,0.0844,0.0845,0.0844,0.0845,0.08448485505866365,0.08445,0.0844,0.0845,True,0.00013767204215046376,-3.193458200061912e-06,0,0.08473898988817576,0.08472266667842519,-4.674220027015608,-0.0,0.0847519773871917,0.08474864010314526,57.91093552077441,65.87258610586188,0,-1
2023-06-03 00:27:00,2023-06-03 00:27:59,0.0845,0.0844,0.0844,0.0845,0.08446742752933183,0.08445,0.0844,0.0845,True,0.00013498118199685942,-7.136125192165927e-06,0,0.08473082828330047,0.0847142429155053,-7.136979767650217,-7.136979767650217,0.08474897263707039,0.08474517104739257,60.33832843185913,62.872150608063926,0,-2
2023-06-03 00:28:00,2023-06-03 00:28:59,0.0844,0.0845,0.0844,0.0845,0.0844587137646659,0.08445,0.0844,0.0845,True,0.0001324825261399411,-1.8368560749651219e-06,0,0.08472253559940289,0.08470579784030419,-4.883110974882612,-0.0,0.08474599778496024,0.0847427315344832,56.70158523152258,58.31694972805204,0,-1
2023-06-03 00:29:00,2023-06-03 00:29:59,0.0844,0.0845,0.0844,0.0845,0.08445435688233295,0.08445,0.0844,0.0845,True,0.00013016234570137407,2.345537376325491e-06,0,0.08471416671985355,0.0846973939279911,-3.3805317797042065,-0.0,0.0847430525333686,0.08474031629533411,56.70158523152258,57.913832964968094,0,-1
2023-06-03 00:30:00,2023-06-03 00:30:59,0.0845,0.0845,0.0845,0.0846,0.08445217844116648,0.084525,0.0845,0.0846,True,0.00012800789243698943,5.6142261402941575e-06,0,0.08470578032392233,0.08468959466304483,-2.3788123162519383,-0.0,0.08474088285641966,0.08473792508841536,71.13439015434837,61.51252020579784,0,-1
2023-06-03 00:31:00,2023-06-03 00:31:59,0.0846,0.0846,0.0845,0.0846,0.08448858922058325,0.084575,0.0845,0.0846,True,0.0001260073286914894,1.4993396172296327e-05,0,0.08469768749348358,0.08468266800564772,2.4115998550301114,0.0,0.08473923228073389,0.08473655269947591,85.56719507717416,71.13439015434837,0,-1
2023-06-03 00:32:00,2023-06-03 00:32:59,0.0845,0.0846,0.0845,0.0846,0.08453179461029162,0.08455,0.0845,0.0846,True,0.00012414966235638222,2.102045193505154e-05,0,0.08469017774956565,0.08467630435596013,5.605207969218142,5.605207969218142,0.08473734937246788,0.0847351939661478,96.42482809840538,84.37547110997598,0,-1
2023-06-03 00:33:00,2023-06-03 00:33:59,0.0845,0.0847,0.0845,0.0847,0.0845408973051458,0.08460000000000001,0.0845,0.0847,True,0.00012956754361664004,3.1432484455304005e-05,0,0.0846832410527629,0.08467077068077927,11.043418356202075,11.043418356202075,0.08473598271204531,0.08473484377742992,96.42482809840538,92.80561709132832,0,2
2023-06-03 00:34:00,2023-06-03 00:34:59,0.0846,0.0847,0.0846,0.0847,0.0845704486525729,0.08465,0.0846,0.0847,True,0.00012745557621545166,3.7303598473046055e-05,0,0.08467700586677109,0.08466627147043428,14.668891947524699,14.668891947524699,0.08473512716267173,0.08473449707317689,96.42482809840538,96.42482809840538,0,2
2023-06-03 00:35:00,2023-06-03 00:35:59,0.0846,0.0846,0.0846,0.0848,0.08461022432628645,0.08464999999999999,0.0846,0.0848,True,0.00013263732077149125,3.305722194228556e-05,0,0.08467163866860268,0.08466261757089724,10.533494335059828,10.533494335059828,0.08473428012622723,0.08473315879384179,99.99999999999761,97.61655206560279,0,2
2023-06-03 00:36:00,2023-06-03 00:36:59,0.0847,0.0847,0.0846,0.0847,0.08463011216314323,0.084675,0.0846,0.0847,True,0.0001303060835735278,3.612054643265968e-05,0,0.08466712811974997,0.08465982578672729,11.70659906132979,11.70659906132979,0.08473369027422498,0.0847328288555946,99.99999999999761,98.80827603280021,1,2
2023-06-03 00:37:00,2023-06-03 00:37:59,0.0846,0.0846,0.0846,0.0846,0.08465255608157161,0.0846,0.0846,0.08465255608157161,True,0.000128141363318276,2.9999021346624103e-05,0,0.08466347695323863,0.08465721732689724,7.607457947859409,7.607457947859409,0.08473236002274015,0.08473150717543944,88.65126588146366,96.21708862715296,0,1
2023-06-03 00:38:00,2023-06-03 00:38:59,0.0847,0.0846,0.0846,0.0847,0.0846262780407858,0.08465,0.0846,0.0847,True,0.00012613126593839934,2.502221868714487e-05,0,0.08466034714006793,0.08465511414959091,4.8746972055458215,4.8746972055458215,0.08473154052002632,0.08473019864633059,83.31508976091588,90.65545188079238,-1,1
2023-06-03 00:39:00,2023-06-03 00:39:59,0.0847,0.0847,0.0846,0.0847,0.08463813902039291,0.084675,0.0846,0.0847,True,0.0001242647469427996,2.782525265683832e-05,0,0.08465773064482941,0.08465359474138857,7.229525284238079,7.229525284238079,0.08473097792778725,0.0847298981622875,81.02578347959438,84.33071304065798,1,2
2023-06-03 00:40:00,2023-06-03 00:40:59,0.0847,0.0845,0.0845,0.0847,0.08465656951019646,0.08460000000000001,0.0845,0.0847,True,0.00012967440787545618,1.4915481105417863e-05,0,0.084655662693109,0.08465203078370345,1.102202716949698,0.0,0.08472967466482419,0.08472761061838414,79.18331564660105,81.17472962903712,-1,1
2023-06-03 00:41:00,2023-06-03 00:41:59,0.0845,0.0846,0.0845,0.0846,0.08462828475509823,0.08455,0.0845,0.08462828475509823,True,0.0001275548073129228,1.297359894209632e-05,0,0.08465384673840622,0.08465009942913693,0.7434900860753189,0.0,0.084727886857214,0.08472634086098729,65.09041986180449,75.09983966266664,0,1
2023-06-03 00:42:00,2023-06-03 00:42:59,0.0845,0.0845,0.0844,0.0846,0.08458914237754911,0.0845,0.0844,0.0846,True,0.00013272946393342772,4.474512465673851e-06,0,0.08465197308377156,0.08464754901839493,-2.495473811471541,-0.0,0.08472561932629645,0.08472408871311678,42.31766092097328,62.197132143126275,0,1
2023-06-03 00:43:00,2023-06-03 00:43:59,0.0845,0.0846,0.0845,0.0846,0.08454457118877456,0.08455,0.0845,0.0846,True,0.00013039164508103922,5.824564695624249e-06,0,0.08464976105108324,0.08464487177207562,-1.1646034216935917,-0.0,0.0847238718703134,0.08472285399955343,31.647751349066382,46.35194404394806,0,2
2023-06-03 00:44:00,2023-06-03 00:44:59,0.0845,0.0845,0.0845,0.0845,0.08454728559438729,0.0845,0.0845,0.08454728559438729,True,0.00012822081328953564,-2.420231940976117e-07,0,0.08464731641157942,0.08464176998279799,-3.2922711907468596,-0.0,0.08472164428951426,0.08472063654682155,19.735266817753807,31.233559695931163,0,1
2023-06-03 00:45:00,2023-06-03 00:45:59,0.0846,0.0846,0.0846,0.0847,0.08452364279719365,0.08462499999999999,0.0846,0.0847,True,0.00013334789805456823,2.883362308469548e-06,0,0.0846445431971887,0.0846392128623698,-1.371525065179263,-0.0,0.08472068265479273,0.08471943618317158,33.76330742065927,28.382108529159826,0,2
2023-06-03 00:46:00,2023-06-03 00:46:59,0.0847,0.0846,0.0846,0.0847,0.08457432139859683,0.08465,0.0846,0.0847,True,0.000130965905336385,4.949466177927701e-06,0,0.08464187802977925,0.08463727363470941,-0.09102764813420094,-0.0,0.08471997934479479,0.08471824776343853,50.04090234624047,34.51315886155119,0,2
2023-06-03 00:47:00,2023-06-03 00:47:59,0.0847,0.0847,0.0846,0.0847,0.08461216069929842,0.084675,0.0846,0.0847,True,0.00012875405495521485,1.3087010293417403e-05,0,0.08463957583224432,0.08463600571012114,3.9380693591577156,3.9380693591577156,0.0847195317891252,0.08471806619365307,77.2373103956338,53.68050672084453,1,2
2023-06-03 00:48:00,2023-06-03 00:48:59,0.0847,0.0847,0.0846,0.0847,0.08464358034964921,0.084675,0.0846,0.0847,True,0.00012670019388698542,1.7906057860264727e-05,0,0.08463779077118273,0.08463527500647362,6.62413403068566,6.62413403068566,0.08471908868674584,0.08471788643053214,84.1261866276151,70.46813312316313,0,2
2023-06-03 00:49:00,2023-06-03 00:49:59,0.0847,0.0846,0.0846,0.0847,0.0846592901748246,0.08465,0.0846,0.0847,True,0.00012479303718077237,1.3476853183498386e-05,0,0.08463653288882818,0.08463480074746829,3.786350565483879,3.786350565483879,0.08471840123712648,0.08471671343122336,82.78518051509717,81.38289251278202,0,1
2023-06-03 00:50:00,2023-06-03 00:50:59,0.0845,0.0845,0.0845,0.0847,0.0846546450874123,0.08455,0.0845,0.0847,True,0.00013016496309643092,3.2452295466698753e-06,0,0.08463566681814824,0.08463384553670789,-1.5026633343636746,-0.0,0.08471672560292622,0.08471455707867387,62.16381414831002,76.3583937636741,-1,1
2023-06-03 00:51:00,2023-06-03 00:51:59,0.0846,0.0845,0.0845,0.0846,0.08460232254370614,0.08455,0.0845,0.08460232254370614,True,0.0001280103228752565,-3.4266120292911005e-06,0,0.08463475617742806,0.08463251822301002,-5.028672600928708,-0.0,0.08471506664170307,0.08471242218236866,41.54244778152286,62.16381414831002,0,1
2023-06-03 00:52:00,2023-06-03 00:52:59,0.0846,0.0845,0.0845,0.0846,0.08457616127185308,0.08455,0.0845,0.0846,True,0.0001260095855270231,-7.491798990601355e-06,0,0.08463363720021905,0.08463090705683615,-7.379345445305397,-7.379345445305397,0.08471342418755677,0.08471030852881276,25.700455737840713,43.1355725558912,0,-2
2023-06-03 00:53:00,2023-06-03 00:53:59,0.0845,0.0844,0.0844,0.0845,0.08456308063592655,0.08445,0.0844,0.08456308063592655,True,0.0001241517579893788,-1.6534096698323073e-05,0,0.0846322721285276,0.08462839735957861,-12.333431521425233,-12.333431521425233,0.08471080305136218,0.08470722088175989,17.133637158560468,28.12551355930802,0,-2
2023-06-03 00:54:00,2023-06-03 00:54:59,0.0845,0.0845,0.0844,0.0845,0.08450654031796327,0.08447500000000001,0.0844,0.08450654031796327,True,0.00012242663241870909,-1.4646987992845791e-05,0,0.08463033474405311,0.08462536898825866,-9.77700247373732,-9.77700247373732,0.08470845675234365,0.0847051589824389,13.292004153558338,18.708699016653178,0,-2
2023-06-03 00:55:00,2023-06-03 00:55:59,0.0844,0.0845,0.0844,0.0845,0.08449077015898164,0.08445,0.0844,0.0845,True,0.00012082473010308721,-1.261164020456159e-05,0,0.0846278518661559,0.08462178151246297,-8.072716441945374,-8.072716441945374,0.0847058850433651,0.08470311759952906,6.233338000300191,12.219659770806338,0,-1
2023-06-03 00:56:00,2023-06-03 00:56:59,0.0844,0.0844,0.0843,0.0845,0.08447038507949081,0.0844,0.0843,0.0845,True,0.00012648010652429567,-1.7408386697389638e-05,0,0.08462481668930945,0.08461743541050744,-10.857535118123089,-10.857535118123089,0.08470284141109281,0.08470010150401136,6.233338000300191,8.586226718052911,0,-2
2023-06-03 00:57:00,2023-06-03 00:57:59,0.0844,0.0844,0.0844,0.0844,0.08443519253974541,0.0844,0.0844,0.08443519253974541,True,0.0001174458132011317,-1.9521362447469578e-05,0,0.08462112604990846,0.0846125218557225,-12.714080902241562,-12.714080902241562,0.08469982806371876,0.08469711541939433,1.508152426022076,4.658276142207491,0,-2
2023-06-03 00:58:00,2023-06-03 00:58:59,0.0845,0.0844,0.0844,0.0845,0.0844175962698727,0.08445,0.0844,0.0845,True,0.00011619968368676537,-1.9772458344980025e-05,0,0.08461682395281549,0.08460753830671877,-13.951778091653878,-13.951778091653878,0.08469734221233848,0.08469415904706204,9.263108175069055,5.668199533797112,0,-2
2023-06-03 00:59:00,2023-06-03 00:59:59,0.0844,0.0845,0.0844,0.0845,0.08443379813493634,0.08445,0.0844,0.0845,True,0.00011504256342342518,-1.1919093806338611e-05,0,0.08461218112976714,0.08460253384322033,-7.9224874920400055,-7.9224874920400055,0.0846948810957978,0.08469222711624551,18.52621635013813,9.76582565040976,0,-1
2023-06-03 01:00:00,2023-06-03 01:00:59,0.0844,0.0844,0.0844,0.0845,0.08444189906746817,0.084425,0.0844,0.0845,True,0.00011396809460746645,-1.2873373509804429e-05,0,0.08460735748649374,0.08459737572294819,-8.79067556988231,-8.79067556988231,0.08469219571176001,0.08468931938374555,24.492805976390684,17.427376833865964,0,-2
2023-06-03 01:01:00,2023-06-03 01:01:59,0.0844,0.0844,0.0843,0.0845,0.08443344953373408,0.0844,0.0843,0.0845,True,0.00012011323070693354,-1.260105901656042e-05,0,0.08460236660472097,0.08459196049122142,-9.369467621777183,-9.369467621777183,0.08468928829174249,0.08468644058390729,17.993952045621825,20.33765812405022,0,-2
2023-06-03 01:02:00,2023-06-03 01:02:59,0.0843,0.0845,0.0843,0.0845,0.08441672476686704,0.0844,0.0843,0.0845,True,0.00012581942851358155,-4.670224176631456e-06,0,0.0845971635479712,0.08458637998808681,-4.094168196522787,-0.0,0.0846864098012774,0.08468458545371915,11.859952760879167,18.115570260963896,0,-1
2023-06-03 01:03:00,2023-06-03 01:03:59,0.0844,0.0845,0.0844,0.0845,0.08440836238343352,0.08445,0.0844,0.0845,True,0.00012397518361975448,1.0064822116648213e-06,0,0.08459177176802901,0.08458105070696995,-0.577301913019852,-0.0,0.08468405746494628,0.08468274878253787,33.72945653598877,21.194453780829924,0,-1
2023-06-03 01:04:00,2023-06-03 01:04:59,0.0844,0.0844,0.0844,0.0845,0.08442918119171676,0.084425,0.0844,0.0845,True,0.00012226267050405795,-1.8878330730938165e-06,0,0.08458641123749948,0.08457578425266374,-3.648341858254696,-0.0,0.0846814797787279,0.0846799353618161,50.89077339827016,32.16006089837937,0,-2
2023-06-03 01:05:00,2023-06-03 01:05:59,0.0844,0.0845,0.0844,0.0845,0.08442709059585837,0.08445,0.0844,0.0845,True,0.0001206724797537683,3.523740492568447e-06,0,0.08458109774508162,0.08457077492241125,-0.5798507645010744,-0.0,0.08467917649734753,0.084678144960206,78.35276442310771,54.324331452455546,0,-1
2023-06-03 01:06:00,2023-06-03 01:06:59,0.0844,0.0845,0.0844,0.0845,0.08443854529792919,0.08445,0.0844,0.0845,True,0.00011919587405707077,7.199460949997075e-06,0,0.08457593633374644,0.08456600239706727,1.4658099646680114,0.0,0.08467689613418984,0.08467637237353728,83.8500043550789,71.03118072548558,0,-1
2023-06-03 01:07:00,2023-06-03 01:07:59,0.0844,0.0846,0.0844,0.0846,0.08444427264896459,0.08449999999999999,0.0844,0.0846,True,0.00012496759733870798,1.6433255522727607e-05,0,0.08457096936540685,0.08456179210766562,6.827620992834767,6.827620992834767,0.08467513597365064,0.08467561244942248,97.25776658183061,86.48684512000574,0,2
2023-06-03 01:08:00,2023-06-03 01:08:59,0.0845,0.0845,0.0845,0.0845,0.08447213632448229,0.0845,0.0845,0.0845,True,0.00012318419752879947,1.5104821105052437e-05,0,0.08456638073653625,0.08455805335763815,4.893834334724808,4.893834334724808,0.08467339332714666,0.08467386506186604,99.99999999999996,93.70259031230314,0,2
2023-06-03 01:09:00,2023-06-03 01:09:59,0.0845,0.0846,0.0845,0.0846,0.08448606816224115,0.08455,0.0845,0.0846,True,0.00012152818341959873,2.069685108768032e-05,0,0.0845622170470872,0.08455505455885057,7.309284308402184,7.309284308402184,0.08467216553284669,0.08467313008612608,99.99999999999996,99.08592219394349,0,2
2023-06-03 01:10:00,2023-06-03 01:10:59,0.0845,0.0845,0.0845,0.0846,0.08451803408112057,0.084525,0.0845,0.0846,True,0.00011999045603248374,1.6764025930565872e-05,0,0.08455863580296889,0.0845524873772401,4.48616246513528,4.48616246513528,0.08467070119918653,0.08467140739870194,94.73090136865163,98.24363378955051,0,1
2023-06-03 01:11:00,2023-06-03 01:11:59,0.0844,0.0845,0.0844,0.0845,0.0845215170405603,0.08445,0.0844,0.0845215170405603,True,0.00011856256631587798,1.3679439190683735e-05,0,0.0845555615901045,0.08454976304470466,2.604081236290675,0.0,0.08466850516735383,0.0846697018524462,74.30095282128289,89.67728472997817,0,1
2023-06-03 01:12:00,2023-06-03 01:12:59,0.0844,0.0845,0.0844,0.0845,0.08448575852028015,0.08445,0.0844,0.0845,True,0.0001172366687218869,1.1259422425300538e-05,0,0.08455266231740458,0.08454693367795922,1.349360417060943,0.0,0.08466633098658415,0.08466801327679997,53.87100427391416,74.3009528212829,0,1
2023-06-03 01:13:00,2023-06-03 01:13:59,0.0845,0.0845,0.0845,0.0845,0.08446787926014007,0.0845,0.0845,0.0845,True,0.00010886262095603784,9.359341575874681e-06,0,0.08454979799768189,0.08454438408267964,0.5128798709077884,0.0,0.08466467595189177,0.08466634150290146,49.14398960793644,59.10531556771119,0,1
2023-06-03 01:14:00,2023-06-03 01:14:59,0.0844,0.0845,0.0844,0.0846,0.08448393963007003,0.084475,0.0844,0.0846,True,0.0001153724337448917,7.865444407269868e-06,0,0.08454709104018077,0.08454190071979106,-0.04477382652764561,-0.0,0.08466278862898738,0.08466468636356911,54.672426965122845,52.56247361565784,0,1
2023-06-03 01:15:00,2023-06-03 01:15:59,0.0846,0.0846,0.0845,0.0846,0.08447946981503501,0.084575,0.0845,0.0846,True,0.00011427440276311292,1.3545531671854048e-05,0,0.08454449587998591,0.08454017264698656,5.509675275688338,5.509675275688338,0.08466191511029099,0.08466404271816046,75.10237551249158,59.63959736185031,1,2
2023-06-03 01:16:00,2023-06-03 01:16:59,0.0846,0.0845,0.0844,0.0846,0.08452723490751751,0.084525,0.0844,0.0846,True,0.00012039765970860428,9.872394290070855e-06,0,0.08454233426348623,0.08453870802262084,2.6775847202946252,0.0,0.0846605527708851,0.08466241045230812,73.99620850034572,67.92367032598673,0,1
2023-06-03 01:17:00,2023-06-03 01:17:59,0.0845,0.0846,0.0845,0.0846,0.08452611745375876,0.08455,0.0845,0.0846,True,0.00011894068401513176,1.40151947429699e-05,0,0.08454052114305353,0.08453763238853106,5.3990480692273195,5.3990480692273195,0.08465945274331411,0.08466178945278266,82.42791884203183,77.17550095162306,0,2
2023-06-03 01:18:00,2023-06-03 01:18:59,0.0846,0.0845,0.0845,0.0846,0.08453805872687939,0.08455,0.0845,0.0846,True,0.00011758777801405014,9.288067318884726e-06,0,0.0845390767657923,0.08453687038921487,2.376640008820729,0.0,0.08465836366129109,0.08466017960748135,74.40434950594398,76.9428256161072,0,1
2023-06-03 01:19:00,2023-06-03 01:19:59,0.0846,0.0846,0.0846,0.0846,0.08454402936343969,0.0846,0.0846,0.0846,True,0.00011633150815590292,1.2737619890802924e-05,0,0.08453797357750358,0.08453670359806051,4.342235368657491,4.342235368657491,0.08465778292834292,0.08465958080541686,85.5066298154159,80.7796327211306,0,2
2023-06-03 01:20:00,2023-06-03 01:20:59,0.0845,0.0844,0.0844,0.0845,0.08457201468171985,0.08445,0.0844,0.08457201468171985,True,0.00012230782900190927,7.265438305416383e-07,0,0.08453733858778203,0.08453597740332279,-1.1093723149540509,-0.0,0.0846557154365186,0.08465699791183062,58.643097330578776,72.85135888397957,-1,1
2023-06-03 01:21:00,2023-06-03 01:21:59,0.0845,0.0845,0.0845,0.0845,0.08451100734085992,0.0845,0.0845,0.08451100734085992,True,0.00012071441264463024,-1.7078674482495281e-07,0,0.0845366579955524,0.08453515882185125,-1.172231992713364,-0.0,0.08465416602919006,0.0846554357435537,43.523362254252525,62.55769646674909,0,1
2023-06-03 01:22:00,2023-06-03 01:22:59,0.0845,0.0844,0.0844,0.0845,0.08450550367042997,0.08445,0.0844,0.08450550367042997,True,0.00011923481174144257,-7.556459214759843e-06,0,0.08453590840870183,0.08453393006682065,-4.002030447335066,-4.002030447335066,0.08465213452641204,0.08465289409436412,11.346763496571683,37.83774102713435,0,1
2023-06-03 01:23:00,2023-06-03 01:23:59,0.0845,0.0845,0.0845,0.0845,0.08447775183521498,0.0845,0.0845,0.0845,True,0.00011786089661705403,-5.078818930596412e-06,0,0.08453491923776124,0.08453272986300191,-2.490513005732481,-0.0,0.08465062075002984,0.08465137276009184,22.41583925481254,25.761988335212276,0,2
2023-06-03 01:24:00,2023-06-03 01:24:59,0.0845,0.0845,0.0845,0.0846,0.0844888759176075,0.084525,0.0845,0.0846,True,0.00011658511828726366,-3.1843369129653747e-06,0,0.08453382455038158,0.08453173189901424,-1.48283471133076,-0.0,0.0846493707923181,0.08464986656347401,28.00573549868947,20.589446083357924,0,2
2023-06-03 01:25:00,2023-06-03 01:25:59,0.0846,0.0844,0.0844,0.0846,0.08450693795880375,0.08449999999999999,0.0844,0.0846,True,0.0001225433241238871,-8.603886882468355e-06,0,0.08453277822469792,0.08453072848037547,-4.137136273630297,-4.137136273630297,0.08464788451577762,0.08464738032901158,37.62408058602009,29.348551779840722,0,-2
2023-06-03 01:26:00,2023-06-03 01:26:59,0.0845,0.0845,0.0844,0.0845,0.08450346897940186,0.08447500000000001,0.0844,0.08450346897940186,True,0.00012093308668646679,-4.7805228207371325e-06,0,0.0845317533525367,0.0845295561251839,-2.11080473121595,-0.0,0.08464616427183953,0.08464591385807614,32.39388057887545,32.67456555452836,0,-1
2023-06-03 01:27:00,2023-06-03 01:27:59,0.0844,0.0844,0.0844,0.0844,0.08448923448970094,0.0844,0.0844,0.08448923448970094,True,0.00011943786620886222,-8.85947391411042e-06,0,0.0845306547388603,0.08452774422889972,-3.9960601543199417,-3.9960601543199417,0.08464371487609984,0.08464346695401569,16.61395541407929,28.87730552632496,0,-2
2023-06-03 01:28:00,2023-06-03 01:28:59,0.0844,0.0844,0.0844,0.0845,0.08444461724485047,0.084425,0.0844,0.0845,True,0.0001180494471939437,-1.0992769778812374e-05,0,0.08452919948388002,0.08452561277553775,-5.252897103055929,-5.252897103055929,0.08464153860867596,0.08464104439725931,10.45596585527898,19.82126728274459,0,-2
2023-06-03 01:29:00,2023-06-03 01:29:59,0.0845,0.0845,0.0845,0.0845,0.08443480862242524,0.0845,0.0845,0.0845,True,0.00011676020096580506,-4.897269110282931e-06,0,0.08452740612970888,0.08452375893643775,-2.0072518421763874,-0.0,0.08464013026431103,0.08463964097042091,21.79385161883,16.287924296062773,0,-1
2023-06-03 01:30:00,2023-06-03 01:30:59,0.0845,0.0845,0.0844,0.0845,0.08446740431121262,0.08447500000000001,0.0844,0.0845,True,0.00011556304375396203,-6.044224370255419e-07,0,0.08452558253307331,0.08452196485771965,0.1565116650766356,0.0,0.08463848717710395,0.08463825150802866,35.04648045094378,22.43209930835094,0,2
2023-06-03 01:31:00,2023-06-03 01:31:59,0.0844,0.0843,0.0843,0.0844,0.08447120215560631,0.08435000000000001,0.0843,0.08447120215560631,True,0.00012159425491439371,-1.1383085711875757e-05,0,0.08452377369539647,0.08451937250512534,-5.287338338184782,-5.287338338184782,0.08463561665792879,0.08463488582138161,30.42939034676098,29.08990747217827,0,-2
2023-06-03 01:32:00,2023-06-03 01:32:59,0.0843,0.0844,0.0843,0.0844,0.08441060107780315,0.08435000000000001,0.0843,0.08441060107780315,True,0.00012005180813479436,-1.08319883559891e-05,0,0.0845215731002609,0.08451616945219002,-4.828276985381713,-4.828276985381713,0.08463277470113348,0.08463254864902955,13.252628832113773,26.24283320993953,0,-2
2023-06-03 01:33:00,2023-06-03 01:33:59,0.0843,0.0845,0.0843,0.0845,0.08438030053890158,0.0844,0.0843,0.0845,True,0.00012576239326802374,-2.9629121905674896e-06,0,0.08451887127622545,0.08451285062010414,-1.2527189885979197,-0.0,0.08463045853495305,0.08463122975699941,13.073668466704184,18.918562548526328,0,-1
2023-06-03 01:34:00,2023-06-03 01:34:59,0.0844,0.0846,0.0844,0.0846,0.08439015026945079,0.08449999999999999,0.0844,0.0846,True,0.00013106507946316433,9.288993242140942e-06,0,0.0845158609481648,0.08451014951134284,3.765396184891813,3.765396184891813,0.08462916044007789,0.08463091901314868,46.40700180003751,24.244433032951843,0,2
2023-06-03 01:35:00,2023-06-03 01:35:59,0.0845,0.0845,0.0845,0.0845,0.08444507513472539,0.0845,0.0845,0.0845,True,0.00012884614521579466,1.0094994996825958e-05,0,0.08451300522975382,0.08450795327297782,3.3468096845279476,3.3468096845279476,0.08462787526156965,0.08462961633640093,79.74033513337082,46.40700180003753,0,2
2023-06-03 01:36:00,2023-06-03 01:36:59,0.0846,0.0845,0.0845,0.0846,0.0844725375673627,0.08455,0.0845,0.0846,True,0.00012678570627180856,1.0305343037622078e-05,0,0.08451047925136582,0.08450651264433037,3.0677520176187087,3.0677520176187087,0.08462710038334507,0.08462832662161086,99.99999999999996,75.38244564446944,0,2
2023-06-03 01:37:00,2023-06-03 01:37:59,0.0846,0.0846,0.0846,0.0846,0.08451126878368134,0.0846,0.0846,0.0846,True,0.00012487244153810718,1.6961456327641665e-05,0,0.0845084959478481,0.0845060198499453,6.09678240351878,6.09678240351878,0.0846268307277894,0.08462804476467942,99.99999999999996,93.24677837779025,1,2
2023-06-03 01:38:00,2023-06-03 01:38:59,0.0846,0.0845,0.0845,0.0846,0.08455563439184066,0.08455,0.0845,0.0846,True,0.00012309583857109872,1.3744130379925136e-05,0,0.0845072578988967,0.08450593362006102,4.056200370076169,4.056200370076169,0.08462606624293577,0.08462677068741893,92.32835746531913,97.44278582177303,0,1
2023-06-03 01:39:00,2023-06-03 01:39:59,0.0846,0.0845,0.0845,0.0846,0.08455281719592034,0.08455,0.0845,0.0846,True,0.00012144613581601946,1.1122478546554656e-05,0,0.08450659575947886,0.08450616807289614,2.6958123477811,0.0,0.08462530936489661,0.08462550928754412,84.6567149306383,92.32835746531914,0,1
2023-06-03 01:40:00,2023-06-03 01:40:59,0.0846,0.0846,0.0845,0.0846,0.08455140859796018,0.084575,0.0845,0.0846,True,0.00011991426897201727,1.5842638788534626e-05,0,0.0845063819161875,0.0845068249194823,5.458701195371191,5.458701195371191,0.08462480877420112,0.08462525546378746,80.20746229012202,85.73084489535984,0,2
2023-06-03 01:41:00,2023-06-03 01:41:59,0.0846,0.0845,0.0845,0.0846,0.0845632042989801,0.08455,0.0845,0.0846,True,0.00011849182118830095,1.1357428477695812e-05,0,0.08450660341783492,0.08450763828638647,3.0536665710352224,3.0536665710352224,0.08462406440828867,0.0846240091407647,79.23607496981906,81.36675073019315,0,1
2023-06-03 01:42:00,2023-06-03 01:42:59,0.0846,0.0846,0.0846,0.0846,0.08455660214949004,0.0846,0.0846,0.0846,True,0.00011717097681770724,1.4817784070770909e-05,0,0.08450712085211069,0.08450891235544901,4.908506666029197,4.908506666029197,0.08462382496144003,0.08462377024384167,84.88262128456232,81.44205284816782,0,2
2023-06-03 01:43:00,2023-06-03 01:43:59,0.0846,0.0845,0.0845,0.0846,0.08457830107474501,0.08455,0.0845,0.0846,True,0.00011594447847358451,9.521350333366711e-06,0,0.08450801660377985,0.08451019734391885,2.3563835584769706,0.0,0.08462309038470928,0.08462253869912682,78.96213298741306,81.02694308059817,0,1
2023-06-03 01:44:00,2023-06-03 01:44:59,0.0846,0.0845,0.0845,0.0846,0.08456415053737251,0.08455,0.0845,0.0846,True,0.00011480558715404198,5.642781089949847e-06,0,0.08450910697384935,0.08451148211292737,0.6549681534421481,0.0,0.08462236311719973,0.08462131940858825,77.23542190473135,80.36005872556893,0,1
2023-06-03 01:45:00,2023-06-03 01:45:59,0.0845,0.0846,0.0845,0.0846,0.08455707526868625,0.08455,0.0845,0.0846,True,0.00011374804521446676,9.702974642816804e-06,0,0.08451029454338836,0.08451275789427079,3.358466354433162,3.358466354433162,0.08462164308618282,0.08462110727516946,68.89077718700338,75.02944402638262,0,2
2023-06-03 01:46:00,2023-06-03 01:46:59,0.0845,0.0845,0.0845,0.0846,0.08455353763434312,0.084525,0.0845,0.0846,True,0.0001127660419848612,4.983399656881572e-06,0,0.08451152621882958,0.08451384631975886,1.0950128481949761,0.0,0.08462068146343474,0.08461990222765534,59.693052841298574,68.60641731101113,0,1
2023-06-03 01:47:00,2023-06-03 01:47:59,0.0846,0.0845,0.0845,0.0846,0.08453926881717155,0.08455,0.0845,0.0846,True,0.0001118541818430846,1.6483415217019202e-06,0,0.08451268626929423,0.08451495129749469,-0.41395615596380964,-0.0,0.08461997816529111,0.08461870917066375,46.29143539740352,58.29175514190185,0,1
2023-06-03 01:48:00,2023-06-03 01:48:59,0.0845,0.0845,0.0845,0.0845,0.08454463440858578,0.0845,0.0845,0.08454463440858578,True,0.00010386459742572141,-6.445379520918802e-07,0,0.08451381878339446,0.08451571867243596,-1.4199354920696692,-0.0,0.08461878435270115,0.084617527984886,23.32784300173572,43.1041104134793,0,1
2023-06-03 01:49:00,2023-06-03 01:49:59,0.0845,0.0845,0.0845,0.0846,0.0845223172042929,0.084525,0.0845,0.0846,True,0.00010358855475245481,-2.159619101980972e-06,0,0.08451476872791522,0.08451638651190131,-2.0905883828069065,-0.0,0.08461785117506233,0.08461635855220057,17.180710015298377,28.93332947147923,0,1
2023-06-03 01:50:00,2023-06-03 01:50:59,0.0845,0.0845,0.0845,0.0846,0.08452365860214645,0.084525,0.0845,0.0846,True,0.00010333222941299298,-3.1002798649548624e-06,0,0.08451557761990827,0.08451697140429752,-2.5376903099650647,-0.0,0.08461692728277316,0.08461520075566126,15.23747012705131,18.582007714695163,0,1
2023-06-03 01:51:00,2023-06-03 01:51:59,0.0846,0.0845,0.0845,0.0846,0.08452432930107323,0.08455,0.0845,0.0846,True,0.00010309421302634983,-3.6222648335457686e-06,0,0.0845162745121029,0.08451765850548565,-2.8357582614038392,-0.0,0.08461626133966099,0.08461405447948553,32.56842200549157,21.66220071594711,0,1
2023-06-03 01:52:00,2023-06-03 01:52:59,0.0846,0.0846,0.0846,0.0846,0.08453716465053662,0.0846,0.0846,0.0846,True,0.00010287319781018119,3.0129297342862e-06,0,0.08451696650879428,0.0845187644153028,3.7803879473075668,3.7803879473075668,0.08461609953528626,0.08461391463391851,58.283020275299236,35.362970802614065,0,2
2023-06-03 01:53:00,2023-06-03 01:53:59,0.0845,0.0845,0.0845,0.0846,0.08456858232526832,0.084525,0.0845,0.0846,True,0.00010266796939516745,2.5834849161073824e-07,0,0.08451786546204855,0.08451967788862161,1.162157038336062,0.0,0.08461519307224859,0.08461278115497405,56.414547363386426,49.08866321472578,0,1
2023-06-03 01:54:00,2023-06-03 01:54:59,0.0845,0.0845,0.0845,0.0846,0.08454679116263417,0.084525,0.0845,0.0846,True,0.0001024774001526547,-1.5866141147813645e-06,0,0.08451877167533509,0.08452043358793353,-0.5833302343116102,-0.0,0.08461429562874363,0.08461165895442704,44.83385763655904,53.17714175841493,0,1
2023-06-03 01:55:00,2023-06-03 01:55:59,0.0846,0.0846,0.0845,0.0846,0.08453589558131708,0.084575,0.0845,0.0846,True,0.00010230044299889287,4.099087875988761e-06,0,0.08451960263163431,0.08452140293893255,3.873655801003615,3.873655801003615,0.0846139046274626,0.08461154294493026,33.74816527785973,44.99885675926843,0,2
2023-06-03 01:56:00,2023-06-03 01:56:59,0.0846,0.0846,0.0846,0.0846,0.08455544779065854,0.0846,0.0846,0.0846,True,9.499326849897193e-05,7.5344833979394996e-06,0,0.08452050278528345,0.08452270537521527,6.844979824547089,6.844979824547089,0.08461376627296048,0.08461142808975682,57.80285596896582,45.46162629446156,0,2
2023-06-03 01:57:00,2023-06-03 01:57:59,0.0845,0.0845,0.0845,0.0845,0.08457772389532928,0.0845,0.0845,0.08457772389532928,True,9.5350892177616e-05,2.491300598419869e-06,0,0.08452160408024936,0.08452357500943981,2.3402164406719663,0.0,0.08461263427024446,0.0846103193525453,52.05259381735295,47.86787168805953,0,1
2023-06-03 01:58:00,2023-06-03 01:58:59,0.0845,0.0846,0.0844,0.0846,0.08453886194766463,0.084525,0.0844,0.0846,True,0.00010282582845064286,5.903104265985014e-06,0,0.0845225895448446,0.08452426945553125,4.457370847459146,4.457370847459146,0.08461176228745595,0.08461021667242047,37.01146189897593,48.955637228431605,0,2
2023-06-03 01:59:00,2023-06-03 01:59:59,0.0845,0.0846,0.0845,0.0846,0.08453193097383233,0.08455,0.0845,0.0846,True,0.00010262398356131045,7.761351910428135e-06,0,0.08452342950018793,0.08452499273672137,5.868807118650601,5.868807118650601,0.08461114773733201,0.08461011501398842,21.450949905133296,36.838335207154095,0,2
2023-06-03 02:00:00,2023-06-03 02:00:59,0.0845,0.0845,0.0845,0.0846,0.08454096548691617,0.084525,0.0845,0.0846,True,0.00010243655616407322,1.6619320490810151e-06,0,0.08452421111845465,0.08452556223092271,1.3172573123441396,0.0,0.08461029054591578,0.08460901934220744,28.36130841155087,28.94124007188674,0,1
2023-06-03 02:01:00,2023-06-03 02:01:59,0.0845,0.0845,0.0845,0.0846,0.08453298274345808,0.084525,0.0845,0.0846,True,0.0001022625164380672,-2.454082454136347e-06,0,0.08452488667468869,0.08452600674021041,-1.7171092251934965,-0.0,0.08460944188376736,0.08460793457263323,28.06515786171145,25.95913872613191,0,1
2023-06-03 02:02:00,2023-06-03 02:02:59,0.0844,0.0845,0.0844,0.0846,0.08452899137172903,0.084475,0.0844,0.0846,True,0.00010924376526391896,-5.098957360436072e-06,0,0.08452544670744955,0.08452600674501694,-3.740020250218592,-3.740020250218592,0.08460810415358062,0.08460686059678613,13.82071701283512,23.415727762032517,0,1
2023-06-03 02:03:00,2023-06-03 02:03:59,0.0845,0.0845,0.0844,0.0845,0.08450199568586451,0.08447500000000001,0.0844,0.08450199568586451,True,0.00010858349631649638,-6.665621168511294e-06,0,0.08452572672623325,0.08452565678828645,-5.08862760023532,-5.08862760023532,0.084606779734142,0.08460579730726586,6.910358506421545,16.26541112698941,0,1
2023-06-03 02:04:00,2023-06-03 02:04:59,0.0845,0.0844,0.0844,0.0845,0.08448849784293226,0.08445,0.0844,0.0845,True,0.00010797038943674685,-1.4311108697753268e-05,0,0.08452569175725985,0.08452486217886547,-11.165288012636069,-11.165288012636069,0.08460521973678736,0.0846037495728652,3.967196941327226e-12,6.910358506420249,-1,-2
2023-06-03 02:05:00,2023-06-03 02:05:59,0.0845,0.0845,0.0844,0.0845,0.08446924892146612,0.08447500000000001,0.0844,0.0845,True,0.00010740107590555084,-1.1805824272430204e-05,0,0.08452527696806265,0.08452389446970647,-7.730605284633974,-7.730605284633974,0.08460392401801337,0.08460271723880684,6.647997341668904,4.519451949364844,0,-1
2023-06-03 02:06:00,2023-06-03 02:06:59,0.0844,0.0845,0.0844,0.0845,0.08447212446073307,0.08445,0.0844,0.0845,True,0.00010687242762658314,-9.688105240433971e-06,0,0.08452458571888456,0.08452262559083373,-5.440816799299242,-5.440816799299242,0.08460239243574458,0.08460169517672916,8.21085844836915,4.952951930014046,0,-1
2023-06-03 02:07:00,2023-06-03 02:07:59,0.0844,0.0844,0.0843,0.0845,0.08446106223036653,0.0844,0.0843,0.0845,True,0.00011352439708182762,-1.475736590461533e-05,0,0.08452360565485915,0.08452078525161259,-8.92760768104641,-8.92760768104641,0.08460037858066254,0.08459968825954778,8.21085844836915,7.689904746135774,0,-2
2023-06-03 02:08:00,2023-06-03 02:08:59,0.0844,0.0845,0.0844,0.0845,0.08443053111518327,0.08445,0.0844,0.0845,True,0.00011255836871884013,-1.0507250120638585e-05,0,0.08452219545323587,0.08451885067749776,-5.351261261762097,-5.351261261762097,0.08459888227637734,0.0845986963365672,12.8886208966319,9.770112597790105,0,-1
2023-06-03 02:09:00,2023-06-03 02:09:59,0.0844,0.0845,0.0844,0.0845,0.08444026555759163,0.08445,0.0844,0.0845,True,0.00011166134238178033,-7.262681863961445e-06,0,0.08452052306536682,0.08451685518482417,-2.9670303155725577,-0.0,0.08459740086069199,0.08459771428346703,22.651519579855346,14.583666308285503,0,-1
2023-06-03 02:10:00,2023-06-03 02:10:59,0.0844,0.0844,0.0844,0.0845,0.08444513277879581,0.084425,0.0844,0.0845,True,0.00011082838935451051,-1.1659190776280366e-05,0,0.0845186891250955,0.08451465389515612,-6.193779582271723,-6.193779582271723,0.08459568542924233,0.08459574697716388,32.324215462561405,22.62145197968292,0,-2
2023-06-03 02:11:00,2023-06-03 02:11:59,0.0845,0.0845,0.0845,0.0845,0.0844350663893979,0.0845,0.0845,0.0845,True,0.00011005493297204568,-7.065174583386785e-06,0,0.0845166715101258,0.08451282026301503,-3.108186352786987,-3.108186352786987,0.08459473333541902,0.08459479427092344,52.58847741288343,35.854737485100095,0,-1
2023-06-03 02:12:00,2023-06-03 02:12:59,0.0844,0.0845,0.0844,0.0845,0.08446753319469896,0.08445,0.0844,0.0845,True,0.00010933672347404262,-3.710378519558816e-06,0,0.08451474588657042,0.08451094561772374,-1.051124199797158,-0.0,0.08459329320272828,0.08459385104434708,60.50628151975752,48.47299146506749,0,-1
2023-06-03 02:13:00,2023-06-03 02:13:59,0.0845,0.0845,0.0845,0.0845,0.08445876659734948,0.0845,0.0845,0.0845,True,0.000101526957511611,-1.3013419403786439e-06,0,0.08451284575214707,0.08450939459772443,0.3202505688627255,0.0,0.08459236491215387,0.0845929172031098,84.1669189703848,65.75389263434197,0,-1
2023-06-03 02:14:00,2023-06-03 02:14:59,0.0844,0.0844,0.0844,0.0844,0.08447938329867474,0.0844,0.0844,0.08447938329867474,True,0.0001014178891179247,-6.4669468630966085e-06,0,0.08451112017493574,0.08450742290549358,-4.112962140663932,-4.112962140663932,0.08459045083342596,0.0845909976289495,63.690773564652694,69.45465801826505,0,-2
2023-06-03 02:15:00,2023-06-03 02:15:59,0.0845,0.0845,0.0845,0.0845,0.08443969164933737,0.0845,0.0845,0.0845,True,0.00010131661132378743,-2.573020279704374e-06,0,0.08450927154021466,0.08450581964930845,-1.4798008774736005,-0.0,0.08458955082513317,0.08459009217990524,77.78054300118424,75.21274517874062,0,-1
2023-06-03 02:16:00,2023-06-03 02:16:59,0.0844,0.0845,0.0844,0.0845,0.08446984582466868,0.08445,0.0844,0.0845,True,0.00010122256765780282,1.503993904717499e-07,0,0.08450754559476155,0.08450417441228236,0.275639964653287,0.0,0.08458816225970896,0.08458919574030418,67.924762078315,69.79869288138401,0,-1
2023-06-03 02:17:00,2023-06-03 02:17:59,0.0845,0.0845,0.0845,0.0845,0.08445992291233434,0.0845,0.0845,0.0845,True,9.399238425367404e-05,1.9945289741936677e-06,0,0.08450586000352195,0.08450285046469384,1.4459338594045477,0.0,0.08458728502329395,0.08458830822050016,90.14421907713073,78.61650805221002,0,-1
2023-06-03 02:18:00,2023-06-03 02:18:59,0.0845,0.0844,0.0844,0.0845,0.08447996145616718,0.08445,0.0844,0.0845,True,9.44214996641261e-05,-3.673026285785006e-06,0,0.08450435523410789,0.08450144550105422,-3.4228129086648025,-3.4228129086648025,0.08458591900316167,0.08458643450686334,80.46998660250836,79.5129892526514,0,-2
2023-06-03 02:19:00,2023-06-03 02:19:59,0.0844,0.0844,0.0844,0.0844,0.08446498072808359,0.0844,0.0844,0.08446498072808359,True,8.767710683097424e-05,-7.079514447269443e-06,0,0.08450290036758105,0.08449964333927926,-6.6686440873777,-6.6686440873777,0.08458406906283171,0.08458457943714331,71.78773697562183,80.80064755175368,0,-2
2023-06-03 02:20:00,2023-06-03 02:20:59,0.0844,0.0845,0.0844,0.0845,0.0844324903640418,0.08445,0.0844,0.0845,True,8.855731348590485e-05,-2.002507898723884e-06,0,0.08450127185343015,0.08449788387853856,-2.2616606829987376,-0.0,0.08458273504230603,0.08458373785070408,63.70270929676396,71.9868109582981,0,-1
2023-06-03 02:21:00,2023-06-03 02:21:59,0.0844,0.0844,0.0844,0.0844,0.0844412451820209,0.0844,0.0844,0.0844412451820209,True,8.937464823691185e-05,-5.379625867740653e-06,0,0.08449957786598435,0.084495827055221,-4.460056154814396,-4.460056154814396,0.0845809167831786,0.08458190961338365,49.283346970767134,61.59126441438435,0,-2
2023-06-03 02:22:00,2023-06-03 02:22:59,0.0845,0.0845,0.0845,0.0845,0.08442062259101045,0.0845,0.0845,0.0845,True,9.01336019342755e-05,-3.478996554461473e-07,0,0.08449770246060267,0.08449423633459727,-1.0914611633843379,-0.0,0.08458011164105741,0.08458109459235495,67.8213775205229,60.269144596018045,0,-1
2023-06-03 02:23:00,2023-06-03 02:23:59,0.0844,0.0844,0.0844,0.0844,0.08446031129550523,0.0844,0.0844,0.08446031129550523,True,9.083834465325602e-05,-3.819230219282692e-06,0,0.08449596939759997,0.08449233738759095,-3.078655694142853,-3.078655694142853,0.084578319485425,0.08457929265611261,54.09531668382696,57.06668039170571,0,-2
2023-06-03 02:24:00,2023-06-03 02:24:59,0.0844,0.0844,0.0844,0.0845,0.08443015564775261,0.084425,0.0844,0.0845,True,9.149274860659509e-05,-5.768813293521399e-06,0,0.08449415339259546,0.08449038032716853,-4.403452047981865,-4.403452047981865,0.08457679391840585,0.08457750864958413,61.64834423850521,61.188346147618404,0,-2
2023-06-03 02:25:00,2023-06-03 02:25:59,0.0845,0.0845,0.0845,0.0845,0.0844275778238763,0.0845,0.0845,0.0845,True,9.210040942040993e-05,2.195535974784183e-07,0,0.084492266859882,0.08448890552092057,-0.582841391360418,-0.0,0.08457602979981474,0.08457673741924002,61.64834423850521,59.13066838694584,0,-1
2023-06-03 02:26:00,2023-06-03 02:26:59,0.0844,0.0845,0.0844,0.0845,0.08446378891193815,0.08445,0.0844,0.0845,True,9.266466589038085e-05,4.213681375249871e-06,0,0.08449058619040128,0.08448747746234167,1.9642323797205492,0.0,0.08457477577195589,0.08457597386282967,72.17260712818866,65.15643186839975,0,2
2023-06-03 02:27:00,2023-06-03 02:27:59,0.0845,0.0845,0.0845,0.0845,0.08445689445596907,0.0845,0.0845,0.0845,True,8.604576118392508e-05,6.732264852426319e-06,0,0.08448903182637148,0.08448643905970517,3.662281560441194,3.662281560441194,0.08457403173442399,0.08457521790399554,88.44095978765773,74.08730371811725,0,2
2023-06-03 02:28:00,2023-06-03 02:28:59,0.0845,0.0845,0.0845,0.0845,0.08447844722798453,0.0845,0.0845,0.0845,True,7.989963538507328e-05,8.172793058568955e-06,0,0.08448773544303832,0.08448571456047879,4.794314347588291,4.794314347588291,0.08457329510025062,0.08457446946713987,88.11825330218655,82.91060673934436,0,2
2023-06-03 02:29:00,2023-06-03 02:29:59,0.0845,0.0845,0.0845,0.0845,0.08448922361399228,0.0845,0.0845,0.0845,True,7.419251857185376e-05,8.838305418094685e-06,0,0.08448672500175856,0.08448524217044995,5.549002872353022,5.549002872353022,0.08457256579577052,0.08457372847741708,99.08237244258571,91.88052851081005,0,2
2023-06-03 02:30:00,2023-06-03 02:30:59,0.0844,0.0845,0.0844,0.0845,0.08449461180699613,0.08445,0.0844,0.0845,True,7.603591010243584e-05,8.958436274645162e-06,0,0.08448598358610426,0.08448462845569002,6.052128555529507,6.052128555529507,0.0845713462356136,0.08457299486072636,83.57061911238357,90.25708161905199,1,2
2023-06-03 02:31:00,2023-06-03 02:31:59,0.0845,0.0844,0.0844,0.0845,0.08447230590349807,0.08445,0.0844,0.0845,True,7.774763080940491e-05,1.848798788340084e-06,0,0.08448530602089714,0.08448390768571133,-1.6920694593951708,-0.0,0.08457013881038362,0.0845712735188286,68.10935768118073,83.58744974538338,-1,1
2023-06-03 02:32:00,2023-06-03 02:32:59,0.0844,0.0845,0.0844,0.0846,0.08446115295174902,0.084475,0.0844,0.0846,True,8.647994289444684e-05,4.095370229895399e-06,0,0.08448460685330424,0.08448327910224125,0.7062301202249373,0.0,0.08456919215555393,0.08457056432958651,61.10065295788693,70.92687658381712,0,2
2023-06-03 02:33:00,2023-06-03 02:33:59,0.0846,0.0846,0.0845,0.0846,0.08446807647587451,0.084575,0.0845,0.0846,True,8.744566125912843e-05,1.2283464366234156e-05,0,0.08448394297777274,0.08448341351695526,6.581952259000644,6.581952259000644,0.08456924994505091,0.08457085722182943,76.88462087456092,68.6982105045429,1,2
2023-06-03 02:34:00,2023-06-03 02:34:59,0.0845,0.0845,0.0845,0.0845,0.08452153823793726,0.0845,0.0845,0.08452153823793726,True,8.834239974061847e-05,1.0210965741790974e-05,0,0.084483678247364,0.08448363314351771,4.64369971022704,4.64369971022704,0.0845685608908713,0.08457015217484605,77.00413459331851,71.66313614192217,0,1
2023-06-03 02:35:00,2023-06-03 02:35:59,0.0845,0.0844,0.0844,0.0845,0.08451076911896863,0.08445,0.0844,0.08451076911896863,True,8.917508547343165e-05,1.5810597918793213e-06,0,0.08448365569544085,0.08448357529792268,-0.6379932169388098,-0.0,0.08456738118051436,0.08456845911837992,57.589854033997455,70.492869833959,0,1
2023-06-03 02:36:00,2023-06-03 02:36:59,0.0845,0.0845,0.0845,0.0845,0.08448038455948431,0.0845,0.0845,0.0845,True,8.994829365390103e-05,2.8107588263873827e-06,0,0.08448361549668176,0.08448364244660224,0.33956712029214486,0.0,0.08456671072100676,0.08456777793312241,40.79947209089785,58.46448690607131,0,2
2023-06-03 02:37:00,2023-06-03 02:37:59,0.0845,0.0845,0.0845,0.0845,0.08449019227974217,0.0845,0.0845,0.0845,True,8.352341553576524e-05,3.4980514797593984e-06,0,0.084483628971642,0.08448380754344188,0.9912740117794456,0.0,0.08456604693273803,0.08456710352582766,36.825236214517425,45.07152077980428,0,2
2023-06-03 02:38:00,2023-06-03 02:38:59,0.0846,0.0845,0.0845,0.0846,0.08449509613987108,0.08455,0.0845,0.0846,True,8.470031442606694e-05,3.7980926614919564e-06,0,0.08448371825754193,0.08448439167599013,1.4257452727709818,0.0,0.08456588726176552,0.08456643582905327,54.91002006647215,44.178242790629184,0,2
2023-06-03 02:39:00,2023-06-03 02:39:59,0.0846,0.0845,0.0845,0.0846,0.08452254806993553,0.08455,0.0845,0.0846,True,8.579314910991851e-05,3.828091707816179e-06,0,0.08448405496676603,0.08448530171052818,1.715392780098675,0.0,0.0845657291795589,0.08456577477602786,63.03949409344045,51.59158345814338,0,2
2023-06-03 02:40:00,2023-06-03 02:40:59,0.0846,0.0846,0.0845,0.0846,0.08453627403496777,0.084575,0.0845,0.0846,True,8.680792417349497e-05,1.0533046262559426e-05,0,0.0844846783386471,0.08448663361277664,6.89822056317918,6.89822056317918,0.08456582142652846,0.08456611532552012,80.27784277316347,66.07578564435873,0,2
2023-06-03 02:41:00,2023-06-03 02:41:59,0.0846,0.0846,0.0845,0.0846,0.08455563701748389,0.084575,0.0845,0.0846,True,8.775021530395883e-05,1.4378185445576244e-05,0,0.08448565597571188,0.08448828851617447,10.353439085232843,10.353439085232843,0.08456591275561773,0.08456645248646022,86.53840929472096,76.618582053775,0,2
2023-06-03 02:42:00,2023-06-03 02:42:59,0.0845,0.0846,0.0845,0.0846,0.08456531850874194,0.08455,0.0845,0.0846,True,8.862519992510384e-05,1.6178252954827965e-05,0,0.08448697224594318,0.08449001483966488,12.65691809993529,12.65691809993529,0.08456575441974093,0.08456678629256509,83.84281775551801,83.55302327446752,0,2
2023-06-03 02:43:00,2023-06-03 02:43:59,0.0847,0.0845,0.0845,0.0847,0.08455765925437098,0.08460000000000001,0.0845,0.0847,True,9.658054278759585e-05,9.691743333838393e-06,0,0.08448849354280404,0.08449212860145466,6.309604786747414,6.309604786747414,0.0845660951717833,0.08456612175234056,86.24315915009186,85.54146206677699,0,1
2023-06-03 02:44:00,2023-06-03 02:44:59,0.0846,0.0846,0.0846,0.0846,0.08457882962718549,0.0846,0.0846,0.0846,True,9.68247897313382e-05,1.1837401431486165e-05,0,0.08449031107212936,0.08449453289348843,7.654842272718248,7.654842272718248,0.0845664325332581,0.0845664588493322,88.64350054466068,86.24315915009022,0,2
2023-06-03 02:45:00,2023-06-03 02:45:59,0.0845,0.0845,0.0845,0.0846,0.08458941481359275,0.084525,0.0845,0.0846,True,9.705159046481326e-05,5.734072455598951e-06,0,0.0844924219828089,0.08449663484626639,3.270062478945718,3.270062478945718,0.08456602026924559,0.08456579756724929,75.01254553533946,83.29973507669737,0,1
2023-06-03 02:46:00,2023-06-03 02:46:59,0.0846,0.0847,0.0846,0.0848,0.08455720740679637,0.084675,0.0846,0.0848,True,0.00011154790543161195,1.5133614652391866e-05,0,0.08449452841453765,0.08449951350311033,7.498272169112148,7.498272169112148,0.08456710464467598,0.08456713291483885,75.01254553533946,79.55619720511324,0,2
2023-06-03 02:47:00,2023-06-03 02:47:59,0.0847,0.0848,0.0847,0.0848,0.08461610370339818,0.08474999999999999,0.0847,0.0848,True,0.00011072305504363987,2.7252366578683806e-05,1,0.084497020958824,0.08450349849364022,12.453667760296113,12.453667760296113,0.08456892449895781,0.08456945000026334,75.01254553534447,75.01254553534118,0,2
2023-06-03 02:48:00,2023-06-03 02:48:59,0.0847,0.0848,0.0847,0.0849,0.08468305185169908,0.08477499999999999,0.0847,0.0849,True,0.00011709997968338029,3.368342708999875e-05,0,0.08450025972623211,0.08450849869377514,15.757264821085428,15.757264821085428,0.08457097500145574,0.08457174403011146,99.99999999999994,83.34169702356134,0,2
2023-06-03 02:49:00,2023-06-03 02:49:59,0.0847,0.0848,0.0847,0.0848,0.08472902592584954,0.08474999999999999,0.0847,0.0848,True,0.00011587855256313905,3.6093486145830347e-05,0,0.08450437921000363,0.08451409234229457,17.959662861611633,17.959662861611633,0.08457275634472484,0.08457401523379195,94.71586706974982,89.90947086836479,0,2
2023-06-03 02:50:00,2023-06-03 02:50:59,0.0847,0.0848,0.0847,0.0848,0.08473951296292476,0.08474999999999999,0.0847,0.0848,True,0.00011474437023720076,3.5736709795051387e-05,0,0.0845092357761491,0.0845201148385231,19.427928221962446,19.427928221962446,0.0845745199631853,0.08457626383843084,89.43173413949971,94.71586706974988,0,2
2023-06-03 02:51:00,2023-06-03 02:51:59,0.0847,0.0848,0.0847,0.0848,0.08474475648146237,0.08474999999999999,0.0847,0.0848,True,0.00011369120093454378,3.3548762536251344e-05,0,0.08451467530733611,0.0845264336488401,20.40677179552965,20.40677179552965,0.08457626603320335,0.08457849006889422,84.14760120924957,89.43173413949974,0,2
2023-06-03 02:52:00,2023-06-03 02:52:59,0.0847,0.0847,0.0847,0.0848,0.08474737824073118,0.084725,0.0847,0.0848,True,0.00011271325801064799,2.3363225248874077e-05,0,0.08452055447808811,0.08453277086897756,13.364005030320861,13.364005030320861,0.08457774597317148,0.08457969912293507,78.11106919346173,83.89680151407038,0,1
2023-06-03 02:53:00,2023-06-03 02:53:59,0.0848,0.0848,0.0848,0.0848,0.0847361891203656,0.0848,0.0848,0.0848,True,0.00011180516815274477,2.2140452694308487e-05,0,0.08452666267353284,0.08453959368298646,13.349487287152257,13.349487287152257,0.08457995745602549,0.08458189117146309,81.97606499357342,81.41157846542826,0,2
2023-06-03 02:54:00,2023-06-03 02:54:59,0.0847,0.0847,0.0847,0.0849,0.0847680945601828,0.08474999999999999,0.0847,0.0849,True,0.0001181047989989777,1.3016848509932779e-05,0,0.08453312817825966,0.08454640894353214,8.076411001406562,8.076411001406562,0.08458164942163718,0.08458306638368733,74.41888040137856,78.16867152947127,0,1
2023-06-03 02:55:00,2023-06-03 02:55:59,0.0848,0.0848,0.0848,0.0849,0.0847590472800914,0.08482500000000001,0.0848,0.0849,True,0.00012395445621333684,1.2887779739689171e-05,0,0.0845397685608959,0.08455368607700786,8.589326896831494,8.589326896831494,0.08458407082042686,0.08458522492713323,82.2773089511125,79.55741811535485,0,2
2023-06-03 02:56:00,2023-06-03 02:56:59,0.0849,0.0848,0.0847,0.0849,0.0847920236400457,0.08482500000000001,0.0847,0.0849,True,0.00012938628076952747,1.1701564251806522e-05,0,0.08454672731895188,0.08456127691741493,8.93127082711478,8.93127082711478,0.08458646812569624,0.08458736199253489,80.23420968494692,78.97679967914603,0,1
2023-06-03 02:57:00,2023-06-03 02:57:59,0.0849,0.0848,0.0848,0.0849,0.08480851182002286,0.08485000000000001,0.0848,0.0849,True,0.00012728726071456142,9.866025109188712e-06,0,0.08455400211818341,0.08456923418684406,9.159233447303635,9.159233447303635,0.08458909033340076,0.08458947779360419,92.64759128714496,85.05303664106816,0,1
2023-06-03 02:58:00,2023-06-03 02:58:59,0.0849,0.085,0.0848,0.085,0.08482925591001143,0.084925,0.0848,0.085,True,0.00013248102780637886,2.1391268226211003e-05,0,0.08456161815251374,0.08457793993284851,15.277452001199904,15.277452001199904,0.08459243271814304,0.08459356259167779,96.109827683449,89.66387621851366,0,2
2023-06-03 02:59:00,2023-06-03 02:59:59,0.085,0.085,0.0849,0.085,0.08487712795500571,0.08497500000000001,0.0849,0.085,True,0.00013016095439163773,2.7287995948763075e-05,0,0.08456977904268113,0.08458751828222184,19.35626437046409,19.35626437046409,0.0845962393577635,0.08459760674499443,99.57206407975302,96.10982768344904,0,2
2023-06-03 03:00:00,2023-06-03 03:00:59,0.0849,0.0849,0.0848,0.085,0.08492606397750285,0.0849,0.0848,0.085,True,0.0001351494576493783,2.2379270439416477e-05,0,0.08457864866245149,0.08459720334094134,15.824975091581223,15.824975091581223,0.08459926185171611,0.08460061563310393,77.06097808743435,90.91428995021217,0,1
2023-06-03 03:01:00,2023-06-03 03:01:59,0.0848,0.0849,0.0848,0.0849,0.08491303198875143,0.08485000000000001,0.0848,0.08491303198875143,True,0.00013263878210299432,1.7525485666785846e-05,0,0.08458792600169641,0.08460656290970375,13.47078223899264,13.47078223899264,0.0846017567586642,0.08460359458202828,43.727644754101014,73.45356230709618,0,1
2023-06-03 03:02:00,2023-06-03 03:02:59,0.0848,0.0848,0.0847,0.0848,0.08488151599437571,0.08477499999999999,0.0847,0.08488151599437571,True,0.00013745029766706657,6.039390897935915e-06,0,0.08459724445570009,0.08461508742157876,6.8408178888850415,0.0,0.08460348057201082,0.08460554886479417,10.394311420767679,43.72764475410107,0,1
2023-06-03 03:03:00,2023-06-03 03:03:59,0.0849,0.0849,0.0848,0.0849,0.08482825799718785,0.084875,0.0848,0.0849,True,0.00013477527640513346,4.485432385002133e-06,0,0.08460616593863943,0.08462358210642322,6.871477458888656,0.0,0.08460618225786146,0.08460847872683602,10.481686888582784,21.534547687817213,0,1
2023-06-03 03:04:00,2023-06-03 03:04:59,0.0849,0.0849,0.0848,0.085,0.08485162899859393,0.0849,0.0848,0.085,True,0.00013943418523333862,2.55820756034429e-06,0,0.08461487402253133,0.08463216655225154,6.891917172224396,0.0,0.08460910581748472,0.08461137943602173,23.30200710745993,14.726001805603518,0,1
2023-06-03 03:05:00,2023-06-03 03:05:59,0.0849,0.0849,0.0849,0.0849,0.08487581449929696,0.0849,0.0849,0.0849,True,0.00012947460057381442,4.7200643473796066e-07,0,0.08462352028739144,0.08464076276910608,6.905543647781556,0.0,0.08461200028696249,0.08461425128242947,36.12232732633707,23.302007107459985,0,1
2023-06-03 03:06:00,2023-06-03 03:06:59,0.085,0.085,0.0849,0.085,0.08488790724964848,0.08497500000000001,0.0849,0.085,True,0.00012736927196139932,5.233060671312886e-06,0,0.08463214152824876,0.08464982385394279,11.081338939653563,11.081338939653563,0.08461561222440565,0.08461808957812669,45.4221351041584,34.948823179318524,0,2
2023-06-03 03:07:00,2023-06-03 03:07:59,0.085,0.0849,0.0849,0.085,0.08493145362482424,0.08495000000000001,0.0849,0.085,True,0.0001254143239641567,4.844840038077398e-07,0,0.08464098269109578,0.08465901723734635,7.886485302694233,0.0,0.08461893946595386,0.0846208946569513,48.320797122070395,43.28841985085535,0,1
2023-06-03 03:08:00,2023-06-03 03:08:59,0.085,0.0849,0.0849,0.085,0.08494072681241213,0.08495000000000001,0.0849,0.085,True,0.0001235990151095743,-3.342806890080396e-06,0,0.08464999996422107,0.08466825170395502,5.7565828780546795,0.0,0.08462223360062099,0.08462367182454382,51.21945913998238,48.32079712207045,0,1
2023-06-03 03:09:00,2023-06-03 03:09:59,0.085,0.0848,0.0848,0.085,0.08494536340620606,0.0849,0.0848,0.085,True,0.00012905622831603367,-1.3254305991601285e-05,0,0.08465912583408805,0.08467711210422528,-0.3174495850530903,-0.0,0.08462499744539093,0.08462542633375233,38.84535593692118,46.12853739965805,0,1
2023-06-03 03:10:00,2023-06-03 03:10:59,0.0849,0.0848,0.0848,0.0849,0.08492268170310303,0.08485000000000001,0.0848,0.08492268170310303,True,0.00012698078343631718,-1.9775643328126888e-05,0,0.08466811896915667,0.08468527415449482,-4.36680456045827,-4.36680456045827,0.08462723627678007,0.08462716338515779,23.126373700132046,37.73039625901193,0,1
2023-06-03 03:11:00,2023-06-03 03:11:59,0.0849,0.0848,0.0848,0.0849,0.08488634085155153,0.08485000000000001,0.0848,0.0849,True,0.0001250535846194376,-2.3780055800948503e-05,0,0.08467669656182575,0.0846928303885527,-7.066374544061723,-7.066374544061723,0.08462945283123996,0.08462888315246965,7.4073914633429085,23.12637370013211,0,1
2023-06-03 03:12:00,2023-06-03 03:12:59,0.0849,0.0849,0.0849,0.0849,0.08486817042577577,0.0849,0.0849,0.0849,True,0.00012326404286090655,-1.9081441914859065e-05,0,0.08468476347518923,0.08470020086861849,-2.223121124893524,-0.0,0.08463214484286942,0.08463158083254457,6.451084235314404,12.328283132929853,0,2
2023-06-03 03:13:00,2023-06-03 03:13:59,0.085,0.0849,0.0849,0.085,0.08488408521288789,0.08495000000000001,0.0849,0.085,True,0.00012160232551369914,-1.5793002725630515e-05,0,0.08469248217190387,0.08470771758710172,1.0057144878852782,0.0,0.08463530758075131,0.08463425167003169,27.049428871493575,13.635968190050363,0,2
2023-06-03 03:14:00,2023-06-03 03:14:59,0.085,0.0849,0.0849,0.085,0.08491704260644395,0.08495000000000001,0.0849,0.085,True,0.00012005930226272084,-1.353814436078486e-05,0,0.08470009987950279,0.08471529786743688,3.158271563071146,0.0,0.08463843884860453,0.08463689593202142,47.647773507672746,27.049428871493642,0,2
2023-06-03 03:15:00,2023-06-03 03:15:59,0.0849,0.085,0.0849,0.085,0.08493352130322199,0.08495000000000001,0.0849,0.085,True,0.00011862649495824099,-5.173520227977883e-06,0,0.08470769887346984,0.0847228761816806,9.63217855994494,9.63217855994494,0.0846415389595637,0.08464050890782221,61.795033908537505,45.497412095901346,0,2
2023-06-03 03:16:00,2023-06-03 03:16:59,0.0849,0.0849,0.0849,0.085,0.08494176065161099,0.08492500000000001,0.0849,0.085,True,0.00011729603103265256,-6.940139196083707e-06,0,0.08471528752757522,0.08473022942612511,6.715250828931573,0.0,0.08464435946742874,0.08464309090873941,53.57744356598685,54.34008366073243,0,1
2023-06-03 03:17:00,2023-06-03 03:17:59,0.0849,0.0849,0.0849,0.0849,0.0849333803258055,0.0849,0.0849,0.0849333803258055,True,0.00010891774310174881,-8.309125686069128e-06,0,0.08472275847685017,0.08473718349387044,4.770632341589334,0.0,0.08464690315432,0.08464564721810519,37.389934853091354,50.9208041092053,0,1
2023-06-03 03:18:00,2023-06-03 03:18:59,0.0849,0.085,0.0849,0.085,0.08491669016290275,0.08495000000000001,0.0849,0.085,True,0.0001082807614516241,-2.488857130343732e-06,0,0.08472997098536031,0.08474411862786636,8.401564297683102,0.0,0.08464991904333174,0.0846491731164325,33.302285724408705,41.423221381162364,0,2
2023-06-03 03:19:00,2023-06-03 03:19:59,0.0849,0.0848,0.0848,0.0849,0.08493334508145138,0.08485000000000001,0.0848,0.08493334508145138,True,0.00011483213563365137,-1.284919841959232e-05,0,0.08473704480661334,0.08475030516644726,1.643076621229504,0.0,0.08465190989862198,0.08465067388144312,20.92153143078019,30.537917336093482,0,1
2023-06-03 03:20:00,2023-06-03 03:20:59,0.0849,0.0848,0.0848,0.0849,0.08489167254072569,0.08485000000000001,0.0848,0.0849,True,0.00011377269737410504,-1.9470377120664668e-05,0,0.0847436749865303,0.0847558598843595,-2.862581829739561,-0.0,0.08465388094440683,0.08465215971346857,16.510695507496518,23.578170887561868,0,-2
2023-06-03 03:21:00,2023-06-03 03:21:59,0.0849,0.0848,0.0848,0.0849,0.08487083627036285,0.08485000000000001,0.0848,0.0849,True,0.00011278893327595488,-2.334500696242986e-05,0,0.08474976743544492,0.08476087905414387,-5.866354130385609,-5.866354130385609,0.08465583237779582,0.08465363076109575,-1.4118242164541027e-14,12.477408979425627,0,-2
2023-06-03 03:22:00,2023-06-03 03:22:59,0.0849,0.0849,0.0848,0.0849,0.08486041813518143,0.084875,0.0848,0.0849,True,0.0001118754380419583,-1.8374688761928185e-05,0,0.0847553232447944,0.08476561367286505,-2.3833991042926215,-0.0,0.08465801315015606,0.08465608219630873,7.436724999407278,7.982473502301325,0,-1
2023-06-03 03:23:00,2023-06-03 03:23:59,0.0849,0.0849,0.0849,0.0849,0.08486770906759072,0.0849,0.0849,0.0849,True,0.00010388433532467556,-1.473614139735677e-05,0,0.08476046845882973,0.08477026330460015,-0.06142908689729154,-0.0,0.08466042097950774,0.08465850923913153,22.057106898049437,9.831277299152298,0,-1
2023-06-03 03:24:00,2023-06-03 03:24:59,0.0848,0.0848,0.0848,0.0849,0.08488385453379536,0.08482500000000001,0.0848,0.0849,True,0.00010360688280148466,-1.895507184856136e-05,0,0.08476536588171495,0.08477429954430514,-3.551964334115546,-3.551964334115546,0.08466205858170169,0.08465991710739887,22.0571068980494,17.183646265168772,0,-2
2023-06-03 03:25:00,2023-06-03 03:25:59,0.0849,0.0848,0.0848,0.0849,0.08485442726689768,0.08485000000000001,0.0848,0.0849,True,0.00010334924831566454,-2.1176590962272873e-05,0,0.08476983271301004,0.08477799668984094,-5.878987832261046,-5.878987832261046,0.08466392864556535,0.08466131096702674,20.748600973258963,21.620938256452664,0,-2
2023-06-03 03:26:00,2023-06-03 03:26:59,0.0849,0.0849,0.0849,0.0849,0.08485221363344884,0.0849,0.0849,0.0849,True,0.00010311001629311728,-1.5115263943351747e-05,0,0.08477391470142549,0.0847817445509757,-1.677861676586197,-0.0,0.08466627761426619,0.0846636859822802,23.570330603618775,22.12534615830911,0,-1
2023-06-03 03:27:00,2023-06-03 03:27:59,0.0848,0.085,0.0848,0.085,0.08487610681672442,0.0849,0.0848,0.085,True,0.0001100307294150379,-3.946286574320832e-06,0,0.0847778296262006,0.08478550662654509,4.799933504680254,0.0,0.08466860321014413,0.08466703239041672,41.012442132620734,28.443791236499553,0,-1
2023-06-03 03:28:00,2023-06-03 03:28:59,0.0849,0.085,0.0849,0.085,0.08488805340836221,0.08495000000000001,0.0849,0.085,True,0.00010931424874253539,3.1727788723874735e-06,0,0.08478166812637285,0.08478959713457282,9.118463625524548,9.118463625524548,0.0846714031782024,0.08467034550095984,62.96430890987016,42.51569388203662,0,2
2023-06-03 03:29:00,2023-06-03 03:29:59,0.085,0.0849,0.0849,0.085,0.08491902670418111,0.08495000000000001,0.0849,0.085,True,0.00010864894526092592,4.914978702653792e-07,0,0.08478563263047284,0.08479391815454956,5.933267586524636,0.0,0.08467417528588198,0.08467263062035327,76.85422467843925,60.276991906976775,0,-2
2023-06-03 03:30:00,2023-06-03 03:30:59,0.085,0.085,0.085,0.0851,0.08493451335209057,0.085025,0.085,0.0851,True,0.00011517402059943063,5.307860192150672e-06,0,0.0847897753925112,0.08479890559117242,7.906772644821238,0.0,0.08467766607905727,0.08467588802711593,92.74544648277062,77.52132669036007,0,2
2023-06-03 03:31:00,2023-06-03 03:31:59,0.0851,0.0851,0.085,0.0851,0.08497975667604529,0.085075,0.085,0.0851,True,0.00011409016198518479,1.4746767709573299e-05,0,0.08479434049184181,0.08480472653636145,12.099441332009384,12.099441332009384,0.08468161965040993,0.08468010804674661,97.99869396423769,89.19945504181591,0,2
2023-06-03 03:32:00,2023-06-03 03:32:59,0.0851,0.085,0.085,0.0851,0.08502737833802265,0.08505,0.085,0.0851,True,0.00011308372184338509,1.3012142448210552e-05,0,0.08479953351410163,0.08481099224424536,9.877555525977321,9.877555525977321,0.08468528512652526,0.08468329105125659,94.86885087091707,95.20433043930852,0,1
2023-06-03 03:33:00,2023-06-03 03:33:59,0.085,0.085,0.085,0.0851,0.08503868916901133,0.085025,0.085,0.0851,True,0.00011214917028314251,1.096726587555936e-05,0,0.08480526287917349,0.08481739360092072,8.396298321955946,0.0,0.08468866537402252,0.08468644238407991,84.75445881508476,92.54066788341324,0,1
2023-06-03 03:34:00,2023-06-03 03:34:59,0.0851,0.0851,0.0851,0.0851,0.08503184458450566,0.0851,0.0851,0.0851,True,0.0001112813724057744,1.565285023450521e-05,0,0.0848113282400471,0.084824372414489,10.902433653697976,10.902433653697976,0.08469275825587304,0.08469055738523334,82.86270693706648,87.49533887435616,0,2
2023-06-03 03:35:00,2023-06-03 03:35:59,0.085,0.085,0.085,0.0851,0.08506592229225282,0.085025,0.085,0.0851,True,0.00011047556009107545,1.0739669056819123e-05,0,0.08481785032726805,0.08483124340208742,7.7373023749852194,0.0,0.0846960641438743,0.08469363641622604,72.75135418342255,80.12283997852467,0,1
2023-06-03 03:36:00,2023-06-03 03:36:59,0.0851,0.0851,0.085,0.0851,0.0850454611461264,0.085075,0.085,0.0851,True,0.00010972730579885499,1.3537935488627456e-05,0,0.08482454686467773,0.08483832540843275,9.011455626358405,0.0,0.08469983464990541,0.08469767983497006,73.10757143740227,76.24054418596383,0,2
2023-06-03 03:37:00,2023-06-03 03:37:59,0.0852,0.0852,0.0851,0.0853,0.0850602305730632,0.0852,0.0851,0.0853,True,0.00011617535538465147,2.1174149660842798e-05,0,0.08483143613655524,0.08484638259415964,12.429481381970888,12.429481381970888,0.08470481141955809,0.08470267804556737,74.99932331542055,73.61941631208185,0,2
2023-06-03 03:38:00,2023-06-03 03:38:59,0.0852,0.0852,0.0851,0.0852,0.0851301152865316,0.085175,0.0851,0.0852,True,0.00011501997285717658,2.470368181805393e-05,0,0.08483890936535743,0.08485498073802242,14.708165219045881,14.708165219045881,0.08470948991289581,0.08470762652272591,85.77608948582953,77.96099474621751,0,2
2023-06-03 03:39:00,2023-06-03 03:39:59,0.0852,0.0852,0.0851,0.0853,0.08515255764326579,0.0852,0.0851,0.0853,True,0.00012108997479595009,2.537931700533038e-05,0,0.08484694505168992,0.08486411731620583,16.227287777095867,16.227287777095867,0.08471437061027993,0.08471252576130575,92.59953419415291,84.45831566513438,0,2
2023-06-03 03:40:00,2023-06-03 03:40:59,0.0852,0.0852,0.0851,0.0852,0.0851762788216329,0.085175,0.0851,0.0852,True,0.00011958354802481101,2.413805017668055e-05,0,0.08485553118394787,0.08487344359428707,17.240036149129196,17.240036149129196,0.08471895398729208,0.08471737625124301,83.45455451887265,87.2767260662851,0,2
2023-06-03 03:41:00,2023-06-03 03:41:59,0.0851,0.0853,0.0851,0.0853,0.08517563941081645,0.0852,0.0851,0.0853,True,0.0001253275803087535,2.853091165710289e-05,0,0.08486448738911746,0.08488302676283277,20.92332445637649,20.92332445637649,0.08472374051478171,0.08472317350247442,79.82106624285457,85.29171831862676,0,2
2023-06-03 03:42:00,2023-06-03 03:42:59,0.0852,0.0852,0.0851,0.0852,0.08518781970540823,0.085175,0.0851,0.0852,True,0.00013066132457241437,2.2608312252664424e-05,0,0.08487375707597511,0.08489257490573353,16.579486701752074,16.579486701752074,0.08472823065891323,0.08472791804473835,65.6550272980347,76.3102160199207,0,1
2023-06-03 03:43:00,2023-06-03 03:43:59,0.0851,0.0851,0.0851,0.0852,0.08518140985270412,0.08512499999999999,0.0851,0.0852,True,0.00012847122996009926,1.0245452702863973e-05,0,0.08488316599085431,0.08490168690911006,9.087273591425443,0.0,0.08473217861255589,0.0847316203527509,41.466673639981614,62.31425572695702,0,1
2023-06-03 03:44:00,2023-06-03 03:44:59,0.0851,0.0852,0.0851,0.0852,0.08515320492635206,0.08515,0.0851,0.0852,True,0.00012643757067723523,7.971393426295538e-06,0,0.08489242644998218,0.08491056454532513,8.234209316979026,0.0,0.08473633603929662,0.08473628084675339,21.90217529587748,43.00795874463133,0,1
2023-06-03 03:45:00,2023-06-03 03:45:59,0.0851,0.0851,0.0851,0.0852,0.08515160246317603,0.08512499999999999,0.0851,0.0852,True,0.00012454917277171862,-1.4051472463959345e-06,0,0.08490149549765365,0.08491902522601366,3.697698284916953,0.0,0.08474020334238819,0.08473989994280559,5.669611000893243,23.01281997891751,0,1
2023-06-03 03:46:00,2023-06-03 03:46:59,0.0851,0.0851,0.0851,0.0852,0.08513830123158801,0.08512499999999999,0.0851,0.0852,True,0.00012279566043088178,-8.09323504907045e-06,0,0.08491026036183365,0.08492709958541672,0.6733575968755758,0.0,0.08474403216485199,0.0847434830279518,5.669611000893243,11.080465765888052,0,1
2023-06-03 03:47:00,2023-06-03 03:47:59,0.0851,0.0851,0.0851,0.0852,0.085131650615794,0.08512499999999999,0.0851,0.0852,True,0.00012116739897153329,-1.2729660833548628e-05,0,0.08491867997362518,0.08493481439266258,-1.3428695284853447,-0.0,0.08474782288957983,0.08474703046050949,-6.750155989720952e-14,3.779740667262203,0,1
2023-06-03 03:48:00,2023-06-03 03:48:59,0.0851,0.0851,0.0851,0.0851,0.08512832530789699,0.0851,0.0851,0.08512832530789699,True,0.00011251258475928091,-1.581067514191801e-05,0,0.08492674718314387,0.08494202166359774,-2.687020945392625,-0.0,0.08475132713943476,0.0847505425952308,-6.750155989720952e-14,1.8898703336310996,0,1
2023-06-03 03:49:00,2023-06-03 03:49:59,0.0851,0.0851,0.0851,0.0852,0.0851141626539485,0.08512499999999999,0.0851,0.0852,True,0.00011161882870504675,-1.77219237145075e-05,0,0.0849343844233708,0.08494895142466953,-3.5831218899974786,-3.5831218899974786,0.08475504527735082,0.08475401978333795,5.643387287236929,1.8811290957456615,0,-2
2023-06-03 03:50:00,2023-06-03 03:50:59,0.0851,0.0852,0.085,0.0852,0.08511958132697425,0.085125,0.085,0.0852,True,0.00011793176951182855,-1.1904995159229924e-05,0,0.08494166792402016,0.08495561515474374,2.1659070488144962,0.0,0.08475872641886972,0.0847584573974341,11.286774574477121,5.643387287238057,0,2
2023-06-03 03:51:00,2023-06-03 03:51:59,0.0852,0.0852,0.0851,0.0852,0.08512229066348713,0.085175,0.0851,0.0852,True,0.00011665092883241242,-8.190437865121942e-06,0,0.08494864153938195,0.08496236676964099,5.998593008022482,0.0,0.08476286844455261,0.0847628508561661,29.50556204499976,15.478574635571334,0,2
2023-06-03 03:52:00,2023-06-03 03:52:59,0.0851,0.0852,0.0851,0.0852,0.08514864533174357,0.08515,0.0851,0.0852,True,0.00011546157677295459,-5.988531847998297e-06,0,0.08495550415451146,0.08496896972703254,8.5537169808278,8.5537169808278,0.0847667204998307,0.08476720059889081,33.477583738163226,24.756640119213433,0,2
2023-06-03 03:53:00,2023-06-03 03:53:59,0.0851,0.0852,0.0851,0.0852,0.08514932266587179,0.08515,0.0851,0.0852,True,0.00011435717843202948,-4.853685078712457e-06,0,0.084962236940772,0.08497541034201468,10.257132962698016,10.257132962698016,0.08477053422620054,0.08477150706059339,38.46277644803011,33.815307410397764,0,2
2023-06-03 03:54:00,2023-06-03 03:54:59,0.0851,0.0851,0.0851,0.0851,0.08514966133293589,0.0851,0.0851,0.08514966133293589,True,0.00011333166568688471,-1.1308895555515292e-05,0,0.08496882364139334,0.08498133590103482,2.5601749973121457,0.0,0.0847738124926065,0.08477477564705514,20.243988977507474,30.728116387900332,0,-2
2023-06-03 03:55:00,2023-06-03 03:55:59,0.0852,0.0851,0.0851,0.0852,0.08512483066646795,0.08515,0.0851,0.0852,True,0.00011237940385210744,-1.5505878253992394e-05,0,0.08497507977121407,0.08498715835041065,-2.571130312945101,-0.0,0.08477755565188405,0.08477801171026852,25.535658876292686,28.080808100610152,0,-2
2023-06-03 03:56:00,2023-06-03 03:56:59,0.085,0.085,0.085,0.0851,0.08513741533323398,0.085025,0.085,0.08513741533323398,True,0.00011149516071981327,-2.4886238744023173e-05,0,0.08498111906081236,0.08499200203971059,-10.634613148497742,-10.634613148497742,0.08478001778470112,0.08478022054897232,14.90707887918561,20.22890891099532,0,-2
2023-06-03 03:57:00,2023-06-03 03:57:59,0.0851,0.0851,0.0851,0.0852,0.08508120766661699,0.08512499999999999,0.0851,0.0852,True,0.00011781693495411174,-2.3441736300553183e-05,0,0.08498656055026148,0.08499672801780635,-8.073152690342908,-8.073152690342908,0.08478345044355982,0.08478340243405717,32.41126547929071,24.28466774492306,0,-2
2023-06-03 03:58:00,2023-06-03 03:58:59,0.0852,0.0852,0.0851,0.0852,0.08510310383330849,0.085175,0.0851,0.0852,True,0.00011654429674310397,-1.5025211586454872e-05,0,0.08499164428403391,0.08500167194898084,-1.577686847081523,-0.0,0.08478734645904679,0.08478754768346954,42.21106289883476,29.84313575243708,0,-1
2023-06-03 03:59:00,2023-06-03 03:59:59,0.0852,0.0851,0.0851,0.0852,0.08513905191665425,0.08515,0.0851,0.0852,True,0.0001153625612614539,-1.6168700584792543e-05,0,0.08499665811650738,0.08500658202893481,-2.27460469028955,-0.0,0.0847909549519916,0.08479065666174347,62.45014845547106,45.6908256111989,0,-2
2023-06-03 04:00:00,2023-06-03 04:00:59,0.0852,0.0852,0.0851,0.0853,0.08514452595832712,0.0852,0.0851,0.0853,True,0.00012140809259992188,-9.701007186544309e-06,0,0.08500162007272109,0.08501177482238786,1.3327121022673865,0.0,0.08479502505197178,0.08479472972978583,72.28194506406872,58.981052139458235,0,-1
2023-06-03 04:01:00,2023-06-03 04:01:59,0.0853,0.0852,0.0852,0.0853,0.08517226297916355,0.08524999999999999,0.0852,0.0853,True,0.0001198789431284991,-5.444142085797925e-06,0,0.08500669744755449,0.08501749762325476,3.737589963972013,0.0,0.08479955216588252,0.08479876226978796,80.90840209867233,71.88016520607076,0,-1
2023-06-03 04:02:00,2023-06-03 04:02:59,0.0853,0.0853,0.0852,0.0853,0.08521113148958177,0.085275,0.0852,0.0853,True,0.0001184590186193208,4.058261539039152e-06,0,0.08501209753540463,0.0850237699647726,8.751783023945237,8.751783023945237,0.08480428299010259,0.08480374970988956,94.00264987536936,82.39766567937018,0,2
2023-06-03 04:03:00,2023-06-03 04:03:59,0.0852,0.0853,0.0852,0.0854,0.08524306574479089,0.08527499999999999,0.0852,0.0854,True,0.00012428337443222688,9.661659277047317e-06,0,0.08501793375008862,0.08503043192857634,12.094578397260719,12.094578397260719,0.08480896674144485,0.0848086875237215,99.99999999999721,91.63701732467968,0,2
2023-06-03 04:04:00,2023-06-03 04:04:59,0.0852,0.0853,0.0852,0.0853,0.08525903287239545,0.08524999999999999,0.0852,0.0853,True,0.00012254884768706802,1.2476875091374581e-05,0,0.08502418283933248,0.08503718341000278,14.323108646137712,14.323108646137712,0.08481335513207724,0.08481357620507751,94.9903939874522,96.33101462093964,0,2
2023-06-03 04:05:00,2023-06-03 04:05:59,0.0852,0.0853,0.0852,0.0853,0.08525451643619772,0.08524999999999999,0.0852,0.0853,True,0.00012093821570942051,1.3342678086494298e-05,0,0.08503068312466763,0.08504395904694056,15.808795478722374,15.808795478722374,0.0848176998571312,0.08481841624283794,89.98078797490717,94.99039398745225,0,2
2023-06-03 04:06:00,2023-06-03 04:06:59,0.0852,0.0853,0.0852,0.0853,0.08525225821809886,0.08524999999999999,0.0852,0.0853,True,0.00011944262887303354,1.2887469266335697e-05,0,0.0850373210858041,0.08505070721360726,16.799253367112144,16.799253367112144,0.0848220013510901,0.08482320812101865,84.97118196236487,89.98078797490814,0,2
2023-06-03 04:07:00,2023-06-03 04:07:59,0.0852,0.0853,0.0852,0.0854,0.08525112910904942,0.08527499999999999,0.0852,0.0854,True,0.0001251967268106744,1.157758304933688e-05,0,0.08504401414970568,0.08505755897972318,17.459558626038657,17.459558626038657,0.08482650880033298,0.08482795231881946,88.68070486291244,87.87755826672822,0,2
2023-06-03 04:08:00,2023-06-03 04:08:59,0.0854,0.0853,0.0853,0.0854,0.0852630645545247,0.08535000000000001,0.0853,0.0854,True,0.00012339696060991213,9.755030773189868e-06,0,0.08505078656471443,0.08506495987977175,17.89976213198966,17.89976213198966,0.08483171766799136,0.084832649310672,93.69031087545746,89.11406590024497,0,1
2023-06-03 04:09:00,2023-06-03 04:09:59,0.0853,0.0853,0.0853,0.0854,0.0853,0.08532500000000001,0.0853,0.0854,True,0.00012172574913777574,7.66692649279987e-06,0,0.08505787322224309,0.08507257081219577,18.193231135957006,18.193231135957006,0.08483662594990189,0.0848372995662872,93.94612380484135,92.10571318107047,0,1
2023-06-03 04:10:00,2023-06-03 04:10:59,0.0853,0.0854,0.0853,0.0854,0.08531250000000001,0.08535000000000001,0.0853,0.0854,True,0.00012017390991364911,1.2345511759401882e-05,0,0.08506522201721943,0.08508046641208229,23.74724968018107,23.74724968018107,0.08484173414940535,0.08484289857557788,91.62325792533268,93.08656420187721,0,2
2023-06-03 04:11:00,2023-06-03 04:11:59,0.0853,0.0853,0.0853,0.0853,0.08533125000000001,0.0853,0.0853,0.08533125000000001,True,0.00011873291634838866,7.4544683795135325e-06,0,0.08507284421465086,0.08508818890727884,16.647636316945025,16.647636316945025,0.08484629400861525,0.0848474468484577,71.27007631219745,85.61315268079055,0,1
2023-06-03 04:12:00,2023-06-03 04:12:59,0.0854,0.0853,0.0853,0.0854,0.085315625,0.08535000000000001,0.0853,0.0854,True,0.00011739485089493254,3.4409372944028255e-06,0,0.08508051656096485,0.08509606518457918,11.914560741454324,11.914560741454324,0.08485130600852953,0.08485194986489096,65.26548280020769,76.05293901257932,0,1
2023-06-03 04:13:00,2023-06-03 04:13:59,0.0854,0.0853,0.0853,0.0854,0.08533281250000001,0.08535000000000001,0.0853,0.0854,True,0.0001161523615452947,1.6932626852922048e-07,0,0.08508829087277202,0.0851040084959729,8.75917702446052,0.0,0.08485626813779788,0.08485640807519056,54.02670072690722,63.52075327977084,0,1
2023-06-03 04:14:00,2023-06-03 04:14:59,0.0854,0.0853,0.0853,0.0854,0.08534140625,0.08535000000000001,0.0853,0.0854,True,0.00011499862143491671,-2.475998519972536e-06,0,0.08509614968437246,0.08511195008421617,6.655587879797984,0.0,0.08486118089264566,0.08486082192518866,56.76038218908847,58.684188572067846,0,1
2023-06-03 04:15:00,2023-06-03 04:15:59,0.0854,0.0853,0.0853,0.0855,0.085345703125,0.085375,0.0853,0.0855,True,0.00012107014847528021,-4.593597953025285e-06,0,0.08510404988429432,0.08512000735465665,5.253195116689632,0.0,0.08486629352057953,0.08486519185628132,58.22211024491926,56.33639772030503,0,1
2023-06-03 04:16:00,2023-06-03 04:16:59,0.0854,0.0853,0.0853,0.0854,0.0853603515625,0.08535000000000001,0.0853,0.0854,True,0.00011956513786990326,-6.267431144252908e-06,0,0.08511202861947549,0.08512792889447406,4.318266607950726,0.0,0.08487110652037476,0.08486951830547254,48.47831750860467,54.48693664753751,0,-2
2023-06-03 04:17:00,2023-06-03 04:17:59,0.0853,0.0853,0.0853,0.0854,0.08535517578125001,0.08532500000000001,0.0853,0.0854,True,0.00011816762802205323,-7.5689716405174265e-06,0,0.08511997875697477,0.08513551769584335,3.6949809354581262,0.0,0.08487562287340586,0.08487380170541808,32.76448432622532,46.48830402658314,0,-2
2023-06-03 04:18:00,2023-06-03 04:18:59,0.0853,0.0853,0.0853,0.0853,0.08534008789062501,0.0853,0.0853,0.08534008789062501,True,0.00010972708316333515,-8.559019495968313e-06,0,0.08512774822640906,0.08514262093605798,3.2794571537963932,0.0,0.08487984553138192,0.08487804248446865,8.727809532212087,29.99020378901408,0,-2
2023-06-03 04:19:00,2023-06-03 04:19:59,0.0853,0.0853,0.0853,0.0853,0.08532004394531251,0.0853,0.0853,0.08532004394531251,True,0.00010188943436595407,-9.289252786073241e-06,0,0.08513518458123352,0.08514929315477889,3.002441299355233,0.0,0.08488402617286071,0.08488224106671274,-9.237055564881302e-14,13.83076461947916,0,-2
2023-06-03 04:20:00,2023-06-03 04:20:59,0.0853,0.0853,0.0852,0.0854,0.08531002197265625,0.08530000000000001,0.0852,0.0854,True,0.00010889733191124347,-9.80355589471134e-06,0,0.0851422388680062,0.08515558024873048,2.8177640630611265,0.0,0.08488816521591683,0.08488639787201908,4.2589725913238115e-12,2.9092698440721385,0,-2
2023-06-03 04:21:00,2023-06-03 04:21:59,0.0854,0.0853,0.0853,0.0854,0.08530501098632813,0.08535000000000001,0.0853,0.0854,True,0.00010826180820329772,-1.0139156565405706e-05,0,0.08514890955836833,0.0851618640482654,2.694645905531722,0.0,0.08489276058690273,0.0848905133160786,14.699831704759125,4.899943901587818,0,-2
2023-06-03 04:22:00,2023-06-03 04:22:59,0.0854,0.0853,0.0853,0.0854,0.08532750549316406,0.08535000000000001,0.0853,0.0854,True,0.0001076716790459195,-1.0327599129267246e-05,0,0.08515538680331686,0.0851681021405355,2.6125671338454524,0.0,0.0848973102328042,0.08489458781044597,31.475307951463538,15.391713218742362,0,-2
2023-06-03 04:23:00,2023-06-03 04:23:59,0.0853,0.0853,0.0853,0.0853,0.08533875274658204,0.0853,0.0853,0.08533875274658204,True,9.998084482835383e-05,-1.0395577399360229e-05,0,0.08516174447192618,0.08517391839403435,2.557847952721275,0.0,0.08490131709615938,0.08489862176258084,31.475307951459186,25.883482535894007,0,-2
2023-06-03 04:24:00,2023-06-03 04:24:59,0.0854,0.0853,0.0853,0.0854,0.08531937637329101,0.08535000000000001,0.0853,0.0854,True,9.998221305490018e-05,-1.0365647358967037e-05,0,0.08516783143298026,0.08517970567839085,2.5213684986384877,0.0,0.08490578160266525,0.08490261557588849,31.681856418408046,31.544157440443644,0,-2
2023-06-03 04:25:00,2023-06-03 04:25:59,0.0853,0.0853,0.0852,0.0853,0.08533468818664551,0.085275,0.0852,0.08533468818664551,True,9.998348355097896e-05,-1.025683689049613e-05,0,0.08517376855568555,0.08518491586845271,2.4970488625832985,0.0,0.0849094554175641,0.08490656964976025,14.90638017170363,26.021181513857012,0,-2
2023-06-03 04:26:00,2023-06-03 04:26:59,0.0853,0.0852,0.0852,0.0853,0.08530484409332276,0.08524999999999999,0.0852,0.08530484409332276,True,9.998466329733781e-05,-1.6942310179541992e-05,0,0.08517934221206913,0.08518946443408665,-12.462360351344117,-12.462360351344117,0.08491284392087192,0.08490948935473776,14.90638017170363,20.498205587271826,0,-2
2023-06-03 04:27:00,2023-06-03 04:27:59,0.0853,0.0852,0.0852,0.0853,0.08527742204666137,0.08524999999999999,0.0852,0.0853,True,9.998575877609961e-05,-2.0835528027519542e-05,0,0.08518440332307789,0.08519346089015806,-22.43529982729573,-22.43529982729573,0.08491619870772892,0.08491238000792445,-8.519496963604591e-14,9.937586781135783,0,-2
2023-06-03 04:28:00,2023-06-03 04:28:59,0.0853,0.0853,0.0852,0.0853,0.08526371102333069,0.085275,0.0852,0.0853,True,9.998677600637842e-05,-1.585750967385416e-05,0,0.08518893210661797,0.085197166773136,-12.09396333702611,-12.09396333702611,0.08491976886984107,0.08491623692326848,5.596046815699492,6.834142329134404,0,-1
2023-06-03 04:29:00,2023-06-03 04:29:59,0.0853,0.0852,0.0852,0.0853,0.08526935551166534,0.08524999999999999,0.0852,0.0853,True,9.99877205773516e-05,-1.905586431478865e-05,0,0.08519304943987699,0.08520044693298906,-12.979241098492288,-12.979241098492288,0.0849230547517332,0.0849190604364698,6.143851677590818,3.9132994977634667,0,-2
2023-06-03 04:30:00,2023-06-03 04:30:59,0.0852,0.0852,0.0852,0.0853,0.08525967775583267,0.085225,0.0852,0.0853,True,9.998859767896955e-05,-2.0508640325399326e-05,0,0.08519674818643302,0.08520319788606041,-13.569426272803078,-13.569426272803078,0.08492605918206421,0.08492185585501238,6.143851677590806,5.961250056960431,-1,-2
2023-06-03 04:31:00,2023-06-03 04:31:59,0.0853,0.0852,0.0851,0.0853,0.08524233887791632,0.085225,0.0851,0.0853,True,0.00010713226927332928,-2.0734136142991386e-05,0,0.08519997303624673,0.08520551331644723,-13.962883055676933,-13.962883055676933,0.08492903371756606,0.08492462345844509,0.5478048618912285,4.278502739024343,0,-2
2023-06-03 04:32:00,2023-06-03 04:32:59,0.0853,0.0852,0.0852,0.0853,0.08523366943895816,0.08524999999999999,0.0852,0.0853,True,0.00010662282146809168,-2.01221817931341e-05,0,0.08520274317634698,0.08520764149703343,-14.225187577592841,-14.225187577592841,0.08493222741191864,0.0849273635235352,7.409501743526996,4.700386094336403,0,-2
2023-06-03 04:33:00,2023-06-03 04:33:59,0.0852,0.0852,0.0852,0.0853,0.08524183471947908,0.085225,0.0852,0.0853,True,0.00010614976279179962,-1.8963413233508604e-05,0,0.0852051923366902,0.08520943612636607,-14.400057258870113,-14.400057258870113,0.08493514057199905,0.08493007632429604,8.631569935522336,5.529625513646913,0,-2
2023-06-03 04:34:00,2023-06-03 04:34:59,0.0852,0.0851,0.0851,0.0852,0.08523341735973954,0.08515,0.0851,0.08523341735973954,True,0.000105710494020957,-2.4329321074030668e-05,0,0.08520731423152814,0.08521044125562545,-20.365734011761127,-20.365734011761127,0.08493727847675528,0.08493176710713887,8.631569935522336,8.224213871523949,0,-2
2023-06-03 04:35:00,2023-06-03 04:35:59,0.0852,0.0853,0.0852,0.0853,0.08519170867986978,0.08524999999999999,0.0852,0.0853,True,0.00011244545873374619,-1.306156371906238e-05,0,0.0852088777435768,0.08521150401601577,-9.40984418551551,-9.40984418551551,0.08494039013370298,0.08493543111602306,19.044765497147424,12.102635122730758,0,-1
2023-06-03 04:36:00,2023-06-03 04:36:59,0.0852,0.0852,0.0852,0.0852,0.08522085433993488,0.0852,0.0852,0.08522085433993488,True,0.00011155649739562168,-1.2095635500649907e-05,0,0.08521019087979628,0.08521226180496104,-7.23527351256989,-7.23527351256989,0.0849429733164522,0.08493806364223179,30.055935933526655,19.244090455398865,0,-1
2023-06-03 04:37:00,2023-06-03 04:37:59,0.0852,0.0852,0.0852,0.0852,0.08521042716996743,0.0852,0.0852,0.08521042716996743,True,0.00010358817615307728,-1.0956632553366987e-05,0,0.08521122634237867,0.08521277428850484,-5.7855597306061455,-5.7855597306061455,0.08494553079589048,0.08494066997414988,42.28917456190124,30.463291997525165,0,-1
2023-06-03 04:38:00,2023-06-03 04:38:59,0.0851,0.0852,0.0851,0.0853,0.08520521358498372,0.085175,0.0851,0.0853,True,0.00011047473499928645,-9.738982023846534e-06,0,0.08521200031544175,0.08521291859861219,-4.819083875963649,-4.819083875963649,0.08494781407155326,0.08494325037241705,39.1298062268693,37.158305574099124,0,-1
2023-06-03 04:39:00,2023-06-03 04:39:59,0.0852,0.0852,0.0851,0.0852,0.08519010679249187,0.085175,0.0851,0.0852,True,0.00010972653964219477,-8.50925306977736e-06,0,0.08521245945702698,0.085212772053063,-4.174766639535321,-4.174766639535321,0.08495007462805522,0.08494580509507957,41.55989656861495,40.99295911912856,0,-1
2023-06-03 04:40:00,2023-06-03 04:40:59,0.0851,0.0851,0.0851,0.0852,0.08518255339624593,0.08512499999999999,0.0851,0.0852,True,0.00010903178681060963,-1.4170177563943664e-05,0,0.08521261575504499,0.08521205446709504,-9.053035477464391,-9.053035477464391,0.08495181517901984,0.08494733937274047,32.16388203530427,37.6178616102629,0,-2
2023-06-03 04:41:00,2023-06-03 04:41:59,0.0852,0.0851,0.085,0.0852,0.08515377669812296,0.085125,0.085,0.0852,True,0.00011552951632413694,-1.715167865297137e-05,0,0.08521233511107001,0.08521089222039233,-12.30521470275044,-12.30521470275044,0.0849535384110694,0.084948858383957,20.33777716025323,31.35385192139088,0,-2
2023-06-03 04:42:00,2023-06-03 04:42:59,0.085,0.0851,0.085,0.0851,0.08513938834906148,0.08505,0.085,0.08513938834906148,True,0.00011442026515812638,-1.8238984432548185e-05,0,0.08521161366573117,0.08520887328365456,-14.47333418627447,-14.47333418627447,0.08495449822787468,0.08495036228063403,5.674448190132995,19.392035795230225,0,-2
2023-06-03 04:43:00,2023-06-03 04:43:59,0.0851,0.0851,0.0851,0.0851,0.08509469417453075,0.0851,0.0851,0.0851,True,0.00010624738907540307,-1.8023039214716757e-05,0,0.08521024347469286,0.08520653677405379,-15.918747175290491,-15.918747175290491,0.0849559460067018,0.08495185121316504,16.174675150685925,14.06230016702411,0,-2
2023-06-03 04:44:00,2023-06-03 04:44:59,0.085,0.085,0.085,0.0851,0.08509734708726538,0.085025,0.085,0.0851,True,0.00010580114699858778,-2.3801915318185824e-05,0,0.08520839012437333,0.0852034516882854,-21.166381979151105,-21.166381979151105,0.08495663311111272,0.08495233030557135,16.441965594144147,12.763696311654416,0,-2
2023-06-03 04:45:00,2023-06-03 04:45:59,0.085,0.0851,0.085,0.0852,0.08506117354363268,0.085075,0.085,0.0852,True,0.00011252963649868807,-1.944402119321534e-05,0,0.08520592090632936,0.08520014146337831,-15.658530273940109,-15.658530273940109,0.08495781089110165,0.08495379965576468,31.224446896909104,21.280362547246455,0,-1
2023-06-03 04:46:00,2023-06-03 04:46:59,0.0851,0.0851,0.085,0.0851,0.08506808677181635,0.085075,0.085,0.0851,True,0.00011163466246306671,-1.5553452875223005e-05,0,0.08520303118485384,0.0851966766965072,-11.986629137132773,-11.986629137132773,0.0849589769518867,0.08495525438555807,32.66947714405725,26.778629878370225,0,-1
2023-06-03 04:47:00,2023-06-03 04:47:59,0.085,0.0851,0.085,0.0851,0.08507154338590817,0.08505,0.085,0.0851,True,0.00011080361514427546,-1.2114310182441269e-05,0,0.08519985394068051,0.08519294250305973,-9.538695045927888,-9.538695045927888,0.08495988265385798,0.08495669464042814,40.615036318680474,34.83632011988234,0,-1
2023-06-03 04:48:00,2023-06-03 04:48:59,0.085,0.0851,0.085,0.0851,0.08506077169295409,0.08505,0.085,0.0851,True,0.00011003192834825499,-9.101659998132948e-06,0,0.08519639822187011,0.08518902180871217,-7.906738985124633,-7.906738985124633,0.08496077934386935,0.08495812056440398,36.88262872906617,36.72238073060136,0,-1
2023-06-03 04:49:00,2023-06-03 04:49:59,0.085,0.085,0.085,0.0851,0.08505538584647704,0.085025,0.085,0.0851,True,0.00010931536203766456,-1.33422951255481e-05,0,0.08519271001529113,0.0851848096544405,-12.970826391941998,-12.970826391941998,0.08496141835537313,0.08495853727520593,31.94603164521392,36.48123223098692,0,-2
2023-06-03 04:50:00,2023-06-03 04:50:59,0.085,0.0851,0.085,0.0851,0.08504019292323853,0.08505,0.085,0.0851,True,0.00010864997903497345,-8.345936330222621e-06,0,0.08518875983486582,0.08518056845816528,-8.352595306342884,-8.352595306342884,0.0849622997647724,0.08495994486450736,40.19352827379433,36.3407295493582,0,-1
2023-06-03 04:51:00,2023-06-03 04:51:59,0.085,0.085,0.085,0.0851,0.08504509646161926,0.085025,0.085,0.0851,True,0.00010803212338961741,-1.1302564207755502e-05,0,0.08518466414651554,0.0851761619694466,-10.06513586106918,-10.06513586106918,0.08496292364770999,0.08496034342306948,45.78652105688059,39.30869365862967,0,-2
2023-06-03 04:52:00,2023-06-03 04:52:59,0.0851,0.085,0.085,0.0851,0.08503504823080962,0.08505,0.085,0.0851,True,0.00010745840029035823,-1.2392698847108593e-05,0,0.08518041305798107,0.08517182710461015,-11.206829564220044,-11.206829564220044,0.08496379007907606,0.08496073801587475,64.20007254362379,50.060040624766295,0,-2
2023-06-03 04:53:00,2023-06-03 04:53:59,0.0851,0.085,0.085,0.0851,0.0850425241154048,0.08505,0.085,0.0851,True,0.00010692565741247472,-1.220691067217726e-05,0,0.0851761200812956,0.0851675783715426,-11.967958699653948,-11.967958699653948,0.08496464788923451,0.08496112868238347,78.23583553522604,62.7408097119102,0,-2
2023-06-03 04:54:00,2023-06-03 04:54:59,0.0851,0.0851,0.085,0.0851,0.08504626205770241,0.085075,0.085,0.0851,True,0.00010643096759729716,-4.327468341636097e-06,0,0.0851718492264191,0.0851635981280363,-5.533359656175662,-0.0,0.0849657459201874,0.08496251048653886,94.92610237232248,79.12067015039084,0,-1
2023-06-03 04:55:00,2023-06-03 04:55:59,0.0851,0.0851,0.085,0.0851,0.0850606310288512,0.085075,0.085,0.0851,True,0.00010597161276891801,1.3223084376945527e-06,0,0.08516772367722769,0.08515985657695305,-1.2436269605234713,-0.0,0.08496683302545915,0.08496387854139917,99.99999999999989,91.0539793025162,0,-1
2023-06-03 04:56:00,2023-06-03 04:56:59,0.085,0.085,0.085,0.0851,0.0850678155144256,0.085025,0.085,0.0851,True,0.0001055450689997088,-1.5824269922046685e-06,0,0.08516379012709037,0.08515598556793928,-4.515166962286131,-0.0,0.08496741180132523,0.08496423795889768,83.15411900717271,92.69340712649841,0,-2
2023-06-03 04:57:00,2023-06-03 04:57:59,0.0849,0.085,0.0849,0.085,0.08504640775721281,0.08495000000000001,0.0849,0.08504640775721281,True,0.00010514899264258695,-3.0277733340072066e-06,0,0.08515988784751483,0.08515152461526505,-6.696193630127901,-0.0,0.08496723854957075,0.08496459380010268,49.820785673839374,77.65830156033738,0,-2
2023-06-03 04:58:00,2023-06-03 04:58:59,0.0849,0.085,0.0849,0.085,0.0849982038786064,0.08495000000000001,0.0849,0.085,True,0.00010478120745383093,-3.4597435507239234e-06,0,0.08515570623138993,0.08514662980267752,-8.150211408689081,-0.0,0.08496706702171433,0.08496494610059917,16.487452340506053,49.82078567383943,0,-1
2023-06-03 04:59:00,2023-06-03 04:59:59,0.0849,0.0849,0.0849,0.085,0.08497410193930321,0.08492500000000001,0.0849,0.085,True,0.00010443969263570035,-1.0068634795927831e-05,-1,0.08515116801703372,0.08514125546616227,-13.749087801809353,-13.749087801809353,0.08496664844438384,0.08496429987074246,-8.763360407707903e-14,22.102746004781835,0,-2
2023-06-03 05:00:00,2023-06-03 05:00:59,0.085,0.085,0.0849,0.085,0.08494955096965162,0.08497500000000001,0.0849,0.085,True,0.00010412257173315053,-6.6436445443809726e-06,0,0.08514621174159799,0.08513588352392361,-9.994224298399665,-9.994224298399665,0.08496673154443972,0.0849646550959092,19.449729901759373,11.979060747421835,0,-1
2023-06-03 05:01:00,2023-06-03 05:01:59,0.085,0.0849,0.0849,0.085,0.08496227548482582,0.08495000000000001,0.0849,0.085,True,0.00010382810232363998,-1.0588656765756472e-05,0,0.08514104763276079,0.08513037879736572,-11.680549087946382,-11.680549087946382,0.08496656506141047,0.08496401176162155,33.56799553848533,17.67257514674826,0,-2
2023-06-03 05:02:00,2023-06-03 05:02:59,0.085,0.085,0.0849,0.085,0.08495613774241292,0.08497500000000001,0.0849,0.085,True,0.00010355466644338018,-5.389904883344333e-06,0,0.08513571321506325,0.08512497882364439,-7.580094191391929,-0.0,0.08496664899114768,0.08496436985354572,56.778411901956844,36.59871244740057,0,-1
2023-06-03 05:03:00,2023-06-03 05:03:59,0.085,0.085,0.0849,0.085,0.08496556887120646,0.08497500000000001,0.0849,0.085,True,0.00010330076169742465,-1.361185958915451e-06,0,0.08513034601935382,0.08511969837213039,-4.84645759368896,-0.0,0.08496673208576314,0.08496472438236616,60.53909836366888,50.29516860137041,0,-1
2023-06-03 05:04:00,2023-06-03 05:04:59,0.085,0.0849,0.0849,0.085,0.08497028443560323,0.08495000000000001,0.0849,0.085,True,0.00010306499300475167,-5.1247309297359404e-06,0,0.0851250221957421,0.0851143767242171,-7.370422596750437,-0.0,0.08496656559734758,0.08496408035866103,63.54281388688,60.28677471750197,0,-2
2023-06-03 05:05:00,2023-06-03 05:05:59,0.0849,0.0849,0.0849,0.0849,0.08496014221780163,0.0849,0.0849,0.08496014221780163,True,9.570320779012655e-05,-6.891727794239587e-06,0,0.08511969945997959,0.08510871610107976,-9.05306593212476,-0.0,0.08496590325309537,0.08496344274315197,46.73150218936498,56.93780481330469,0,-2
2023-06-03 05:06:00,2023-06-03 05:06:59,0.0849,0.0848,0.0848,0.0849,0.08493007110890081,0.08485000000000001,0.0848,0.08493007110890081,True,9.601012151940344e-05,-1.41344516927624e-05,0,0.08511420778052967,0.08510248438508601,-13.564244185246153,-13.564244185246153,0.08496474998689542,0.0849618164472002,23.521085825893483,44.59846730071289,0,-2
2023-06-03 05:07:00,2023-06-03 05:07:59,0.0849,0.0848,0.0848,0.0849,0.0848900355544504,0.08485000000000001,0.0848,0.0849,True,9.629511283944625e-05,-1.7711997708133877e-05,0,0.08510834608280783,0.08509584579986906,-16.57169635399375,-16.57169635399375,0.08496360819598103,0.08496020633329772,6.399104665956398,25.550564227071693,0,-2
2023-06-03 05:08:00,2023-06-03 05:08:59,0.0849,0.0849,0.0847,0.0849,0.0848700177772252,0.08485000000000001,0.0847,0.0849,True,0.00010370260477948622,-1.1873209103334907e-05,0,0.08510209594133844,0.08508893243140585,-11.79284434945906,-11.79284434945906,0.08496247776617027,0.0849596072653047,-1.0184445879228103e-13,9.973396830616666,0,-1
2023-06-03 05:09:00,2023-06-03 05:09:59,0.0848,0.0847,0.0847,0.0849,0.08486000888861261,0.08477499999999999,0.0847,0.0849,True,0.00011058099015238047,-2.076066534413875e-05,0,0.08509551418637214,0.08508133557746034,-15.01118448691195,-15.01118448691195,0.08496061231576062,0.084957024108436,-1.0184445879228103e-13,2.1330348886521375,0,-2
2023-06-03 05:10:00,2023-06-03 05:10:59,0.0847,0.0847,0.0847,0.0848,0.0848175044443063,0.084725,0.0847,0.0848175044443063,True,0.00010982520514149636,-2.5021880355382875e-05,0,0.08508842488191623,0.08507290967991174,-17.15674457854722,-17.15674457854722,0.08495826791460877,0.08495446665462072,-1.0184445879228103e-13,-2.9211201359026344e-14,0,-2
2023-06-03 05:11:00,2023-06-03 05:11:59,0.0847,0.0846,0.0846,0.0848,0.08477125222215315,0.084675,0.0846,0.0848,True,0.00011626626191710418,-3.291705974203011e-05,0,0.08508066728091397,0.0850635458279487,-20.724450159575163,-20.724450159575163,0.08495544932839376,0.08495093962323147,-1.0184445879228103e-13,-2.9211201359026344e-14,0,-2
2023-06-03 05:12:00,2023-06-03 05:12:59,0.0847,0.0847,0.0846,0.0847,0.08472312611107657,0.084675,0.0846,0.08472312611107657,True,0.00011510438606588266,-2.9039203046681578e-05,0,0.08507210655443133,0.0850535077638615,-17.593569470794158,-17.593569470794158,0.08495265878781273,0.08494844271155752,-1.0184445879228103e-13,-2.9211201359026344e-14,0,-1
2023-06-03 05:13:00,2023-06-03 05:13:59,0.0847,0.0846,0.0846,0.0847,0.08469906305553829,0.08465,0.0846,0.0847,True,0.00011402550134689124,-3.139070074743279e-05,0,0.08506280715914641,0.08504283623303566,-18.12311114266346,-18.12311114266346,0.08494964725758573,0.08494497561990023,-1.0184445879228103e-13,-2.9211201359026344e-14,0,-2
2023-06-03 05:14:00,2023-06-03 05:14:59,0.0847,0.0846,0.0846,0.0847,0.08467453152776915,0.08465,0.0846,0.0847,True,0.0001130236798221135,-3.075569633118161e-05,0,0.08505282169609103,0.08503173918744182,-18.476138923909662,-18.476138923909662,0.08494666569283364,0.0849415430266674,-1.0184445879228103e-13,-2.9211201359026344e-14,0,-2
2023-06-03 05:15:00,2023-06-03 05:15:59,0.0847,0.0848,0.0847,0.0848,0.08466226576388458,0.08474999999999999,0.0847,0.0848,True,0.00011923627412053436,-1.4453838179063474e-05,0,0.08504228044176643,0.08502106937495925,-10.20291354371367,-0.0,0.08494470882026814,0.08494013463834235,26.88067748046541,8.960225826821807,0,-1
2023-06-03 05:16:00,2023-06-03 05:16:59,0.0848,0.0847,0.0847,0.0848,0.08470613288194229,0.08474999999999999,0.0847,0.0848,True,0.00011786225454049639,-9.302630119355064e-06,0,0.08503167490836284,0.08501080913237034,-8.091572663599429,-0.0,0.08494277141907144,0.08493774523895586,53.76135496093092,26.880677480465483,0,-1
2023-06-03 05:17:00,2023-06-03 05:17:59,0.0848,0.0848,0.0847,0.0848,0.08472806644097114,0.08477499999999999,0.0847,0.0848,True,0.00011658637921617543,2.1375362617982697e-06,0,0.0850212420203666,0.08500111326980123,-3.476171849838522,-0.0,0.0849411020517175,0.08493637463956327,87.09468829426426,55.91224024522027,0,-1
2023-06-03 05:18:00,2023-06-03 05:18:59,0.0847,0.0847,0.0847,0.0848,0.08475153322048556,0.084725,0.0847,0.0848,True,0.00011540163784359167,3.4122910242518983e-06,0,0.08501117764508391,0.08499158521834595,-3.680066404413104,-0.0,0.08493895178254618,0.08493402265309996,86.76147939823868,75.8725075511447,0,-1
2023-06-03 05:19:00,2023-06-03 05:19:59,0.0847,0.0847,0.0847,0.0847,0.08473826661024278,0.0847,0.0847,0.08473826661024278,True,0.00010715866371190654,4.90913387159796e-06,0,0.08500138143171493,0.08498208313173986,-3.81599610746283,-0.0,0.08493657415286911,0.08493169406948703,83.3760134920525,85.74406039485189,0,-1
2023-06-03 05:20:00,2023-06-03 05:20:59,0.0847,0.0848,0.0847,0.0848,0.08471913330512139,0.08474999999999999,0.0847,0.0848,True,0.0001066473305896277,1.3331486220096694e-05,0,0.08499173228172739,0.0849730097350346,-0.25238609958652347,-0.0,0.08493471769363657,0.08493038368073591,83.3760134920525,84.50450212744796,0,-1
2023-06-03 05:21:00,2023-06-03 05:21:59,0.0847,0.0847,0.0847,0.0847,0.08473456665256068,0.0847,0.0847,0.08473456665256068,True,0.00010617252126179736,1.21171946284244e-05,0,0.08498237100838099,0.0849639930488805,-1.5855845567419067,-0.0,0.0849323821941974,0.08492809130580321,83.93096209490339,83.56099635966955,0,-1
2023-06-03 05:22:00,2023-06-03 05:22:59,0.0846,0.0847,0.0846,0.0847,0.08471728332628034,0.08465,0.0846,0.08471728332628034,True,0.0001057316268859549,1.1564396626679484e-05,0,0.08497318202863074,0.08495473982222482,-2.4743835281788265,-0.0,0.0849295724211208,0.08492582174057134,82.15701147854256,83.15466235516622,0,-1
2023-06-03 05:23:00,2023-06-03 05:23:59,0.0846,0.0847,0.0846,0.0847,0.08468364166314017,0.08465,0.0846,0.0847,True,0.00010532222496552976,1.1445213335213356e-05,0,0.08496396092542778,0.08494536385254411,-3.066916175803442,-0.0,0.08492679060598526,0.08492357475807809,70.54493910312773,78.87763755885798,0,-1
2023-06-03 05:24:00,2023-06-03 05:24:59,0.0846,0.0847,0.0846,0.0847,0.0846668208315701,0.08465,0.0846,0.0847,True,0.00010494206603942069,1.1593040251814776e-05,0,0.08495466238898594,0.08493595557553961,-3.4619379408865143,-0.0,0.08492403647060233,0.0849213501336196,65.16378287375541,72.62191115180865,0,-1
2023-06-03 05:25:00,2023-06-03 05:25:59,0.0846,0.0847,0.0846,0.0847,0.08465841041578505,0.08465,0.0846,0.0847,True,0.00010458906132231941,1.1887932902195113e-05,0,0.08494530898226278,0.08492658641353751,-3.725285784275229,-0.0,0.08492130973955156,0.08491914764472785,65.1637828737554,66.95750161687958,0,-1
2023-06-03 05:26:00,2023-06-03 05:26:59,0.0846,0.0847,0.0846,0.0847,0.08465420520789252,0.08465,0.0846,0.0847,True,0.00010426127122786823,1.2245259103255157e-05,0,0.08493594769790015,0.08491731232946699,-3.9008510132010414,-0.0,0.08491861014015303,0.08491696707114847,65.1637828737554,65.16378287375547,0,-1
2023-06-03 05:27:00,2023-06-03 05:27:59,0.0846,0.0847,0.0846,0.0847,0.08465210260394626,0.08465,0.0846,0.0847,True,0.00010395689471159213,1.2606915029096406e-05,0,0.08492663001368357,0.08490817673100004,-4.017894499151581,-0.0,0.08491593740244006,0.08491480819481864,65.1637828737554,65.16378287375547,0,-1
2023-06-03 05:28:00,2023-06-03 05:28:59,0.0846,0.0847,0.0846,0.0848,0.08465105130197313,0.084675,0.0846,0.0848,True,0.0001108171165179074,1.2934549923141267e-05,0,0.0849174033723418,0.08489938436973017,-4.095923489785278,-0.0,0.0849135400153511,0.08491267079984532,64.49468454445467,64.9407500973219,0,-1
2023-06-03 05:29:00,2023-06-03 05:29:59,0.0847,0.0848,0.0847,0.0848,0.08466302565098657,0.08474999999999999,0.0847,0.0848,True,0.00011004446533805707,2.006150426519e-05,0,0.08490839387103598,0.08489143714622796,4.114213983556553,4.114213983556553,0.08491191275151677,0.0849115496973593,76.1067569198695,68.58840811269327,0,-1
2023-06-03 05:30:00,2023-06-03 05:30:59,0.0847,0.0846,0.0846,0.0848,0.08470651282549328,0.084675,0.0846,0.0848,True,0.00011646986067105341,1.066025901988144e-05,0,0.08489991550863196,0.08488369525227868,-2.709238455025776,-0.0,0.08490955541070566,0.08490844970037065,71.18811392779968,70.59651846404137,0,-2
2023-06-03 05:31:00,2023-06-03 05:31:59,0.0846,0.0847,0.0846,0.0847,0.08469075641274665,0.08465,0.0846,0.0847,True,0.00011529344205169266,1.1549147568243616e-05,0,0.08489180538045532,0.08487599660676953,-1.9750515146961476,-0.0,0.08490697276980312,0.0849063755739988,62.31296512340163,69.86927865702368,0,-1
2023-06-03 05:32:00,2023-06-03 05:32:59,0.0846,0.0847,0.0846,0.0847,0.08467037820637333,0.08465,0.0846,0.0847,True,0.00011420105333371482,1.217501472828421e-05,0,0.08488390099361243,0.08486838483195688,-1.4855935544763952,-0.0,0.08490441582682001,0.0849043220857003,41.15664561428804,58.219241555163194,0,-1
2023-06-03 05:33:00,2023-06-03 05:33:59,0.0847,0.0847,0.0846,0.0847,0.08466018910318666,0.084675,0.0846,0.0847,True,0.00011318669238130683,1.258285277581647e-05,0,0.08487614291278466,0.0848610652025112,-1.159288247663227,-0.0,0.08490213308227454,0.08490228903012119,44.09361730906762,49.18774268225251,0,-1
2023-06-03 05:34:00,2023-06-03 05:34:59,0.0847,0.0847,0.0846,0.0847,0.08466759455159334,0.084675,0.0846,0.0847,True,0.00011224478578264226,1.2810873798638745e-05,0,0.08486860405764793,0.08485402580160963,-0.9417513764544481,-0.0,0.08489987305160514,0.08490027620395083,51.65619314547616,45.63548535627735,0,-1
2023-06-03 05:35:00,2023-06-03 05:35:59,0.0847,0.0846,0.0846,0.0847,0.08467129727579667,0.08465,0.0846,0.0847,True,0.00011137015822673944,6.0343413623424765e-06,0,0.08486131492962877,0.08484708379780129,-6.261331577387097,-0.0,0.0848973867525842,0.08489728838102595,53.588446259355784,49.77941890463327,0,-2
2023-06-03 05:36:00,2023-06-03 05:36:59,0.0847,0.0846,0.0846,0.0847,0.08466064863789834,0.08465,0.0846,0.0847,True,0.00011055800406768681,1.880694037592075e-06,0,0.08485419936371502,0.08484026610493811,-9.807718378008857,-9.807718378008857,0.08489492519285699,0.08489433028768241,47.95812353682687,51.06758764721968,0,-2
2023-06-03 05:37:00,2023-06-03 05:37:59,0.0847,0.0847,0.0846,0.0847,0.08465532431894918,0.084675,0.0846,0.0847,True,0.0001098038609199951,6.463384854186858e-06,0,0.08484723273432657,0.08483376458616633,-4.970347670377755,-0.0,0.08489273688248031,0.0848923966529791,50.966214378346194,50.83759472484303,0,-1
2023-06-03 05:38:00,2023-06-03 05:38:59,0.0847,0.0847,0.0846,0.0848,0.08466516215947459,0.0847,0.0846,0.0848,True,0.000116246442282853,9.620936930619818e-06,0,0.08484049866024644,0.08482772812739975,-1.7454338652903587,-0.0,0.08489081910255512,0.08489048225842209,67.59211713839068,55.50548501785466,0,-1
2023-06-03 05:39:00,2023-06-03 05:39:59,0.0848,0.0848,0.0847,0.0848,0.08468258107973729,0.08477499999999999,0.0847,0.0848,True,0.00011508598211979228,1.8556760745615093e-05,0,0.0848341133938231,0.08482261380993242,5.197119121347903,5.197119121347903,0.08488966667367398,0.08488958193744277,86.81618353362467,68.45817168345393,0,2
2023-06-03 05:40:00,2023-06-03 05:40:59,0.0848,0.0847,0.0847,0.0848,0.08472879053986865,0.08474999999999999,0.0847,0.0848,True,0.00011400841196837876,1.7082631406023383e-05,0,0.08482836360187776,0.08481808906386512,3.4736514898295923,3.4736514898295923,0.08488827695552797,0.08488769555000553,92.57639939099538,82.32823335433699,0,2
2023-06-03 05:41:00,2023-06-03 05:41:59,0.0848,0.0848,0.0847,0.0848,0.08473939526993432,0.08477499999999999,0.0847,0.0848,True,0.00011300781111349477,2.263072978269988e-05,0,0.08482322633287144,0.08481423106266384,6.467265389741968,6.467265389741968,0.08488714982164212,0.08488682295746816,93.9416264427432,91.11140312245449,0,2
2023-06-03 05:42:00,2023-06-03 05:42:59,0.0847,0.0849,0.0847,0.0849,0.08475719763496715,0.08479999999999999,0.0847,0.0849,True,0.0001192215388911027,3.243286691937223e-05,0,0.08481872869776763,0.0848110959909622,11.339454396875162,11.339454396875162,0.08488628265923773,0.08488695407231922,93.9416264427432,93.48655075882733,1,2
2023-06-03 05:43:00,2023-06-03 05:43:59,0.0848,0.0849,0.0848,0.0849,0.08477859881748356,0.08485000000000001,0.0848,0.0849,True,0.00011784857182745271,3.7635179910380974e-05,0,0.08481491234436492,0.08480889464983889,14.587580401630632,14.587580401630632,0.08488592163775277,0.0848870838825449,98.76706341655824,95.55010543401495,0,2
2023-06-03 05:44:00,2023-06-03 05:44:59,0.0848,0.0849,0.0848,0.0849,0.08481429940874179,0.08485000000000001,0.0848,0.0849,True,0.00011657367383977773,3.956854735226015e-05,0,0.0848119034971019,0.08480744354490757,16.75299773813427,16.75299773813427,0.0848855642085214,0.08488721240112654,99.99999999999989,97.56956328643385,0,2
2023-06-03 05:45:00,2023-06-03 05:45:59,0.0848,0.0848,0.0848,0.0849,0.08483214970437089,0.08482500000000001,0.0848,0.0849,True,0.00011538983999407953,3.237989260725594e-05,0,0.08480967352100473,0.08480642153574272,11.461147638146493,11.461147638146493,0.08488496157958089,0.08488634461604071,94.54419778718047,97.77042040124627,0,1
2023-06-03 05:46:00,2023-06-03 05:46:59,0.0848,0.0849,0.0848,0.0849,0.08482857485218545,0.08485000000000001,0.0848,0.0849,True,0.00011429056570878834,3.327774778369266e-05,0,0.08480804752837372,0.08480591589534883,12.098037872482195,12.098037872482195,0.08488461370316715,0.08488648049050797,92.33021824144124,95.62480534287393,0,2
2023-06-03 05:47:00,2023-06-03 05:47:59,0.0849,0.0849,0.0849,0.0849,0.08483928742609273,0.0849,0.0849,0.0849,True,0.00010612695387244631,3.245199343155793e-05,0,0.08480698171186127,0.08480616331812381,12.522631362039327,12.522631362039327,0.08488476680064808,0.08488661501299048,92.33021824144127,93.0682114233544,0,2
2023-06-03 05:48:00,2023-06-03 05:48:59,0.0849,0.0849,0.0848,0.0849,0.08486964371304637,0.084875,0.0848,0.0849,True,0.00010568931431012892,3.0495964594431438e-05,0,0.08480657251499253,0.08480683040865764,12.805693688410749,12.805693688410749,0.08488466961855208,0.08488674819694082,92.72044828087427,92.46029492125234,0,2
2023-06-03 05:49:00,2023-06-03 05:49:59,0.0849,0.0849,0.0848,0.0849,0.08487232185652319,0.084875,0.0848,0.0849,True,0.00010528293471654848,2.7847211075444235e-05,0,0.08480670146182508,0.08480782332961886,12.994401905991701,12.994401905991701,0.0848845734034421,0.08488688005567772,89.86885565322706,91.63984072518095,0,1
2023-06-03 05:50:00,2023-06-03 05:50:59,0.0849,0.0849,0.0848,0.0849,0.0848736609282616,0.084875,0.0848,0.0849,True,0.00010490558223679522,2.48240486367607e-05,0,0.08480726239572196,0.08480906596667329,13.120207384378993,13.120207384378993,0.08488447814569641,0.0848870106023874,83.86301821001261,88.81744071470473,0,1
2023-06-03 05:51:00,2023-06-03 05:51:59,0.0849,0.0849,0.0849,0.085,0.0848743304641308,0.08492500000000001,0.0849,0.085,True,0.00010455518350559577,2.165402413478158e-05,0,0.08480816418119762,0.08481083973432557,13.20407770330386,13.20407770330386,0.08488488134822679,0.08488713985012485,88.92859038339903,87.55348808221298,0,1
2023-06-03 05:52:00,2023-06-03 05:52:59,0.085,0.085,0.0849,0.085,0.08489966523206541,0.08497500000000001,0.0849,0.085,True,0.00010422981325519628,2.5353165792147798e-05,0,0.08480950195776159,0.0848133625480736,18.53021104263891,18.53021104263891,0.0848857780512295,0.08488826283669076,93.99416255678545,88.92859038339911,0,2
2023-06-03 05:53:00,2023-06-03 05:53:59,0.085,0.085,0.0849,0.085,0.0849373326160327,0.08497500000000001,0.0849,0.085,True,0.00010392768373696818,2.6428813960098418e-05,0,0.0848114322529176,0.0848164577818953,22.080966602195616,22.080966602195616,0.08488666583181428,0.08488937464926101,99.99999999999989,94.30758431339486,0,2
2023-06-03 05:54:00,2023-06-03 05:54:59,0.085,0.085,0.0849,0.0851,0.08495616630801636,0.085,0.0849,0.0851,True,0.00011078999204146986,2.5716849784559393e-05,0,0.08481394501740644,0.08482015397605752,24.44813697523341,24.44813697523341,0.08488779353498031,0.0848904753990196,99.99999999999989,97.99805418559515,0,2
2023-06-03 05:55:00,2023-06-03 05:55:59,0.0851,0.085,0.085,0.0851,0.08497808315400818,0.08505,0.085,0.0851,True,0.00011001927832422123,2.3839118551096166e-05,0,0.08481704949673198,0.08482464100387267,26.026250557258606,26.026250557258606,0.08488940752965712,0.08489156519604428,99.99999999999989,99.99999999999996,0,1
2023-06-03 05:56:00,2023-06-03 05:56:59,0.0851,0.0851,0.085,0.0851,0.0850140415770041,0.085075,0.085,0.0851,True,0.00010930361558677607,2.811021137547525e-05,1,0.08482084525030233,0.08482989140138839,30.355812715831348,30.355812715831348,0.08489125422090432,0.0848936391741931,99.99999999999989,99.99999999999996,0,2
2023-06-03 05:57:00,2023-06-03 05:57:59,0.0851,0.0851,0.085,0.0851,0.08504452078850205,0.085075,0.085,0.0851,True,0.00010863907161629128,2.9261906751469215e-05,0,0.08482536832584535,0.08483570678192726,33.242187488213176,33.242187488213176,0.08489308253711422,0.08489569251574342,99.99999999999989,99.99999999999996,0,2
2023-06-03 05:58:00,2023-06-03 05:58:59,0.0851,0.085,0.085,0.0851,0.08505976039425103,0.08505,0.085,0.0851,True,0.00010802199507226969,2.1440190014555236e-05,0,0.0848305375538863,0.08484175555129198,23.15505836022244,23.15505836022244,0.08489464390490413,0.0848967304011589,90.01147700853198,96.67049233617733,0,1
2023-06-03 05:59:00,2023-06-03 05:59:59,0.085,0.0851,0.085,0.0851,0.08505488019712551,0.08505,0.085,0.0851,True,0.00010744899542424964,2.184734809158436e-05,0,0.08483614655258913,0.08484794656833011,21.554602581177036,21.554602581177036,0.08489618973669613,0.08489875298423195,78.37815243191217,89.46320981348141,0,2
2023-06-03 06:00:00,2023-06-03 06:00:59,0.0851,0.0851,0.085,0.0851,0.08505244009856275,0.085075,0.085,0.0851,True,0.00010691692432251674,2.0663633076552893e-05,0,0.08484204656045961,0.08485437862758773,20.487632061813443,20.487632061813443,0.08489796894329617,0.0849007554421003,70.73406593088707,79.70789845711049,0,2
2023-06-03 06:01:00,2023-06-03 06:01:59,0.0851,0.085,0.085,0.0851,0.08506372004928137,0.08505,0.085,0.0851,True,0.00010642285829947903,1.1613636894791096e-05,0,0.08484821259402367,0.08486078480372647,12.482954772691187,12.482954772691187,0.08489948169012904,0.0849017429501391,60.98309993436198,70.03177276572048,0,1
2023-06-03 06:02:00,2023-06-03 06:02:59,0.0851,0.0851,0.0851,0.0852,0.08505686002464069,0.08512499999999999,0.0851,0.0852,True,0.00011310693984951566,1.1579500167854906e-05,0,0.08485449869887507,0.08486764122848253,12.098051560883782,12.098051560883782,0.08490172565341134,0.08490371565710289,65.34968104291202,65.68894896938711,0,2
2023-06-03 06:03:00,2023-06-03 06:03:59,0.0851,0.0852,0.0851,0.0852,0.08509093001232035,0.08515,0.0851,0.0852,True,0.00011217072986026475,1.735701993714097e-05,0,0.0848610699636788,0.08487497662136263,15.061851926943405,15.061851926943405,0.08490419604491968,0.08490666376001729,69.09188303915505,65.1415546721431,0,2
2023-06-03 06:04:00,2023-06-03 06:04:59,0.0851,0.0851,0.0851,0.0852,0.08512046500616018,0.08512499999999999,0.0851,0.0852,True,0.00011130139201310318,1.2889930986278728e-05,0,0.08486802329252072,0.08488246725403248,11.579916772317446,11.579916772317446,0.08490639309919909,0.08490858750369872,67.20239961059862,67.21465456422197,0,1
2023-06-03 06:05:00,2023-06-03 06:05:59,0.0852,0.0851,0.0851,0.0852,0.08512273250308008,0.08515,0.0851,0.0852,True,0.00011049414972645316,8.836050136608943e-06,0,0.0848752452732766,0.084890200240961,9.258626669233479,0.0,0.08490881704846079,0.08491049210565196,56.142437722078945,64.1455734572776,0,1
2023-06-03 06:06:00,2023-06-03 06:06:59,0.0851,0.0852,0.0851,0.0852,0.08513636625154004,0.08515,0.0851,0.0852,True,0.0001097445676031353,1.207404860335598e-05,0,0.08488272275711879,0.08489807097858766,11.482844417046984,11.482844417046984,0.08491121687882436,0.08491337278121762,41.717616870271634,55.0208180676498,0,2
2023-06-03 06:07:00,2023-06-03 06:07:59,0.0851,0.0852,0.0851,0.0852,0.08514318312577002,0.08515,0.0851,0.0852,True,0.0001090485270600544,1.300423515642008e-05,0,0.08489039686785323,0.08490599616667735,12.965656248922649,12.965656248922649,0.08491359283027884,0.0849162247933448,45.01988393023166,47.62664617419415,0,2
2023-06-03 06:08:00,2023-06-03 06:08:59,0.0851,0.0851,0.0851,0.0852,0.08514659156288501,0.08512499999999999,0.0851,0.0852,True,0.00010840220369862215,5.5222129205952775e-06,0,0.08489819651726528,0.08491373832219443,8.148334831856367,0.0,0.08491569638420642,0.08491805340236624,30.013255953487768,38.916918917997094,0,1
2023-06-03 06:09:00,2023-06-03 06:09:59,0.0852,0.0851,0.0851,0.0852,0.08513579578144251,0.08515,0.0851,0.0852,True,0.00010780204629157792,-2.1450528557559597e-07,0,0.08490596741972985,0.08492145478204617,4.936787220478848,0.0,0.08491802776346805,0.08491986381627305,22.42283221191812,32.48532403187926,0,1
2023-06-03 06:10:00,2023-06-03 06:10:59,0.0852,0.0852,0.0851,0.0852,0.08514289789072126,0.085175,0.0851,0.0852,True,0.00010724475727075113,2.2922290008331865e-06,0,0.08491371110088801,0.08492926959498573,7.525301403000846,0.0,0.08492058470114498,0.08492265124098675,21.651441132131435,24.695843099179186,0,2
2023-06-03 06:11:00,2023-06-03 06:11:59,0.0851,0.0852,0.0851,0.0852,0.08515894894536064,0.08515,0.0851,0.0852,True,0.00010672727460855482,3.1551751487613182e-06,0,0.08492149034793686,0.08493693669748884,9.250977524682177,0.0,0.08492286744043707,0.08492541093013116,21.651441132131435,21.908571492060407,0,2
2023-06-03 06:12:00,2023-06-03 06:12:59,0.0851,0.0851,0.0851,0.0851,0.08515447447268032,0.0851,0.0851,0.08515447447268032,True,0.00010624675499365825,-3.945676739314208e-06,0,0.08492921352271285,0.08494409184887644,4.463590350855135,0.0,0.08492462995346756,0.08492714813480647,14.235236896957135,19.17937305374008,0,1
2023-06-03 06:13:00,2023-06-03 06:13:59,0.0852,0.0852,0.0852,0.0852,0.08512723723634016,0.0852,0.0852,0.0852,True,0.00010580055820839715,-2.1558264536691678e-06,0,0.08493665268579464,0.08495148095194917,5.942507030481629,0.0,0.08492736995393056,0.08492986307873875,16.732789328191267,17.539822452426687,0,2
2023-06-03 06:14:00,2023-06-03 06:14:59,0.0851,0.0851,0.0851,0.0851,0.08516361861817008,0.0851,0.0851,0.08516361861817008,True,0.00010538623262208327,-8.40899167105745e-06,0,0.08494406681887191,0.08495831744337728,2.3387627600880094,0.0,0.08492908766583175,0.08493155598342791,16.732789328191267,15.900271851113297,0,1
2023-06-03 06:15:00,2023-06-03 06:15:59,0.0852,0.0852,0.0851,0.0852,0.08513180930908504,0.085175,0.0851,0.0852,True,0.0001050015017205061,-5.853443588947624e-06,0,0.0849511921311246,0.0849651865339296,3.9429431339303846,0.0,0.08493153455472895,0.08493422706816993,25.869569134086117,19.77838259682296,0,2
2023-06-03 06:16:00,2023-06-03 06:16:59,0.0851,0.0852,0.0851,0.0852,0.08515340465454252,0.08515,0.0851,0.0852,True,0.00010464425159761302,-4.56511781224189e-06,0,0.0849581893325271,0.08497186263414878,5.0123967164919705,0.0,0.08493370834025403,0.0849368715749543,14.130061646600751,18.910806702959455,0,1
2023-06-03 06:17:00,2023-06-03 06:17:59,0.0852,0.0851,0.0851,0.0852,0.08515170232727126,0.08515,0.0851,0.0852,True,0.00010431251934064087,-1.1003622850212395e-05,0,0.08496502598333795,0.0849783409865742,1.1568968764361145,0.0,0.0849358604960724,0.08493849474336272,19.946136451652663,19.98192241077992,0,1
2023-06-03 06:18:00,2023-06-03 06:18:59,0.0852,0.0851,0.0851,0.0852,0.08515085116363563,0.08515,0.0851,0.0852,True,0.00010400448224488102,-1.527357685344812e-05,0,0.08497168348495608,0.08498461920238375,-1.4134363502677871,-0.0,0.084937991237405,0.0849401017608417,16.625431450809725,16.900543183021124,0,1
2023-06-03 06:19:00,2023-06-03 06:19:59,0.0852,0.0852,0.0852,0.0852,0.08515042558181782,0.0852,0.0852,0.0852,True,0.00010371844779881829,-1.1067704698806776e-05,0,0.08497815134366991,0.08499103982716427,1.711877110995708,0.0,0.08494059828976913,0.08494268781297262,24.958485572564474,20.51001782500903,0,2
2023-06-03 06:20:00,2023-06-03 06:20:59,0.0851,0.0852,0.0851,0.0852,0.08517521279090891,0.08515,0.0851,0.0852,True,0.00010345284438461718,-8.409859680528052e-06,0,0.0849845955854171,0.0849971854660418,3.7954194185047,0.0,0.08494268188887591,0.08494524813324156,21.77575501020587,21.1198906778601,0,2
2023-06-03 06:21:00,2023-06-03 06:21:59,0.0851,0.0851,0.0851,0.0852,0.08516260639545445,0.08512499999999999,0.0851,0.0852,True,0.00010320621264285902,-1.3715605885660545e-05,0,0.08499089052572946,0.08500290091437906,-0.029745574320912738,-0.0,0.08494449599943436,0.0849467879528113,15.959680205153958,20.897973595974843,0,1
2023-06-03 06:22:00,2023-06-03 06:22:59,0.0852,0.0851,0.0851,0.0852,0.08514380319772721,0.08515,0.0851,0.0852,True,0.00010297719745408357,-1.7052304740474065e-05,0,0.08499689572005427,0.08500840998321146,-2.5798555695379903,-0.0,0.08494654081536039,0.08494831245079328,6.7822910502277365,14.839242088529263,0,1
2023-06-03 06:23:00,2023-06-03 06:23:59,0.0852,0.0851,0.0851,0.0852,0.08514690159886361,0.08515,0.0851,0.0852,True,0.0001027645404930778,-1.8938302739836144e-05,0,0.08500265285163287,0.08501371876993741,-4.279928899682709,-4.279928899682709,0.08494856528485929,0.08494982177964111,8.297893615068984,10.346621623483635,0,1
2023-06-03 06:24:00,2023-06-03 06:24:59,0.0852,0.0852,0.0852,0.0852,0.08514845079943181,0.0852,0.0852,0.0852,True,0.00010256707331500102,-1.291363823064374e-05,0,0.08500818581078515,0.08501917650240302,0.701374369016925,0.0,0.0849510671228209,0.08495231111516707,24.89765085787261,13.325945174389853,0,2
2023-06-03 06:25:00,2023-06-03 06:25:59,0.0851,0.0851,0.0851,0.0852,0.0851742253997159,0.08512499999999999,0.0851,0.0852,True,0.0001023837109353583,-1.5738185611062684e-05,0,0.08501368115659409,0.08502419947528829,-1.5633127697819091,-0.0,0.08495279779821571,0.0849537806563097,20.748704050338052,17.981416174426627,0,-2
2023-06-03 06:26:00,2023-06-03 06:26:59,0.0851,0.0851,0.0851,0.0852,0.08514961269985795,0.08512499999999999,0.0851,0.0852,True,0.00010221344586854721,-1.7274365105307706e-05,0,0.08501894031594119,0.0850288456959627,-3.073104195647801,-3.073104195647801,0.08495451125295983,0.08495523557515239,16.599757242803495,20.74870405033813,0,-2
2023-06-03 06:27:00,2023-06-03 06:27:59,0.0852,0.0851,0.0851,0.0852,0.08513730634992897,0.08515,0.0851,0.0852,True,0.00010205534259222261,-1.788040095199962e-05,0,0.08502389300595195,0.08503333494554366,-4.079631812891726,-4.079631812891726,0.08495645641462192,0.08495667601719067,8.151876405349542,15.166779232830441,0,-2
2023-06-03 06:28:00,2023-06-03 06:28:59,0.0852,0.0852,0.0851,0.0852,0.08514365317496449,0.085175,0.0851,0.0852,True,0.00010190853240706406,-1.0971525335563212e-05,0,0.0850286139757478,0.08503784133623918,1.290419668054362,0.0,0.0849586309776605,0.08495909715134799,24.13391418557281,16.295182611242026,0,-1
2023-06-03 06:29:00,2023-06-03 06:29:59,0.0851,0.0851,0.0851,0.0852,0.08515932658748224,0.08512499999999999,0.0851,0.0852,True,0.00010177220866370254,-1.3210596845190713e-05,0,0.0850332276559935,0.08504198725044894,-0.9064442053242772,-0.0,0.08496028639081811,0.08496049916974253,24.13391418557281,18.8065682588318,0,-2
2023-06-03 06:30:00,2023-06-03 06:30:59,0.0852,0.0851,0.0851,0.0852,0.08514216329374111,0.08515,0.0851,0.0852,True,0.00010164562233058113,-1.4384855291254924e-05,0,0.08503760745322123,0.08504599244019248,-2.371020120910039,-0.0,0.08496217408842191,0.0849618872377053,23.653830929480907,23.97388643354225,0,-2
2023-06-03 06:31:00,2023-06-03 06:31:59,0.0852,0.0851,0.0851,0.0852,0.08514608164687056,0.08515,0.0851,0.0852,True,0.00010152807787839698,-1.4794472209595923e-05,0,0.08504179994670685,0.0850498593567131,-3.347404064633878,-3.347404064633878,0.08496404300296498,0.08496326149404654,15.34358629851541,21.043777137856456,0,-2
2023-06-03 06:32:00,2023-06-03 06:32:59,0.0851,0.0851,0.0851,0.0852,0.08514804082343527,0.08512499999999999,0.0851,0.0852,True,0.00010141892945851169,-1.466717976883991e-05,0,0.08504582965170997,0.08505341935200658,-3.998326693783106,-3.998326693783106,0.08496564456512454,0.08496462207619533,15.34358629851541,18.113667842170653,0,-2
2023-06-03 06:33:00,2023-06-03 06:33:59,0.0851,0.0852,0.0851,0.0852,0.08513652041171763,0.08515,0.0851,0.0852,True,0.00010131757735433248,-7.317384889153634e-06,0,0.08504962450185827,0.0850568848072925,2.3295568185132893,0.0,0.08496747894756111,0.0849669641450889,17.387380645800096,16.024851080943716,0,-1
2023-06-03 06:34:00,2023-06-03 06:34:59,0.0851,0.0851,0.0851,0.0852,0.08514326020585881,0.08512499999999999,0.0851,0.0852,True,0.00010122346468616608,-9.33035083965251e-06,0,0.08505325465457537,0.08506008052727031,-0.07271663086325475,-0.0,0.08496904632121723,0.08496828788493876,9.715587496542325,14.148851480286021,0,-2
2023-06-03 06:35:00,2023-06-03 06:35:59,0.0851,0.0851,0.0851,0.0852,0.0851341301029294,0.08512499999999999,0.0851,0.0852,True,0.00010113607435144013,-1.043387413589692e-05,0,0.08505666759092284,0.08506304195670553,-1.6742322637809508,-0.0,0.08497059809911556,0.08496959845324784,9.715587496542346,12.272851879628334,0,-2
2023-06-03 06:36:00,2023-06-03 06:36:59,0.0852,0.0851,0.0851,0.0852,0.0851295650514647,0.08515,0.0851,0.0852,True,0.00010105492618348032,-1.0882834075623918e-05,0,0.08505985477381418,0.08506597013558022,-2.741909352392746,-0.0,0.0849723831926567,0.08497089598107621,10.467784654952881,9.966319882679263,0,-2
2023-06-03 06:37:00,2023-06-03 06:37:59,0.0852,0.0851,0.0851,0.0852,0.08513978252573234,0.08515,0.0851,0.0852,True,0.00010097957431323192,-1.0870673490286777e-05,0,0.0850629124546972,0.08506885204563366,-3.4536940781339425,-3.4536940781339425,0.08497415052407305,0.08497218059817993,20.935569309905873,13.70631382046711,0,-2
2023-06-03 06:38:00,2023-06-03 06:38:59,0.0852,0.0851,0.0851,0.0852,0.08514489126286617,0.08515,0.0851,0.0852,True,0.00010090960471942985,-1.054318231669071e-05,0,0.08506588225016544,0.08507167775495099,-3.9282172286280783,-3.9282172286280783,0.08497590027010217,0.08497345243302391,37.34613716679494,22.916497043884643,0,-2
2023-06-03 06:39:00,2023-06-03 06:39:59,0.0852,0.0851,0.0851,0.0852,0.08514744563143309,0.08515,0.0851,0.0852,True,0.00010084463295375649,-1.0009310591251982e-05,0,0.08506878000255821,0.08507443982966256,-4.244565995624164,-4.244565995624164,0.08497763260572304,0.08497471161279482,43.288920368731034,33.85687561514403,-1,-2
2023-06-03 06:40:00,2023-06-03 06:40:59,0.0852,0.0852,0.0851,0.0853,0.08514872281571655,0.0852,0.0851,0.0853,True,0.00010792715917134573,-2.4924926835031317e-06,0,0.08507160991611039,0.08507747590680487,4.27308086464771,0.0,0.08497984521661137,0.0849769532882894,66.15446904711138,48.92984219421253,1,-1
2023-06-03 06:41:00,2023-06-03 06:41:59,0.0853,0.0851,0.0851,0.0853,0.08517436140785828,0.0852,0.0851,0.0853,True,0.00011450379065910715,-4.5086924273005e-06,0,0.08507454291145763,0.08508070687726987,1.2967975825077005,0.0,0.08498203581147096,0.08497817763367956,83.07723452355562,64.17354131313276,0,-2
2023-06-03 06:42:00,2023-06-03 06:42:59,0.0852,0.0852,0.0851,0.0852,0.08518718070392914,0.085175,0.0851,0.0852,True,0.00011346780561202828,1.123890188666774e-06,0,0.08507762489436375,0.08508389759413841,4.852394717903493,0.0,0.08498395585314786,0.08498038482140413,84.48664311932994,77.90611556333239,0,-1
2023-06-03 06:43:00,2023-06-03 06:43:59,0.0852,0.0851,0.0851,0.0852,0.08518109035196457,0.08515,0.0851,0.0852,True,0.00011250581949688361,-2.2673673548116944e-06,0,0.08508076124425108,0.0850868632007698,1.7010293174768805,0.0,0.08498560803371355,0.08498157502218617,54.84024195697517,74.134706533287,0,-2
2023-06-03 06:44:00,2023-06-03 06:44:59,0.0852,0.0852,0.0851,0.0852,0.0851655451759823,0.085175,0.0851,0.0852,True,0.00011161254667567783,2.3774342799446177e-06,0,0.08508381222251045,0.08508980275589971,4.020801514117878,0.0,0.08498749253089052,0.08498374840504999,37.631695854012186,58.98619364343918,0,-1
2023-06-03 06:45:00,2023-06-03 06:45:59,0.0852,0.0852,0.0851,0.0852,0.08517027258799115,0.085175,0.0851,0.0852,True,0.00011078307905598676,5.148227678509786e-06,0,0.08508680748920508,0.08509270163202497,5.567316311878535,0.0,0.0849893582768518,0.08498590016221368,35.93650663171912,42.802814814235575,0,2
2023-06-03 06:46:00,2023-06-03 06:46:59,0.0851,0.0851,0.085,0.0852,0.08517263629399557,0.0851,0.085,0.0852,True,0.00011715571626627284,-2.825337109393095e-07,0,0.08508975456061503,0.08509503401215086,1.5315170481450195,0.0,0.08499045918951995,0.08498703548398269,32.24957446074057,35.272592315490705,0,-2
2023-06-03 06:47:00,2023-06-03 06:47:59,0.085,0.0851,0.085,0.0851,0.08513631814699779,0.08505,0.085,0.08513631814699779,True,0.00011593030796153828,-3.914417098992362e-06,0,0.08509239428638295,0.0850965613302112,-1.1590157943439863,-0.0,0.08499105163539537,0.08498815950901768,16.124787230370217,28.10362277427672,0,-2
2023-06-03 06:48:00,2023-06-03 06:48:59,0.0851,0.085,0.085,0.0851,0.0850931590734989,0.08505,0.085,0.0851,True,0.00011479242882142762,-1.3070958611386575e-05,0,0.08509447780829708,0.08509744433821953,-6.889347061844589,-6.889347061844589,0.08499163818628697,0.08498827732484836,-1.22330689159405e-13,16.124787230370305,-1,-2
2023-06-03 06:49:00,2023-06-03 06:49:59,0.0851,0.0851,0.085,0.0851,0.08507157953674946,0.085075,0.085,0.0851,True,0.00011373582676275343,-1.165262464142116e-05,0,0.08509596107325831,0.08509798554460536,-5.107048129196627,-5.107048129196627,0.08499246765707018,0.08498938899325782,6.5805638729306475,7.568450367766999,0,-1
2023-06-03 06:50:00,2023-06-03 06:50:59,0.0851,0.0851,0.085,0.0851,0.08507328976837472,0.085075,0.085,0.0851,True,0.00011275469627969883,-1.029910841596628e-05,0,0.08509697330893184,0.0850982539349187,-3.918848840764653,-3.918848840764653,0.08499328887441276,0.08499048960029008,13.161127745861416,6.580563872930732,0,-1
2023-06-03 06:51:00,2023-06-03 06:51:59,0.0851,0.085,0.085,0.0851,0.08507414488418735,0.08505,0.085,0.0851,True,0.00011184364654543384,-1.588859694905748e-05,0,0.08509761362192528,0.08509813416718996,-7.350652014925636,-7.350652014925636,0.0849938531642196,0.08499058423113297,15.064151176535875,11.60194759844273,0,-2
2023-06-03 06:52:00,2023-06-03 06:52:59,0.0851,0.085,0.085,0.0851,0.08506207244209368,0.08505,0.085,0.0851,True,0.00011099767179218778,-1.883291054789953e-05,0,0.08509787389455763,0.08509770962163894,-9.638520797699627,-9.638520797699627,0.08499441183920249,0.08499067792037543,10.386610734279573,12.870629885559039,0,-2
2023-06-03 06:53:00,2023-06-03 06:53:59,0.0851,0.0851,0.085,0.0851,0.08505603622104685,0.085075,0.085,0.0851,True,0.00011021212380703073,-1.3046953439023794e-05,0,0.08509779175809828,0.08509721956178563,-5.3084119224945425,-5.3084119224945425,0.08499521371144923,0.08499176570226225,13.047439296839348,12.832733735885016,0,-1
2023-06-03 06:54:00,2023-06-03 06:54:59,0.085,0.0851,0.085,0.0851,0.08506551811052343,0.08505,0.085,0.0851,True,0.00010948268639224203,-8.71222843921076e-06,0,0.08509750565994197,0.08509650975780654,-2.421672672357822,-0.0,0.08499575884864874,0.0849928426604487,15.24419176883593,12.892747266651703,0,-1
2023-06-03 06:55:00,2023-06-03 06:55:59,0.085,0.085,0.0849,0.085,0.08505775905526172,0.08497500000000001,0.0849,0.08505775905526172,True,0.00011594820879279559,-1.2353308540195446e-05,0,0.08509700770887425,0.08509511723798213,-5.522875958781057,-5.522875958781057,0.08499555229294078,0.08499291387775766,13.341168338161461,13.877599801278999,0,-2
2023-06-03 06:56:00,2023-06-03 06:56:59,0.0849,0.0851,0.0849,0.0851,0.08501637952763086,0.085,0.0849,0.0851,True,0.00012195190816473818,-7.253059349106823e-06,0,0.0850960624734282,0.08509336829192496,-2.3799227994331744,-0.0,0.08499559654873241,0.08499397941131231,10.95303451487787,13.179464873958507,0,-1
2023-06-03 06:57:00,2023-06-03 06:57:59,0.085,0.085,0.0849,0.085,0.08500818976381544,0.08497500000000001,0.0849,0.08500818976381544,True,0.0001275267718672563,-1.0432707943718724e-05,0,0.08509471538267659,0.08509117920203141,-4.472440954701966,-4.472440954701966,0.084995391607949,0.08499403931766741,10.04490843685835,11.44637042996598,0,-2
2023-06-03 06:58:00,2023-06-03 06:58:59,0.0851,0.085,0.085,0.0851,0.08499159488190772,0.08505,0.085,0.0851,True,0.0001255605738767372,-1.1948628340527343e-05,0,0.085092947292354,0.08508917318304468,-5.867453058214494,-5.867453058214494,0.08499593497503409,0.08499409862793939,30.75700089282634,17.251647948187607,0,-2
2023-06-03 06:59:00,2023-06-03 06:59:59,0.085,0.0851,0.085,0.0851,0.08502079744095387,0.08505,0.085,0.0851,True,0.00012373481859982664,-5.444184973111275e-06,0,0.08509106023769934,0.08508732506049392,-1.8843420249289764,-0.0,0.08499647293548152,0.084995152372935,57.23707561395272,32.67966164787922,0,-1
2023-06-03 07:00:00,2023-06-03 07:00:59,0.085,0.0851,0.085,0.0851,0.08503539872047694,0.08505,0.085,0.0851,True,0.00012203947441412395,-8.946215354836962e-07,0,0.08508919264909663,0.08508561393100375,0.771065330594702,0.0,0.08499700554308866,0.08499619563290581,87.37875912263452,58.457611876471276,0,-1
2023-06-03 07:01:00,2023-06-03 07:01:59,0.085,0.085,0.085,0.0851,0.08504269936023848,0.085025,0.085,0.0851,True,0.00012046522624168574,-4.668896179821047e-06,0,0.08508740329005018,0.08508385087069499,-2.425645183833204,-0.0,0.08499728409489872,0.08499623348730476,92.40500222953489,79.00694565537412,0,-2
2023-06-03 07:02:00,2023-06-03 07:02:59,0.085,0.0851,0.085,0.0851,0.08503384968011923,0.08505,0.085,0.0851,True,0.00011900342436727882,6.657867534201514e-08,0,0.08508562708037258,0.08508223054794285,0.18320371181032868,0.0,0.0849978086312679,0.08499726598991864,92.40500222953489,90.72958786056817,0,-1
2023-06-03 07:03:00,2023-06-03 07:03:59,0.085,0.085,0.085,0.0851,0.08504192484005962,0.085025,0.085,0.0851,True,0.0001176460369124724,-3.623140486459755e-06,0,0.08508392881415772,0.08508056219402346,-2.230265854138338,-0.0,0.0849980791921508,0.08499729319399904,85.0795417511306,89.96318207006686,0,-2
2023-06-03 07:04:00,2023-06-03 07:04:59,0.085,0.0851,0.085,0.0851,0.08503346242002982,0.08505,0.085,0.0851,True,0.00011638560570443788,1.1258564116911874e-06,0,0.08508224550409059,0.08507903899809706,0.2023656780090448,0.0,0.08499859581710452,0.0849983151522677,92.67453952159559,90.0530278340871,0,-1
2023-06-03 07:05:00,2023-06-03 07:05:59,0.085,0.0851,0.085,0.0851,0.0850417312100149,0.08505,0.085,0.0851,True,0.00011521520529697724,4.258540311681734e-06,0,0.08508064225109382,0.08507764053682329,1.824120032773969,0.0,0.08499910730151145,0.08499932694179738,92.67453952159559,90.14287359810733,0,-1
2023-06-03 07:06:00,2023-06-03 07:06:59,0.085,0.085,0.085,0.0851,0.08504586560500746,0.085025,0.085,0.0851,True,0.00011412840491862093,-6.585183104999742e-07,0,0.08507914139395856,0.08507617834836367,-1.3955994892099426,-0.0,0.08499936494030237,0.08499933363889392,92.37976283940161,92.576280627531,0,-2
2023-06-03 07:07:00,2023-06-03 07:07:59,0.085,0.085,0.085,0.085,0.08503543280250372,0.085,0.085,0.08503543280250372,True,0.0001059763759958623,-3.7009980075447446e-06,0,0.08507765987116112,0.08507450449262367,-3.5420791705325527,-3.5420791705325527,0.08499937125930433,0.08499934026935269,77.75357051044713,87.60262429048153,0,-2
2023-06-03 07:08:00,2023-06-03 07:08:59,0.0851,0.0851,0.0851,0.0851,0.08501771640125186,0.0851,0.0851,0.0851,True,0.00010554949199615706,1.4682813876860742e-06,0,0.0850760821818924,0.08507336158052221,-0.1095094672721828,-0.0,0.08500037254030628,0.08500034185871236,77.75357051044713,82.62896795343205,0,-1
2023-06-03 07:09:00,2023-06-03 07:09:59,0.085,0.085,0.085,0.085,0.08505885820062592,0.085,0.085,0.08505885820062592,True,0.00010515309971071648,-2.002058587232361e-06,0,0.08507472188120731,0.08507195841932726,-2.217521315392098,-0.0,0.08500036883343756,0.08500033845713313,67.27496430217117,74.26070177435524,0,-2
2023-06-03 07:10:00,2023-06-03 07:10:59,0.0851,0.0851,0.085,0.0851,0.08502942910031297,0.085075,0.085,0.0851,True,0.00010478502115995022,2.815188600836106e-06,0,0.08507334015026728,0.08507087456912864,0.47901029421150554,0.0,0.08500111143210982,0.08500133011427609,76.56563512276482,73.86472331179446,0,-1
2023-06-03 07:11:00,2023-06-03 07:11:59,0.0851,0.085,0.085,0.0851,0.08505221455015649,0.08505,0.085,0.0851,True,0.00010444323393423871,-9.445519167788839e-07,0,0.08507210735969796,0.0850698780245014,-1.585873028586981,-0.0,0.08500159788552167,0.08500131687930816,62.96603582896961,68.93554508463528,0,-2
2023-06-03 07:12:00,2023-06-03 07:12:59,0.0851,0.0851,0.085,0.0851,0.08505110727507825,0.085075,0.085,0.0851,True,0.0001041258600817923,3.635054969186597e-06,0,0.08507099269209968,0.08506912858010705,0.7385502018103054,0.0,0.08500232825481996,0.08500229880090708,73.3064948739375,70.94605527522405,0,-1
2023-06-03 07:13:00,2023-06-03 07:13:59,0.0851,0.0851,0.0851,0.0851,0.08506305363753913,0.0851,0.0851,0.0851,True,9.668829864737856e-05,6.53761259390651e-06,0,0.08507006063610337,0.08506875034803597,2.2881656887418202,0.0,0.08500330011298095,0.08500327095214183,76.54816559372604,70.94023209887779,0,-1
2023-06-03 07:14:00,2023-06-03 07:14:59,0.0851,0.0851,0.0851,0.0851,0.08508152681876957,0.0851,0.0851,0.0851,True,8.978199160113725e-05,8.214913966019925e-06,0,0.08506940549206968,0.08506866696911185,3.3212426800295063,3.3212426800295063,0.08500426230091149,0.08500423343022998,88.05391409894897,79.3028581888709,0,-1
2023-06-03 07:15:00,2023-06-03 07:15:59,0.085,0.0851,0.085,0.0851,0.08509076340938479,0.08505,0.085,0.0851,True,9.051184934391238e-05,9.011330149987986e-06,0,0.08506903623059077,0.08506847324903874,4.00996067422129,4.00996067422129,0.08500471740239496,0.08500518633142172,80.50078160074132,81.70095376447217,1,2
2023-06-03 07:16:00,2023-06-03 07:16:59,0.085,0.085,0.085,0.0851,0.08507038170469239,0.085025,0.085,0.0851,True,9.118957439077498e-05,2.330614399743409e-06,0,0.08506875473981476,0.08506802245914215,-0.9293196300409576,-0.0,0.08500491921928655,0.08500513472613394,61.27265748776659,76.60911772915237,-1,-2
2023-06-03 07:17:00,2023-06-03 07:17:59,0.0851,0.0849,0.0849,0.0851,0.0850476908523462,0.085,0.0849,0.0851,True,9.896174764857618e-05,-8.88815061943871e-06,0,0.08506838859947846,0.08506720084267713,-7.6154507118619605,-7.6154507118619605,0.08500487027183096,0.08500408860945599,36.26289842199035,59.34544583683283,0,-2
2023-06-03 07:18:00,2023-06-03 07:18:59,0.085,0.085,0.0849,0.085,0.08502384542617311,0.08497500000000001,0.0849,0.08502384542617311,True,9.903590853082093e-05,-8.808406776344672e-06,0,0.0850677947210778,0.08506592138242301,-6.450056493647978,-6.450056493647978,0.08500457305519582,0.08500404792677484,18.920134672597875,38.81856352745169,0,-2
2023-06-03 07:19:00,2023-06-03 07:19:59,0.085,0.085,0.0849,0.085,0.08499942271308655,0.08497500000000001,0.0849,0.085,True,9.910477220719106e-05,-8.270173201716279e-06,0,0.0850668580517504,0.08506429023699191,-5.673127014838656,-5.673127014838656,0.08500427879594014,0.08500400764889648,7.587829002638425,20.92362069907563,0,-2
2023-06-03 07:20:00,2023-06-03 07:20:59,0.085,0.085,0.0849,0.085,0.08498721135654327,0.08497500000000001,0.0849,0.085,True,9.916871704953475e-05,-7.446175245735789e-06,0,0.08506557414437116,0.08506239339874004,-5.155174028965774,-5.155174028965774,0.08500398746463725,0.08500396777179303,2.0371582854804795,9.515040653572342,0,-1
2023-06-03 07:21:00,2023-06-03 07:21:59,0.0849,0.0849,0.0849,0.085,0.08498110567827163,0.08492500000000001,0.0849,0.085,True,9.922809440313962e-05,-1.3319403532247008e-05,0,0.08506398377155559,0.08505995733981625,-9.261675210607073,-9.261675210607073,0.08500320151971548,0.08500293326660106,1.358105523653607,3.661030937257586,0,-2
2023-06-03 07:22:00,2023-06-03 07:22:59,0.0849,0.085,0.0849,0.085,0.08495305283913582,0.08495000000000001,0.0849,0.085,True,9.928323051720128e-05,-9.52286595854444e-06,0,0.08506197055568591,0.08505728498920684,-6.176746192091947,-6.176746192091947,0.0850026721513601,0.08500290407986871,7.891372197621245,3.7622120022518595,0,-1
2023-06-03 07:23:00,2023-06-03 07:23:59,0.0849,0.085,0.0849,0.085,0.08495152641956791,0.08495000000000001,0.0849,0.085,True,9.933442833740139e-05,-6.486580852864673e-06,0,0.08505962777244637,0.08505444493965873,-4.1201268464151966,-4.1201268464151966,0.08500214805035154,0.08500287518355161,14.424638871588883,7.891372197621327,0,-1
2023-06-03 07:24:00,2023-06-03 07:24:59,0.0849,0.085,0.0849,0.085,0.08495076320978395,0.08495000000000001,0.0849,0.085,True,9.938196917044435e-05,-4.067554909469517e-06,0,0.08505703635605255,0.08505149234531702,-2.7490472826306913,-0.0,0.08500162916427839,0.08500284657476005,21.636958307383395,14.650989792197924,0,-1
2023-06-03 07:25:00,2023-06-03 07:25:59,0.085,0.085,0.0849,0.085,0.08495038160489199,0.08497500000000001,0.0849,0.085,True,9.942611422969853e-05,-2.1495743322723086e-06,0,0.08505426435068479,0.08504864292819161,-1.8349942401076902,-0.0,0.08500136419746965,0.08500281825063309,29.475180484130473,21.845592554367666,0,-1
2023-06-03 07:26:00,2023-06-03 07:26:59,0.0849,0.085,0.0849,0.085,0.084962690802446,0.08495000000000001,0.0849,0.085,True,9.946710607043456e-05,-6.381388269941269e-07,0,0.08505145363943821,0.08504572276665932,-1.225625545092356,-0.0,0.08500085311092766,0.08500279020833823,31.564008511185857,27.558715767566657,0,-1
2023-06-03 07:27:00,2023-06-03 07:27:59,0.0849,0.0848,0.0848,0.085,0.08495634540122302,0.084875,0.0848,0.085,True,0.00010664802706540393,-1.3170651380582737e-05,-1,0.08504858820304877,0.08504225236321171,-10.201480802387806,-10.201480802387806,0.08499960084116719,0.08500077239531995,24.351689075391345,28.463626023569308,0,-2
2023-06-03 07:28:00,2023-06-03 07:28:59,0.0849,0.0849,0.0849,0.0849,0.08491567270061151,0.0849,0.0849,0.08491567270061151,True,0.00010617316798930385,-1.3627390358174126e-05,0,0.08504542028313024,0.08503854408767945,-9.607351949126155,-9.607351949126155,0.08499860978802125,0.08499976968491875,18.570339936474955,24.8286791743508,0,-2
2023-06-03 07:29:00,2023-06-03 07:29:59,0.0848,0.0849,0.0848,0.0849,0.08490783635030576,0.08485000000000001,0.0848,0.08490783635030576,True,0.00010573222741863949,-1.3091159460939354e-05,0,0.08504198218540485,0.08503433092332265,-9.211266046951721,-9.211266046951721,0.08499713108366283,0.08499877695173548,9.269192473625063,17.397073828497202,0,-2
2023-06-03 07:30:00,2023-06-03 07:30:59,0.0849,0.0849,0.0848,0.085,0.08487891817515289,0.0849,0.0848,0.085,True,0.00011246563974587993,-1.19156454939445e-05,0,0.08503815655436374,0.08503009221640487,-8.947208778835439,-8.947208778835439,0.08499616460521843,0.08499779409649433,32.16123666794939,20.00025635934988,0,-1
2023-06-03 07:31:00,2023-06-03 07:31:59,0.085,0.0849,0.0849,0.085,0.08488945908757645,0.08495000000000001,0.0849,0.085,True,0.00011157523690688871,-1.0360139515491949e-05,0,0.0850341243853843,0.08502620553485961,-8.771170600091246,-8.771170600091246,0.08499570525591277,0.08499682102090732,56.22537752765752,32.55193555641074,0,-1
2023-06-03 07:32:00,2023-06-03 07:32:59,0.085,0.0849,0.0849,0.085,0.08491972954378824,0.08495000000000001,0.0849,0.085,True,0.00011074843427068258,-8.611881599647366e-06,0,0.08503016496012195,0.08502262267213455,-8.653811814261786,-8.653811814261786,0.08499525047724697,0.08499585762766446,89.55871086099084,59.31510835219933,0,-1
2023-06-03 07:33:00,2023-06-03 07:33:59,0.085,0.0849,0.0849,0.085,0.08493486477189413,0.08495000000000001,0.0849,0.085,True,0.00010998068896563404,-6.8034366534141125e-06,0,0.08502639381612824,0.0850193035903518,-8.575572623708815,-8.575572623708815,0.08499480022374203,0.08499490382042402,99.99999999999984,81.92802946288282,0,-1
2023-06-03 07:34:00,2023-06-03 07:34:59,0.085,0.085,0.0849,0.085,0.08494243238594706,0.08497500000000001,0.0849,0.085,True,0.00010926778261094611,1.8309760718762861e-06,0,0.08502284870324002,0.08501638648417738,-0.1525985521980573,-0.0,0.08499460320659037,0.0849949545286785,99.99999999999984,96.51957028699694,0,-1
2023-06-03 07:35:00,2023-06-03 07:35:59,0.0849,0.0849,0.0849,0.085,0.08495871619297354,0.08492500000000001,0.0849,0.085,True,0.00010860579813873588,7.736433514307238e-07,0,0.0850196175937087,0.08501346281750367,-2.1025307733008916,-0.0,0.08499391063737056,0.08499400970749763,88.35924022049602,96.11974674016533,0,-2
2023-06-03 07:36:00,2023-06-03 07:36:59,0.085,0.0849,0.0849,0.0851,0.08494185809648677,0.08497500000000001,0.0849,0.0851,True,0.00011513395541453989,3.5365236151260315e-07,0,0.08501654020560619,0.08501089709833859,-3.4024855873694477,-0.0,0.08499372247182459,0.08499307428752252,88.35924022049602,92.23949348033072,0,-1
2023-06-03 07:37:00,2023-06-03 07:37:59,0.085,0.085,0.0849,0.085,0.08495842904824338,0.08497500000000001,0.0849,0.085,True,0.00011405295859921582,7.221144514706677e-06,0,0.0850137186519724,0.08500863079732636,1.8701115823508658,0.0,0.0849935361785726,0.08499314320008448,88.35924022049602,88.35924022049612,0,-1
2023-06-03 07:38:00,2023-06-03 07:38:59,0.0849,0.085,0.0849,0.085,0.08496671452412169,0.08495000000000001,0.0849,0.085,True,0.00011304917584212918,1.1622948742894757e-05,0,0.08501117472464939,0.08500644425298003,5.385176362164408,5.385176362164408,0.0849931029827659,0.08499321142694931,94.03871435612679,90.25239826570636,0,-1
2023-06-03 07:39:00,2023-06-03 07:39:59,0.0849,0.085,0.0849,0.085,0.08495835726206086,0.08495000000000001,0.0849,0.085,True,0.00011211709185340587,1.4214001977920835e-05,0,0.08500880948881472,0.08500433550363716,7.728552882040098,7.728552882040098,0.08499267409736525,0.08499327897493986,88.0774287122537,90.15846109629227,0,2
2023-06-03 07:40:00,2023-06-03 07:40:59,0.0849,0.085,0.0849,0.085,0.08495417863103044,0.08495000000000001,0.0849,0.085,True,0.00011125158529244852,1.5494809728481542e-05,0,0.08500657249622595,0.08500230247111071,9.290803895290566,9.290803895290566,0.08499224947948102,0.0849933458508111,82.11614306838062,88.07742871225379,0,2
2023-06-03 07:41:00,2023-06-03 07:41:59,0.0849,0.0849,0.0848,0.085,0.08495208931551523,0.0849,0.0848,0.085,True,0.00011759075777155975,8.988557503984522e-06,0,0.08500443748366833,0.08499999994655824,1.8968195953517935,0.0,0.08499133157421254,0.08499241703637517,70.05660705304858,80.08339294456107,0,-2
2023-06-03 07:42:00,2023-06-03 07:42:59,0.0848,0.0849,0.0848,0.0849,0.08492604465775762,0.08485000000000001,0.0848,0.08492604465775762,True,0.00011633427507359142,4.582317734266179e-06,0,0.08500221871511329,0.08499715799363232,-3.0325032712740523,-0.0,0.08498992528989202,0.08499149746387392,48.20524757927805,66.79266590023585,0,-2
2023-06-03 07:43:00,2023-06-03 07:43:59,0.0848,0.0849,0.0848,0.085,0.08488802232887882,0.084875,0.0848,0.085,True,0.000122310398282621,1.7241501409309709e-06,0,0.08499968835437281,0.08499408237036041,-6.31871851569128,-6.31871851569128,0.08498878175466922,0.08499058704134782,30.029534526778217,49.43046305303505,0,-2
2023-06-03 07:44:00,2023-06-03 07:44:59,0.0848,0.0849,0.0848,0.0849,0.08488151116443941,0.08485000000000001,0.0848,0.0849,True,0.00012071679840529113,-7.63044750007105e-09,0,0.08499688536236662,0.08499067235224163,-8.509528678636102,-8.509528678636102,0.08498740084168743,0.08498968567775232,18.122262380756748,32.11901482893777,0,-2
2023-06-03 07:45:00,2023-06-03 07:45:59,0.0849,0.085,0.0848,0.085,0.0848657555822197,0.084925,0.0848,0.085,True,0.00012637988423348502,5.923741373189541e-06,0,0.08499377885730412,0.08498753703881883,-0.39505459565685186,-0.0,0.08498677993779004,0.08498978830782444,40.1663532958762,29.43938340113715,0,-1
2023-06-03 07:46:00,2023-06-03 07:46:59,0.085,0.0849,0.0848,0.085,0.08489537779110985,0.084925,0.0848,0.085,True,0.00013163846393109366,2.8193121939908955e-06,0,0.08499065794806147,0.08498463951391945,-2.754748205412362,-0.0,0.08498616521204089,0.08498889489182619,58.534797789724934,38.94113782211939,0,-2
2023-06-03 07:47:00,2023-06-03 07:47:59,0.0849,0.0849,0.0848,0.0849,0.08491018889555493,0.084875,0.0848,0.08491018889555493,True,0.00012937857365030145,8.648834952304598e-07,0,0.08498764873099046,0.08498160602852581,-4.327877278582704,-4.327877278582704,0.08498505909052805,0.08498801036553937,69.97524549669808,56.225465527433165,0,-2
2023-06-03 07:48:00,2023-06-03 07:48:59,0.0849,0.0849,0.0848,0.0849,0.08489259444777747,0.084875,0.0848,0.0849,True,0.00012728010410385156,-2.596968835597482e-07,0,0.08498462737975813,0.08497848631341469,-5.376629994029599,-5.376629994029599,0.0849839639751994,0.08498713464050912,57.25615360096881,61.92206562913071,0,-2
2023-06-03 07:49:00,2023-06-03 07:49:59,0.0849,0.0849,0.0848,0.0849,0.08488379722388874,0.084875,0.0848,0.0849,True,0.00012533152523929093,-7.968395611064716e-07,0,0.08498155684658641,0.08497532011360394,-6.075798470994194,-6.075798470994194,0.0849828797565407,0.08498626762916077,44.53706170523953,57.2561536009689,0,-2
2023-06-03 07:50:00,2023-06-03 07:50:59,0.0849,0.0849,0.0848,0.0849,0.08487939861194438,0.084875,0.0848,0.0849,True,0.0001235221305793418,-9.287682094579828e-07,0,0.08497843848009518,0.08497213903956012,-6.54191078897059,-6.54191078897059,0.08498180632612737,0.084985409244791,44.53706170523953,48.776759003816046,0,-2
2023-06-03 07:51:00,2023-06-03 07:51:59,0.0849,0.085,0.0849,0.085,0.08487719930597219,0.08495000000000001,0.0849,0.085,True,0.00012184197839510329,6.065868957034133e-06,0,0.08497528875982764,0.08496948266023877,2.120210686490978,0.0,0.08498148984527037,0.08498555442643488,63.02470780349298,50.69961040465744,0,2
2023-06-03 07:52:00,2023-06-03 07:52:59,0.0849,0.085,0.0849,0.085,0.0849135996529861,0.08495000000000001,0.0849,0.085,True,0.00012028183708116755,1.048695783234782e-05,0,0.0849723857100332,0.08496725760234947,7.894958336798695,7.894958336798695,0.08498117651347664,0.08498569816348528,81.5123539017464,63.024707803493065,0,2
2023-06-03 07:53:00,2023-06-03 07:53:59,0.085,0.085,0.0849,0.085,0.08493179982649306,0.08497500000000001,0.0849,0.085,True,0.00011883313443251292,1.3028549523643608e-05,0,0.08496982165619132,0.08496555891970695,11.744790103670503,11.744790103670503,0.0849811150556311,0.08498584047031627,99.99999999999984,81.51235390174651,1,2
2023-06-03 07:54:00,2023-06-03 07:54:59,0.0849,0.085,0.0849,0.085,0.08495339991324653,0.08495000000000001,0.0849,0.085,True,0.0001174879105444765,1.4219605368567815e-05,0,0.08496769028794914,0.0849641147841808,14.311344614918383,14.311344614918383,0.08498080545308752,0.08498598136115888,93.7137804410438,91.7420447809301,0,2
2023-06-03 07:55:00,2023-06-03 07:55:59,0.0849,0.0849,0.0849,0.085,0.08495169995662327,0.08492500000000001,0.0849,0.085,True,0.0001162387740770141,7.603663929776076e-06,0,0.08496590253606497,0.08496270943710837,4.617458313045361,4.617458313045361,0.08498025017494734,0.08498512582522695,81.56494537638483,91.75957527247624,-1,1
2023-06-03 07:56:00,2023-06-03 07:56:59,0.0849,0.0849,0.0849,0.085,0.08493834997831165,0.08492500000000001,0.0849,0.085,True,0.00011507886164294188,3.0820307379957367e-06,0,0.08496430598658666,0.0849613442706338,-1.8451325548699842,-0.0,0.08497970042196279,0.08498427880209036,68.45973761976757,81.24615447906548,0,1
2023-06-03 07:57:00,2023-06-03 07:57:59,0.0849,0.0849,0.0849,0.085,0.08493167498915583,0.08492500000000001,0.0849,0.085,True,0.00011400180009701766,1.1241215493909253e-07,0,0.08496282512861023,0.08496002010512031,-6.1535264668135525,-6.1535264668135525,0.08497915613915719,0.0849834402070447,61.64074942210636,70.55514413941967,0,1
2023-06-03 07:58:00,2023-06-03 07:58:59,0.085,0.0849,0.0849,0.085,0.08492833749457793,0.08495000000000001,0.0849,0.085,True,0.00011300167151865946,-1.7206351890338717e-06,0,0.08496142261686526,0.08495890883172208,-9.025789074775929,-9.025789074775929,0.0849788660283198,0.08498260995622833,65.46007058111245,65.18685254099553,0,-2
2023-06-03 07:59:00,2023-06-03 07:59:59,0.085,0.0849,0.0849,0.0851,0.08493916874728896,0.08497500000000001,0.0849,0.0851,True,0.00011921583783875462,-2.7337451487949426e-06,0,0.08496016572429367,0.08495814432088729,-10.940630813417513,-10.940630813417513,0.08497882756037632,0.08498178796661413,78.56527833772971,68.55536611364958,0,-2
2023-06-03 08:00:00,2023-06-03 08:00:59,0.085,0.0851,0.085,0.0852,0.08495708437364449,0.085075,0.085,0.0852,True,0.0001321289922788432,1.0547495051749002e-05,0,0.08495915502259048,0.08495834417036119,3.1184531852302158,3.1184531852302158,0.08497978450007407,0.0849829642057523,91.67048609434697,78.5652783377298,1,2
2023-06-03 08:01:00,2023-06-03 08:01:59,0.085,0.0851,0.085,0.0851,0.08501604218682224,0.08505,0.085,0.0851,True,0.00012983406425892506,1.874266351826729e-05,0,0.08495874959647584,0.08495913036972152,12.491175850995369,12.491175850995369,0.08498048316176487,0.08498412874101845,94.27245500626611,88.16940647944767,0,2
2023-06-03 08:02:00,2023-06-03 08:02:59,0.085,0.0852,0.085,0.0852,0.08503302109341113,0.08510000000000001,0.085,0.0852,True,0.00013484591681185842,3.010812716352825e-05,0,0.08495893998309868,0.08496071586548054,20.855989234181607,20.855989234181607,0.08498167238403587,0.08498627671374463,94.27245500626611,93.40513203562648,0,2
2023-06-03 08:03:00,2023-06-03 08:03:59,0.0851,0.085,0.085,0.0851,0.08506651054670557,0.08505,0.085,0.0851,True,0.0001394997798967251,2.2392412871450653e-05,0,0.08495982792428962,0.0849625767215551,13.348653439954589,13.348653439954589,0.08498235226081163,0.08498641326385663,83.96449309623777,90.83646770292341,0,1
2023-06-03 08:04:00,2023-06-03 08:04:59,0.085,0.0851,0.085,0.0851,0.08505825527335278,0.08505,0.085,0.0851,True,0.00013667836704695822,2.3221422280546726e-05,0,0.08496120232292237,0.08496464160329095,11.993281982229277,11.993281982229277,0.08498302537264435,0.08498754348013667,75.74159555368517,84.6595145520631,0,2
2023-06-03 08:05:00,2023-06-03 08:05:59,0.085,0.0849,0.0849,0.0851,0.08505412763667639,0.08497500000000001,0.0849,0.0851,True,0.00014120134082931776,8.928295207410237e-06,0,0.08496292196310666,0.08496633836882027,4.42778681510805,4.42778681510805,0.08498294551819018,0.08498667240073232,43.918393499604186,67.87482738317578,0,1
2023-06-03 08:06:00,2023-06-03 08:06:59,0.0848,0.0848,0.0848,0.0849,0.08501456381833819,0.08482500000000001,0.0848,0.08501456381833819,True,0.00013825838791293812,-7.657457739447876e-06,0,0.08496463016596346,0.08496670451273566,-2.819698018673151,-0.0,0.08498137392099425,0.08498481496390911,20.89302207629919,46.851003709862916,0,1
2023-06-03 08:07:00,2023-06-03 08:07:59,0.0848,0.0848,0.0848,0.0849,0.0849197819091691,0.08482500000000001,0.0848,0.0849197819091691,True,0.00013552564591915703,-1.8111152208296893e-05,0,0.08496566733934957,0.08496602053676007,-7.651354574527289,-7.651354574527289,0.08497981796158137,0.08498297600904435,1.5101312792522041,22.10718228505193,-1,-2
2023-06-03 08:08:00,2023-06-03 08:08:59,0.0848,0.0848,0.0848,0.0849,0.08487239095458456,0.08482500000000001,0.0848,0.0849,True,0.0001329880997820746,-2.4101364379365045e-05,0,0.08496584393805483,0.0849645144868118,-10.87245894509671,-10.87245894509671,0.0849782774843517,0.08498115535223794,-1.3944401189291966e-13,7.4677177851838215,0,-2
2023-06-03 08:09:00,2023-06-03 08:09:59,0.0848,0.0848,0.0848,0.0849,0.08484869547729229,0.08482500000000001,0.0848,0.0849,True,0.00013063180694049804,-2.6897501139804974e-05,0,0.08496517921243331,0.08496237154534782,-13.019861858809655,-13.019861858809655,0.08497675233525367,0.08497935281141965,-1.3944401189291966e-13,0.5033770930840449,0,-2
2023-06-03 08:10:00,2023-06-03 08:10:59,0.0848,0.0848,0.0848,0.0849,0.08483684773864615,0.08482500000000001,0.0848,0.0849,True,0.00012844382073046268,-2.7459115247738482e-05,0,0.08496377537889056,0.0849597418775719,-14.451463801284952,-14.451463801284952,0.08497524236176857,0.0849775682063309,-1.3944401189291966e-13,-6.964799107815149e-14,0,-2
2023-06-03 08:11:00,2023-06-03 08:11:59,0.0848,0.0847,0.0847,0.0849,0.08483092386932309,0.08477499999999999,0.0847,0.0849,True,0.0001335549763925729,-3.336313837835299e-05,0,0.08496175862823123,0.08495640399589191,-18.621038545087885,-18.621038545087885,0.08497324990045743,0.0849748063336311,-1.3944401189291966e-13,-6.964799107815149e-14,0,-2
2023-06-03 08:12:00,2023-06-03 08:12:59,0.0847,0.0847,0.0847,0.0848,0.08480296193466154,0.084725,0.0847,0.08480296193466154,True,0.00013115819236453216,-3.5544500608570545e-05,0,0.08495908131206156,0.08495218838066947,-21.400755040956508,-21.400755040956508,0.08497077975219418,0.08497207194225168,-1.3944401189291966e-13,-6.964799107815149e-14,0,-2
2023-06-03 08:13:00,2023-06-03 08:13:59,0.0847,0.0847,0.0847,0.0848,0.08476398096733076,0.084725,0.0847,0.0848,True,0.00012893260719563723,-3.5163078057579106e-05,0,0.08495563484636551,0.0849473106432599,-23.25389937153559,-23.25389937153559,0.0849683341825206,0.08496936475874668,-1.3944401189291966e-13,-6.964799107815149e-14,0,-2
2023-06-03 08:14:00,2023-06-03 08:14:59,0.0847,0.0847,0.0847,0.0848,0.08474449048366538,0.084725,0.0847,0.0848,True,0.00012686599239594907,-3.308445268003232e-05,0,0.0849514727448127,0.08494194507886191,-24.489328925254977,-24.489328925254977,0.08496591294687363,0.08496668451239099,-1.3944401189291966e-13,-6.964799107815149e-14,0,-2
2023-06-03 08:15:00,2023-06-03 08:15:59,0.0847,0.0846,0.0846,0.0847,0.08473474524183269,0.08465,0.0846,0.08473474524183269,True,0.00012494699293909577,-3.680498718149134e-05,0,0.0849467089118373,0.08493571767856323,-28.228433273114902,-28.228433273114902,0.08496276953446692,0.08496303591027765,-1.3944401189291966e-13,-6.964799107815149e-14,0,-2
2023-06-03 08:16:00,2023-06-03 08:16:59,0.0846,0.0847,0.0846,0.0847,0.08469237262091635,0.08465,0.0846,0.0847,True,0.0001231650648720177,-3.0333436174557134e-05,0,0.08494121329520025,0.08492885447538769,-21.779863381301485,-21.779863381301485,0.08495965739979561,0.08496041863753857,-1.3944401189291966e-13,-6.964799107815149e-14,0,-1
2023-06-03 08:17:00,2023-06-03 08:17:59,0.0846,0.0847,0.0846,0.0847,0.08467118631045817,0.08465,0.0846,0.0847,True,0.0001215104173811595,-2.4370568196503803e-05,0,0.08493503388529396,0.08492153778900839,-17.480816786759206,-17.480816786759206,0.08495657623163844,0.0849578274073143,-1.3944401189291966e-13,-6.964799107815149e-14,0,-1
2023-06-03 08:18:00,2023-06-03 08:18:59,0.0846,0.0846,0.0846,0.0847,0.08466059315522909,0.08462499999999999,0.0846,0.0847,True,0.00011997395899679117,-2.5821654146033303e-05,0,0.08492828583715116,0.08491374274577661,-18.872740925828143,-18.872740925828143,0.08495327696565198,0.08495426693559974,-1.3944401189291966e-13,-6.964799107815149e-14,0,-2
2023-06-03 08:19:00,2023-06-03 08:19:59,0.0846,0.0846,0.0846,0.0847,0.08464279657761453,0.08462499999999999,0.0846,0.0847,True,0.00011854724763987771,-2.5101636809950437e-05,0,0.08492101429146387,0.0849056245711171,-19.8006903518741,-19.8006903518741,0.08495001052818281,0.08495074189146441,-1.3112827200704838e-13,-6.687607778286106e-14,0,-2
2023-06-03 08:20:00,2023-06-03 08:20:59,0.0847,0.0846,0.0846,0.0847,0.08463389828880727,0.08465,0.0846,0.0847,True,0.0001172224442370295,-2.2969279782146984e-05,0,0.08491331943129048,0.08489747921871027,-20.419323302571403,-20.419323302571403,0.0849470253487979,0.08494725192239512,12.865009315477614,4.288336438492518,0,-1
2023-06-03 08:21:00,2023-06-03 08:21:59,0.0847,0.0847,0.0846,0.0848,0.08464194914440364,0.0847,0.0846,0.0848,True,0.0001231351267915278,-1.312489666547881e-05,0,0.08490539932500037,0.08488971140802488,-12.488230186007108,-12.488230186007108,0.08494456738512828,0.08494479170426184,46.19834264881095,19.687783988096214,0,-1
2023-06-03 08:22:00,2023-06-03 08:22:59,0.0848,0.0849,0.0847,0.0849,0.08467097457220182,0.08482500000000001,0.0847,0.0849,True,0.00012862547487784765,8.142125948575589e-06,0,0.08489755536651261,0.08488315176696709,-0.11314809198887588,-0.0,0.08494337765990312,0.08494434601566221,79.53167598214428,46.198342648811014,0,-1
2023-06-03 08:23:00,2023-06-03 08:23:59,0.0848,0.0848,0.0847,0.0849,0.08474798728610092,0.08479999999999999,0.0847,0.0849,True,0.0001337236552437161,1.5254666918764083e-05,0,0.08489035356673985,0.08487741680588065,2.7919835518401044,0.0,0.084941951016521,0.0849429097368994,96.93045524004752,74.22015795700099,0,-1
2023-06-03 08:24:00,2023-06-03 08:24:59,0.0848,0.0847,0.0847,0.0849,0.08477399364305045,0.08477499999999999,0.0847,0.0849,True,0.00013845767986916537,1.287165805291658e-05,0,0.08488388518631025,0.08487219894248066,0.724962412894989,0.0,0.0849402898123765,0.08494049272459195,90.90331034316581,89.12181385511929,0,-1
2023-06-03 08:25:00,2023-06-03 08:25:59,0.0848,0.0847,0.0847,0.0848,0.08477449682152521,0.08474999999999999,0.0847,0.0848,True,0.00013571070273565375,1.129260567799372e-05,0,0.08487804206439545,0.08486725246723105,-0.6530516797350856,-0.0,0.08493839638140759,0.0849380997621582,82.0321690174066,89.95531153354005,0,-1
2023-06-03 08:26:00,2023-06-03 08:26:59,0.0847,0.0847,0.0847,0.0848,0.0847622484107626,0.084725,0.0847,0.0848,True,0.00013315993825453582,1.0285795107204076e-05,0,0.08487264726581324,0.08486238206927481,-1.5717277414884663,-0.0,0.08493627303432891,0.08493573061029593,73.50111487147525,82.14553141068262,0,-1
2023-06-03 08:27:00,2023-06-03 08:27:59,0.0847,0.0847,0.0847,0.0847,0.0847436242053813,0.0847,0.0847,0.0847436242053813,True,0.00012364851409349756,9.677366985452371e-06,0,0.08486751466754403,0.0848574334570295,-2.184178449324058,-0.0,0.08493392205886295,0.08493338503208403,65.31300066690538,73.61542818526249,0,-1
2023-06-03 08:28:00,2023-06-03 08:28:59,0.0847,0.0847,0.0847,0.0848,0.08472181210269064,0.084725,0.0847,0.0848,True,0.00012195933451539079,9.338022710511908e-06,0,0.08486247406228675,0.08485262874545366,-2.5924789212144503,-0.0,0.0849318432324066,0.08493106279295881,63.62694489148412,67.48035347662166,0,-1
2023-06-03 08:29:00,2023-06-03 08:29:59,0.0847,0.0847,0.0847,0.0848,0.08472340605134532,0.084725,0.0847,0.0848,True,0.00012039081062143451,9.172639493837604e-06,0,0.0848575514038702,0.08484797029331793,-2.8646792358080475,-0.0,0.08492978509079062,0.08492876366069056,64.67034669618734,64.53676408485903,0,-1
2023-06-03 08:30:00,2023-06-03 08:30:59,0.0847,0.0846,0.0846,0.0848,0.08472420302567266,0.084675,0.0846,0.0848,True,0.00012607718129133244,2.255034200495827e-06,0,0.08485276084859407,0.08484311590103051,-8.942375039548509,-8.942375039548509,0.08492724991575788,0.08492549238048469,62.7833960532213,63.69356254696433,0,-2
2023-06-03 08:31:00,2023-06-03 08:31:59,0.0847,0.0846,0.0846,0.0847,0.08469960151283633,0.08465,0.0846,0.0847,True,0.0001242145254848089,-1.8640418373186787e-06,0,0.08484793837481229,0.08483796902339062,-12.994172242042147,-12.994172242042147,0.08492449121012845,0.08492225365033061,54.76541038915707,60.73971771285531,0,-2
2023-06-03 08:32:00,2023-06-03 08:32:59,0.0847,0.0846,0.0846,0.0847,0.08467480075641817,0.08465,0.0846,0.0847,True,0.00012248491652160846,-3.985801600739057e-06,0,0.08484295369910146,0.08483262718302996,-15.695370377037904,-15.695370377037904,0.08492175995430627,0.08491904714634722,46.74742472509285,54.76541038915715,0,-2
2023-06-03 08:33:00,2023-06-03 08:33:59,0.0847,0.0846,0.0846,0.0847,0.08466240037820909,0.08465,0.0846,0.0847,True,0.0001208788510557795,-4.714465135999577e-06,0,0.08483779044106571,0.08482716849785386,-17.49616913370174,-17.49616913370174,0.08491905587515895,0.08491587254787611,40.341208570957704,47.28468122840261,0,-2
2023-06-03 08:34:00,2023-06-03 08:34:59,0.0847,0.0846,0.0846,0.0847,0.08465620018910455,0.08465,0.0846,0.0847,True,0.00011938750455179545,-4.5020367223516325e-06,0,0.08483247946945978,0.08482165527231827,-18.696701638144297,-18.696701638144297,0.0849163787022718,0.08491272953744948,25.58305800286908,37.557230432973284,0,-1
2023-06-03 08:35:00,2023-06-03 08:35:59,0.0847,0.0846,0.0846,0.0847,0.08465310009455228,0.08465,0.0846,0.0847,True,0.00011800268279809596,-3.683350892991853e-06,0,0.08482706737088902,0.08481613693336441,-19.497056641106003,-19.497056641106003,0.08491372816792084,0.08490961780075844,10.824907434780444,25.583058002869148,0,-1
2023-06-03 08:36:00,2023-06-03 08:36:59,0.0847,0.0847,0.0846,0.0847,0.08465155004727615,0.084675,0.0846,0.0847,True,0.00011671677688394645,4.353698082821303e-06,0,0.08482160215212671,0.08481082395684077,-7.438710492208756,-0.0,0.0849113527632649,0.08490753205149716,11.59054019220652,15.999501876618751,0,-1
2023-06-03 08:37:00,2023-06-03 08:37:59,0.0847,0.0846,0.0846,0.0847,0.08466327502363807,0.08465,0.0846,0.0847,True,0.0001155227213922362,2.9753989134589107e-06,0,0.08481621305448374,0.08480553758968516,-8.053388783614153,-0.0,0.08490875223825729,0.08490447203108425,16.618958808930174,13.011468811972449,0,-2
2023-06-03 08:38:00,2023-06-03 08:38:59,0.0846,0.0847,0.0845,0.0847,0.08465663751181904,0.084625,0.0845,0.0847,True,0.00012155681272136159,9.281099683277212e-06,0,0.08481087532208445,0.08480013691578608,-2.1705861999693497,-0.0,0.0849059288329015,0.08490243748351128,16.618958808930174,14.94281927002236,0,-1
2023-06-03 08:39:00,2023-06-03 08:39:59,0.0846,0.0846,0.0845,0.0847,0.08464081875590952,0.0846,0.0845,0.0847,True,0.00012715989752697804,6.542190012383329e-06,0,0.08480550611893527,0.08479451177516376,-3.740906174751373,-0.0,0.08490288476491244,0.08489942815531715,5.028418616723528,12.75544541152803,0,-2
2023-06-03 08:40:00,2023-06-03 08:40:59,0.0845,0.0846,0.0845,0.0846,0.08462040937795476,0.08455,0.0845,0.08462040937795476,True,0.0001252199048464788,4.925096000943981e-06,0,0.0848000089470495,0.08478840545158518,-4.7877861579393866,-0.0,0.08489937347371927,0.08489644877068712,-1.3855583347321954e-13,7.215792475217925,0,-2
2023-06-03 08:41:00,2023-06-03 08:41:59,0.0845,0.0846,0.0845,0.0846,0.08458520468897737,0.08455,0.0845,0.0846,True,0.00012341848307172954,4.097853402505386e-06,0,0.08479420719931734,0.08478196218515481,-5.4857061467313954,-0.0,0.08489589712074694,0.08489349903167531,-1.3855583347321954e-13,1.6761395389078213,0,-2
2023-06-03 08:42:00,2023-06-03 08:42:59,0.0845,0.0846,0.0845,0.0846,0.08456760234448868,0.08455,0.0845,0.0846,True,0.00012174573428089093,3.811725053211868e-06,0,0.08478808469223607,0.08477529784890754,-5.950986139259406,-0.0,0.08489245535835145,0.08489057864330044,-1.3855583347321954e-13,-6.750155989720952e-14,0,-1
2023-06-03 08:43:00,2023-06-03 08:43:59,0.0845,0.0846,0.0845,0.0846,0.08455880117224435,0.08455,0.0845,0.0846,True,0.00012019246754654078,3.8820669850785365e-06,0,0.08478169127057181,0.08476850518727268,-6.261172800944742,-0.0,0.08488904784234795,0.08488768731351636,-1.3855583347321954e-13,-6.750155989720952e-14,0,-1
2023-06-03 08:44:00,2023-06-03 08:44:59,0.0845,0.0845,0.0843,0.0846,0.08455440058612218,0.08447500000000001,0.0843,0.0846,True,0.0001330358627217875,-2.6837612688087345e-06,0,0.08477509822892225,0.08476114351928041,-12.325875580295552,-12.325875580295552,0.08488492796331962,0.08488382972830724,-1.3855583347321954e-13,-6.750155989720952e-14,0,-2
2023-06-03 08:45:00,2023-06-03 08:45:59,0.0844,0.0845,0.0844,0.0845,0.0845147002930611,0.08445,0.0844,0.0845147002930611,True,0.00013067615824166002,-6.383759898693039e-06,0,0.08476812087410134,0.08475321285086604,-16.369010766529428,-16.369010766529428,0.08488060032189355,0.08488001052703055,-1.3855583347321954e-13,-6.750155989720952e-14,0,-2
2023-06-03 08:46:00,2023-06-03 08:46:59,0.0844,0.0845,0.0844,0.0845,0.08448235014653055,0.08445,0.0844,0.0845,True,0.00012848500408154165,-8.0543670945968e-06,0,0.0847606668624837,0.08474488861723713,-19.064434224018676,-19.064434224018676,0.08487631574157621,0.08487622932775661,-1.3855583347321954e-13,-6.750155989720952e-14,0,-2
2023-06-03 08:47:00,2023-06-03 08:47:59,0.0844,0.0844,0.0843,0.0845,0.08446617507326527,0.0844,0.0843,0.0845,True,0.00013359321807571766,-1.5181896620551936e-05,0,0.08475277773986041,0.08473596858686899,-24.380096281471232,-24.380096281471232,0.08487157628146103,0.08487149072748043,-1.3855583347321954e-13,-6.750155989720952e-14,0,-2
2023-06-03 08:48:00,2023-06-03 08:48:59,0.0844,0.0845,0.0844,0.0845,0.08443308753663264,0.08445,0.0844,0.0845,True,0.0001311937024988809,-1.1778409467505768e-05,0,0.08474437316336471,0.08472698373560579,-18.530064085872837,-18.530064085872837,0.08486738149259077,0.08486779430233138,15.463245789614012,5.154415263204649,0,-1
2023-06-03 08:49:00,2023-06-03 08:49:59,0.0844,0.0845,0.0844,0.0845,0.08444154376831632,0.08445,0.0844,0.0845,True,0.00012896558089181816,-8.55702008157897e-06,0,0.08473567844948525,0.08471800949603078,-14.630042622140579,-14.630042622140579,0.08486322844291325,0.08486413465753206,30.926491579228173,15.463245789614087,0,-1
2023-06-03 08:50:00,2023-06-03 08:50:59,0.0844,0.0845,0.0844,0.0845,0.08444577188415817,0.08445,0.0844,0.0845,True,0.00012689661082811708,-5.584025640646025e-06,0,0.08472684397275801,0.08470910518393977,-12.030028312985735,-0.0,0.08485911671711312,0.08486051142710886,48.788055730390205,31.72593103307754,0,-1
2023-06-03 08:51:00,2023-06-03 08:51:59,0.0844,0.0845,0.0844,0.0845,0.08444788594207908,0.08445,0.0844,0.0845,True,0.00012497542434039463,-2.8959907420916976e-06,0,0.08471797457834888,0.08470031701929907,-10.296685440215839,-0.0,0.08485504590400751,0.08485692424872968,54.13401932763829,44.616188879085634,0,-1
2023-06-03 08:52:00,2023-06-03 08:52:59,0.0844,0.0844,0.0844,0.0845,0.08444894297103954,0.084425,0.0844,0.0845,True,0.00012319146545893808,-7.365292901076367e-06,0,0.08470914579882398,0.08469150906793153,-15.003219337421662,-15.003219337421662,0.08485076684028604,0.08485237773879206,58.01831574939035,53.64679693580636,0,-2
2023-06-03 08:53:00,2023-06-03 08:53:59,0.0845,0.0845,0.0844,0.0845,0.08443697148551976,0.08447500000000001,0.0844,0.0845,True,0.00012153493221187127,-2.5350593417260744e-06,0,0.08470032743337776,0.08468308902342137,-9.99630596158962,-0.0,0.08484702786675086,0.08484887149263493,73.49008493156164,61.88080666953018,0,-1
2023-06-03 08:54:00,2023-06-03 08:54:59,0.0845,0.0845,0.0844,0.0845,0.08445598574275989,0.08447500000000001,0.0844,0.0845,True,0.0001199967227681664,1.2377371252574954e-06,0,0.08469170822839955,0.08467503215116776,-6.65836371103493,-0.0,0.08484332609693244,0.08484540013449926,86.01420887803276,72.50753651966166,0,-1
2023-06-03 08:55:00,2023-06-03 08:55:59,0.0844,0.0844,0.0844,0.0845,0.08446549287137994,0.084425,0.0844,0.0845,True,0.00011856838542758329,-2.701686372736086e-06,0,0.08468337018978365,0.0846669734325244,-9.785365258067621,-0.0,0.08483916364820675,0.08484096829236494,90.73920071749903,83.41449817569789,0,-2
2023-06-03 08:56:00,2023-06-03 08:56:59,0.0845,0.0844,0.0844,0.0845,0.08444524643568997,0.08445,0.0844,0.0845,True,0.00011724207218275612,-4.5888703173615315e-06,0,0.08467517181115403,0.08465914007817209,-11.87003295608941,-0.0,0.08483529137310021,0.0848365805481623,89.89531064809599,88.882906747876,0,-2
2023-06-03 08:57:00,2023-06-03 08:57:59,0.0845,0.0845,0.0845,0.0846,0.08444762321784499,0.084525,0.0845,0.0846,True,0.0001231533527411301,1.8001470309599336e-06,0,0.08466715594466305,0.08465205247961223,-6.3006979259550135,-0.0,0.08483220389675096,0.08483323148798158,89.89531064809599,90.17660733789707,0,-1
2023-06-03 08:58:00,2023-06-03 08:58:59,0.0846,0.0845,0.0845,0.0846,0.0844863116089225,0.08455,0.0845,0.0846,True,0.00012149954183104859,6.393046155433931e-06,0,0.08465960421213764,0.0846457721748825,-2.587807905865411,-0.0,0.08482939589777831,0.08482991575178275,99.15610993059686,92.98224374226301,0,-1
2023-06-03 08:59:00,2023-06-03 08:59:59,0.0846,0.0845,0.0845,0.0846,0.08451815580446126,0.08455,0.0845,0.0846,True,0.00011996386027168718,9.608050441178788e-06,0,0.08465268819351007,0.08464017054783195,-0.11254789247234243,-0.0,0.08482661583909396,0.08482663300798392,99.99999999999989,96.35047352623099,0,-1
2023-06-03 09:00:00,2023-06-03 09:00:59,0.0845,0.0844,0.0844,0.0846,0.08453407790223064,0.084475,0.0844,0.0846,True,0.0001256807273951375,4.915026931933086e-06,0,0.08464642937067102,0.08463462710184991,-4.920221486361264,-0.0,0.08482311717402834,0.08482238790342686,90.83337131710073,96.66316041589924,0,-2
2023-06-03 09:01:00,2023-06-03 09:01:59,0.0844,0.0845,0.0844,0.0845,0.08450453895111532,0.08445,0.0844,0.08450453895111532,True,0.00012384638972405646,9.026189729230053e-06,0,0.08464052823626046,0.08462899596958035,-1.7207118893027342,-0.0,0.08481940456533153,0.08481918006359176,75.20404751346906,88.67913961018996,0,-1
2023-06-03 09:02:00,2023-06-03 09:02:59,0.0844,0.0844,0.0844,0.0845,0.08447726947555766,0.084425,0.0844,0.0845,True,0.00012214307617233833,4.915923319561409e-06,0,0.0846347621029204,0.08462316291024921,-4.385310653486123,-0.0,0.0848154801417959,0.08481500911768539,56.39743775908394,74.14495219655132,0,-2
2023-06-03 09:03:00,2023-06-03 09:03:59,0.0844,0.0845,0.0844,0.0845,0.08445113473777882,0.08445,0.0844,0.0845,True,0.00012056142787431438,9.38105354170759e-06,0,0.0846289625065848,0.08461738241989931,-1.3835936362083103,-0.0,0.08481184352346957,0.08481187469860393,51.74173678560783,61.11440735272035,0,2
2023-06-03 09:04:00,2023-06-03 09:04:59,0.0844,0.0845,0.0844,0.0845,0.08445056736888941,0.08445,0.0844,0.0845,True,0.00011909275445472069,1.2317506101071978e-05,0,0.08462317246324205,0.08461168297778919,0.6175510419769026,0.0,0.08480824309040022,0.08480877146777205,53.548730932864224,53.89596849251873,0,2
2023-06-03 09:05:00,2023-06-03 09:05:59,0.0844,0.0846,0.0844,0.0846,0.08445028368444471,0.08449999999999999,0.0844,0.0846,True,0.00012487184342224007,2.0970813671136677e-05,0,0.08461742772051563,0.0846064295029355,5.837327825217088,5.837327825217088,0.08480517599497335,0.08480669413973452,67.9634895830689,57.75131910051372,0,2
2023-06-03 09:06:00,2023-06-03 09:06:59,0.0846,0.0845,0.0845,0.0846,0.08447514184222235,0.08455,0.0845,0.0846,True,0.00012309528317779356,1.9183203383885636e-05,0,0.08461192861172556,0.08460190623883672,4.111786204658991,4.111786204658991,0.08480263693034674,0.08480364245675208,81.78581923944417,67.7660132517925,0,2
2023-06-03 09:07:00,2023-06-03 09:07:59,0.0845,0.0846,0.0845,0.0846,0.08451257092111117,0.08455,0.0845,0.0846,True,0.00012144562009366466,2.440844633421243e-05,0,0.08460691742528115,0.08459798890920261,6.586571392822449,6.586571392822449,0.08480012313004479,0.08480161616365006,95.60814889581944,81.78581923944422,0,2
2023-06-03 09:08:00,2023-06-03 09:08:59,0.0845,0.0845,0.0845,0.0846,0.08453128546055558,0.084525,0.0845,0.0846,True,0.00011991379008697354,2.0178974598186512e-05,0,0.08460245316724188,0.08459440398649444,3.9457762452817704,3.9457762452817704,0.08479738558646226,0.08479861500779284,94.84031853019303,90.74476222181893,0,1
2023-06-03 09:09:00,2023-06-03 09:09:59,0.0846,0.0845,0.0845,0.0846,0.08452814273027778,0.08455,0.0845,0.0846,True,0.00011849137650933178,1.685083262927582e-05,0,0.08459842857686817,0.08459127689306557,2.1852461469213154,0.0,0.08479492403833826,0.08479564371418297,94.04455875582194,94.83100872727819,0,1
2023-06-03 09:10:00,2023-06-03 09:10:59,0.0845,0.0847,0.0845,0.0847,0.08453907136513888,0.08460000000000001,0.0845,0.0847,True,0.00012431342104437894,2.7941628879606684e-05,0,0.08459485273496688,0.08458887476020775,7.444756122350491,7.444756122350491,0.08479298449566823,0.08479469203543488,94.04455875582194,94.30981201394569,1,2
2023-06-03 09:11:00,2023-06-03 09:11:59,0.0846,0.0846,0.0846,0.0847,0.08456953568256945,0.08462499999999999,0.0846,0.0847,True,0.00012257674811263778,2.7239708410033333e-05,0,0.08459186374758731,0.08458723140167847,6.781466678645998,6.781466678645998,0.08479131300814914,0.08479275480125145,99.2042402256288,95.76445257909093,0,2
2023-06-03 09:12:00,2023-06-03 09:12:59,0.0847,0.0847,0.0847,0.0847,0.08459726784128471,0.0847,0.0847,0.0847,True,0.00012096412324744958,3.261476309705761e-05,0,0.0845895475746329,0.08458671128646122,9.025449452312458,9.025449452312458,0.08479040442100338,0.08479183186790566,99.99999999999989,97.74959966048358,0,2
2023-06-03 09:13:00,2023-06-03 09:13:59,0.0847,0.0847,0.0847,0.0847,0.08464863392064235,0.0847,0.0847,0.0847,True,0.0001123238287297746,3.476704781677465e-05,0,0.08458812943054707,0.08458707907714637,10.521437968090098,10.521437968090098,0.08478950487452575,0.08479091811797625,99.99999999999989,99.73474674187624,0,2
2023-06-03 09:14:00,2023-06-03 09:14:59,0.0847,0.0846,0.0846,0.0847,0.08467431696032118,0.08465,0.0846,0.0847,True,0.00011144355524907663,2.7825174520716718e-05,0,0.08458760425384672,0.08458780034578427,7.143368049660431,7.143368049660431,0.0847881167663215,0.08478901843521032,91.56426369909725,97.18808789969906,0,1
2023-06-03 09:15:00,2023-06-03 09:15:59,0.0847,0.0847,0.0846,0.0847,0.0846621584801606,0.084675,0.0846,0.0847,True,0.00011062615844557137,2.8984182476702326e-05,0,0.08458770229981549,0.08458896648801696,8.17765377098251,8.17765377098251,0.0847869912263581,0.08478813267963609,85.52211226817975,92.36212532242568,0,2
2023-06-03 09:16:00,2023-06-03 09:16:59,0.0847,0.0846,0.0846,0.0847,0.0846685792400803,0.08465,0.0846,0.0847,True,0.00010986714712803076,2.156701422785724e-05,0,0.08458833439391622,0.08459030335479696,5.000427191580755,5.000427191580755,0.08478562812957842,0.08478626071267453,74.06917733623398,83.71851776783704,0,1
2023-06-03 09:17:00,2023-06-03 09:17:59,0.0847,0.0848,0.0847,0.0848,0.08465928962004016,0.08474999999999999,0.0847,0.0848,True,0.00011630520804745754,2.9474318363499926e-05,0,0.08458931887435658,0.08459245156823235,8.292570627127944,8.292570627127944,0.0847852736208264,0.08478639742200116,80.93027987900247,80.1738564944721,0,2
2023-06-03 09:18:00,2023-06-03 09:18:59,0.0847,0.0848,0.0847,0.0848,0.08470464481002007,0.08474999999999999,0.0847,0.0848,True,0.0001151405503297822,3.317193414350242e-05,0,0.08459088522129446,0.08459522382156667,10.487332917492736,10.487332917492736,0.08478492263952464,0.08478653277103597,84.81006754100054,79.93650825207904,0,2
2023-06-03 09:19:00,2023-06-03 09:19:59,0.0848,0.0848,0.0848,0.0848,0.08472732240501003,0.0848,0.0848,0.0848,True,0.00010691622530622633,3.39276838713751e-05,0,0.08459305452143057,0.08459881141846923,11.950507777735929,11.950507777735929,0.08478507266301195,0.08478666677331421,96.26300247294631,87.33444996431649,0,2
2023-06-03 09:20:00,2023-06-03 09:20:59,0.0847,0.0847,0.0847,0.0848,0.08476366120250502,0.084725,0.0847,0.0848,True,0.00010642220921292466,2.5834960524914208e-05,0,0.0845959329699499,0.08460250174660712,8.287259868343142,8.287259868343142,0.08478447492507153,0.08478580441736083,80.22784035672105,87.10030345688936,0,1
2023-06-03 09:21:00,2023-06-03 09:21:59,0.0848,0.0848,0.0848,0.0848,0.0847443306012525,0.0848,0.0848,0.0848,True,0.00010596347998343024,2.6056881413651493e-05,0,0.08459921735827851,0.08460676221595338,9.191339427342243,9.191339427342243,0.08478462940342903,0.08478594566693934,73.75868340590881,83.41650874519212,0,2
2023-06-03 09:22:00,2023-06-03 09:22:59,0.0848,0.0848,0.0848,0.0848,0.08477216530062626,0.0848,0.0848,0.0848,True,9.839465998461379e-05,2.4744825831028208e-05,0,0.08460298978711595,0.08461144233013197,9.794059133341634,9.794059133341634,0.08478478234468843,0.0847860855110494,63.44726855437144,72.47793077233383,0,2
2023-06-03 09:23:00,2023-06-03 09:23:59,0.0848,0.0848,0.0848,0.0848,0.08478608265031312,0.0848,0.0848,0.0848,True,9.13664699857128e-05,2.2459516403555296e-05,0,0.08460721605862397,0.08461642072307785,10.195872270674563,10.195872270674563,0.08478493376414427,0.08478622396367577,66.39838568210023,67.86811254746023,0,1
2023-06-03 09:24:00,2023-06-03 09:24:59,0.0848,0.0847,0.0847,0.0848,0.08479304132515655,0.08474999999999999,0.0847,0.0848,True,9.198315070101924e-05,1.2753762845946993e-05,0,0.08461181839085091,0.08462125674275169,5.150621781769516,5.150621781769516,0.08478458616450105,0.08478536601378846,41.69657306849855,57.180742434990144,0,1
2023-06-03 09:25:00,2023-06-03 09:25:59,0.0847,0.0847,0.0847,0.0847,0.08477152066257827,0.0847,0.0847,0.08477152066257827,True,8.541292565094644e-05,5.522553916018155e-06,0,0.0846165375668013,0.08462560443753606,1.7871214558328177,0.0,0.08478374451112293,0.08478451660071594,18.674654586702598,42.256537779100526,0,1
2023-06-03 09:26:00,2023-06-03 09:26:59,0.0848,0.0847,0.0847,0.0848,0.08473576033128913,0.08474999999999999,0.0847,0.0848,True,8.64548595330219e-05,2.0686394807129113e-07,0,0.08462107100216867,0.08462988089406415,-0.4552120947916478,-0.0,0.0847834087448431,0.08478367563951479,8.383700508909149,22.918309388036832,0,1
2023-06-03 09:27:00,2023-06-03 09:27:59,0.0846,0.0846,0.0845,0.0846,0.08474288016564456,0.084575,0.0845,0.08474288016564456,True,9.456522670923404e-05,-1.048920133559279e-05,0,0.08462547594811641,0.0846328712370661,-6.622428071729175,-6.622428071729175,0.08478133502598893,0.08478184802121116,8.383700508909149,11.814018534840365,0,1
2023-06-03 09:28:00,2023-06-03 09:28:59,0.0845,0.0845,0.0845,0.0845,0.08465894008282228,0.0845,0.0845,0.08465894008282228,True,9.495342480143083e-05,-2.416648723703437e-05,0,0.08462917359259126,0.08463431391715123,-13.546624184037562,-13.546624184037562,0.0847785356724965,0.08477904356328866,8.383700508909149,8.383700508909214,0,1
2023-06-03 09:29:00,2023-06-03 09:29:59,0.0845,0.0845,0.0845,0.0845,0.08457947004141114,0.0845,0.0845,0.08457947004141114,True,8.817103731561434e-05,-3.226054295907265e-05,0,0.08463174375487124,0.08463452821301824,-18.162754925576486,-18.162754925576486,0.08477576417326768,0.08477626701042013,-1.1368595513247372e-13,5.589133672606127,0,-2
2023-06-03 09:30:00,2023-06-03 09:30:59,0.0846,0.0846,0.0844,0.0846,0.08453973502070558,0.08455,0.0844,0.0846,True,9.615882036449846e-05,-2.9471649740120298e-05,0,0.08463313598394474,0.08463411697622732,-13.982834521908941,-13.982834521908941,0.08477351776358343,0.08477451310981893,4.82818916505922,4.40396322465615,-1,-2
2023-06-03 09:31:00,2023-06-03 09:31:59,0.0845,0.0845,0.0845,0.0845,0.08454486751035278,0.0845,0.0845,0.08454486751035278,True,9.643319033846206e-05,-3.343798122834133e-05,0,0.08463362648008603,0.08463287302152414,-14.929465565035493,-14.929465565035493,0.08477079619379653,0.08477178163608938,6.342551107204064,3.723580090754455,0,-2
2023-06-03 09:32:00,2023-06-03 09:32:59,0.0845,0.0845,0.0845,0.0846,0.0845224337551764,0.084525,0.0845,0.0846,True,9.668796245714255e-05,-3.468195661352119e-05,0,0.08463324975080509,0.0846311535235913,-15.560552927119858,-15.560552927119858,0.08476835046052492,0.08476907734120293,10.276210876994696,7.148983716419392,0,-2
2023-06-03 09:33:00,2023-06-03 09:33:59,0.0845,0.0846,0.0845,0.0846,0.0845237168775882,0.08455,0.0845,0.0846,True,9.692453656734586e-05,-2.719622702480761e-05,0,0.0846322016371982,0.08462924295130049,-10.044038147202123,-10.044038147202123,0.08476617781912665,0.08476739497959891,12.923071868204081,9.847277950801013,0,-1
2023-06-03 09:34:00,2023-06-03 09:34:59,0.0845,0.0845,0.0845,0.0845,0.0845368584387941,0.0845,0.0845,0.0845368584387941,True,9.714421252682036e-05,-2.8072453627124977e-05,0,0.08463072229424934,0.0846268520002084,-10.48533958533256,-10.48533958533256,0.08476352928361296,0.08476473433303573,14.608845778939545,12.602709508046173,0,-2
2023-06-03 09:35:00,2023-06-03 09:35:59,0.0846,0.0845,0.0845,0.0846,0.08451842921939706,0.08455,0.0845,0.0846,True,9.734819734633241e-05,-2.7412624664468244e-05,0,0.08462878714722886,0.0846244423011482,-10.779540544086188,-10.779540544086188,0.08476140461412426,0.08476210016056772,19.53479698284957,15.688904876664465,0,-2
2023-06-03 09:36:00,2023-06-03 09:36:59,0.0845,0.0844,0.0844,0.0845,0.08453421460969854,0.08445,0.0844,0.08453421460969854,True,9.753761182159458e-05,-3.260170128235699e-05,0,0.08462661472418853,0.08462134826843254,-14.307013567215968,-14.307013567215968,0.0847583060607499,0.0847584971738954,12.951500359533277,15.698381040440863,0,-2
2023-06-03 09:37:00,2023-06-03 09:37:59,0.0844,0.0844,0.0844,0.0845,0.08449210730484927,0.084425,0.0844,0.0845,True,9.771349669148088e-05,-3.442892533145197e-05,0,0.08462398149631054,0.08461756515678552,-16.658662249302488,-16.658662249302488,0.08475498958253348,0.08475493003783674,9.751364506652969,14.079220616345337,0,-2
2023-06-03 09:38:00,2023-06-03 09:38:59,0.0844,0.0844,0.0843,0.0845,0.08445855365242463,0.0844,0.0843,0.0845,True,0.00010501967549923265,-3.394435965986431e-05,0,0.08462077332654802,0.0846130939580323,-18.22642803736017,-18.22642803736017,0.0847514573478814,0.08475139839566921,0.8917535329523029,7.864872799712914,0,-2
2023-06-03 09:39:00,2023-06-03 09:39:59,0.0844,0.0845,0.0844,0.0845,0.08442927682621232,0.08445,0.0844,0.0845,True,0.00010466112724928765,-2.507434495467775e-05,0,0.08461693364229016,0.084608454753813,-11.923012529398186,-11.923012529398186,0.0847484577722806,0.08474889691909539,7.561190025651876,6.068102688419113,0,-1
2023-06-03 09:40:00,2023-06-03 09:40:59,0.0844,0.0845,0.0844,0.0845,0.08443963841310616,0.08445,0.0844,0.0845,True,0.00010432818958862444,-1.7997331461129645e-05,0,0.08461269419805158,0.0846037151075833,-7.720735524090195,-7.720735524090195,0.08474548804320318,0.08474642033283573,24.917067338507383,11.123336965703919,0,-1
2023-06-03 09:41:00,2023-06-03 09:41:59,0.0844,0.0844,0.0844,0.0844,0.08444481920655308,0.0844,0.0844,0.08444481920655308,True,0.0001040190331894372,-1.922505106050197e-05,0,0.08460820465281743,0.0845985858484928,-10.120903590442978,-10.120903590442978,0.08474205035123102,0.0847429733643498,30.540776369093923,21.006344577751126,0,-2
2023-06-03 09:42:00,2023-06-03 09:42:59,0.0844,0.0845,0.0844,0.0846,0.08442240960327654,0.084475,0.0844,0.0846,True,0.00011087481653304824,-1.2021239173766037e-05,0,0.0846033952506551,0.08459369961638899,-5.8826560050613,-5.8826560050613,0.08473939313380584,0.08474055571893338,54.17751629136507,36.545119999655526,0,-1
2023-06-03 09:43:00,2023-06-03 09:43:59,0.0845,0.0845,0.0845,0.0845,0.08444870480163827,0.0845,0.0845,0.0845,True,0.00010295518678068766,-6.527136869428287e-06,0,0.08459854743352205,0.08458920977247612,-3.0571576148068544,-0.0,0.08473701111257394,0.08473816212969026,70.1549723118429,51.62442165743403,0,-1
2023-06-03 09:44:00,2023-06-03 09:44:59,0.0845,0.0845,0.0845,0.0846,0.08447435240081913,0.084525,0.0845,0.0846,True,0.00010274410201063776,-2.3744315791691186e-06,0,0.08459387860299909,0.08458523433946427,-1.1734920213038862,-0.0,0.08473490154926475,0.08473579235725553,97.86459661458969,74.06569507259928,0,-1
2023-06-03 09:45:00,2023-06-03 09:45:59,0.0845,0.0845,0.0844,0.0846,0.08449967620040957,0.0845,0.0844,0.0846,True,0.0001096909518670202,7.284481086710704e-07,0,0.08458955647123169,0.084581519654884,0.08228504103142598,0.0,0.08473256422041633,0.08473344616464602,94.72350641718192,87.58102511453824,0,-1
2023-06-03 09:46:00,2023-06-03 09:46:59,0.0844,0.0844,0.0844,0.0844,0.08449983810020478,0.0844,0.0844,0.08449983810020478,True,0.0001089987410193761,-3.845061718717832e-06,0,0.08458553806305785,0.08457734963971783,-5.36974448173509,-5.36974448173509,0.08472925512369578,0.08473012829236098,71.14286428567199,87.91032243914793,0,-2
2023-06-03 09:47:00,2023-06-03 09:47:59,0.0844,0.0845,0.0844,0.0845,0.08444991905010239,0.08445,0.0844,0.0845,True,0.00010835597380370658,5.443122644039098e-07,0,0.08458144385138784,0.08457319280349117,-2.356300188653009,-0.0,0.08472647646574856,0.08472783845860615,59.147813144471094,75.0047279491084,0,-1
2023-06-03 09:48:00,2023-06-03 09:48:59,0.0844,0.0845,0.0844,0.0845,0.08444995952505119,0.08445,0.0844,0.0845,True,0.00010775911853201345,3.6733595408487097e-06,0,0.0845773183274395,0.08456907486345343,-0.34733732659829286,-0.0,0.08472372545613913,0.08472557140926679,52.42925558608814,60.9066443387438,0,-1
2023-06-03 09:49:00,2023-06-03 09:49:59,0.0845,0.0845,0.0845,0.0845,0.08444997976252559,0.0845,0.0845,0.0845,True,0.00010006203863686964,5.841081861399929e-06,0,0.08457319659544647,0.08456535885327995,0.9919712481048535,0.0,0.08472149933219744,0.08472332691763229,75.36554872659511,62.314205819051516,0,-1
2023-06-03 09:50:00,2023-06-03 09:50:59,0.0845,0.0845,0.0845,0.0846,0.0844749898812628,0.084525,0.0845,0.0846,True,0.00010005760730566388,7.280415401201397e-06,0,0.08456927772436322,0.08456215630768348,1.8848436312402868,0.0,0.08471954411496165,0.08472110475924789,87.360599867796,71.71846806015982,0,-1
2023-06-03 09:51:00,2023-06-03 09:51:59,0.0845,0.0845,0.0845,0.0845,0.0844999949406314,0.0845,0.0845,0.0845,True,9.29106353552593e-05,8.172313765622536e-06,0,0.08456571701602335,0.08455920846264142,2.4800918866639066,0.0,0.0847173595964048,0.0847189047118922,94.48155757293405,85.73590205577511,0,2
2023-06-03 09:52:00,2023-06-03 09:52:59,0.0845,0.0845,0.0845,0.0845,0.0844999974703157,0.0845,0.0845,0.0845,True,8.627416140131222e-05,8.656891561484843e-06,0,0.08456246273933239,0.08455648137048899,2.876924056946322,0.0,0.08471519681435102,0.08471672655555496,89.67594028866274,90.50603257646434,0,2
2023-06-03 09:53:00,2023-06-03 09:53:59,0.0845,0.0845,0.0845,0.0845,0.08449999873515784,0.0845,0.0845,0.0845,True,8.01117213012185e-05,8.842233886173098e-06,0,0.0845594720549107,0.08455394678939136,3.141478837134599,3.141478837134599,0.08471305555251668,0.0847145700724151,84.22597401338845,89.46115729166182,0,2
2023-06-03 09:54:00,2023-06-03 09:54:59,0.0845,0.0845,0.0845,0.0845,0.08449999936757893,0.0845,0.0845,0.0845,True,7.438945549398859e-05,8.81135352611996e-06,0,0.08455670942215103,0.08455158116352278,3.3178486905934506,3.3178486905934506,0.08471093559677025,0.08471243504681894,83.650101174177,85.85067182540946,0,2
2023-06-03 09:55:00,2023-06-03 09:55:59,0.0845,0.0844,0.0844,0.0845,0.08449999968378946,0.08445,0.0844,0.0845,True,7.621878010156103e-05,1.7705363060096168e-06,0,0.0845541452928369,0.08454902173483021,-6.656022245712677,-6.656022245712677,0.08470833922267303,0.08470932624038294,67.48636937485324,78.45414818747297,0,-2
2023-06-03 09:56:00,2023-06-03 09:56:59,0.0845,0.0845,0.0844,0.0845,0.08447499984189473,0.08447500000000001,0.0844,0.0845,True,7.791743866573544e-05,4.2250936829285965e-06,0,0.08455158351383356,0.08454649881080069,-2.9980063436626594,-0.0,0.08470601743936285,0.08470724339221992,60.110892869890144,70.41578780630687,0,2
2023-06-03 09:57:00,2023-06-03 09:57:59,0.0844,0.0844,0.0844,0.0845,0.08447499992094737,0.084425,0.0844,0.0845,True,7.949476447532597e-05,-1.0126870318018748e-06,0,0.08454904116231712,0.08454367888391776,-6.467734173472493,-6.467734173472493,0.08470322124593635,0.08470418624403864,38.59545797245196,55.397573405731855,0,-2
2023-06-03 09:58:00,2023-06-03 09:58:59,0.0844,0.0843,0.0843,0.0845,0.08444999996047368,0.084375,0.0843,0.0845,True,8.810228129851739e-05,-1.0986980771211003e-05,0,0.08454636002311744,0.08454030141912369,-12.213245709881583,-12.213245709881583,0.08469995536289221,0.08470016449036662,26.875822713716655,41.860724518686325,0,-2
2023-06-03 09:59:00,2023-06-03 09:59:59,0.0843,0.0843,0.0843,0.0843,0.08441249998023684,0.0843,0.0843,0.08441249998023684,True,8.180926120576615e-05,-1.6700668958218788e-05,0,0.08454333072112057,0.0845359935940517,-16.043586734154303,-16.043586734154303,0.08469597570754005,0.08469618275414406,6.367932160620711,23.946404282263178,0,-2
2023-06-03 10:00:00,2023-06-03 10:00:59,0.0843,0.0843,0.0843,0.0844,0.08435624999011843,0.08432500000000001,0.0843,0.0844,True,8.310859969106877e-05,-1.937594589159935e-05,0,0.08453966215758613,0.08453115437263789,-18.597147417002784,-18.597147417002784,0.08469228440696751,0.0846922406371874,5.7261184159718,12.989957763436458,0,-2
2023-06-03 10:01:00,2023-06-03 10:01:59,0.0843,0.0845,0.0843,0.0845,0.08434062499505922,0.0844,0.0843,0.0845,True,9.14579854274214e-05,-6.220762550698521e-06,0,0.08453540826511201,0.08452644456111218,-8.18670286768424,-8.18670286768424,0.08468937610441062,0.08469032779502633,26.70089285665729,12.931647811083337,0,-1
2023-06-03 10:02:00,2023-06-03 10:02:59,0.0844,0.0845,0.0844,0.0845,0.0843703124975296,0.08445,0.0844,0.0845,True,9.206812932546294e-05,2.87452771148745e-06,0,0.08453092641311209,0.08452221200239048,-1.2464065014718742,-0.0,0.08468699425262544,0.0846884339861206,56.32124359041742,29.582751621015575,0,-1
2023-06-03 10:03:00,2023-06-03 10:03:59,0.0844,0.0844,0.0844,0.0845,0.0844101562487648,0.084425,0.0844,0.0845,True,9.26346915165015e-05,2.0747768812905072e-06,0,0.08452656920775128,0.0845182127014251,-2.0892355785176875,-0.0,0.08468438734463911,0.08468556399620895,76.28909389967045,53.10374344891513,0,-2
2023-06-03 10:04:00,2023-06-03 10:04:59,0.0844,0.0844,0.0844,0.0845,0.0844175781243824,0.084425,0.0844,0.0845,True,9.316078497960875e-05,1.7672417218873507e-06,0,0.08452239095458819,0.0845144244853894,-2.6511216298815654,-0.0,0.08468180637603573,0.08468272256341086,84.22908930328663,72.27980893112492,0,-1
2023-06-03 10:05:00,2023-06-03 10:05:59,0.0844,0.0845,0.0844,0.0845,0.08442128906219121,0.08445,0.0844,0.0845,True,9.364930033820832e-05,8.646004327046959e-06,0,0.0845184077199888,0.08451099997578057,1.8842612576302713,0.0,0.0846794998449309,0.08468090442845155,87.94207190285984,82.82008503527238,0,2
2023-06-03 10:06:00,2023-06-03 10:06:59,0.0845,0.0845,0.0845,0.0845,0.0844356445310956,0.0845,0.0845,0.0845,True,8.696006459976486e-05,1.2990827240450175e-05,0,0.08451470384788469,0.08450822836375042,4.9078498493048315,4.9078498493048315,0.08467771377682214,0.08467910438438736,95.5814365109682,89.25086590570498,0,2
2023-06-03 10:07:00,2023-06-03 10:07:59,0.0845,0.0845,0.0844,0.0845,0.0844678222655478,0.08447500000000001,0.0844,0.0845,True,8.789148855692472e-05,1.5481097377858682e-05,0,0.08451146610581756,0.08450581827219496,6.923575577087874,6.923575577087874,0.08467569672431645,0.08467732225120937,95.91956033845754,93.14768958409529,0,2
2023-06-03 10:08:00,2023-06-03 10:08:59,0.0845,0.0845,0.0844,0.0845,0.0844714111327739,0.08447500000000001,0.0844,0.0845,True,8.875638223143029e-05,1.6635259065560202e-05,0,0.08450864218900626,0.08450370934404275,8.267392728943236,8.267392728943236,0.08467369974198494,0.08467555785069983,91.83912067691521,94.44670584211376,0,2
2023-06-03 10:09:00,2023-06-03 10:09:59,0.0845,0.0844,0.0844,0.0845,0.08447320556638696,0.08445,0.0844,0.0845,True,8.955949778632834e-05,9.989463771119505e-06,0,0.08450617576652451,0.08450168046685916,1.8030820196632078,0.0,0.08467147387390549,0.08467281598153864,83.50542301079578,90.42136800872294,0,1
2023-06-03 10:10:00,2023-06-03 10:10:59,0.0845,0.0844,0.0844,0.0845,0.08446160278319348,0.08445,0.0844,0.0845,True,9.030524794444794e-05,5.439973687925348e-06,0,0.08450392811669184,0.08449972853462125,-2.506458453190149,-0.0,0.08466927015376713,0.08467010139465767,79.25216500621869,84.86556956464332,0,1
2023-06-03 10:11:00,2023-06-03 10:11:59,0.0845,0.0844,0.0844,0.0845,0.08445580139159674,0.08445,0.0844,0.0845,True,9.099773023413043e-05,2.4411903267910698e-06,0,0.08450182832565654,0.08449785057401114,-5.379485435092384,-0.0,0.08466708836119233,0.08466741381859141,74.9989070016416,79.25216500621879,0,1
2023-06-03 10:12:00,2023-06-03 10:12:59,0.0845,0.0845,0.0844,0.0845,0.08445290069579836,0.08447500000000001,0.0844,0.0845,True,9.16407495031213e-05,7.432782825314316e-06,0,0.08449983944983384,0.08449621526317738,0.5491498742272967,0.0,0.08466517703421529,0.0846657480094512,79.89911287276539,78.05006162687533,0,2
2023-06-03 10:13:00,2023-06-03 10:13:59,0.0845,0.0844,0.0844,0.0845,0.08446395034789919,0.08445,0.0844,0.0845,True,9.223783882432714e-05,3.639864734268163e-06,0,0.08449802735650562,0.0844946106856038,-2.071754417736578,-0.0,0.08466303596919822,0.0846631037506507,78.28221403183693,77.72674463541475,0,1
2023-06-03 10:14:00,2023-06-03 10:14:59,0.0845,0.0844,0.0844,0.0845,0.0844569751739496,0.08445,0.0844,0.0845,True,9.279227890830398e-05,1.1889861359567027e-06,0,0.08449631902105471,0.08449304131365062,-3.8190239457124946,-0.0,0.08466091620831068,0.08466048580288303,68.23683917549455,75.47272202669906,0,1
2023-06-03 10:15:00,2023-06-03 10:15:59,0.0845,0.0844,0.0844,0.0845,0.0844534875869748,0.08445,0.0844,0.0845,True,9.330711612913962e-05,-2.861246020392208e-07,0,0.08449468016735268,0.08449151042689058,-4.983870297696441,-0.0,0.08465881753957127,0.08465789390434689,46.76165367871943,64.42690229535042,0,1
2023-06-03 10:16:00,2023-06-03 10:16:59,0.0845,0.0844,0.0844,0.0845,0.0844517437934874,0.08445,0.0844,0.0845,True,9.378517926277271e-05,-1.0636749439907998e-06,0,0.08449309529712164,0.08449002034330495,-5.760434532352406,-0.0,0.08465673975310788,0.08465532779584592,31.8035728939965,48.934021916070265,0,1
2023-06-03 10:17:00,2023-06-03 10:17:59,0.0845,0.0845,0.0844,0.0845,0.08445087189674369,0.08447500000000001,0.0844,0.0845,True,9.422909502971773e-05,5.5035587567985895e-06,0,0.0844915578202133,0.08448874413449016,1.2845530314316278,0.0,0.08465493139735555,0.08465378224563849,43.256300127947064,40.60717556688777,0,2
2023-06-03 10:18:00,2023-06-03 10:18:59,0.0844,0.0845,0.0844,0.0845,0.08446293594837184,0.08445,0.0844,0.0845,True,9.464130252759524e-05,9.658436531715121e-06,0,0.08449015097735173,0.08448747354034959,5.9812114072876525,5.9812114072876525,0.0846528922789739,0.0846522520740401,34.83164408638448,36.63050570277611,0,2
2023-06-03 10:19:00,2023-06-03 10:19:59,0.0846,0.0846,0.0845,0.0846,0.08445646797418592,0.084575,0.0845,0.0846,True,9.502406663276622e-05,1.8908480801343118e-05,0,0.08448881225885066,0.08448707371724168,13.30283394481085,13.30283394481085,0.08465211723142192,0.08465173215290538,59.74032137815529,45.94275519749571,1,2
2023-06-03 10:20:00,2023-06-03 10:20:59,0.0845,0.0844,0.0844,0.0845,0.08451573398709296,0.08445,0.0844,0.08451573398709296,True,0.00010252234758756805,1.0435098513729554e-05,0,0.08448794298804617,0.08448650456857015,6.085822645514234,6.085822645514234,0.08465010611469136,0.08464922735536402,33.333333333333194,42.63509959929109,0,1
2023-06-03 10:21:00,2023-06-03 10:21:59,0.0845,0.0846,0.0845,0.0846,0.08448286699354648,0.08455,0.0845,0.0846,True,0.00010948503704559833,1.8294950508114353e-05,0,0.08448722377830815,0.08448649212000324,8.246397993923843,8.246397993923843,0.08464911003394816,0.08464873753093254,52.44782091118956,48.50715854089278,0,2
2023-06-03 10:22:00,2023-06-03 10:22:59,0.0846,0.0845,0.0845,0.0846,0.08451643349677324,0.08455,0.0845,0.0846,True,0.00010880753439948338,1.576054927037926e-05,0,0.0844868579491557,0.08448691805075413,5.995129896714083,5.995129896714083,0.08464812386445614,0.08464725755550037,38.22897515571264,41.33670980007856,0,1
2023-06-03 10:23:00,2023-06-03 10:23:59,0.0846,0.0846,0.0845,0.0846,0.08453321674838662,0.084575,0.0845,0.0846,True,0.00010817842479951949,2.0308288775236494e-05,0,0.08448688799995491,0.08448785772487359,7.327055834573542,7.327055834573542,0.08464739626381479,0.08464678733106754,61.70794302881327,50.79491303190525,0,2
2023-06-03 10:24:00,2023-06-03 10:24:59,0.0845,0.0845,0.0845,0.0845,0.0845541083741933,0.0845,0.0845,0.0845541083741933,True,0.00010759425159955303,1.5483222743628566e-05,0,0.08448737286241424,0.08448868084583644,4.741242764821017,4.741242764821017,0.08464592963432409,0.08464532676060915,49.03656402067319,49.65782740173313,0,1
2023-06-03 10:25:00,2023-06-03 10:25:59,0.0846,0.0845,0.0845,0.0846,0.08452705418709666,0.08455,0.0845,0.0846,True,0.00010705180505672703,1.1646850753945782e-05,0,0.08448802685412533,0.08448974960936749,3.0173673849860023,3.0173673849860023,0.08464497511059947,0.08464388072319015,45.47706556303309,52.073857537506605,0,1
2023-06-03 10:26:00,2023-06-03 10:26:59,0.0846,0.0846,0.0846,0.0846,0.08453852709354834,0.0846,0.0846,0.0846,True,0.00010654810469553146,1.5460072592134555e-05,0,0.0844888882317464,0.0844913474893388,5.231744363458169,5.231744363458169,0.08464452759706116,0.08464344409907881,45.73501545335589,46.74954834568748,0,2
2023-06-03 10:27:00,2023-06-03 10:27:59,0.0845,0.0845,0.0845,0.0846,0.08456926354677416,0.084525,0.0845,0.0846,True,0.00010608038293156413,1.0308258483703626e-05,0,0.0844901178605426,0.08449283640348886,2.857452621231552,0.0,0.08464333826773716,0.08464201679461036,47.4241036085779,46.212061541655714,0,1
2023-06-03 10:28:00,2023-06-03 10:28:59,0.0845,0.0846,0.0845,0.0846,0.08454713177338707,0.08455,0.0845,0.0846,True,0.00010564606986502305,1.3289036039973361e-05,0,0.08449147713201573,0.08449440083913365,4.535783514221777,4.535783514221777,0.08464240952875471,0.08464159871705206,44.3029988179278,45.820705959953955,0,2
2023-06-03 10:29:00,2023-06-03 10:29:59,0.0845,0.0846,0.0845,0.0846,0.08454856588669354,0.08455,0.0845,0.0846,True,0.00010524277916037777,1.4515112992794441e-05,0,0.0844929389855747,0.08449601399969013,5.654670776215262,5.654670776215262,0.08464149003095615,0.08464118479946944,32.999965384070535,41.57568927019217,0,2
2023-06-03 10:30:00,2023-06-03 10:30:59,0.0846,0.0845,0.0845,0.0846,0.08454928294334677,0.08455,0.0845,0.0846,True,0.00010486829493463571,7.670832936373217e-06,0,0.08449447649263242,0.08449765445371528,2.28007710536518,0.0,0.08464057968238943,0.08463977997559413,37.30165298869839,38.20153906356567,0,1
2023-06-03 10:31:00,2023-06-03 10:31:59,0.0845,0.0845,0.0845,0.0846,0.08454964147167338,0.084525,0.0845,0.0846,True,0.00010452055958216094,2.760733276618276e-06,0,0.08449606547317386,0.08449913361423446,0.030347991465120572,0.0,0.08463942963579849,0.08463838913006583,31.497164983767608,33.93292778551227,0,1
2023-06-03 10:32:00,2023-06-03 10:32:59,0.0845,0.0846,0.0845,0.0846,0.0845373207358367,0.08455,0.0845,0.0846,True,0.00010419766246914866,6.174229444528371e-06,0,0.08449759954370416,0.0845006471652145,2.800337453338969,0.0,0.08463853978867611,0.08463800714867213,30.986538006377852,33.26178532628138,0,2
2023-06-03 10:33:00,2023-06-03 10:33:59,0.0845,0.0845,0.0845,0.0846,0.08454366036791836,0.084525,0.0845,0.0846,True,0.00010389782943563726,1.091560018471846e-06,0,0.08449912335445933,0.0845020058808903,0.3669198671571223,0.0,0.08463741003953505,0.0846366339432127,26.828799879353323,29.77083428983302,0,1
2023-06-03 10:34:00,2023-06-03 10:34:59,0.0845,0.0845,0.0845,0.0846,0.08453433018395917,0.084525,0.0845,0.0846,True,0.00010361941304737667,-2.400578348026568e-06,0,0.08450056461767481,0.08450323337140767,-1.2553585236307825,-0.0,0.08463629153167898,0.0846352744014892,20.19940355471791,26.004913813483125,0,1
2023-06-03 10:35:00,2023-06-03 10:35:59,0.0845,0.0846,0.0845,0.0846,0.0845296650919796,0.08455,0.0845,0.0846,True,0.00010336088354399184,2.153462359795874e-06,0,0.08450189899454123,0.08450452065213124,2.035097634644515,0.0,0.08463543290947322,0.08463492341241965,19.39706644056105,22.14175662487752,0,2
2023-06-03 10:36:00,2023-06-03 10:36:59,0.0845,0.0846,0.0845,0.0846,0.08453983254598979,0.08455,0.0845,0.0846,True,0.00010312082043370592,4.844478302880365e-06,0,0.08450320982333623,0.08450584617398989,4.228735073494711,4.228735073494711,0.08463458283077199,0.08463457591577866,22.241840476038963,20.612770157106066,0,2
2023-06-03 10:37:00,2023-06-03 10:37:59,0.0845,0.0845,0.0845,0.0845,0.0845449162729949,0.0845,0.0845,0.0845449162729949,True,0.00010289790468844041,-6.548816292417293e-07,0,0.08450452799866305,0.08450684965570028,0.6626630981770205,0.0,0.0846332436981275,0.08463323685194007,22.241840476038963,21.293582464213085,0,1
2023-06-03 10:38:00,2023-06-03 10:38:59,0.0845,0.0845,0.0845,0.0845,0.08452245813649745,0.0845,0.0845,0.08452245813649745,True,9.554805435355181e-05,-4.344448201085676e-06,0,0.08450568882718167,0.08450759270798548,-1.7147182187014423,-0.0,0.08463191789018593,0.08463191111211978,11.12092023801941,18.53486706336587,0,1
2023-06-03 10:39:00,2023-06-03 10:39:59,0.0845,0.0845,0.0845,0.0845,0.08451122906824873,0.0845,0.0845,0.08451122906824873,True,8.872319332829811e-05,-6.691180977665279e-06,0,0.08450664076758357,0.08450812562422384,-3.2996390966204174,-3.2996390966204174,0.08463060527436318,0.08463059856374047,-1.4210854715202004e-13,11.120920238019503,0,1
2023-06-03 10:40:00,2023-06-03 10:40:59,0.0846,0.0845,0.0845,0.0846,0.08450561453412436,0.08455,0.0845,0.0846,True,8.952867951913317e-05,-8.053442708920838e-06,0,0.0845073831959037,0.08450883249567584,-4.356253015233065,-4.356253015233065,0.08462980323183221,0.08462929907554405,33.333333333333194,14.818084523784245,0,1
2023-06-03 10:41:00,2023-06-03 10:41:59,0.0846,0.0845,0.0845,0.0846,0.08452780726706219,0.08455,0.0845,0.0846,True,9.027663098205144e-05,-8.704902523017126e-06,0,0.08450810784578977,0.08450967147340098,-5.060662294308166,-5.060662294308166,0.08462900916982392,0.08462801251757844,66.66666666666653,33.333333333333286,0,1
2023-06-03 10:42:00,2023-06-03 10:42:59,0.0846,0.0846,0.0846,0.0846,0.08453890363353109,0.0846,0.0846,0.0846,True,9.097115734047555e-05,-1.9962029793741153e-06,0,0.08450888965959537,0.08451095175621785,1.8181341550369652,0.0,0.08462872052136797,0.08462773378606024,99.99999999999984,66.66666666666661,0,2
2023-06-03 10:43:00,2023-06-03 10:43:59,0.0846,0.0846,0.0846,0.0846,0.08456945181676553,0.0846,0.0846,0.0846,True,8.447321753044159e-05,2.315974231525494e-06,0,0.08450992070790661,0.0845125706975353,6.403998454600391,6.403998454600391,0.08462843474503595,0.08462745782798999,99.99999999999984,88.88888888888881,0,2
2023-06-03 10:44:00,2023-06-03 10:44:59,0.0845,0.0845,0.0845,0.0845,0.08458472590838276,0.0845,0.0845,0.08458472590838276,True,8.558227342112356e-05,-1.9758056046085697e-06,0,0.08451124570272096,0.0845137590530663,1.5951645834090584,0.0,0.0846271567873739,0.08462618959089556,66.66666666666652,88.88888888888881,0,1
2023-06-03 10:45:00,2023-06-03 10:45:59,0.0846,0.0846,0.0846,0.0846,0.08454236295419137,0.0846,0.0846,0.0846,True,8.661211103389966e-05,2.079896617182584e-06,0,0.08451250237789364,0.08451528635834324,4.222381485073193,4.222381485073193,0.0846268865705841,0.08462592899795132,58.95581721464759,75.20749462710474,0,2
2023-06-03 10:46:00,2023-06-03 10:46:59,0.0847,0.0846,0.0845,0.0847,0.08457118147709569,0.084625,0.0845,0.0847,True,9.47112459600491e-05,4.489870165045343e-06,0,0.08451389436811844,0.08451724156878707,5.9738594195159465,5.9738594195159465,0.0846268677987375,0.0846256709979717,56.49547492852355,60.70598626994598,0,2
2023-06-03 10:47:00,2023-06-03 10:47:59,0.0845,0.0846,0.0845,0.0846,0.08459809073854785,0.08455,0.0845,0.0846,True,9.508901410575909e-05,5.7202964515150825e-06,0,0.08451556796845276,0.08451900567739525,7.14151137581112,7.14151137581112,0.08462610294501872,0.08462541556515607,67.29219607578214,60.91449607298453,0,2
2023-06-03 10:48:00,2023-06-03 10:48:59,0.0845,0.0845,0.0845,0.0845,0.08457404536927393,0.0845,0.0845,0.08457404536927393,True,9.54397988124898e-05,-7.336164209351302e-07,0,0.084517286822924,0.08452026417334992,1.1275831514023196,0.0,0.0846248481893469,0.08462416764908487,41.669712194467735,55.15246106625791,0,1
2023-06-03 10:49:00,2023-06-03 10:49:59,0.0845,0.0846,0.0845,0.0846,0.08453702268463698,0.08455,0.0845,0.0846,True,9.576552746873974e-05,1.8495611775992548e-06,0,0.08451877549813695,0.08452145901545934,3.03265627569062,0.0,0.08462410343124395,0.08462392717496463,22.300981260221405,43.75429651015719,0,2
2023-06-03 10:50:00,2023-06-03 10:50:59,0.0845,0.0846,0.0845,0.0846,0.0845435113423185,0.08455,0.0845,0.0846,True,9.60679897924004e-05,3.299352460004003e-06,0,0.08452011725679814,0.0845225955445612,4.302705025216156,4.302705025216156,0.08462336608366938,0.0846236890936217,23.00852022592578,28.993071226871734,0,2
2023-06-03 10:51:00,2023-06-03 10:51:59,0.0845,0.0845,0.0845,0.0846,0.08454675567115924,0.084525,0.0845,0.0846,True,9.634884766437101e-05,-2.911247431325232e-06,0,0.08452135640067968,0.0845235068390372,-0.4504808355428409,-0.0,0.0846223873166677,0.08462245835637174,28.497264621627718,24.602255369258398,0,1
2023-06-03 10:52:00,2023-06-03 10:52:59,0.0846,0.0846,0.0846,0.0846,0.08453587783557961,0.0846,0.0846,0.0846,True,9.660964425977229e-05,-7.664268650169452e-08,0,0.08452243161985844,0.0845247491320189,1.6130568897672717,0.0,0.08462216455729787,0.08462223489013918,39.38222980398566,30.29600488384648,0,2
2023-06-03 10:53:00,2023-06-03 10:53:59,0.0846,0.0846,0.0845,0.0846,0.0845679389177898,0.084575,0.0845,0.0846,True,9.685181252693062e-05,1.6216780552534244e-06,0,0.08452359037593868,0.08452607197241432,2.9887487066406777,0.0,0.08462169525822029,0.08462201364745123,44.02346589077677,37.30098677213014,0,2
2023-06-03 10:54:00,2023-06-03 10:54:59,0.0847,0.0847,0.0847,0.0847,0.0845714694588949,0.0847,0.0847,0.0847,True,9.707668306072149e-05,9.363600488972642e-06,1,0.0845248311741765,0.08452830678519621,7.945075280814827,7.945075280814827,0.08462247440987979,0.08462278963105868,71.86805482840816,51.757916841056954,0,2
2023-06-03 10:55:00,2023-06-03 10:55:59,0.0846,0.0846,0.0846,0.0847,0.08463573472944745,0.08462499999999999,0.0846,0.0847,True,9.72854914135273e-05,6.935726682052823e-06,0,0.08452656897968636,0.0845307296872993,5.655695726083408,5.655695726083408,0.08462249954012974,0.08462256286856058,68.02291145052867,61.30481072323795,0,1
2023-06-03 10:56:00,2023-06-03 10:56:59,0.0847,0.0846,0.0846,0.0847,0.08463036736472372,0.08465,0.0846,0.0847,True,9.747938488398984e-05,4.8875940860824954e-06,0,0.08452864933349283,0.08453345557634925,4.129442689595798,4.129442689595798,0.08462277317654636,0.08462233836240575,74.06766618445751,71.31954415446485,0,1
2023-06-03 10:57:00,2023-06-03 10:57:59,0.0847,0.0847,0.0846,0.0847,0.08464018368236187,0.084675,0.0846,0.0847,True,9.765942882084791e-05,1.002609589313541e-05,0,0.08453105245492104,0.0845365728332421,7.394223401705759,7.394223401705759,0.08462329284643147,0.08462311111501863,66.53920320055913,69.54326027851518,0,2
2023-06-03 10:58:00,2023-06-03 10:58:59,0.0846,0.0846,0.0846,0.0846,0.08465759184118093,0.0846,0.0846,0.08465759184118093,True,9.782661247650184e-05,5.8496137458995186e-06,0,0.08453381264408157,0.08453946224933274,4.465190038321637,4.465190038321637,0.08462306107681523,0.08462288115367517,59.678388125197934,66.76175250340494,0,1
2023-06-03 10:59:00,2023-06-03 10:59:59,0.0846,0.0846,0.0846,0.0846,0.08462879592059047,0.0846,0.0846,0.08462879592059047,True,9.083899729960886e-05,2.6858173119838105e-06,0,0.08453663744670716,0.08454215246029034,2.512501129398892,0.0,0.08462283161336434,0.08462265348050427,49.17140403359525,58.46299845311751,0,1
2023-06-03 11:00:00,2023-06-03 11:00:59,0.0846,0.0848,0.0846,0.0849,0.08461439796029524,0.084725,0.0846,0.0849,True,0.00010577906892106599,1.4028701901902176e-05,0,0.08453939495349874,0.08454552501087075,8.205434480566694,8.205434480566694,0.08462384821422639,0.0846244181224893,53.228678489623455,54.026156882805616,0,2
2023-06-03 11:01:00,2023-06-03 11:01:59,0.0848,0.0848,0.0847,0.0848,0.08466969898014762,0.08477499999999999,0.0847,0.0848,True,0.0001053662782838472,2.050413776906595e-05,0,0.08454245998218474,0.08454975468612447,12.000723381345225,12.000723381345225,0.08462535221209479,0.08462616520584762,74.87874498087656,59.092942501365165,0,2
2023-06-03 11:02:00,2023-06-03 11:02:59,0.0848,0.0848,0.0847,0.0848,0.0847223494900738,0.08477499999999999,0.0847,0.0848,True,0.00010498297269214404,2.350840903487916e-05,0,0.0845461073341546,0.08455463016159095,14.530915981864254,14.530915981864254,0.08462684124481026,0.08462789490529192,96.52881147212968,74.87874498087665,0,2
2023-06-03 11:03:00,2023-06-03 11:03:59,0.0847,0.0848,0.0847,0.0848,0.08474867474503689,0.08474999999999999,0.0847,0.0848,True,0.00010462704607127681,2.4095199401129362e-05,0,0.08455036874787278,0.08455980910257338,16.217711048876936,16.217711048876936,0.08462806670506091,0.08462960739379648,94.26408397888952,88.55721347729866,0,2
2023-06-03 11:04:00,2023-06-03 11:04:59,0.0847,0.0847,0.0847,0.0848,0.08474933737251844,0.084725,0.0847,0.0848,True,0.00010429654278047153,1.61961867131744e-05,0,0.08455508892522308,0.08456501990446127,10.442851975386723,10.442851975386723,0.08462903121545831,0.0846303078177388,82.85544802870433,91.21611449324125,0,1
2023-06-03 11:05:00,2023-06-03 11:05:59,0.0847,0.0848,0.0847,0.0848,0.08473716868625922,0.08474999999999999,0.0847,0.0848,True,0.00010398964686758091,1.685333509092061e-05,0,0.08456005441484217,0.08457039156560826,11.07384618483487,11.07384618483487,0.08463023488495623,0.08463199629716428,73.26233005686747,83.46062068815384,0,2
2023-06-03 11:06:00,2023-06-03 11:06:59,0.0849,0.0849,0.0848,0.0849,0.0847435843431296,0.084875,0.0848,0.0849,True,0.00010370467209132534,2.2985283250772905e-05,0,0.08456522299022522,0.08457671065000627,14.506539681447052,14.506539681447052,0.08463267035873777,0.08463466300067508,78.9982460779778,78.3720080545166,0,2
2023-06-03 11:07:00,2023-06-03 11:07:59,0.0848,0.0848,0.0848,0.0849,0.0848092921715648,0.08482500000000001,0.0848,0.0849,True,0.00010344005265623087,1.8629732400132526e-05,0,0.08457096682011574,0.08458338923858029,11.476866702495876,11.476866702495876,0.08463458408651152,0.08463630814494698,79.66378890969408,77.30812168151319,0,1
2023-06-03 11:08:00,2023-06-03 11:08:59,0.0848,0.0847,0.0847,0.0848,0.0848171460857824,0.08474999999999999,0.0847,0.0848171460857824,True,0.00010319433460935744,7.658831847978466e-06,0,0.08457717802934801,0.08458979046534042,5.549966569292813,0.0,0.08463573250356116,0.0846369418947485,64.22166413446867,74.29456637404691,0,1
2023-06-03 11:09:00,2023-06-03 11:09:59,0.0847,0.0846,0.0846,0.0848,0.08478357304289119,0.084675,0.0846,0.0848,True,0.00011010902499440374,-7.109027966951836e-06,0,0.08458348424734422,0.08459541482421098,-1.349803712079563,-0.0,0.08463612322491876,0.08463657431370623,30.88833080113534,58.25792794843276,0,1
2023-06-03 11:10:00,2023-06-03 11:10:59,0.0847,0.0848,0.0847,0.0848,0.0847292865214456,0.08474999999999999,0.0847,0.0848,True,0.00011652980892337531,-3.0856562638225294e-06,0,0.0845894495357776,0.0846009035402054,1.1511671435857167,0.0,0.08463725632715838,0.08463820043993801,17.785598953166637,37.63186462959028,0,2
2023-06-03 11:11:00,2023-06-03 11:11:59,0.0848,0.0848,0.0847,0.0849,0.0847396432607228,0.08479999999999999,0.0847,0.0849,True,0.00012249196542884892,-8.030672291282963e-07,0,0.0845951765379915,0.08460659085835397,2.8184810473625674,0.0,0.08463887566718666,0.08463981038580928,24.678259637114895,24.450729797139022,0,2
2023-06-03 11:12:00,2023-06-03 11:12:59,0.0847,0.0847,0.0847,0.0848,0.0847698216303614,0.084725,0.0847,0.0848,True,0.00012088539646964564,-6.6042627951367055e-06,0,0.08460088369817274,0.08461188093656456,0.36314504299672734,0.0,0.08463973262572211,0.08464040928744303,29.118267068507446,23.860708552929726,0,1
2023-06-03 11:13:00,2023-06-03 11:13:59,0.0848,0.0848,0.0848,0.0848,0.0847474108151807,0.0848,0.0848,0.0848,True,0.00011939358243609973,-3.646342542393293e-06,0,0.08460638231736865,0.0846173365491759,2.1102837395849576,0.0,0.08464132732596368,0.08464199725473215,32.6355394595386,28.81068872172038,0,2
2023-06-03 11:14:00,2023-06-03 11:14:59,0.0847,0.0847,0.0847,0.0847,0.08477370540759036,0.0847,0.0847,0.08477370540759036,True,0.00011800832654780709,-8.866522861372708e-06,0,0.08461185943327228,0.08462219895053422,-0.10875528196201145,-0.0,0.08464191113366552,0.08464257439647611,17.517293557757558,26.423700028601264,0,1
2023-06-03 11:15:00,2023-06-03 11:15:59,0.0847,0.0847,0.0847,0.0848,0.08473685270379518,0.084725,0.0847,0.0848,True,0.00011672201750867822,-1.2268101294263828e-05,0,0.08461702919190325,0.08462673247784352,-1.5881146296599908,-0.0,0.08464273788855442,0.08464314579551616,16.104744545666378,22.08585918765424,0,1
2023-06-03 11:16:00,2023-06-03 11:16:59,0.0847,0.0848,0.0847,0.0848,0.08473092635189758,0.08474999999999999,0.0847,0.0848,True,0.00011552758768662999,-7.464001596404935e-06,0,0.08462188083487339,0.08463114750206925,1.2105925186812883,0.0,0.08464380517324542,0.08464470653386923,9.107233320047543,14.243090474490556,0,2
2023-06-03 11:17:00,2023-06-03 11:17:59,0.0847,0.0848,0.0847,0.0848,0.08474046317594879,0.08474999999999999,0.0847,0.0848,True,0.00011441847428044233,-4.415330797016201e-06,0,0.08462651416847132,0.08463543893622248,3.076397284242141,0.0,0.08464486183818826,0.08464625174248744,15.041997483917308,13.417991783210473,0,2
2023-06-03 11:18:00,2023-06-03 11:18:59,0.0848,0.0847,0.0847,0.0848,0.0847452315879744,0.08474999999999999,0.0847,0.0848,True,0.00011338858326041094,-9.488411769015872e-06,0,0.0846309765523469,0.0846396036232404,-0.04689218677175688,-0.0,0.08464590798905205,0.0846467865510199,18.021808596923986,14.057013133629676,0,1
2023-06-03 11:19:00,2023-06-03 11:19:59,0.0848,0.0847,0.0847,0.0848,0.0847476157939872,0.08474999999999999,0.0847,0.0848,True,0.0001124322558846675,-1.2712048762202815e-05,0,0.08463529008779365,0.08464363994716537,-2.129085167447691,-0.0,0.08464694373045452,0.08464731603807443,18.021808596924014,17.028538225921835,0,1
2023-06-03 11:20:00,2023-06-03 11:20:59,0.0847,0.0848,0.0847,0.0848,0.0847488078969936,0.08474999999999999,0.0847,0.0848,True,0.00011154423760719146,-7.71733166283933e-06,0,0.08463946501747951,0.08464754751644993,1.1609140692581477,0.0,0.08464796916597238,0.08464883528147668,20.451120515689382,18.83157923651253,0,2
2023-06-03 11:21:00,2023-06-03 11:21:59,0.0847,0.0846,0.0846,0.0847,0.0847494039484968,0.08465,0.0846,0.0847494039484968,True,0.00011786250634953534,-1.819227851109688e-05,0,0.08464350626696472,0.08465064079987329,-3.8508584032668125,-3.8508584032668125,0.08464798937327614,0.0846483493582779,14.443850983381338,17.638926698664978,0,-2
2023-06-03 11:22:00,2023-06-03 11:22:59,0.0846,0.0847,0.0846,0.0847,0.08469970197424839,0.08465,0.0846,0.0847,True,0.00011658661303885446,-1.7597402675967753e-05,0,0.084647073533419,0.0846530717670977,-3.286896754797432,-3.286896754797432,0.0846480093795122,0.08464886329501146,8.436581451073268,14.443850983381395,0,-2
2023-06-03 11:23:00,2023-06-03 11:23:59,0.0847,0.0847,0.0847,0.0847,0.0846748509871242,0.0847,0.0847,0.0847,True,0.00010825899782179343,-1.6700668718659175e-05,0,0.08465007265025835,0.08465530766227371,-2.9109223224845096,-0.0,0.08464852669911904,0.08464937211794667,11.660742754404986,11.513725062953263,0,-2
2023-06-03 11:24:00,2023-06-03 11:24:59,0.0847,0.0846,0.0846,0.0847,0.08468742549356209,0.08465,0.0846,0.0847,True,0.00010766906940595126,-2.247891222866355e-05,0,0.08465269015626603,0.0846570315820622,-5.992129663785434,-5.992129663785434,0.08464854135882931,0.08464888085309148,13.04655171880276,11.047958641427071,-1,-2
2023-06-03 11:25:00,2023-06-03 11:25:59,0.0846,0.0847,0.0846,0.0847,0.08466871274678105,0.08465,0.0846,0.0847,True,0.00010712127873409781,-1.8562315686901387e-05,0,0.08465486086916411,0.08465834059210452,-3.89309489573629,-3.89309489573629,0.0846485558726718,0.08464938950131942,14.564336522002222,13.090543665070056,0,-1
2023-06-03 11:26:00,2023-06-03 11:26:59,0.0846,0.0846,0.0846,0.0847,0.08465935637339053,0.08462499999999999,0.0846,0.0847,True,0.00010661261596737674,-2.223753535529173e-05,0,0.08465660073063432,0.08465914243299817,-5.745241788615566,-5.745241788615566,0.08464832148587904,0.08464889806349535,2.9035937675970893,10.171494002800758,0,-2
2023-06-03 11:27:00,2023-06-03 11:27:59,0.0847,0.0846,0.0846,0.0847,0.08464217818669525,0.08465,0.0846,0.0847,True,0.00010614028625542148,-2.3762637706100444e-05,0,0.08465787158181624,0.08465971100115975,-6.980006383868421,-6.980006383868421,0.08464833818751209,0.08464841151559988,10.467468968071037,9.31179975255685,0,-2
2023-06-03 11:28:00,2023-06-03 11:28:59,0.0846,0.0846,0.0846,0.0846,0.08464608909334763,0.0846,0.0846,0.08464608909334763,True,9.855883723717708e-05,-2.379035326488027e-05,0,0.084658791291488,0.08465974895790336,-7.803182780703658,-7.803182780703658,0.08464785721052193,0.084647929808977,8.949684164871575,7.440248966846634,0,-2
2023-06-03 11:29:00,2023-06-03 11:29:59,0.0846,0.0846,0.0846,0.0846,0.08462304454667381,0.0846,0.0846,0.08462304454667381,True,9.151892029166444e-05,-2.2809876659142646e-05,0,0.08465927012469568,0.0846593689001224,-8.35196704526048,-8.35196704526048,0.08464738101937246,0.08464745289545483,8.949684164871575,9.455612432604795,0,-2
2023-06-03 11:30:00,2023-06-03 11:30:59,0.0846,0.0847,0.0846,0.0847,0.0846115222733369,0.08465,0.0846,0.0847,True,9.21247116994029e-05,-1.4327210882533289e-05,0,0.08465931951240904,0.08465900539734034,-3.0348983584796585,-3.0348983584796585,0.08464740707888119,0.08464797575221647,16.285414682064438,11.394927670602593,0,-1
2023-06-03 11:31:00,2023-06-03 11:31:59,0.0846,0.0847,0.0846,0.0847,0.08463076113666845,0.08465,0.0846,0.0847,True,9.268723229230291e-05,-8.208756022369445e-06,0,0.08465916245487469,0.08465865742244097,0.5098140993742248,0.0,0.08464743287909132,0.08464849340642328,32.570829364129,19.268642737021732,0,-1
2023-06-03 11:32:00,2023-06-03 11:32:59,0.0847,0.0846,0.0846,0.0847,0.08464038056833423,0.08465,0.0846,0.0847,True,9.320957284285291e-05,-1.0737282836540336e-05,0,0.08465890993865782,0.08465832406023072,-2.7384678038021946,-0.0,0.08464745842258295,0.08464801088496633,48.856244046193545,32.570829364129054,0,-2
2023-06-03 11:33:00,2023-06-03 11:33:59,0.0847,0.0847,0.0847,0.0847,0.08464519028416712,0.0847,0.0847,0.0847,True,9.369460335407791e-05,-5.01100634102508e-06,0,0.08465861699944427,0.0846583475430859,0.22286897464400823,0.0,0.08464798122434829,0.08464852818959354,65.22443512583017,48.88383617871764,0,-1
2023-06-03 11:34:00,2023-06-03 11:34:59,0.0846,0.0847,0.0846,0.0847,0.08467259514208356,0.08465,0.0846,0.0847,True,9.414498882878684e-05,-1.0538065584050116e-06,0,0.08465848227126509,0.08465830875828005,2.1970934936081434,0.0,0.0846480013116682,0.08464904034691101,66.07468671730474,60.05178862977622,0,-1
2023-06-03 11:35:00,2023-06-03 11:35:59,0.0846,0.0846,0.0846,0.0847,0.08466129757104178,0.08462499999999999,0.0846,0.0847,True,9.456320391244511e-05,-5.273461577038389e-06,0,0.08465839551477257,0.08465804968922515,-1.5800076154395128,-0.0,0.08464777244289538,0.08464855238326015,59.53152395576162,63.610215266298916,0,-2
2023-06-03 11:36:00,2023-06-03 11:36:59,0.0847,0.0847,0.0846,0.0847,0.08464314878552089,0.084675,0.0846,0.0847,True,9.49515464901278e-05,-8.67354190301966e-07,0,0.08465822260199886,0.08465796201949427,0.7544543801334811,0.0,0.0846480433638616,0.08464906429984462,53.19750395210523,59.601238208390605,0,-1
2023-06-03 11:37:00,2023-06-03 11:37:59,0.0846,0.0846,0.0846,0.0846,0.08465907439276044,0.0846,0.0846,0.08465907439276044,True,9.531215031226173e-05,-4.795122209964861e-06,0,0.08465809231074656,0.0846574953154043,-1.9022705031509801,-0.0,0.08464756532044009,0.08464857609785612,41.28828996844398,51.33910595877035,0,-2
2023-06-03 11:38:00,2023-06-03 11:38:59,0.0847,0.0846,0.0846,0.0847,0.08462953719638022,0.08465,0.0846,0.0847,True,9.564699671852895e-05,-7.069675402159301e-06,0,0.08465779381307544,0.08465707645015745,-3.6734204253406233,-3.6734204253406233,0.08464758954610735,0.08464809275359884,52.144171294561325,48.876655071703574,0,-2
2023-06-03 11:39:00,2023-06-03 11:39:59,0.0847,0.0847,0.0846,0.0847,0.08463976859819011,0.084675,0.0846,0.0847,True,9.59579255243485e-05,-1.3045666190727435e-06,0,0.08465743513161644,0.08465686964921589,-0.1394748503475043,-0.0,0.0846478622869421,0.08464860924361278,53.573208690509325,49.00188998450494,0,-1
2023-06-03 11:40:00,2023-06-03 11:40:59,0.0846,0.0846,0.0846,0.0847,0.08465738429909506,0.08462499999999999,0.0846,0.0847,True,9.624664512975238e-05,-4.312567685300371e-06,0,0.08465715239041617,0.08465648817369438,-2.1248917849952917,-0.0,0.0846476348014999,0.08464812556954698,62.2015870223675,55.972989002479444,0,-2
2023-06-03 11:41:00,2023-06-03 11:41:59,0.0846,0.0847,0.0846,0.0847,0.08464119214954752,0.08465,0.0846,0.0847,True,9.651474190619885e-05,8.637269165172531e-07,0,0.08465682028205528,0.08465614331956205,0.5791981847198855,0.0,0.08464765833581332,0.08464864173303407,62.94234042771219,59.57237871352974,0,-1
2023-06-03 11:42:00,2023-06-03 11:42:59,0.0846,0.0848,0.0846,0.0848,0.08464559607477376,0.0847,0.0846,0.0848,True,0.00010390654605575648,1.1097603977239596e-05,0,0.08465648180080866,0.08465617271694628,5.395201614716143,5.395201614716143,0.08464817914839229,0.08465014778544169,68.52705060705269,64.55699268571085,1,2
2023-06-03 11:43:00,2023-06-03 11:43:59,0.0847,0.0847,0.0847,0.0847,0.08467279803738688,0.0847,0.0847,0.0847,True,0.00010362750705177408,1.0409478475655045e-05,0,0.08465632725887748,0.08465649656348416,4.319830096357393,4.319830096357393,0.08464869477875654,0.0846506438273776,88.00555331864994,73.15831478447167,0,2
2023-06-03 11:44:00,2023-06-03 11:44:59,0.0847,0.0847,0.0847,0.0847,0.08468639901869343,0.0847,0.0847,0.0847,True,9.622554226236165e-05,9.530987191433973e-06,0,0.08465641191118081,0.08465705000997978,3.602915750784888,0.0,0.0846492052784704,0.08465113493357285,99.99999999999977,85.51086797523419,0,2
2023-06-03 11:45:00,2023-06-03 11:45:59,0.0847,0.0847,0.0847,0.0848,0.08469319950934671,0.084725,0.0847,0.0848,True,9.649514638647887e-05,8.553300271630261e-06,0,0.0846567309605803,0.08465795195149191,3.1249728537365513,0.0,0.08464995945480404,0.08465162115313929,99.99999999999977,96.00185110621656,0,2
2023-06-03 11:46:00,2023-06-03 11:46:59,0.0848,0.0847,0.0847,0.0848,0.08470909975467336,0.08474999999999999,0.0847,0.0848,True,9.674549307315916e-05,7.541411912366592e-06,0,0.0846573414560361,0.08465929360389002,2.8063442557043317,0.0,0.08465095488311444,0.0846521025347001,99.99999999999982,99.99999999999984,0,2
2023-06-03 11:47:00,2023-06-03 11:47:59,0.0848,0.0848,0.0848,0.0848,0.08472954987733668,0.0848,0.0848,0.0848,True,9.6977957853648e-05,1.3397673345650959e-05,0,0.08465831752996306,0.08466131529177195,7.230196621123447,7.230196621123447,0.08465243791910336,0.08465357415127024,99.99999999999984,99.99999999999987,0,2
2023-06-03 11:48:00,2023-06-03 11:48:59,0.0847,0.0847,0.0847,0.0848,0.08476477493866834,0.084725,0.0847,0.0848,True,9.719381800695906e-05,9.695310215825753e-06,0,0.0846598164108675,0.084663343925684,4.4817003882908395,4.4817003882908395,0.08465315992985856,0.08465403610001382,84.21835450404284,94.73945150134756,0,1
2023-06-03 11:49:00,2023-06-03 11:49:59,0.0847,0.0848,0.0847,0.0848,0.08474488746933417,0.08474999999999999,0.0847,0.0848,True,9.739425957789075e-05,1.3677688880051027e-05,0,0.08466158016827575,0.08466553563625501,6.677626591414786,6.677626591414786,0.08465412351264603,0.08465548847712812,72.37863468253447,85.53232972885911,0,2
2023-06-03 11:50:00,2023-06-03 11:50:59,0.0847,0.0847,0.0847,0.0848,0.08474744373466708,0.084725,0.0847,0.0848,True,9.758038389375589e-05,8.713071051711353e-06,0,0.08466355790226537,0.08466766917417451,3.635812613518013,0.0,0.08465482875132617,0.08465593137785321,55.653943056973766,70.75031074785042,0,1
2023-06-03 11:51:00,2023-06-03 11:51:59,0.0848,0.0848,0.0847,0.0848,0.08473622186733354,0.08477499999999999,0.0847,0.0848,True,9.775321361563069e-05,1.1886907604062175e-05,0,0.08466561353821994,0.08467008532719056,5.2769775263710414,5.2769775263710414,0.08465602448514382,0.08465736489648154,61.057455785722425,63.03001117507696,0,2
2023-06-03 11:52:00,2023-06-03 11:52:59,0.0847,0.0847,0.0847,0.0847,0.08475561093366676,0.0847,0.0847,0.08475561093366676,True,9.791369835737156e-05,6.44631235553329e-06,0,0.08466784943270525,0.08467219282792057,2.4441597151284995,0.0,0.08465646205245582,0.0846577891263673,46.533066044392505,54.41482162902963,0,1
2023-06-03 11:53:00,2023-06-03 11:53:59,0.0848,0.0847,0.0847,0.0848,0.08472780546683338,0.08474999999999999,0.0847,0.0848,True,9.80627199032738e-05,2.527113129576729e-06,0,0.08467002113031291,0.08467438591801216,0.5556145076334715,0.0,0.08465739277830203,0.08465820913506017,45.938374117086674,51.17629864906727,0,1
2023-06-03 11:54:00,2023-06-03 11:54:59,0.0848,0.0848,0.0848,0.0848,0.0847389027334167,0.0848,0.0848,0.0848,True,9.820109705304017e-05,6.620524010591626e-06,0,0.08467220352416253,0.08467697439945296,3.281502756490376,3.281502756490376,0.08465881175563236,0.08465961998943768,45.398530463757815,45.95665687507907,0,2
2023-06-03 11:55:00,2023-06-03 11:55:59,0.0848,0.0848,0.0847,0.0848,0.08476945136670835,0.08477499999999999,0.0847,0.0848,True,9.832959012068036e-05,8.842594939157578e-06,0,0.08467458896180775,0.08467968488896156,5.098761589061645,5.098761589061645,0.08465996785756637,0.08466101680546317,53.34976941346861,48.22889133143777,0,2
2023-06-03 11:56:00,2023-06-03 11:56:59,0.0848,0.0848,0.0847,0.0848,0.08477222568335417,0.08477499999999999,0.0847,0.0848,True,9.844890511206054e-05,9.740583962998849e-06,0,0.08467713692538467,0.08468247283943944,6.310267477442487,6.310267477442487,0.08466111245599854,0.08466239972282175,52.25628235320761,50.33486074347808,0,2
2023-06-03 11:57:00,2023-06-03 11:57:59,0.0848,0.0848,0.0848,0.0848,0.08477361284167709,0.0848,0.0848,0.0848,True,9.141684046119907e-05,9.726292633550873e-06,0,0.08467980488241207,0.08468547417376464,7.117938069696379,7.117938069696379,0.0846624944216105,0.0846637688798086,50.359525570999516,51.98852577922531,0,2
2023-06-03 11:58:00,2023-06-03 11:58:59,0.0847,0.0847,0.0847,0.0847,0.08478680642083855,0.0847,0.0847,0.08478680642083855,True,9.202992328539933e-05,2.2498032616946355e-06,0,0.08468263952808837,0.0846879368080017,1.4351929082889683,0.0,0.08466286761144522,0.08466412938846722,35.439062850793675,46.01829025833367,0,1
2023-06-03 11:59:00,2023-06-03 11:59:59,0.0847,0.0847,0.0847,0.0847,0.08474340321041927,0.0847,0.0847,0.08474340321041927,True,8.545635733644223e-05,-2.8620767555898235e-06,0,0.08468528816804505,0.08468995842358112,-2.353303865982639,-0.0,0.08466323708794825,0.08466448630997502,20.51860013058787,35.43906285079375,0,1
2023-06-03 12:00:00,2023-06-03 12:00:59,0.0848,0.0848,0.0847,0.0849,0.08472170160520964,0.08479999999999999,0.0847,0.0849,True,9.363804609812534e-05,6.461641767243465e-07,0,0.0846876232958131,0.08469230505798359,1.39242416491782,0.0,0.08466459791294378,0.08466583470490063,19.361262453124635,25.106308478168796,0,2
2023-06-03 12:01:00,2023-06-03 12:01:59,0.0849,0.0848,0.0848,0.0849,0.08476085080260481,0.08485000000000001,0.0848,0.0849,True,9.409247137683087e-05,2.7118665069797974e-06,0,0.08468996417689835,0.08469523453475682,3.8895761855181235,3.8895761855181235,0.08466644270982991,0.08466716968296133,52.69459578645797,30.85815279005689,0,2
2023-06-03 12:02:00,2023-06-03 12:02:59,0.0848,0.0848,0.0847,0.0849,0.08480542540130241,0.08479999999999999,0.0847,0.0849,True,0.0001016572948499148,3.7477501155791955e-06,0,0.0846925993558276,0.08469825973492814,5.554344199251659,5.554344199251659,0.0846677716380903,0.08466849137765822,72.7611120291725,48.27232342291844,0,2
2023-06-03 12:03:00,2023-06-03 12:03:59,0.0848,0.0847,0.0847,0.0849,0.0848027127006512,0.08477499999999999,0.0847,0.0849,True,0.000108681773789207,-2.791946297253621e-06,0,0.08469542954537788,0.084701168016127,-0.23882179829333694,-0.0,0.08466883858696503,0.08466880489628849,67.19956959493062,64.21842580352043,0,1
2023-06-03 12:04:00,2023-06-03 12:04:59,0.0848,0.0848,0.0847,0.0848,0.0847888563503256,0.08477499999999999,0.0847,0.0848,True,0.00010806164708997814,-2.1702408286247574e-07,0,0.08469829878075244,0.08470396429229468,2.015236299824913,0.0,0.08466989491943304,0.08467011032020602,47.6659562804802,62.54221263486118,0,2
2023-06-03 12:05:00,2023-06-03 12:05:59,0.0847,0.0849,0.0847,0.0849,0.0847819281751628,0.08479999999999999,0.0847,0.0849,True,0.00011462867229783726,8.135523665493885e-06,0,0.08470113153652356,0.08470682472727202,7.323760203046739,7.323760203046739,0.08467118949734913,0.08467239777970646,47.300567670441716,54.05536451528425,0,2
2023-06-03 12:06:00,2023-06-03 12:06:59,0.0848,0.0849,0.0848,0.0849,0.08479096408758138,0.08485000000000001,0.0848,0.0849,True,0.00011358376713370624,1.297804549501695e-05,0,0.0847039781318978,0.08471005910247874,10.862776138527956,10.862776138527956,0.08467296870633073,0.08467466247841585,64.1865540968501,53.05102601592407,0,2
2023-06-03 12:07:00,2023-06-03 12:07:59,0.0848,0.0849,0.0848,0.0849,0.0848204820437907,0.08485000000000001,0.0848,0.0849,True,0.00011261349805272742,1.5312620125070738e-05,0,0.08470701861718827,0.08471356569220424,13.222120095515436,13.222120095515436,0.08467473021174038,0.08467690464280972,81.0725405232585,64.18655409685017,0,2
2023-06-03 12:08:00,2023-06-03 12:08:59,0.0848,0.0849,0.0848,0.0849,0.08483524102189535,0.08485000000000001,0.0848,0.0849,True,0.00011171253390610424,1.589591228420675e-05,0,0.08471029215469625,0.0847172625394001,14.795016066840418,14.795016066840418,0.08467647418973301,0.08467912449711013,92.05711933587368,79.10540465199416,0,2
2023-06-03 12:09:00,2023-06-03 12:09:59,0.0848,0.0847,0.0847,0.0849,0.08484262051094768,0.08477499999999999,0.0847,0.0849,True,0.00011801878148424007,1.580519863529715e-06,0,0.08471377734704817,0.08472056923357728,4.037193562863905,4.037193562863905,0.08467745454605408,0.0846793322135568,68.89219697626557,80.67395227846599,0,1
2023-06-03 12:10:00,2023-06-03 12:10:59,0.0847,0.0849,0.0847,0.0849,0.08480881025547383,0.08479999999999999,0.0847,0.0849,True,0.00012387458280679477,5.701394672387232e-06,0,0.08471717329031273,0.08472371759668709,5.521421866046815,5.521421866046815,0.08467867390380478,0.08468152791292438,52.31814277403449,71.08915302872465,0,2
2023-06-03 12:11:00,2023-06-03 12:11:59,0.0848,0.0848,0.0848,0.0849,0.0848044051277369,0.08482500000000001,0.0848,0.0849,True,0.0001221692554634525,9.761247808036017e-07,0,0.08472044544349991,0.08472689123010159,2.8535644452006252,0.0,0.08468012988486144,0.08468270673966145,42.136448651375254,54.44892946722518,0,1
2023-06-03 12:12:00,2023-06-03 12:12:59,0.0849,0.0849,0.0849,0.0849,0.08481470256386846,0.0849,0.0849,0.0849,True,0.00012058573721606323,4.45639855593546e-06,0,0.08472366833680076,0.08473057756426429,4.28942374028702,4.28942374028702,0.08468231764720113,0.08468486886165487,67.94899789902541,54.13452977481179,0,2
2023-06-03 12:13:00,2023-06-03 12:13:59,0.0848,0.0849,0.0848,0.0849,0.08485735128193422,0.08485000000000001,0.0848,0.0849,True,0.00011911532741491606,6.221131701931235e-06,0,0.08472712295053252,0.08473429920598577,5.246663270344612,5.246663270344612,0.08468398612832351,0.0846870094699966,70.19814387963018,60.09453014334368,0,2
2023-06-03 12:14:00,2023-06-03 12:14:59,0.0849,0.0849,0.0849,0.0849,0.08485367564096712,0.0849,0.0849,0.0849,True,0.00011060708974242205,6.787325448157018e-06,0,0.08473071107825914,0.08473836616434977,5.884822957049678,5.884822957049678,0.08468613552008149,0.08468912877875286,77.87263860128294,72.00659345997958,0,2
2023-06-03 12:15:00,2023-06-03 12:15:59,0.0848,0.0849,0.0848,0.0849,0.08487683782048355,0.08485000000000001,0.0848,0.0849,True,0.0001098494404751064,6.542124491066787e-06,0,0.08473453862130445,0.08474233403610222,6.310262748186389,6.310262748186389,0.08468776601241898,0.08469122699985979,56.881876475063535,68.31755298532562,0,2
2023-06-03 12:16:00,2023-06-03 12:16:59,0.0848,0.0849,0.0848,0.0849,0.08486341891024178,0.08485000000000001,0.0848,0.0849,True,0.00010914590901259901,5.772660022661266e-06,0,0.08473843632870333,0.08474619667244865,6.593889275610856,6.593889275610856,0.08468938028095213,0.08469330434314476,52.86364945851248,62.53938817828638,0,1
2023-06-03 12:17:00,2023-06-03 12:17:59,0.0849,0.0849,0.0848,0.0849,0.08485670945512089,0.084875,0.0848,0.0849,True,0.00010849262979741358,4.689365778541857e-06,0,0.08474231650057598,0.08475012148101334,6.782973627227172,6.782973627227172,0.08469122724333071,0.0846953610163473,43.616051240752746,51.120525724776314,0,1
2023-06-03 12:18:00,2023-06-03 12:18:59,0.0848,0.0848,0.0848,0.085,0.08486585472756045,0.08485000000000001,0.0848,0.085,True,0.00011502887052617016,-3.4129902863830748e-06,0,0.08474621899079465,0.08475389678325543,0.158691999280407,0.0,0.08469280707175528,0.08469640220026424,41.740262874934686,46.073321191400034,0,1
2023-06-03 12:19:00,2023-06-03 12:19:59,0.0849,0.0849,0.0849,0.0849,0.08485792736378023,0.0849,0.0849,0.0849,True,0.00011395537977430107,-1.969747492487159e-06,0,0.08475005788702504,0.08475787152870327,2.015997239335647,0.0,0.08469486869293184,0.08469842804901782,53.14140938278149,46.165907832823045,0,2
2023-06-03 12:20:00,2023-06-03 12:20:59,0.0849,0.085,0.0848,0.085,0.08487896368189012,0.084925,0.0848,0.085,True,0.00012010142407613712,5.5834344340658805e-06,0,0.08475396470786416,0.08476214755279547,7.144140873913905,7.144140873913905,0.08469715855668376,0.08470142876494799,64.08154244999804,52.98773823590481,0,2
2023-06-03 12:21:00,2023-06-03 12:21:59,0.0849,0.0849,0.0849,0.085,0.08490198184094505,0.08492500000000001,0.0849,0.085,True,0.00011866560807069895,3.0243550693954388e-06,0,0.08475805613032981,0.08476663143761046,5.163843652393496,5.163843652393496,0.08469942563572173,0.08470340459813258,83.48580150244725,66.90291777840899,0,1
2023-06-03 12:22:00,2023-06-03 12:22:59,0.085,0.085,0.085,0.085,0.08491349092047254,0.085,0.085,0.085,True,0.00011733235035136352,7.751634653497217e-06,0,0.08476234378397013,0.08477176278817587,7.484348494483378,7.484348494483378,0.08470241642541604,0.0847063557961611,93.07541712081985,80.21425369108844,0,2
2023-06-03 12:23:00,2023-06-03 12:23:59,0.0849,0.0848,0.0848,0.0849,0.08495674546023627,0.08485000000000001,0.0848,0.08495674546023627,True,0.00012323718246912366,-3.606561157487183e-06,0,0.084767053286073,0.08477633952703835,1.7945392488121712,0.0,0.08470388491869547,0.08470728757928388,63.20437522707824,79.92186461678185,0,1
2023-06-03 12:24:00,2023-06-03 12:24:59,0.0848,0.0848,0.0848,0.0849,0.08490337273011814,0.08482500000000001,0.0848,0.08490337273011814,True,0.00012157738372132932,-1.1134375434597953e-05,0,0.08477169640655567,0.08478027668832432,-1.9986669149686307,-0.0,0.08470509004388259,0.0847082100909328,33.333333333333165,63.20437522707716,0,-2
2023-06-03 12:25:00,2023-06-03 12:25:59,0.0849,0.0849,0.0848,0.0849,0.08486418636505907,0.084875,0.0848,0.0849,True,0.00012003614202694885,-8.97242586603993e-06,0,0.08477598654744,0.08478402634574621,-0.5346619035418954,-0.0,0.08470678069021212,0.08471011844823695,7.803176450177671,34.780295003529766,0,2
2023-06-03 12:26:00,2023-06-03 12:26:59,0.0849,0.0849,0.0848,0.0849,0.08486959318252954,0.084875,0.0848,0.0849,True,0.00011860498902502413,-7.485308467908396e-06,0,0.0847800064465931,0.08478760265341972,0.4413414374092568,0.0,0.08470845451419011,0.08471200781691121,15.606352900355509,18.91428756128886,0,2
2023-06-03 12:27:00,2023-06-03 12:27:59,0.0848,0.0849,0.0848,0.0849,0.08487229659126477,0.08485000000000001,0.0848,0.0849,True,0.0001172760612375226,-6.489038350534579e-06,0,0.08478380455000642,0.08479084641775672,1.0920103313766916,0.0,0.08470986292698424,0.08471387838589717,19.023035578365647,14.144188309633018,0,2
2023-06-03 12:28:00,2023-06-03 12:28:59,0.0848,0.0849,0.0848,0.0849,0.08485000000000001,0.08485000000000001,0.0848,0.0849,True,0.00011604205686341405,-5.844252172863734e-06,0,0.08478732548388157,0.08479380611271324,1.5257895940216528,0.0,0.08471125732572071,0.0847157303422564,14.636541806197945,16.421976761639776,0,1
2023-06-03 12:29:00,2023-06-03 12:29:59,0.0849,0.0849,0.0849,0.0849,0.08485000000000001,0.0849,0.0849,0.0849,True,0.00010775333851602733,-5.446119069191161e-06,0,0.08479056579829741,0.08479686490436708,1.8149757691182913,0.0,0.0847131353622807,0.08471756387118917,18.984073610672798,17.54788366507887,0,1
2023-06-03 12:30:00,2023-06-03 12:30:59,0.0848,0.0849,0.0848,0.0849,0.084875,0.08485000000000001,0.0848,0.0849,True,0.00010719952862202558,-5.2164384693353355e-06,0,0.08479371535133225,0.08479963767581074,2.0077665525160526,0.0,0.08471449719947194,0.08471937915605296,18.326786729405956,17.315800715425638,0,-2
2023-06-03 12:31:00,2023-06-03 12:31:59,0.0849,0.0848,0.0848,0.0849,0.08486250000000001,0.08485000000000001,0.0848,0.0849,True,0.00010668527657759538,-1.1954605983024401e-05,0,0.08479667651357149,0.08480216623737058,-4.414745822993133,-4.414745822993133,0.08471584548604436,0.08472018135350518,17.669499848139115,18.326786729406027,0,-2
2023-06-03 12:32:00,2023-06-03 12:32:59,0.0849,0.0848,0.0848,0.0849,0.08485625000000001,0.08485000000000001,0.0848,0.0849,True,0.00010620775682205306,-1.6018510052386375e-05,0,0.08479942137547104,0.08480448518215015,-8.696420739999255,-8.696420739999255,0.08471718035682999,0.08472097556889319,8.278187390229705,14.758157989258331,0,-2
2023-06-03 12:33:00,2023-06-03 12:33:59,0.0849,0.0849,0.0849,0.0849,0.084853125,0.0849,0.0849,0.0849,True,0.00010576434562047805,-1.1287664414131598e-05,0,0.0848019532788106,0.08480696623691039,-3.687880775311257,-3.687880775311257,0.08471899945775704,0.08472275690651614,17.8867955166688,14.61149425167928,0,-1
2023-06-03 12:34:00,2023-06-03 12:34:59,0.0849,0.0848,0.0848,0.0849,0.0848765625,0.08485000000000001,0.0848,0.0849,True,0.00010535260664758696,-1.4779006051666826e-05,0,0.0848044597578605,0.08480921484615106,-5.9104151288753,-5.9104151288753,0.08472030294573957,0.084723525494511,17.303059505407884,14.48934747076887,0,-2
2023-06-03 12:35:00,2023-06-03 12:35:59,0.0849,0.0848,0.0848,0.0849,0.08486328125,0.08485000000000001,0.0848,0.0849,True,0.00010497027760133095,-1.654821750166722e-05,0,0.08480683730200578,0.08481126502154877,-7.3921046979180005,-7.3921046979180005,0.0847215934636924,0.08472428643486413,16.719323494146987,17.303059505407962,-1,-2
2023-06-03 12:36:00,2023-06-03 12:36:59,0.0849,0.0849,0.0848,0.0849,0.08485664062500001,0.084875,0.0848,0.0849,True,0.00010461525777266465,-1.0240424728574458e-05,0,0.08480905116177727,0.08481331642878952,-2.3645289826179834,-0.0,0.08472311989688949,0.08472603482854707,24.035456921682353,19.35261330707915,1,-1
2023-06-03 12:37:00,2023-06-03 12:37:59,0.0849,0.0849,0.0849,0.0849,0.0848658203125,0.0849,0.0849,0.0849,True,9.714273936033146e-05,-5.834232288843575e-06,0,0.08481118379528338,0.08481552625762029,0.987188160915359,0.0,0.08472487989791547,0.08472776582527794,54.812858523911,31.85587964658019,0,-1
2023-06-03 12:38:00,2023-06-03 12:38:59,0.0849,0.0849,0.0848,0.0849,0.08488291015625,0.084875,0.0848,0.0849,True,9.734682940602227e-05,-2.845786447996506e-06,0,0.08481335502645183,0.08481767412452054,3.2216662566042515,0.0,0.08472637363027452,0.08472947959816074,66.69144171186217,48.51325238581858,0,-1
2023-06-03 12:39:00,2023-06-03 12:39:59,0.0849,0.0848,0.0848,0.0849,0.08487895507812501,0.08485000000000001,0.0848,0.0849,True,9.75363415913066e-05,-7.760628978307972e-06,0,0.08481551457548618,0.08481958694511939,-1.8396321753503457,-0.0,0.08472760374340611,0.08473018129370143,47.007304361144406,56.17053486563926,0,-2
2023-06-03 12:40:00,2023-06-03 12:40:59,0.0849,0.0849,0.0848,0.0849,0.08486447753906251,0.084875,0.0848,0.0849,True,9.771231719192777e-05,-3.837566849705879e-06,0,0.08481755076030278,0.08482147311471526,0.7793958424074248,0.0,0.08472907037282496,0.08473187103207255,30.17602824074862,47.958258104585134,0,-1
2023-06-03 12:41:00,2023-06-03 12:41:59,0.0849,0.0848,0.0848,0.0849,0.08486973876953126,0.08485000000000001,0.0848,0.0849,True,9.787572310679027e-05,-8.084686593362769e-06,0,0.08481951193750903,0.08482315383407314,-2.2971944262811377,-0.0,0.08473027365269735,0.08473254893225093,16.121785267315072,31.10170595640277,-1,-2
2023-06-03 12:42:00,2023-06-03 12:42:59,0.0849,0.0849,0.0849,0.0849,0.08485986938476564,0.0849,0.0849,0.0849,True,9.802745717059118e-05,-3.6959068135324124e-06,0,0.08482133288579109,0.08482500432266488,0.2615204016108237,0.0,0.0847319624720735,0.08473421511202953,46.96872232325601,31.08884527710664,1,-1
2023-06-03 12:43:00,2023-06-03 12:43:59,0.0849,0.0849,0.0848,0.0849,0.08487993469238282,0.084875,0.0848,0.0849,True,9.816835308697773e-05,-7.719096065065304e-07,0,0.08482316860422799,0.08482680424886203,1.9673302868721265,0.0,0.08473338573105785,0.08473586471290485,45.038758646958975,36.04308874584342,0,-1
2023-06-03 12:44:00,2023-06-03 12:44:59,0.0849,0.0849,0.0849,0.0849,0.08487746734619142,0.0849,0.0849,0.0849,True,9.115632786647932e-05,1.0750395802491893e-06,0,0.08482498642654501,0.08482872354410911,3.1045368770463284,0.0,0.08473504358448015,0.08473749789984113,74.27260844349208,55.42669647123575,0,-1
2023-06-03 12:45:00,2023-06-03 12:45:59,0.0849,0.0848,0.0848,0.0849,0.08488873367309571,0.08485000000000001,0.0848,0.0849,True,9.178801873315956e-05,-4.7161780219540035e-06,0,0.08482685498532706,0.08483038059786893,-1.494280873341303,-0.0,0.0847361874294107,0.0847381198112855,43.42567138755112,54.245679492667456,0,-2
2023-06-03 12:46:00,2023-06-03 12:46:59,0.0849,0.0849,0.0848,0.0849,0.08486936683654786,0.084875,0.0848,0.0849,True,9.237458882364838e-05,-1.4637048263494938e-06,0,0.08482861779159799,0.08483199134449719,0.6652333998507345,0.0,0.08473756864901856,0.08473973055943192,43.57420366901281,53.75749450001874,0,-1
2023-06-03 12:47:00,2023-06-03 12:47:59,0.0849,0.0848,0.0848,0.0849,0.08487218341827393,0.08485000000000001,0.0848,0.0849,True,9.291926105053084e-05,-6.2221340831941384e-06,0,0.08483030456804759,0.08483338305517367,-2.231729354754883,-0.0,0.08473868736892883,0.08474033025535797,14.340353872479719,33.780076309681284,-1,-2
2023-06-03 12:48:00,2023-06-03 12:48:59,0.0849,0.0848,0.0848,0.0849,0.08486109170913697,0.08485000000000001,0.0848,0.0849,True,9.342502811835027e-05,-9.078911801300805e-06,0,0.08483184381161063,0.08483459276868964,-4.1630378578252945,-4.1630378578252945,0.08473979495729769,0.08474092398416039,14.340353872479719,24.084970471324155,0,-2
2023-06-03 12:49:00,2023-06-03 12:49:59,0.0849,0.0848,0.0848,0.0849,0.08485554585456849,0.08485000000000001,0.0848,0.0849,True,9.389466896703974e-05,-1.0563127383259447e-05,0,0.08483321829015013,0.08483565089464001,-5.4505768598722355,-5.4505768598722355,0.08474089152488677,0.08474151180521351,-1.7763568394002505e-13,9.560235914986492,0,-2
2023-06-03 12:50:00,2023-06-03 12:50:59,0.0849,0.0848,0.0848,0.0849,0.08485277292728424,0.08485000000000001,0.0848,0.0849,True,9.433076404082282e-05,-1.1076055354118143e-05,0,0.08483443459239506,0.08483658241476465,-6.308936194570194,-6.308936194570194,0.08474197718135557,0.08474209377730094,-1.4263123496827177e-13,4.780117957493205,0,-2
2023-06-03 12:51:00,2023-06-03 12:51:59,0.0849,0.0848,0.0848,0.0849,0.08485138646364213,0.08485000000000001,0.0848,0.0849,True,9.473570946647853e-05,-1.0919903376323684e-05,0,0.08483550850357986,0.08483740786601363,-6.881175751035499,-6.881175751035499,0.08474305203527242,0.08474266995862133,-1.4263123496827177e-13,-8.188664388449542e-14,0,-2
2023-06-03 12:52:00,2023-06-03 12:52:59,0.0849,0.0848,0.0848,0.0849,0.08485069323182107,0.08485000000000001,0.0848,0.0849,True,9.511173021887313e-05,-1.0320353221133013e-05,0,0.08483645818479674,0.08483814414501743,-7.262668788679036,-7.262668788679036,0.08474411619412543,0.08474324040679425,-1.0547149809389637e-13,-5.78319152691192e-14,0,-2
2023-06-03 12:53:00,2023-06-03 12:53:59,0.0849,0.0848,0.0848,0.0849,0.08485034661591054,0.08485000000000001,0.0848,0.0849,True,9.546089234609667e-05,-9.444201592972152e-06,0,0.08483730116490708,0.08483880516642855,-7.51699748044139,-7.51699748044139,0.08474516976433313,0.08474380517886594,-1.0331621019127423e-13,-4.472690701012002e-14,0,-1
2023-06-03 12:54:00,2023-06-03 12:54:59,0.0849,0.0848,0.0848,0.0849,0.08485017330795527,0.08485000000000001,0.0848,0.0849,True,9.578511432137568e-05,-8.413136960524921e-06,0,0.08483805316566781,0.08483940240169784,-7.686549941616299,-7.686549941616299,0.08474621285125519,0.08474436433131503,-6.615647331689882e-14,-1.9235319792995706e-14,0,-1
2023-06-03 12:55:00,2023-06-03 12:55:59,0.0849,0.0849,0.0849,0.0849,0.08485008665397764,0.0849,0.0849,0.0849,True,9.608617758413476e-05,-4.573304354104275e-07,0,0.08483872778368282,0.08484028837319321,1.9547062307605216,0.0,0.08474774307164071,0.08474591294493379,33.33333333333323,11.111111111111093,0,-1
2023-06-03 12:56:00,2023-06-03 12:56:59,0.0849,0.0849,0.0849,0.0849,0.08487504332698882,0.0849,0.0849,0.0849,True,8.9222879185268e-05,4.761938033370845e-06,0,0.08483950807843801,0.0848413955900433,8.38221034567841,8.38221034567841,0.08474925806595274,0.08474744614946181,66.66666666666653,33.33333333333331,0,-1
2023-06-03 12:57:00,2023-06-03 12:57:59,0.085,0.085,0.0849,0.085,0.08488752166349442,0.08497500000000001,0.0849,0.085,True,8.999267352917764e-05,1.4826984638909361e-05,0,0.08484045183424066,0.08484318397799188,16.700662299592423,16.700662299592423,0.08475150425435121,0.084749959123099,99.99999999999982,66.6666666666666,1,2
2023-06-03 12:58:00,2023-06-03 12:58:59,0.0849,0.0849,0.0849,0.0849,0.08493126083174721,0.0849,0.0849,0.08493126083174721,True,9.070748256280802e-05,1.3834582062190172e-05,0,0.08484181790611628,0.08484498180673362,12.927082506607569,12.927082506607569,0.08475298182395966,0.08475145206714776,76.3894283488231,81.01869833849656,0,2
2023-06-03 12:59:00,2023-06-03 12:59:59,0.085,0.0849,0.0849,0.085,0.0849156304158736,0.08495000000000001,0.0849,0.085,True,9.137123380832194e-05,1.2572312730571016e-05,0,0.08484339985642496,0.08484711778643435,10.411362644617668,10.411362644617668,0.08475494220382075,0.08475293015603187,63.03016376620352,79.8065307050089,0,2
2023-06-03 13:00:00,2023-06-03 13:00:59,0.0849,0.085,0.0849,0.085,0.0849328152079368,0.08495000000000001,0.0849,0.085,True,9.198757425058487e-05,1.8028856229883145e-05,0,0.08484525882142965,0.08484950533967087,13.578902641204195,13.578902641204195,0.08475688307741458,0.08475538856243951,49.67089918358395,63.03016376620361,0,2
2023-06-03 13:01:00,2023-06-03 13:01:59,0.0849,0.085,0.0849,0.085,0.0849414076039684,0.08495000000000001,0.0849,0.085,True,9.25598903755433e-05,2.0697752510568796e-05,0,0.08484738208055026,0.08485207457736706,15.690595972261889,15.690595972261889,0.08475880463883334,0.08475782250709185,59.92220625214109,57.54108973397627,0,2
2023-06-03 13:02:00,2023-06-03 13:02:59,0.0849,0.0849,0.0849,0.085,0.08494570380198421,0.08492500000000001,0.0849,0.085,True,9.309132677729043e-05,1.455358642584803e-05,0,0.08484972832895867,0.08485459770222656,9.657493823544065,9.657493823544065,0.08476045832401907,0.08475923720851382,52.2992836372269,53.964129690984066,0,1
2023-06-03 13:03:00,2023-06-03 13:03:59,0.0849,0.0849,0.0849,0.085,0.0849353519009921,0.08492500000000001,0.0849,0.085,True,9.35848034360556e-05,9.820748152074632e-06,0,0.08485216301559262,0.08485706721080563,5.635425724398857,5.635425724398857,0.08476209555462585,0.08476063783330473,44.67636102231271,52.299283637226985,0,1
2023-06-03 13:04:00,2023-06-03 13:04:59,0.085,0.0849,0.0849,0.085,0.08493017595049607,0.08495000000000001,0.0849,0.085,True,9.404303176205183e-05,6.196837417104247e-06,0,0.08485461511319912,0.08485964909004161,2.954046991635387,0.0,0.08476396525059973,0.08476202452153056,43.2026081549877,46.726084271509194,0,1
2023-06-03 13:05:00,2023-06-03 13:05:59,0.085,0.0849,0.0849,0.085,0.08494008797524805,0.08495000000000001,0.0849,0.085,True,9.446852949333404e-05,3.442471193412676e-06,0,0.08485713210162037,0.08486230172504872,1.1664611697930738,0.0,0.08476581634263357,0.08476339741186359,49.35177790257688,45.74358235995919,0,1
2023-06-03 13:06:00,2023-06-03 13:06:59,0.0849,0.0849,0.0849,0.0849,0.08494504398762404,0.0849,0.0849,0.08494504398762404,True,8.772077738666732e-05,1.3683371761240787e-06,0,0.08485971691333455,0.08486464881350167,-0.025262711435139806,-0.0,0.08476715150340339,0.08476475664159629,39.69132597769944,44.08190401175477,0,1
2023-06-03 13:07:00,2023-06-03 13:07:59,0.0849,0.0849,0.0849,0.085,0.08492252199381202,0.08492500000000001,0.0849,0.085,True,8.859786471619129e-05,-1.751155317180772e-07,0,0.08486218286341811,0.08486691076606753,-0.8197452989206155,-0.0,0.08476872213521032,0.08476610234665503,30.630413488384836,39.89117245622048,0,1
2023-06-03 13:08:00,2023-06-03 13:08:59,0.0849,0.0849,0.0849,0.0849,0.08492376099690602,0.0849,0.0849,0.08492376099690602,True,8.226944580789191e-05,-1.3058827480625053e-06,0,0.08486454681474283,0.08486891864456404,-1.3494003572442637,-0.0,0.08477002838262117,0.0847674346616137,12.130097604996093,27.483945690360226,0,1
2023-06-03 13:09:00,2023-06-03 13:09:59,0.0849,0.085,0.0849,0.085,0.08491188049845301,0.08495000000000001,0.0849,0.085,True,8.353591396447128e-05,4.740207890008043e-06,0,0.08486673272965344,0.08487105576575038,7.619198736251171,7.619198736251171,0.08477181914498315,0.08476974874458272,22.86573653323835,21.87541587553986,0,2
2023-06-03 13:10:00,2023-06-03 13:10:59,0.0849,0.0849,0.0849,0.0849,0.08493094024922651,0.0849,0.0849,0.08493094024922651,True,8.471192010986639e-05,1.4328748707835004e-06,0,0.08486889424770191,0.08487293692451801,3.7668331886077127,3.7668331886077127,0.08477309457637636,0.08477104477697493,13.426333139164214,16.140722425799655,0,1
2023-06-03 13:11:00,2023-06-03 13:11:59,0.0848,0.0848,0.0848,0.0849,0.08491547012461326,0.08482500000000001,0.0848,0.08491547012461326,True,8.58039258163047e-05,-7.775579756818351e-06,0,0.08487091558610997,0.08487408907576376,-3.6993815635855185,-3.6993815635855185,0.0847736110482532,0.08477133288864683,13.426333139164214,16.57280093718903,0,-2
2023-06-03 13:12:00,2023-06-03 13:12:59,0.0849,0.0849,0.0849,0.0849,0.08487023506230663,0.0849,0.0849,0.0849,True,8.681793111514028e-05,-6.658868792412367e-06,0,0.08487250233093686,0.08487517394903776,-2.343720004220991,-0.0,0.08477486864976312,0.08477261315841153,16.581632906152702,14.47809972816048,0,-1
2023-06-03 13:13:00,2023-06-03 13:13:59,0.0849,0.0849,0.0849,0.0849,0.08488511753115333,0.0849,0.0849,0.0849,True,8.061665032120168e-05,-5.7630314742094e-06,0,0.08487383813998732,0.08487619841050709,-1.4399456313112964,-0.0,0.08477611373782518,0.0847738806891736,33.16326581230558,21.057077285874268,0,-1
2023-06-03 13:14:00,2023-06-03 13:14:59,0.0849,0.0849,0.0849,0.0849,0.08489255876557666,0.0849,0.0849,0.0849,True,7.485831815540155e-05,-5.040807966087772e-06,0,0.08487501827524721,0.08487716828044257,-0.8374293827048334,-0.0,0.0847773464369513,0.08477513560768929,49.74489871845847,33.16326581230569,0,-1
2023-06-03 13:15:00,2023-06-03 13:15:59,0.0848,0.0848,0.0848,0.0848,0.08489627938278833,0.0848,0.0848,0.08489627938278833,True,7.665415257287308e-05,-1.1312170429050925e-05,0,0.0848760932778449,0.0848774024093939,-5.86834451416707,-5.86834451416707,0.08477757184553884,0.08477538301457796,33.16326581230558,38.690476781023314,-1,-2
2023-06-03 13:16:00,2023-06-03 13:16:59,0.0848,0.0848,0.0848,0.0848,0.08484813969139417,0.0848,0.0848,0.08484813969139417,True,7.1178855960525e-05,-1.4947917228984637e-05,0,0.0848767478436194,0.08487705567792063,-9.2222879351419,-9.2222879351419,0.08477779501125488,0.08477562795970654,16.581632906152702,33.16326581230569,0,-2
2023-06-03 13:17:00,2023-06-03 13:17:59,0.0849,0.0848,0.0848,0.0849,0.08482406984569708,0.08485000000000001,0.0848,0.0849,True,7.323750910620198e-05,-1.6692015446414783e-05,0,0.08487690176077001,0.08487659706307,-11.458250215791786,-11.458250215791786,0.08477851346885433,0.08477587046757015,11.388819423786813,20.377906047415134,0,-2
2023-06-03 13:18:00,2023-06-03 13:18:59,0.0849,0.0848,0.0848,0.0849,0.08483703492284855,0.08485000000000001,0.0848,0.0849,True,7.514911559861633e-05,-1.710754622694187e-05,0,0.08487674941192,0.08487605350823516,-12.948891736225043,-12.948891736225043,0.08477922477762195,0.0847761105624202,22.777638847573815,16.916030392504542,0,-2
2023-06-03 13:19:00,2023-06-03 13:19:59,0.0849,0.0848,0.0848,0.0849,0.08484351746142428,0.08485000000000001,0.0848,0.0849,True,7.692417877014394e-05,-1.6617530317342845e-05,0,0.08487640146007758,0.08487544680891759,-13.942652749847213,-13.942652749847213,0.08477992900869039,0.08477634826826676,35.57007613838423,23.245511469915055,0,-2
2023-06-03 13:20:00,2023-06-03 13:20:59,0.0849,0.0848,0.0848,0.0849,0.08484675873071215,0.08485000000000001,0.0848,0.0849,True,7.857245171513386e-05,-1.5536920804338223e-05,0,0.08487592413449759,0.08487479455810724,-14.60516009226199,-14.60516009226199,0.08478062623248452,0.08477658360888102,36.97369400540763,31.773802997121994,0,-2
2023-06-03 13:21:00,2023-06-03 13:21:59,0.0849,0.0848,0.0848,0.0849,0.08484837936535608,0.08485000000000001,0.0848,0.0849,True,8.010299087833878e-05,-1.4097625207803335e-05,0,0.08487535934630241,0.08487411091942049,-15.046831653871841,-15.046831653871841,0.08478131651872844,0.08477681660779762,38.37731187243105,36.973694005407744,0,-1
2023-06-03 13:22:00,2023-06-03 13:22:59,0.0849,0.0849,0.0848,0.0849,0.08484918968267804,0.084875,0.0848,0.0849,True,8.15242058156005e-05,-5.610890124960213e-06,0,0.08487473513286145,0.08487357878591294,-3.5416333953876773,-0.0,0.08478224869267144,0.08477804231319268,46.04367378114333,40.46489321966077,0,-1
2023-06-03 13:23:00,2023-06-03 13:23:59,0.0849,0.0848,0.0848,0.0849,0.08486209484133903,0.08485000000000001,0.0848,0.0849,True,8.284390540020066e-05,-6.653931838960256e-06,0,0.0848741569593872,0.0848729980579136,-4.945001372380119,-4.945001372380119,0.08478292283503291,0.08477826079763852,55.02167453789638,46.48088673049036,0,-2
2023-06-03 13:24:00,2023-06-03 13:24:59,0.0849,0.0849,0.0848,0.0849,0.08485604742066952,0.084875,0.0848,0.0849,True,8.406934072875795e-05,-8.628625920261001e-08,0,0.0848735775086504,0.0848725545821274,0.2761982725938026,0.0,0.0847838390257291,0.0847794721329854,75.56257058041929,58.87597296648644,0,-1
2023-06-03 13:25:00,2023-06-03 13:25:59,0.0849,0.0848,0.0848,0.0849,0.08486552371033476,0.08485000000000001,0.0848,0.0849,True,8.52072449624183e-05,-2.6071170857585934e-06,0,0.08487306604538891,0.08487205068210275,-1.856350368000058,-0.0,0.08478449734388105,0.08477967639036862,77.11917190793267,69.23447234208288,0,-2
2023-06-03 13:26:00,2023-06-03 13:26:59,0.0849,0.0849,0.0849,0.0849,0.08485776185516739,0.0849,0.0849,0.0849,True,8.626387032224576e-05,2.827796263894083e-06,0,0.08487255836374584,0.08487184572011351,1.3932804131387968,0.0,0.08478564662404144,0.0847808736402157,88.68206719370255,80.4546032273516,0,-1
2023-06-03 13:27:00,2023-06-03 13:27:59,0.0848,0.0849,0.0848,0.0849,0.0848788809275837,0.08485000000000001,0.0848,0.0849,True,8.724502244208555e-05,6.30056558153679e-06,0,0.08487220204192968,0.08487153446722584,3.5597009338980357,3.5597009338980357,0.08478628695614053,0.08478205897712898,72.74425744735476,79.5151655163301,0,-1
2023-06-03 13:28:00,2023-06-03 13:28:59,0.0848,0.0848,0.0848,0.0848,0.08486444046379185,0.0848,0.0848,0.08486444046379185,True,8.815609226765107e-05,1.481398966948425e-06,0,0.08487186825457775,0.0848707986131189,-0.09979988281871499,-0.0,0.08478642340433813,0.08478223749476949,54.93414006664192,72.12015490256651,0,-2
2023-06-03 13:29:00,2023-06-03 13:29:59,0.0849,0.0848,0.0848,0.0849,0.08483222023189593,0.08485000000000001,0.0848,0.0849,True,8.900208567710476e-05,-1.6276630700520711e-06,0,0.08487133343384833,0.08487007656940096,-2.539467093963218,-0.0,0.08478705600728004,0.08478241423611506,41.50940189773291,56.395933137243304,0,-2
2023-06-03 13:30:00,2023-06-03 13:30:59,0.0849,0.0849,0.0848,0.0849,0.08484111011594797,0.084875,0.0848,0.0849,True,8.978765098588319e-05,3.368300659164051e-06,0,0.08487070500162464,0.08486954187927379,1.1129433541383875,0.0,0.08478793107188422,0.0847835842437159,50.15547128665319,48.86633775034278,0,-1
2023-06-03 13:31:00,2023-06-03 13:31:59,0.0849,0.0849,0.0848,0.0849,0.08485805505797399,0.084875,0.0848,0.0849,True,9.051710448689173e-05,6.517460960161794e-06,0,0.08487012344044921,0.08486915836248911,3.547883652872791,3.547883652872791,0.08478879742937791,0.08478474260945007,71.99178111623577,54.55221810020739,0,-1
2023-06-03 13:32:00,2023-06-03 13:32:59,0.0848,0.0849,0.0848,0.0849,0.08486652752898699,0.08485000000000001,0.0848,0.0849,True,9.119445416639966e-05,8.320574686764088e-06,0,0.08486964090146916,0.0848687249702865,5.171177185362396,5.171177185362396,0.08478940641018012,0.08478588944915703,69.50091515910886,63.88272252066603,1,2
2023-06-03 13:33:00,2023-06-03 13:33:59,0.0848,0.0848,0.0848,0.0848,0.0848582637644935,0.0848,0.0848,0.0848582637644935,True,9.182342172594275e-05,2.3017445021323423e-06,0,0.08486918293587782,0.08486791223117475,-0.031732141101201705,-0.0,0.08478951181903405,0.084786029852648,45.556307724456,62.34966799993364,-1,-2
2023-06-03 13:34:00,2023-06-03 13:34:59,0.0849,0.0848,0.0848,0.0849,0.08482913188224675,0.08485000000000001,0.0848,0.0849,True,9.240746303123277e-05,-1.6505937694790154e-06,0,0.08486854758352629,0.08486714945900153,-3.5003383587435977,-3.5003383587435977,0.08479011369148147,0.08478616885908932,39.288258427904985,51.44849377049004,0,-2
2023-06-03 13:35:00,2023-06-03 13:35:59,0.0849,0.0849,0.0849,0.0849,0.08483956594112338,0.0849,0.0849,0.0849,True,9.294978710043063e-05,2.7704078671625156e-06,0,0.0848678485212639,0.08486677431275193,0.5796481712900174,0.0,0.08479120708758613,0.08478730150725759,55.20386255394093,46.6828095687674,0,-1
2023-06-03 13:36:00,2023-06-03 13:36:59,0.0848,0.0849,0.0848,0.0849,0.08486978297056169,0.08485000000000001,0.0848,0.0849,True,9.345337373611436e-05,5.544870158152619e-06,0,0.08486731141700792,0.084866363867847,3.299639191312423,3.299639191312423,0.08479179209168974,0.08478842288529483,71.74681556763251,55.41297884982623,1,-1
2023-06-03 13:37:00,2023-06-03 13:37:59,0.0848,0.0849,0.0848,0.0849,0.08485989148528085,0.08485000000000001,0.0848,0.0849,True,9.392098989782068e-05,7.121173813975176e-06,0,0.08486683764242746,0.08486592844815104,5.112966537994026,5.112966537994026,0.084792371274857,0.08478953310534164,70.61321044322223,65.85462952159865,0,2
2023-06-03 13:38:00,2023-06-03 13:38:59,0.0848,0.0848,0.0848,0.0849,0.08485494574264044,0.08482500000000001,0.0848,0.0849,True,9.43552049051194e-05,9.832891532662444e-07,0,0.08486638304528925,0.084865304826482,-0.6120088379994186,-0.0,0.08479269593878877,0.0847896372535472,48.737021647416725,63.699015886090585,-1,-2
2023-06-03 13:39:00,2023-06-03 13:39:59,0.0849,0.0849,0.0848,0.0849,0.08483997287132022,0.084875,0.0848,0.0849,True,9.475840455475394e-05,3.846204436507927e-06,0,0.08486584393588562,0.08486488036395709,1.7408197730984014,0.0,0.08479351488467148,0.08479073539032782,56.894593184454514,58.74827509169791,1,-1
2023-06-03 13:40:00,2023-06-03 13:40:59,0.0848,0.0847,0.0847,0.0849,0.08485748643566011,0.08477499999999999,0.0847,0.0849,True,0.00010227566137227192,-8.177834724201577e-06,0,0.08486536214992135,0.0848639295067448,-4.539721601398384,-4.539721601398384,0.0847933306569633,0.08478983255062306,39.53728608076321,48.38963363754491,-1,-2
2023-06-03 13:41:00,2023-06-03 13:41:59,0.0848,0.0846,0.0846,0.0848,0.08481624321783005,0.0847,0.0846,0.08481624321783005,True,0.0001092559712742529,-2.2416396412525547e-05,-1,0.08486464582833309,0.08486205615942505,-10.922111022447588,-10.922111022447588,0.08479240199370994,0.08478794366952233,28.080141543235385,41.504006936151136,0,-2
2023-06-03 13:42:00,2023-06-03 13:42:59,0.0847,0.0847,0.0847,0.0847,0.08475812160891502,0.0847,0.0847,0.08475812160891502,True,0.00010859483046894933,-2.369654843242841e-05,0,0.08486335099387907,0.08485946938231104,-10.419405505710799,-10.419405505710799,0.08479148257088695,0.08478706860813405,1.282631451253053,22.96668635841731,0,-2
2023-06-03 13:43:00,2023-06-03 13:43:59,0.0847,0.0847,0.0846,0.0847,0.08472906080445751,0.084675,0.0846,0.08472906080445751,True,0.00010798091400688173,-2.3359670317346915e-05,0,0.08486141018809505,0.08485616713835809,-10.084268494552944,-10.084268494552944,0.08479032354033086,0.08478620225382426,-1.7319479184152442e-13,9.78759099816285,0,-2
2023-06-03 13:44:00,2023-06-03 13:44:59,0.0847,0.0846,0.0846,0.0847,0.08470203040222876,0.08465,0.0846,0.08470203040222876,True,0.00010741084872067609,-2.8811462478841802e-05,0,0.08485878866322656,0.08485215273264995,-12.811339626493755,-12.811339626493755,0.08478892728619822,0.08478434949507974,-1.7319479184152442e-13,0.42754381708433,0,-2
2023-06-03 13:45:00,2023-06-03 13:45:59,0.0847,0.0848,0.0847,0.0848,0.08467601520111438,0.08474999999999999,0.0847,0.0848,True,0.00011402435952634249,-1.7142565142529162e-05,0,0.08485547069793825,0.08484829128642246,-6.811108486977773,-6.811108486977773,0.08478853995001714,0.08478450522149686,18.51059668027484,6.170198893424925,0,-1
2023-06-03 13:46:00,2023-06-03 13:46:59,0.0847,0.0848,0.0847,0.0848,0.0847130076005572,0.08474999999999999,0.0847,0.0848,True,0.00011302261956017537,-8.614825472309521e-06,0,0.08485188099218036,0.0848445767598974,-2.8109543939671227,-0.0,0.08478815646792742,0.08478465939839738,37.02119336054986,18.510596680274936,0,-1
2023-06-03 13:47:00,2023-06-03 13:47:59,0.0848,0.0848,0.0847,0.0848,0.0847315038002786,0.08477499999999999,0.0847,0.0848,True,0.00011209243244873447,-2.486753477551676e-06,0,0.08484822887603888,0.08484117491647615,-0.14418499862668455,-0.0,0.0847880255577988,0.08478481204119939,59.723116875600304,38.418302305475095,0,-1
2023-06-03 13:48:00,2023-06-03 13:48:59,0.0847,0.0846,0.0846,0.0847,0.0847532519001393,0.08465,0.0846,0.0847532519001393,True,0.00011837154441668241,-1.1895503729118232e-05,0,0.08484470189625751,0.08483718495799199,-5.2196349341394,-5.2196349341394,0.08478665216916398,0.08478297311541631,48.60570343171176,48.45000455595406,0,-2
2023-06-03 13:49:00,2023-06-03 13:49:59,0.0846,0.0847,0.0846,0.0847,0.08470162595006965,0.08465,0.0846,0.08470162595006965,True,0.00011705929124406246,-1.033600169317261e-05,0,0.08484094342712474,0.08483275934774123,-4.62250494650408,-4.62250494650408,0.08478529244608772,0.08478214751227785,38.47502941856266,48.93461657529166,0,-1
2023-06-03 13:50:00,2023-06-03 13:50:59,0.0846,0.0846,0.0846,0.0846,0.08467581297503482,0.0846,0.0846,0.08467581297503482,True,0.00011584077044091535,-1.545261785873517e-05,0,0.08483685138743298,0.08482767805701041,-7.015707855545202,-7.015707855545202,0.0847834487401565,0.08478033509922035,18.35402753954987,35.14492012994152,0,-2
2023-06-03 13:51:00,2023-06-03 13:51:59,0.0846,0.0846,0.0846,0.0847,0.0846379064875174,0.08462499999999999,0.0846,0.0847,True,0.00011470928683799302,-1.7773451567814893e-05,0,0.08483226472222169,0.08482228693407133,-8.611176461572612,-8.611176461572612,0.08478187213577684,0.08477854072012363,18.773386557842343,25.200814505318377,0,-2
2023-06-03 13:52:00,2023-06-03 13:52:59,0.0846,0.0846,0.0846,0.0846,0.0846314532437587,0.0846,0.0846,0.0846314532437587,True,0.00010651576634956494,-1.8153507756328615e-05,0,0.0848272758281465,0.08481651734030576,-9.674822198924218,-9.674822198924218,0.08478006246278404,0.08477676419554528,15.172963001416377,17.43345903293628,0,-2
2023-06-03 13:53:00,2023-06-03 13:53:59,0.0846,0.0846,0.0846,0.0847,0.08461572662187936,0.08462499999999999,0.0846,0.0847,True,0.00010605035446745336,-1.7232089738993296e-05,0,0.08482189658422613,0.08481066088593249,-10.383919357158625,-10.383919357158625,0.08477851955270659,0.0847750053478284,25.780242814528393,19.90886412459579,0,-2
2023-06-03 13:54:00,2023-06-03 13:54:59,0.0847,0.0846,0.0846,0.0847,0.08462036331093967,0.08465,0.0846,0.0847,True,0.0001056181862912069,-1.5482464571009685e-05,0,0.08481627873507931,0.08480494775368366,-10.856650795981565,-10.856650795981565,0.08477724075118712,0.08477326400108384,37.97763182612431,26.31027921402311,0,-1
2023-06-03 13:55:00,2023-06-03 13:55:59,0.0847,0.0847,0.0847,0.0847,0.08463518165546983,0.0847,0.0847,0.0847,True,0.00010521688727040662,-6.393512375895338e-06,0,0.0848106132443815,0.08479972971128753,-4.803864324268233,-0.0,0.08477647218649868,0.08477253500604819,65.84399074212689,43.20062179425995,0,-1
2023-06-03 13:56:00,2023-06-03 13:56:59,0.0847,0.0847,0.0847,0.0847,0.08466759082773492,0.0847,0.0847,0.0847,True,9.770139532252044e-05,1.857595412520631e-07,0,0.08480517147783452,0.08479493725793423,-0.7686733431260109,-0.0,0.0847757112692201,0.08477181326469448,85.30164731967977,63.04108996264375,0,-1
2023-06-03 13:57:00,2023-06-03 13:57:59,0.0846,0.0847,0.0846,0.0847,0.08468379541386746,0.08465,0.0846,0.0847,True,9.786558137091204e-05,4.846747168876371e-06,0,0.08480005436788439,0.08479016970198071,1.9214539776354798,0.0,0.08477446041081989,0.08477109870484677,87.29963261239676,79.48175689140123,0,-1
2023-06-03 13:58:00,2023-06-03 13:58:59,0.0846,0.0847,0.0846,0.0847,0.08466689770693372,0.08465,0.0846,0.0847,True,9.801803984441852e-05,8.05032339146605e-06,0,0.08479511203493256,0.08478545445842911,3.7148721914764664,3.7148721914764664,0.08477322199877192,0.0847703912550473,75.39910681843374,82.66679558350351,0,-1
2023-06-03 13:59:00,2023-06-03 13:59:59,0.0846,0.0847,0.0846,0.0847,0.08465844885346686,0.08465,0.0846,0.0847,True,9.815960842696027e-05,1.015466110645731e-05,0,0.08479028324668085,0.08478081275238468,4.910484334037122,4.910484334037122,0.0847719959092319,0.08476969084454931,63.498581024470674,75.39910681843381,0,-1
2023-06-03 14:00:00,2023-06-03 14:00:59,0.0846,0.0847,0.0846,0.0847,0.08465422442673343,0.08465,0.0846,0.0847,True,9.829106496789188e-05,1.1437247968746752e-05,0,0.08478554799953278,0.08477626078997656,5.70755909574423,5.70755909574423,0.0847707820195878,0.08476899740331002,62.235996698218315,67.04456151370765,0,-1
2023-06-03 14:01:00,2023-06-03 14:01:59,0.0846,0.0846,0.0846,0.0847,0.08465211221336671,0.08462499999999999,0.0846,0.0847,True,9.84131317558998e-05,5.255146301497917e-06,0,0.08478090439475468,0.0847716391880808,-2.928963619824671,-0.0,0.08476933145222873,0.08476731583710793,55.8574991779104,60.53069230019988,0,-2
2023-06-03 14:02:00,2023-06-03 14:02:59,0.0847,0.0846,0.0846,0.0847,0.08463855610668336,0.08465,0.0846,0.0847,True,9.852647948762145e-05,1.3730217637870093e-06,0,0.08477627179141774,0.08476716599421719,-8.686645430203946,-8.686645430203946,0.08476814407459461,0.08476565100290785,59.30908475198705,59.13419354270534,0,-2
2023-06-03 14:03:00,2023-06-03 14:03:59,0.0847,0.0847,0.0846,0.0847,0.08464427805334168,0.084675,0.0846,0.0847,True,9.863173095279155e-05,6.007103505791854e-06,0,0.08477171889281747,0.0847630118604946,-2.9613821780747642,-0.0,0.08476721726788222,0.08476499775909782,71.89708585258087,62.35455659415953,0,-1
2023-06-03 14:04:00,2023-06-03 14:04:59,0.0847,0.0846,0.0846,0.0847,0.08465963902667084,0.08465,0.0846,0.0847,True,9.872946445616379e-05,2.215019264697061e-06,0,0.08476736537665604,0.08475896590025336,-5.559903357392365,-0.0,0.08476605092690827,0.08476335599035058,82.24125224567217,71.14914095008012,0,-2
2023-06-03 14:05:00,2023-06-03 14:05:59,0.0847,0.0846,0.0846,0.0847,0.08465481951333542,0.08465,0.0846,0.0847,True,9.882021699500944e-05,-1.0558856929871276e-09,0,0.08476316563845471,0.08475503286534472,-7.292250810270765,-7.292250810270765,0.08476489619131714,0.08476173055761077,82.75533554437891,78.96455788087741,0,-2
2023-06-03 14:06:00,2023-06-03 14:06:59,0.0847,0.0847,0.0846,0.0848,0.08465240975666771,0.0847,0.0846,0.0848,True,0.00010604734435250916,5.758448918928677e-06,0,0.08475909925189971,0.08475155877531994,-1.9360438793305406,-0.0,0.08476425045807019,0.08476111632320668,82.75533554437891,82.5839744448101,0,-1
2023-06-03 14:07:00,2023-06-03 14:07:59,0.0848,0.0847,0.0847,0.0848,0.08467620487833386,0.08474999999999999,0.0847,0.0848,True,0.00010561539118447301,9.54927589682861e-06,0,0.08475532901360983,0.08474881290495517,1.634760741296276,0.0,0.0847641086624675,0.08476050820058771,91.37766777218935,85.62944628698249,0,-1
2023-06-03 14:08:00,2023-06-03 14:08:59,0.0848,0.0847,0.0847,0.0848,0.08471310243916692,0.08474999999999999,0.0847,0.0848,True,0.00010521429181415372,1.188150134466655e-05,0,0.0847520709592825,0.08474665920664086,4.015297155047492,4.015297155047492,0.08476396827776633,0.08475990612894008,99.99999999999979,91.37766777218944,0,2
2023-06-03 14:09:00,2023-06-03 14:09:59,0.0847,0.0847,0.0847,0.0848,0.08473155121958345,0.084725,0.0847,0.0848,True,0.00010484184239885722,1.3146585719737447e-05,0,0.08474936508296169,0.08474481497962057,5.602321430881631,5.602321430881631,0.08476358053370896,0.0847593100480551,92.78172983344649,94.71979920187863,0,2
2023-06-03 14:10:00,2023-06-03 14:10:59,0.0848,0.0848,0.0847,0.0849,0.08472827560979172,0.08479999999999999,0.0847,0.0849,True,0.0001116388536560821,2.0500610060776985e-05,0,0.08474709003129113,0.08474374163464492,12.156793360585766,12.156793360585766,0.08476394291645813,0.08475971492319884,92.78172983344649,95.18781988896434,0,2
2023-06-03 14:11:00,2023-06-03 14:11:59,0.0848,0.0848,0.0848,0.0849,0.08476413780489586,0.08482500000000001,0.0848,0.0849,True,0.00011080750696636217,2.4570526560311657e-05,0,0.08474541583296803,0.08474345410139895,16.526441313721847,16.526441313721847,0.0847645504496277,0.08476011576973418,92.7817298334465,92.78172983344659,1,2
2023-06-03 14:12:00,2023-06-03 14:12:59,0.0848,0.0849,0.0848,0.0849,0.08479456890244794,0.08485000000000001,0.0848,0.0849,True,0.0001100355421830508,3.315146357326729e-05,0,0.0847444349671835,0.08474395874262453,22.452841321480477,22.452841321480477,0.08476540069391002,0.08476150765262239,99.99999999999982,95.18781988896437,0,2
2023-06-03 14:13:00,2023-06-03 14:13:59,0.0848,0.0848,0.0848,0.0849,0.08482228445122397,0.08482500000000001,0.0848,0.0849,True,0.00010931871774140453,3.0495236328061398e-05,0,0.084744196854904,0.08474491207942048,17.836389462247823,17.836389462247823,0.08476599372183131,0.08476189066105401,94.90593816943044,95.89588933429235,0,2
2023-06-03 14:14:00,2023-06-03 14:14:59,0.0848,0.0848,0.0848,0.0849,0.08482364222561199,0.08482500000000001,0.0848,0.0849,True,0.00010865309504559012,2.7500452293784065e-05,0,0.08474455446716224,0.08474621213649021,14.758754889426044,14.758754889426044,0.08476658084897727,0.08476226985845646,89.81187633886107,94.90593816943054,0,2
2023-06-03 14:15:00,2023-06-03 14:15:59,0.0848,0.0848,0.0848,0.0849,0.084824321112806,0.08482500000000001,0.0848,0.0849,True,0.00010803501682804818,2.4376341925101922e-05,0,0.08474538330182622,0.08474777624909578,12.70699850754486,12.70699850754486,0.08476716213406207,0.08476264528275043,83.85807802750764,89.52529751193315,0,1
2023-06-03 14:16:00,2023-06-03 14:16:59,0.0848,0.0848,0.0848,0.0849,0.084824660556403,0.08482500000000001,0.0848,0.0849,True,0.00010746108705461637,2.126908619279574e-05,0,0.084746579775461,0.08474953752300586,11.33916091962407,11.33916091962407,0.08476773763521568,0.08476301697147928,82.84537904628203,85.50511113755033,0,1
2023-06-03 14:17:00,2023-06-03 14:17:59,0.0848,0.0848,0.0848,0.0849,0.08482483027820151,0.08482500000000001,0.0848,0.0849,True,0.00010692815226500112,1.8277511901234317e-05,0,0.08474805864923343,0.08475144193918545,10.427269194343545,10.427269194343545,0.08476830740998965,0.08476338496181282,81.83268006505641,82.84537904628212,0,1
2023-06-03 14:18:00,2023-06-03 14:18:59,0.0849,0.0849,0.0848,0.085,0.08482491513910076,0.0849,0.0848,0.085,True,0.00011357614138893001,2.2322346804199298e-05,0,0.08474975029420945,0.08475396056572009,15.771738152522431,15.771738152522431,0.0847696177840196,0.08476474431542662,87.78647837640983,84.15484582924951,0,2
2023-06-03 14:19:00,2023-06-03 14:19:59,0.085,0.0848,0.0848,0.085,0.08486245756955038,0.0849,0.0848,0.085,True,0.00011974927414686399,1.698410045720501e-05,0,0.08475185542996477,0.08475694548393023,10.64155553308256,10.64155553308256,0.084770915119502,0.0847650951182582,93.8932391882048,87.83746587655712,0,1
2023-06-03 14:20:00,2023-06-03 14:20:59,0.0849,0.0848,0.0848,0.0849,0.08488122878477519,0.08485000000000001,0.0848,0.0849,True,0.00011833861170780248,1.2648494925067863e-05,0,0.0847544004569475,0.08475993398396924,7.221433786789312,7.221433786789312,0.08477170203373581,0.08476544243051433,80.29487218880456,87.32486325113983,0,1
2023-06-03 14:21:00,2023-06-03 14:21:59,0.0848,0.0848,0.0848,0.0849,0.0848656143923876,0.08482500000000001,0.0848,0.0849,True,0.00011702871087153108,9.135136609087845e-06,0,0.08475716722045837,0.08476273327313223,4.941352622593811,4.941352622593811,0.08477223236175833,0.08476578628692712,52.09783165997334,75.42864767899432,0,1
2023-06-03 14:22:00,2023-06-03 14:22:59,0.0849,0.0848,0.0848,0.0849,0.0848453071961938,0.08485000000000001,0.0848,0.0849,True,0.00011581237438070764,6.296214398700713e-06,0,0.0847599502467953,0.08476553591572791,3.4212985131301394,0.0,0.08477300616910402,0.08476612672188306,30.087119500006665,54.15994111626162,0,1
2023-06-03 14:23:00,2023-06-03 14:23:59,0.0849,0.0848,0.0848,0.0849,0.0848476535980969,0.08485000000000001,0.0848,0.0849,True,0.00011468291906780015,4.010518056400208e-06,0,0.0847627430812616,0.08476832196939602,2.4079291068210296,0.0,0.08477377227687413,0.08476646376942652,23.772126349144525,35.31902583637494,0,1
2023-06-03 14:24:00,2023-06-03 14:24:59,0.0848,0.0848,0.0848,0.0849,0.08484882679904845,0.08482500000000001,0.0848,0.0849,True,0.00011363413913438605,2.1785744898069173e-06,0,0.0847655325253288,0.08477090432060712,1.7323495026149587,0.0,0.08477428200546244,0.08476679746326307,18.635833544642413,24.165026464597968,0,1
2023-06-03 14:25:00,2023-06-03 14:25:59,0.0848,0.0848,0.0848,0.0848,0.08483691339952423,0.0848,0.0848,0.08483691339952423,True,0.00010551741491050133,7.186896542653893e-07,0,0.08476821842296796,0.08477313705117911,1.281963099810909,0.0,0.0847745379059056,0.08476712783676295,7.313212371275753,16.57372408835433,0,1
2023-06-03 14:26:00,2023-06-03 14:26:59,0.0848,0.0847,0.0847,0.0848,0.08481845669976212,0.08474999999999999,0.0847,0.08481845669976212,True,0.00010512331384546572,-7.293418200345745e-06,0,0.08477067773707353,0.0847747361508838,-8.254649253429946,-8.254649253429946,0.08477429374763788,0.08476645989808869,-2.1434705862096356e-13,8.64968197197275,0,1
2023-06-03 14:27:00,2023-06-03 14:27:59,0.0847,0.0847,0.0847,0.0847,0.08478422834988106,0.0847,0.0847,0.08478422834988106,True,9.761450571364673e-05,-1.23129610449174e-05,0,0.08477270694397866,0.08477548236385277,-14.612390822257183,-14.612390822257183,0.08477355450636785,0.08476579860557039,-2.1434705862096356e-13,2.437737457091875,0,1
2023-06-03 14:28:00,2023-06-03 14:28:59,0.0847,0.0847,0.0847,0.0848,0.08474211417494053,0.084725,0.0847,0.0848,True,9.778489816267216e-05,-1.5152248978061766e-05,0,0.08477409465391571,0.0847757234998688,-18.85088520147534,-18.85088520147534,0.08477307137695125,0.08476514389307716,4.206918287231339,1.4023060957437368,-1,-2
2023-06-03 14:29:00,2023-06-03 14:29:59,0.0847,0.0847,0.0847,0.0848,0.08473355708747027,0.084725,0.0847,0.0848,True,9.794311972248149e-05,-1.642971876907077e-05,0,0.08477490907689225,0.08477556533079827,-21.67654812095411,-21.67654812095411,0.08477259305479254,0.08476449569513608,8.413836574462893,4.2069182872314395,0,-2
2023-06-03 14:30:00,2023-06-03 14:30:59,0.0848,0.0847,0.0847,0.0848,0.08472927854373513,0.08474999999999999,0.0847,0.0848,True,9.809003974230444e-05,-1.661324550323891e-05,0,0.08477523720384526,0.08477526539781961,-23.560323400606624,-23.560323400606624,0.08477236824827719,0.08476385394692577,16.85899126338692,9.826582041693817,0,-2
2023-06-03 14:31:00,2023-06-03 14:31:59,0.0848,0.0847,0.0847,0.0848,0.08473963927186756,0.08474999999999999,0.0847,0.0848,True,9.822646547499717e-05,-1.6054140921160323e-05,0,0.08477525130083244,0.0847748559109783,-24.816173587041632,-24.816173587041632,0.0847721456786426,0.0847632185842698,21.09722766507939,15.456685167643167,0,-2
2023-06-03 14:32:00,2023-06-03 14:32:59,0.0848,0.0847,0.0847,0.0848,0.08474481963593378,0.08474999999999999,0.0847,0.0848,True,9.835314651249758e-05,-1.5013794271908154e-05,0,0.08477505360590537,0.08477436298112569,-25.653407044664974,-25.653407044664974,0.08477192532363123,0.0847625895436303,25.33546406677186,21.09722766507949,0,-2
2023-06-03 14:33:00,2023-06-03 14:33:59,0.0848,0.0847,0.0847,0.0848,0.08474740981796688,0.08474999999999999,0.0847,0.0848,True,9.847077890446225e-05,-1.3684507018542354e-05,0,0.08477470829351552,0.08477380773802645,-26.211562683080533,-26.211562683080533,0.08477170716120704,0.08476196676210165,29.026838989508672,25.153176907120073,0,-2
2023-06-03 14:34:00,2023-06-03 14:34:59,0.0848,0.0846,0.0846,0.0848,0.08474870490898344,0.0847,0.0846,0.0848,True,0.0001057228661255725,-1.906289390920857e-05,0,0.08477425801577099,0.08477286419165483,-31.89506418820053,-31.89506418820053,0.08477099365711542,0.0847603551525285,21.834473443382382,25.39892549988774,0,-2
2023-06-03 14:35:00,2023-06-03 14:35:59,0.0847,0.0847,0.0846,0.0848,0.08472435245449172,0.0847,0.0846,0.0848,True,0.00011245694711660343,-1.4791110069476868e-05,0,0.08477356110371291,0.08477162140511763,-21.461107422455775,-21.461107422455775,0.08477028725256701,0.08475975460374711,14.64210789725611,21.83447344338249,0,-1
2023-06-03 14:36:00,2023-06-03 14:36:59,0.0847,0.0847,0.0847,0.0848,0.08471217622724586,0.084725,0.0847,0.0848,True,0.00011156716517970338,-1.130498392164139e-05,0,0.08477259125441526,0.08477032307811753,-14.505136245292604,-14.505136245292604,0.08476983663313849,0.0847591600305755,11.895779992321195,16.124120444319995,0,-1
2023-06-03 14:37:00,2023-06-03 14:37:59,0.0848,0.0847,0.0847,0.0848,0.08471858811362293,0.08474999999999999,0.0847,0.0848,True,0.00011074093909543905,-8.46487235526203e-06,0,0.0847714571662664,0.08476916145821099,-9.867822127183828,-9.867822127183828,0.08476963925370427,0.08475857137355484,31.814449130580186,19.450779006719262,0,-1
2023-06-03 14:38:00,2023-06-03 14:38:59,0.0847,0.0847,0.0847,0.0848,0.08473429405681146,0.084725,0.0847,0.0848,True,0.00010997372916005075,-6.156124005156085e-06,0,0.0847703093122387,0.08476794391212189,-6.776279381777975,-0.0,0.08476919508202563,0.08475798857381799,48.02729467547906,30.57917459946025,0,-1
2023-06-03 14:39:00,2023-06-03 14:39:59,0.0847,0.0847,0.0847,0.0847,0.08472964702840573,0.0847,0.0847,0.08472964702840573,True,0.0001021184627914757,-4.284525515093398e-06,0,0.08476912661218029,0.08476651916203032,-4.715250884840742,-0.0,0.08476850657374677,0.08475741157308347,48.052046080804566,42.63126329562137,0,-1
2023-06-03 14:40:00,2023-06-03 14:40:59,0.0847,0.0847,0.0847,0.0848,0.08471482351420287,0.084725,0.0847,0.0848,True,0.00010196714402065621,-2.7725936005945002e-06,0,0.08476782288710531,0.08476511258065784,-3.341231886882582,-0.0,0.08476807367251546,0.08475684031364981,51.204025180874204,49.09445531238604,0,-1
2023-06-03 14:41:00,2023-06-03 14:41:59,0.0847,0.0847,0.0847,0.0848,0.08471991175710143,0.084725,0.0847,0.0848,True,0.00010182663373346669,-1.556553111345899e-06,0,0.08476646773388158,0.08476372995428975,-2.4252192215771444,-0.0,0.08476764507875909,0.08475627473838962,57.333079139811936,52.19638346716366,0,-1
2023-06-03 14:42:00,2023-06-03 14:42:59,0.0847,0.0847,0.0847,0.0847,0.0847224558785507,0.0847,0.0847,0.0847224558785507,True,9.455330275250478e-05,-5.838719114840843e-07,0,0.08476509884408567,0.08476220414756572,-1.8145441113735217,-0.0,0.0847669719933983,0.08475571479074395,58.27618864553483,55.604430988740425,0,-1
2023-06-03 14:43:00,2023-06-03 14:43:59,0.0847,0.0847,0.0847,0.0847,0.08471122793927535,0.0847,0.0847,0.08471122793927535,True,8.779949541304016e-05,1.8875191747514796e-07,0,0.08476365149582571,0.0847605760825973,-1.407427371237766,-0.0,0.0847663056054043,0.08475516041471665,44.31081388218278,53.306693889176614,0,-1
2023-06-03 14:44:00,2023-06-03 14:44:59,0.0847,0.0848,0.0847,0.0848,0.08470561396963767,0.08474999999999999,0.0847,0.0848,True,8.867096002639463e-05,7.654177989538986e-06,0,0.08476211378921152,0.08475922173242423,10.710233148668024,10.710233148668024,0.0847661433605744,0.08475560657974435,54.04945856888176,52.21215369886656,0,2
2023-06-03 14:45:00,2023-06-03 14:45:59,0.0847,0.0847,0.0847,0.0848,0.08472780698481883,0.084725,0.0847,0.0848,True,8.948017716736665e-05,5.384740866989852e-06,0,0.08476066776081788,0.08475792064553034,5.837714094128508,5.837714094128508,0.08476573397390202,0.0847550532804434,65.96639004423363,54.77555416509949,0,1
2023-06-03 14:46:00,2023-06-03 14:46:59,0.0847,0.0848,0.0847,0.0848,0.08472640349240941,0.08474999999999999,0.0847,0.0848,True,9.023159308398352e-05,1.0628804079038043e-05,0,0.08475929420317412,0.0847568419466171,8.95699133180559,8.95699133180559,0.08476557741694778,0.08475550051148377,88.94166075979267,69.65250312430278,1,2
2023-06-03 14:47:00,2023-06-03 14:47:59,0.0847,0.0847,0.0847,0.0848,0.0847382017462047,0.084725,0.0847,0.0848,True,9.092933643512775e-05,6.763488662664362e-06,0,0.08475806807489562,0.08475577420976009,4.552534071692627,4.552534071692627,0.08476517366155527,0.0847549482675884,78.14246262083626,77.68350447495429,-1,1
2023-06-03 14:48:00,2023-06-03 14:48:59,0.0847,0.0846,0.0846,0.0847,0.08473160087310234,0.08465,0.0846,0.08473160087310234,True,9.157724097547596e-05,-2.828816552198391e-06,0,0.08475692114232786,0.0847542078494575,-2.4037529146775043,-0.0,0.08476402765497262,0.08475340649378156,55.867468527710066,74.31719730277976,0,-2
2023-06-03 14:49:00,2023-06-03 14:49:59,0.0846,0.0846,0.0846,0.0847,0.08469080043655117,0.08462499999999999,0.0846,0.0847,True,9.217886662008502e-05,-8.831359726636319e-06,0,0.08475556449589268,0.08475208813972042,-7.0412775722575915,-7.0412775722575915,0.08476264429522165,0.08475188006100762,22.534135194376734,52.181355447641124,0,-2
2023-06-03 14:50:00,2023-06-03 14:50:59,0.0847,0.0848,0.0846,0.0848,0.08465790021827557,0.084725,0.0846,0.0848,True,9.988037614722221e-05,1.4851943479625027e-06,0,0.08475382631780655,0.0847502334238916,-0.5925018419560786,-0.0,0.08476226972511994,0.08475235886637073,30.043186123857442,36.14826328198152,0,-1
2023-06-03 14:51:00,2023-06-03 14:51:59,0.0847,0.0847,0.0847,0.0848,0.08469145010913778,0.084725,0.0847,0.0848,True,9.988892070813512e-05,1.3154987559816597e-06,0,0.08475202987084907,0.08474860006495336,-0.5651454957436712,-0.0,0.08476189888208392,0.08475183788262575,60.086372247715076,37.55456452198319,0,-1
2023-06-03 14:52:00,2023-06-03 14:52:59,0.0847,0.0847,0.0847,0.0847,0.08470822505456889,0.0847,0.0847,0.08470822505456889,True,9.275399780041118e-05,1.2287358367438294e-06,0,0.08475031496790121,0.0847469806618445,-0.546907931602064,-0.0,0.08476128297280945,0.08475132208279862,83.85622776202702,57.995262044533284,0,-1
2023-06-03 14:53:00,2023-06-03 14:53:59,0.0847,0.0848,0.0847,0.0848,0.08470411252728444,0.08474999999999999,0.0847,0.0848,True,9.32715693860963e-05,8.05462366502075e-06,0,0.08474864781487285,0.084745726410259,3.3126252994157213,3.3126252994157213,0.0847611707044233,0.08475180644018371,87.14637497150272,77.0296583270817,1,2
2023-06-03 14:54:00,2023-06-03 14:54:59,0.0847,0.0847,0.0847,0.0848,0.08472705626364221,0.084725,0.0847,0.0848,True,9.375217157280392e-05,5.315847259938527e-06,0,0.08474718711256592,0.0847445967239489,1.5076198737160595,0.0,0.0847608107969166,0.0847512909532167,84.5725496992218,85.19171747758395,-1,1
2023-06-03 14:55:00,2023-06-03 14:55:59,0.0847,0.0847,0.0847,0.0847,0.0847260281318211,0.0847,0.0847,0.0847260281318211,True,8.705558788903221e-05,3.3646520262418317e-06,0,0.0847458919182574,0.08474340133301901,0.30428292324962314,0.0,0.08476020571436022,0.08475078059547325,82.69410528193363,84.80434331755282,0,1
2023-06-03 14:56:00,2023-06-03 14:56:59,0.0847,0.0848,0.0847,0.0848,0.08471301406591056,0.08474999999999999,0.0847,0.0848,True,8.798018875410154e-05,8.86190636115531e-06,0,0.0847446466256382,0.08474250546720616,3.6107974979606183,3.6107974979606183,0.0847601041649636,0.08475127034079193,82.56536955723702,83.27734151279759,1,2
2023-06-03 14:57:00,2023-06-03 14:57:59,0.0847,0.0848,0.0847,0.0848,0.08473150703295527,0.08474999999999999,0.0847,0.0848,True,8.883874670023735e-05,1.2056384579486994e-05,0,0.08474357604642217,0.08474185156621658,5.815140547767946,5.815140547767946,0.08476000362600875,0.08475175521302285,88.30060631429704,84.52002705115602,0,2
2023-06-03 14:58:00,2023-06-03 14:58:59,0.0847,0.0847,0.0847,0.0847,0.08474075351647764,0.0847,0.0847,0.08474075351647764,True,8.963597907879203e-05,6.741795242302209e-06,0,0.08474271380631937,0.08474104959911695,2.1836514945452308,0.0,0.08475940657500368,0.08475124023577883,88.06475272365141,86.31024286506194,0,1
2023-06-03 14:59:00,2023-06-03 14:59:59,0.0847,0.0847,0.0847,0.0847,0.08472037675823882,0.0847,0.0847,0.08472037675823882,True,8.32334091445926e-05,3.0105833084564564e-06,0,0.08474188170271815,0.08474013656087476,-0.23734120760324373,-0.0,0.08475881546480464,0.0847507303826865,76.51571262139286,84.29369055311389,0,1
2023-06-03 15:00:00,2023-06-03 15:00:59,0.0848,0.0848,0.0847,0.0848,0.08471018837911941,0.08477499999999999,0.0847,0.0848,True,8.443102277712191e-05,7.322824756818195e-06,0,0.08474100913179645,0.0847396569197141,3.067021717872578,3.067021717872578,0.08475897650495584,0.08475122062763489,76.64444834608948,80.40830456371135,0,2
2023-06-03 15:01:00,2023-06-03 15:01:59,0.0848,0.0847,0.0847,0.0848,0.0847425941895597,0.08474999999999999,0.0847,0.0848,True,8.554309257875627e-05,2.915552857848323e-06,0,0.08474033302575527,0.08473935025938545,0.43093848704376114,0.0,0.08475888718649857,0.08475071096964848,83.16710239594397,78.77575445447555,0,1
2023-06-03 15:02:00,2023-06-03 15:02:59,0.0848,0.0847,0.0847,0.0848,0.08474629709477985,0.08474999999999999,0.0847,0.0848,True,8.657572882313103e-05,-7.889105936348308e-08,0,0.08473984164257037,0.08473918189209834,-1.326450333508781,-0.0,0.08475879875678216,0.08475020638288581,89.68975644579844,83.16710239594407,0,1
2023-06-03 15:03:00,2023-06-03 15:03:59,0.0848,0.0849,0.0847,0.0849,0.08474814854738992,0.08482500000000001,0.0847,0.0849,True,9.467746247862208e-05,1.1688960500257518e-05,0,0.08473951176733435,0.08473963813883388,5.032984832151264,5.032984832151264,0.08475945747562015,0.0847516968666382,89.68975644579844,87.51553842918038,0,2
2023-06-03 15:04:00,2023-06-03 15:04:59,0.0849,0.085,0.0848,0.085,0.08478657427369496,0.084925,0.0848,0.085,True,0.00010220050087300662,2.5596508599356265e-05,1,0.08473957495308411,0.08474126912459079,11.403064839753348,11.403064839753348,0.08476110466491746,0.08475416754458209,94.84487822289913,91.40813037149877,0,2
2023-06-03 15:05:00,2023-06-03 15:05:59,0.0849,0.0849,0.0848,0.085,0.08485578713684748,0.0849,0.0848,0.085,True,0.00010918617938207799,2.6506939552836614e-05,0,0.08474042203883744,0.08474364227375727,10.90125765056623,10.90125765056623,0.08476248670805261,0.08475561861379023,94.74623308287403,93.09362258385731,0,2
2023-06-03 15:06:00,2023-06-03 15:06:59,0.0848,0.0849,0.0848,0.0849,0.08487789356842373,0.08485000000000001,0.0848,0.0849,True,0.00010853002371192978,2.5787326130102215e-05,0,0.08474203215629736,0.08474624039789515,10.566719524441488,10.566719524441488,0.08476335748707697,0.08475705524449878,79.77264753811015,89.78791961462788,0,2
2023-06-03 15:07:00,2023-06-03 15:07:59,0.0849,0.0849,0.0849,0.0849,0.08486394678421187,0.0849,0.0849,0.0849,True,0.00010077787916107765,2.4004046535958744e-05,0,0.08474413627709625,0.08474934087368881,10.343694107024994,10.343694107024994,0.08476471711407123,0.08475847758037441,70.8685281360208,81.79580291900179,0,2
2023-06-03 15:08:00,2023-06-03 15:08:59,0.0848,0.0848,0.0848,0.0849,0.08488197339210593,0.08482500000000001,0.0848,0.0849,True,0.00010072231636385802,1.4716806678012846e-05,0,0.08474673857539253,0.08475230100215285,5.218406027702116,5.218406027702116,0.08476531694378196,0.08475889073877865,54.39865168435088,68.34660911949406,0,1
2023-06-03 15:09:00,2023-06-03 15:09:59,0.0848,0.0848,0.0848,0.0848,0.08485348669605297,0.0848,0.0848,0.08485348669605297,True,9.352786519501103e-05,7.828120330187946e-06,0,0.0847495197887727,0.0847549587979614,1.8015473081535305,0.0,0.08476566204881895,0.08475929978615399,43.8337637044032,56.36698117492508,0,1
2023-06-03 15:10:00,2023-06-03 15:10:59,0.0849,0.0848,0.0848,0.0849,0.08482674334802648,0.08485000000000001,0.0848,0.0849,True,9.399016053822472e-05,2.7866796056234353e-06,0,0.08475223929336705,0.08475770338301161,-0.4763585048788599,-0.0,0.08476650123241279,0.08475970476340619,33.86313089637196,44.0318487617088,0,1
2023-06-03 15:11:00,2023-06-03 15:11:59,0.0848,0.0848,0.0848,0.0848,0.08483837167401324,0.0848,0.0848,0.08483837167401324,True,8.727657764263724e-05,-8.386595562816346e-07,0,0.08475497133818934,0.0847601544138967,-1.9949623802337868,-0.0,0.08476683455348331,0.08476010571103398,29.102691009863786,35.599861870213104,0,1
2023-06-03 15:12:00,2023-06-03 15:12:59,0.0849,0.0847,0.0847,0.0849,0.08481918583700662,0.08479999999999999,0.0847,0.0849,True,9.532825066816355e-05,-1.0241448995213743e-05,0,0.08475756287604302,0.08476235751084467,-8.114836169927088,-8.114836169927088,0.08476716455792627,0.08475950764425752,28.157081279269367,30.37430106183516,0,1
2023-06-03 15:13:00,2023-06-03 15:13:59,0.0848,0.0848,0.0848,0.0848,0.0848095929185033,0.0848,0.0848,0.0848095929185033,True,9.566194704900922e-05,-9.226364395190166e-06,0,0.08475996019344385,0.08476435029207235,-5.388617134192991,-0.0,0.08476749127874292,0.08475991055326988,13.698500156059291,23.652757481730934,0,1
2023-06-03 15:14:00,2023-06-03 15:14:59,0.0847,0.0848,0.0847,0.0848,0.08480479645925165,0.08474999999999999,0.0847,0.08480479645925165,True,9.597180797408019e-05,-8.363459946465538e-06,0,0.08476215524275811,0.08476582076448268,-3.571137777036931,-0.0,0.08476731723616836,0.08476030945323734,6.849250078029833,16.234943837786282,0,1
2023-06-03 15:15:00,2023-06-03 15:15:59,0.0848,0.0849,0.0847,0.0849,0.08477739822962582,0.08482500000000001,0.0847,0.0849,True,0.00010340239311878916,-7.668897872279905e-07,0,0.0847639880036204,0.08476738451024324,2.546594798174546,0.0,0.08476789119401743,0.08476169940892653,11.161486276335543,10.569745503475007,0,2
2023-06-03 15:16:00,2023-06-03 15:16:59,0.0848,0.0848,0.0848,0.0849,0.08480119911481292,0.08482500000000001,0.0848,0.0849,True,0.00010315936503887586,-2.87090275978738e-06,0,0.08476568625693182,0.08476901096180949,0.983041033792702,0.0,0.08476845944084312,0.08476208050933522,22.322972552665934,13.44456963567722,0,1
2023-06-03 15:17:00,2023-06-03 15:17:59,0.0848,0.0848,0.0848,0.0848,0.08481309955740646,0.0848,0.0848,0.08481309955740646,True,9.579083896467043e-05,-4.2903437498034815e-06,0,0.08476734860937066,0.0847705040963235,-0.059328142461858135,-0.0,0.08476877327725264,0.08476245781770005,29.414312366931,20.966257065310945,0,1
2023-06-03 15:18:00,2023-06-03 15:18:59,0.0848,0.0849,0.0848,0.0849,0.08480654977870322,0.08485000000000001,0.0848,0.0849,True,9.609149332433704e-05,1.6606895068049717e-06,0,0.08476892635284708,0.08477222507806731,3.9975211652388296,3.9975211652388296,0.08476958150334964,0.0847638263966284,35.21300073705237,28.98342855221655,0,2
2023-06-03 15:19:00,2023-06-03 15:19:59,0.0848,0.0848,0.0848,0.0849,0.08482827488935162,0.08482500000000001,0.0848,0.0849,True,9.63706723725989e-05,-1.6072263017208386e-06,0,0.0847705757154572,0.0847739421111859,1.587817470328524,0.0,0.08477013293117701,0.08476418633298036,37.76794010566396,34.13175106988256,0,1
2023-06-03 15:20:00,2023-06-03 15:20:59,0.0847,0.0847,0.0847,0.0848,0.0848266374446758,0.084725,0.0847,0.0848266374446758,True,9.66299100602706e-05,-1.0686128100051212e-05,0,0.08477225891332155,0.0847749581485044,-3.5831609640533486,-0.0,0.0847696838472847,0.08476354766300045,30.676600291398895,34.55251371137186,0,-2
2023-06-03 15:21:00,2023-06-03 15:21:59,0.0848,0.0847,0.0847,0.0848,0.0847758187223379,0.08474999999999999,0.0847,0.0848,True,9.687063077025147e-05,-1.623979646883971e-05,0,0.08477360853091298,0.08477558684238978,-7.030479920307933,-7.030479920307933,0.08476948798810774,0.08476291534794572,20.54609286268846,29.66354441991722,-1,-2
2023-06-03 15:22:00,2023-06-03 15:22:59,0.0848,0.0848,0.0848,0.0848,0.08476290936116895,0.0848,0.0848,0.0848,True,9.709415714380515e-05,-1.2381288323828648e-05,0,0.08477459768665138,0.08477624931773083,-4.050645702785005,-0.0,0.08476979159021612,0.0847632843494587,26.446225897827492,25.889639683971733,0,-1
2023-06-03 15:23:00,2023-06-03 15:23:59,0.0847,0.0847,0.0847,0.0848,0.08478145468058448,0.084725,0.0847,0.0848,True,9.730171734781926e-05,-1.6304830441993066e-05,0,0.08477542350219111,0.08477641926440427,-6.028751570031936,-6.028751570031936,0.08476934590275129,0.08476265465443922,29.04025144230138,25.344190067605894,0,-2
2023-06-03 15:24:00,2023-06-03 15:24:59,0.0848,0.0847,0.0847,0.0848,0.08475322734029224,0.08474999999999999,0.0847,0.0848,True,9.749445182297523e-05,-1.8199784258980782e-05,0,0.08477592138329769,0.08477637180036567,-7.347488814863226,-7.347488814863226,0.0847691534062065,0.0847620312250418,31.49634640330001,28.994274581143078,0,-2
2023-06-03 15:25:00,2023-06-03 15:25:59,0.0848,0.0847,0.0847,0.0848,0.08475161367014611,0.08474999999999999,0.0847,0.0848,True,9.767341954990579e-05,-1.866840014698732e-05,0,0.08477614659183168,0.08477615349299829,-8.22664697808409,-8.22664697808409,0.08476896282505021,0.08476141399892198,21.165549901958933,27.234049249186892,0,-2
2023-06-03 15:26:00,2023-06-03 15:26:59,0.0848,0.0848,0.0847,0.0848,0.08475080683507305,0.08477499999999999,0.0847,0.0848,True,9.783960386776987e-05,-1.1306183125716702e-05,0,0.08477615004241498,0.08477597370388401,-3.141447423253588,-3.141447423253588,0.08476902289644275,0.08476179793923122,34.832974819341224,29.1649570415335,0,-1
2023-06-03 15:27:00,2023-06-03 15:27:59,0.0847,0.0847,0.0847,0.0847,0.08476290341753652,0.0847,0.0847,0.08476290341753652,True,9.799391787721508e-05,-1.2907468068327936e-05,0,0.0847760618731495,0.08477531089424596,-4.578506862093498,-4.578506862093498,0.08476833610145328,0.08476118303436325,25.547212640598598,27.181912453966365,0,-2
2023-06-03 15:28:00,2023-06-03 15:28:59,0.0847,0.0849,0.0847,0.0849,0.08473145170876825,0.08479999999999999,0.0847,0.0849,True,0.00010528006660027156,3.604649911549159e-07,0,0.08477568638369773,0.08477495845307811,1.7152443484070758,0.0,0.0847686511651204,0.08476256429770292,40.2191824330209,33.53312329765369,0,-1
2023-06-03 15:29:00,2023-06-03 15:29:59,0.0848,0.0848,0.0848,0.0849,0.08476572585438412,0.08482500000000001,0.0848,0.0849,True,0.00010490291898596665,2.0740824664913917e-06,0,0.08477532241838792,0.08477502431189742,1.9428113894670318,0.0,0.08476921185004457,0.08476293679225314,53.10122037811271,39.62253848391085,0,-1
2023-06-03 15:30:00,2023-06-03 15:30:59,0.0848,0.085,0.0848,0.085,0.08479536292719206,0.0849,0.0848,0.085,True,0.00011169556762982659,1.6808585600010207e-05,0,0.08477517336514266,0.08477593362913663,6.975900563301174,6.975900563301174,0.084770513224671,0.08476529563014117,86.43455371144603,59.91831884085999,1,2
2023-06-03 15:31:00,2023-06-03 15:31:59,0.0849,0.0849,0.0849,0.0849,0.08484768146359603,0.0849,0.0849,0.0849,True,0.00011086016994198203,1.8701069629648533e-05,0,0.08477555349713964,0.08477750076823827,6.849120394463014,6.849120394463014,0.08477180165029616,0.08476663597212981,95.81015507361445,78.44864305439117,0,2
2023-06-03 15:32:00,2023-06-03 15:32:59,0.085,0.085,0.0849,0.085,0.08487384073179802,0.08497500000000001,0.0849,0.085,True,0.00011008444351755494,2.5889579870577576e-05,0,0.08477652713268895,0.08478008964263742,9.043752114109623,9.043752114109623,0.08477382352442256,0.08476895800225788,99.99999999999982,94.0815695950202,0,2
2023-06-03 15:33:00,2023-06-03 15:33:59,0.0849,0.0849,0.0849,0.0849,0.084924420365899,0.0849,0.0849,0.084924420365899,True,0.00010936412612344408,2.2422829324859505e-05,0,0.08477830838766318,0.08478295059423031,7.145277622772554,7.145277622772554,0.08477507901174174,0.08477026190273293,88.54866161755372,94.78627223038943,0,1
2023-06-03 15:34:00,2023-06-03 15:34:59,0.0849,0.0849,0.0848,0.0849,0.0849122101829495,0.084875,0.0848,0.0849122101829495,True,0.0001086952599717697,1.9043310679816814e-05,0,0.08478062949094674,0.08478583459835419,5.879627961881177,5.879627961881177,0.08477607325043088,0.08477155282907389,73.60399413442758,87.3842185839938,0,1
2023-06-03 15:35:00,2023-06-03 15:35:59,0.0848,0.0848,0.0848,0.0848,0.08489360509147476,0.0848,0.0848,0.08489360509147476,True,0.00010807416997378636,8.983689642498597e-06,0,0.08478323204465046,0.08478820238480263,1.7231722913769545,0.0,0.08477631132754102,0.08477183588550102,49.05234639663153,70.40166738287103,0,1
2023-06-03 15:36:00,2023-06-03 15:36:59,0.0849,0.0849,0.0848,0.0849,0.08484680254573737,0.084875,0.0848,0.0849,True,0.00010749744354708753,8.756452836266046e-06,0,0.08478571721472654,0.08479066208367161,2.3985515223463025,0.0,0.0847772933043814,0.0847731111503219,44.63781228027369,55.76471760377768,0,2
2023-06-03 15:37:00,2023-06-03 15:37:59,0.0849,0.0849,0.0849,0.0849,0.08486090127286869,0.0849,0.0849,0.0849,True,9.981905472229557e-05,8.024916788961462e-06,0,0.08478818964919907,0.08479334879627227,2.848804342992537,0.0,0.08477851426652686,0.0847743737259406,46.3900490663792,46.69340258109489,0,1
2023-06-03 15:38:00,2023-06-03 15:38:59,0.0849,0.0849,0.0849,0.0849,0.08488045063643435,0.0849,0.0849,0.0849,True,9.268912224213161e-05,6.987078415211925e-06,0,0.08479076922273567,0.08479619580467469,3.148972890090022,3.148972890090022,0.08477972307979524,0.08477562373861781,57.7492661071546,49.59237581793591,0,1
2023-06-03 15:39:00,2023-06-03 15:39:59,0.0849,0.0848,0.0848,0.0849,0.08489022531821717,0.08485000000000001,0.0848,0.0849,True,9.321132779626527e-05,-1.0707472963443818e-06,0,0.08479348251370518,0.08479880642841056,-0.95002429508245,-0.0,0.0847804223526331,0.08477586628848231,53.48892830373842,52.54274782575749,0,1
2023-06-03 15:40:00,2023-06-03 15:40:59,0.0849,0.0849,0.0849,0.0849,0.0848701126591086,0.0849,0.0849,0.0849,True,9.36962329536751e-05,4.106040836649713e-07,0,0.08479614447105786,0.08480155608635417,0.7251939971544488,0.0,0.08478161217997009,0.08477710144979095,52.54698383207049,54.59505941432125,0,2
2023-06-03 15:41:00,2023-06-03 15:41:59,0.0848,0.0848,0.0848,0.0849,0.0848850563295543,0.08482500000000001,0.0848,0.0849,True,9.41465020284128e-05,-5.722140273100627e-06,0,0.08479885027870601,0.08480388176156978,-1.970905080537655,-0.0,0.08478204389957238,0.08477732929606169,33.3402245687498,46.45871223485298,0,1
2023-06-03 15:42:00,2023-06-03 15:42:59,0.0849,0.0849,0.0849,0.0849,0.08485502816477716,0.0849,0.0849,0.0849,True,9.456460902638351e-05,-2.778654918302457e-06,0,0.0848013660201379,0.08480637225535655,0.10273292601623041,0.0,0.08478321759211395,0.08477854990008098,32.79034060807237,39.559183002964296,0,2
2023-06-03 15:43:00,2023-06-03 15:43:59,0.0849,0.0849,0.0849,0.0849,0.08487751408238858,0.0849,0.0849,0.0849,True,8.780999409592754e-05,-9.518719742255296e-07,0,0.08480386913774722,0.08480897542452756,1.4851582637188159,0.0,0.08478437960612277,0.08477975835878664,26.248621513863394,30.793062230228603,0,2
2023-06-03 15:44:00,2023-06-03 15:44:59,0.0849,0.0849,0.0849,0.0849,0.0848887570411943,0.0849,0.0849,0.0849,True,8.153785166050414e-05,7.246392718292e-08,0,0.08480642228113738,0.0848116494433121,2.406775155520542,0.0,0.08478553005780314,0.08478095479302757,37.9717172113072,32.336893111081075,0,2
2023-06-03 15:45:00,2023-06-03 15:45:59,0.0848,0.0849,0.0848,0.085,0.08489437852059714,0.084875,0.0848,0.085,True,8.999943368475425e-05,5.318843508555043e-07,0,0.08480903586222474,0.08481418936929641,3.02118641672169,0.0,0.0847864203059842,0.08478213932245018,32.99109689677479,32.40381187398188,0,2
2023-06-03 15:46:00,2023-06-03 15:46:59,0.0848,0.0848,0.0848,0.0849,0.08488468926029857,0.08482500000000001,0.0848,0.0849,True,9.071375985012916e-05,-6.252568654340508e-06,0,0.08481161261576058,0.08481626324330947,-1.9159919088148882,-0.0,0.0847868041835366,0.08478231704063476,20.333857826339,30.432223978140414,0,1
2023-06-03 15:47:00,2023-06-03 15:47:59,0.0849,0.0849,0.0849,0.0849,0.08485484463014929,0.0849,0.0849,0.0849,True,9.137706271797729e-05,-3.691305498784621e-06,0,0.08481393792953502,0.08481847054210664,0.1866257820196111,0.0,0.08478793051006857,0.0847834880153548,33.6876507846456,29.004201835919883,0,2
2023-06-03 15:48:00,2023-06-03 15:48:59,0.0848,0.0848,0.0848,0.0849,0.08487742231507464,0.08482500000000001,0.0848,0.0849,True,9.199298680955055e-05,-8.911005333627135e-06,0,0.08481620423582084,0.08482025316299768,-2.7470131104268987,-0.0,0.08478829936071465,0.08478365231370949,26.455967740253794,26.825825450412882,0,-2
2023-06-03 15:49:00,2023-06-03 15:49:59,0.0849,0.0849,0.0849,0.0849,0.08485121115753733,0.0849,0.0849,0.0849,True,9.256491632315428e-05,-5.198147769939372e-06,0,0.08481822869940926,0.08482220378107144,-0.3464602713381808,-0.0,0.08478941080986177,0.08478481000213028,50.566573270721186,36.90339726520694,0,2
2023-06-03 15:50:00,2023-06-03 15:50:59,0.0848,0.0847,0.0847,0.0849,0.08487560557876866,0.08477499999999999,0.0847,0.0849,True,0.00010023885087150082,-1.6439759929392525e-05,0,0.08482021624024036,0.0848234156482611,-5.073421022608898,-5.073421022608898,0.08478926741871887,0.08478396612151207,24.55554124197879,33.85936075098467,-1,-2
2023-06-03 15:51:00,2023-06-03 15:51:59,0.0848,0.0848,0.0847,0.0848,0.08482530278938433,0.08477499999999999,0.0847,0.08482530278938433,True,0.00010022179009496524,-1.6246900115037393e-05,0,0.08482181594425073,0.08482403757698666,-4.504236580848236,-4.504236580848236,0.0847891254543535,0.08478412566259155,24.11060553046721,33.07757334772248,0,-2
2023-06-03 15:52:00,2023-06-03 15:52:59,0.0847,0.0848,0.0847,0.0848,0.08480015139469216,0.08474999999999999,0.0847,0.08480015139469216,True,0.00010020594794532508,-1.550058045276669e-05,0,0.0848229267606187,0.08482401924933158,-4.124780286341121,-4.124780286341121,0.08478873614634999,0.08478428361619761,-1.7526720815415805e-13,16.22204892414869,0,-2
2023-06-03 15:53:00,2023-06-03 15:53:59,0.0847,0.0848,0.0847,0.0848,0.08477507569734608,0.08474999999999999,0.0847,0.0848,True,0.00010019123737780207,-1.4404633215777711e-05,0,0.08482347300497514,0.08482349696907257,-3.87180942333638,-3.87180942333638,0.08478835071205795,0.08478443999812599,-1.7526720815415805e-13,8.036868510155701,0,-2
2023-06-03 15:54:00,2023-06-03 15:54:59,0.0847,0.0848,0.0847,0.0848,0.08476253784867303,0.08474999999999999,0.0847,0.0848,True,0.00010017757756510212,-1.310832907464879e-05,0,0.08482348498702386,0.08482258150678237,-3.7031621813332194,-3.7031621813332194,0.084787969112933,0.08478459482401528,-1.9651220660497759e-13,-1.0103120565633088e-13,0,-2
2023-06-03 15:55:00,2023-06-03 15:55:59,0.0848,0.0848,0.0848,0.0848,0.08475626892433652,0.0848,0.0848,0.0848,True,9.302203631045196e-05,-1.1719288118457018e-05,0,0.08482303324690312,0.08482170582373207,-3.5907306866644433,-3.5907306866644433,0.08478808882325208,0.08478474810934845,14.016309220112255,4.672103073370709,0,-1
2023-06-03 15:56:00,2023-06-03 15:56:59,0.0848,0.0848,0.0848,0.0848,0.08477813446216825,0.0848,0.0848,0.0848,True,8.637760514541969e-05,-1.0313521544961103e-05,0,0.08482236953531759,0.08482086746727406,-3.5157763568852616,-3.5157763568852616,0.08478820734242369,0.08478489986945444,28.032618440224695,14.016309220112333,0,-1
2023-06-03 15:57:00,2023-06-03 15:57:59,0.0847,0.0849,0.0847,0.0849,0.08478906723108412,0.08479999999999999,0.0847,0.0849,True,9.449349049217582e-05,-2.0860761384548007e-06,0,0.08482161850129583,0.08482006425032154,2.5927182045562276,0.0,0.08478832468230008,0.08478604514438524,42.04892766033333,28.032618440223512,0,-1
2023-06-03 15:58:00,2023-06-03 15:58:59,0.0848,0.0849,0.0847,0.0849,0.08479453361554205,0.08482500000000001,0.0847,0.0849,True,0.0001020296697427351,3.328660933910217e-06,0,0.08482084137580868,0.08481946573645792,6.66504791218388,6.66504791218388,0.0847886896108344,0.08478717902354559,50.590012126753265,40.22385274243718,1,-1
2023-06-03 15:59:00,2023-06-03 15:59:59,0.0848,0.0849,0.0848,0.0849,0.08480976680777103,0.08485000000000001,0.0848,0.0849,True,0.00010188469333253994,6.676350772401168e-06,0,0.0848201535561333,0.084819204019804,9.379934383935648,9.379934383935648,0.08478929966445793,0.08478830162032623,66.83151162041645,53.15681713583444,0,2
2023-06-03 16:00:00,2023-06-03 16:00:59,0.0849,0.0849,0.0848,0.0849,0.08482988340388552,0.084875,0.0848,0.0849,True,0.00010175007238021585,8.526426690974475e-06,0,0.08481967878796864,0.08481938078820303,11.18985869843683,11.18985869843683,0.08479015240411507,0.08478941304698966,86.14853573364115,67.8566864936037,0,2
2023-06-03 16:01:00,2023-06-03 16:01:59,0.0849,0.0848,0.0848,0.0849,0.08485244170194275,0.08485000000000001,0.0848,0.0849,True,0.00010162506721020064,2.454121178156931e-06,0,0.08481952978808584,0.08481973003956211,3.454583521134616,3.454583521134616,0.08479074790258158,0.08478951838980568,88.99511164257645,80.65838633221144,0,-2
2023-06-03 16:02:00,2023-06-03 16:02:59,0.0849,0.0849,0.0848,0.0849,0.08485122085097138,0.084875,0.0848,0.0849,True,0.00010150899098090079,5.242666658950163e-06,0,0.08481962991382397,0.08482038421831951,5.157986037263903,5.157986037263903,0.08479158623190912,0.08479061770931011,91.05399085617717,88.73254607746502,0,2
2023-06-03 16:03:00,2023-06-03 16:03:59,0.0849,0.0849,0.0848,0.0849,0.0848631104254857,0.084875,0.0848,0.0849,True,0.00010140120591083665,6.769121243552899e-06,0,0.08482000706607173,0.08482127398020008,6.293587714683433,6.293587714683433,0.08479241621965132,0.084791706090312,90.03734545022014,90.02881598299133,0,2
2023-06-03 16:04:00,2023-06-03 16:04:59,0.0849,0.0849,0.0848,0.0849,0.08486905521274285,0.084875,0.0848,0.0849,True,0.00010130111977434853,7.400009106189307e-06,0,0.08482064052313591,0.08482234311361754,7.050655499629784,7.050655499629784,0.08479323794880902,0.08479278364165219,96.95006378212877,92.68046669617546,0,2
2023-06-03 16:05:00,2023-06-03 16:05:59,0.0848,0.0849,0.0848,0.0849,0.08487202760637143,0.08485000000000001,0.0848,0.0849,True,0.00010120818264760956,7.411478442739917e-06,0,0.08482149181837673,0.08482337460552859,7.555367356260689,7.555367356260689,0.08479380274533829,0.08479385047108848,87.57133650988243,91.51958191407721,0,2
2023-06-03 16:06:00,2023-06-03 16:06:59,0.0849,0.0849,0.0849,0.0849,0.08486101380318573,0.0849,0.0849,0.0849,True,9.397902674420887e-05,7.009859417603872e-06,0,0.08482243321195267,0.08482471243805871,7.891841927347954,7.891841927347954,0.0847948594344394,0.08479490668530651,88.58798191583942,91.0364607359503,0,2
2023-06-03 16:07:00,2023-06-03 16:07:59,0.0849,0.0849,0.0848,0.0849,0.08488050690159286,0.084875,0.0848,0.0849,True,9.440909626247988e-05,6.34775332725874e-06,0,0.08482357282500569,0.08482611074917208,8.116158308072798,8.116158308072798,0.0847956568530022,0.08479595238993033,81.50853032288693,85.88928291620302,0,2
2023-06-03 16:08:00,2023-06-03 16:08:59,0.0849,0.0849,0.0849,0.0849,0.08487775345079643,0.0849,0.0849,0.0849,True,8.766558938658847e-05,5.536597908445589e-06,0,0.08482484178708889,0.08482771860818468,8.265702561889363,8.265702561889363,0.08479669509327083,0.08479698768953302,89.60099957632552,86.56583727168406,0,1
2023-06-03 16:09:00,2023-06-03 16:09:59,0.0849,0.0848,0.0848,0.0849,0.08488887672539822,0.08485000000000001,0.0848,0.0849,True,8.854661871611807e-05,-2.200685441711002e-06,0,0.08482628019763679,0.08482913736093604,-2.238653597586861,-0.0,0.0847972254903527,0.08479701766277149,64.16309524218788,78.42420838046688,0,1
2023-06-03 16:10:00,2023-06-03 16:10:59,0.0849,0.0849,0.0848,0.085,0.08486943836269911,0.0849,0.0848,0.085,True,9.650757452211004e-05,-3.5065562166135966e-07,0,0.08482770877928641,0.0848307405480186,0.3932227403487474,0.0,0.08479824812228949,0.08479804236264442,66.26590486044438,73.34333322631936,0,2
2023-06-03 16:11:00,2023-06-03 16:11:59,0.085,0.085,0.0849,0.085,0.08488471918134956,0.08497500000000001,0.0849,0.085,True,9.675703348481667e-05,7.615375587735156e-06,0,0.0848292246636525,0.0848329925217387,6.897831366227244,6.897831366227244,0.08480000684744084,0.08480005189137432,68.56880828520912,66.33260279594721,0,2
2023-06-03 16:12:00,2023-06-03 16:12:59,0.085,0.085,0.0849,0.085,0.08492985959067478,0.08497500000000001,0.0849,0.085,True,9.698867395018711e-05,1.2308354252381266e-05,0,0.0848311085926956,0.08483573983880657,11.234237116812906,11.234237116812906,0.08480174807283944,0.08480204142479349,94.00671261934674,76.28047525500017,0,2
2023-06-03 16:13:00,2023-06-03 16:13:59,0.085,0.085,0.0849,0.085,0.0849524297953374,0.08497500000000001,0.0849,0.085,True,9.720376866803108e-05,1.4654403814563435e-05,0,0.08483342421575109,0.08483885829365893,14.12517428387001,14.12517428387001,0.08480347197261218,0.08480401116186022,99.99999999999976,87.52517363485197,0,2
2023-06-03 16:14:00,2023-06-03 16:14:59,0.0849,0.0849,0.0849,0.085,0.08496371489766871,0.08492500000000001,0.0849,0.085,True,9.740349947745765e-05,8.49669061535246e-06,0,0.08483614125470501,0.08484190449880918,7.732562793966821,7.732562793966821,0.08480468120671554,0.08480496627467753,80.95641083292564,91.65437448409081,0,1
2023-06-03 16:15:00,2023-06-03 16:15:59,0.0849,0.0849,0.0849,0.085,0.08494435744883436,0.08492500000000001,0.0849,0.085,True,9.75889638004966e-05,3.9607739367279974e-06,0,0.0848390228767571,0.08484487292105401,3.470821800698026,0.0,0.08480587840863876,0.08480591188388471,61.91282166585154,80.95641083292576,0,1
2023-06-03 16:16:00,2023-06-03 16:16:59,0.0849,0.085,0.0849,0.085,0.08493467872441718,0.08495000000000001,0.0849,0.085,True,9.77611806718899e-05,7.527728044839941e-06,0,0.08484194789890555,0.08484793126432358,6.860868175606136,6.860868175606136,0.08480731245432395,0.08480784310892069,50.26282284179035,64.37735178018927,0,2
2023-06-03 16:17:00,2023-06-03 16:17:59,0.085,0.0849,0.0849,0.085,0.0849423393622086,0.08495000000000001,0.0849,0.085,True,9.792109633818369e-05,2.446711321157941e-06,0,0.08484493958161456,0.08485103941956103,2.979426931385184,0.0,0.08480873223089784,0.08480876009291152,57.65641318480326,56.61068589748182,0,1
2023-06-03 16:18:00,2023-06-03 16:18:59,0.085,0.085,0.085,0.085,0.0849461696811043,0.085,0.085,0.085,True,9.806958945688506e-05,5.712935085955284e-06,0,0.08484798950058779,0.08485450852003401,5.100138247230959,5.100138247230959,0.08481063539277946,0.08481066297755917,76.70000235187737,61.5397461261571,0,2
2023-06-03 16:19:00,2023-06-03 16:19:59,0.085,0.0851,0.085,0.0851,0.08497308484055216,0.08505,0.085,0.0851,True,9.820747592424964e-05,1.4219931332080115e-05,0,0.0848512490103109,0.08485858104668403,9.716362061093442,9.716362061093442,0.08481301713016473,0.08481354195290684,88.35000117593857,74.23547223753984,0,2
2023-06-03 16:20:00,2023-06-03 16:20:59,0.0851,0.0851,0.085,0.0851,0.08501154242027609,0.085075,0.085,0.0851,True,9.833551335823102e-05,1.885294157741014e-05,0,0.08485491502849746,0.0848632722397297,12.793844603668425,12.793844603668425,0.08481562392488946,0.08481639228173364,99.99999999999976,88.35000117593866,0,2
2023-06-03 16:21:00,2023-06-03 16:21:59,0.0851,0.085,0.085,0.0851,0.08504327121013805,0.08505,0.085,0.0851,True,9.845440526121372e-05,1.3885365407004717e-05,0,0.08485909363411358,0.08486824680001966,9.010681713737313,9.010681713737313,0.08481795602513932,0.08481821922420395,92.78901626162843,93.71300581252235,0,1
2023-06-03 16:22:00,2023-06-03 16:22:59,0.085,0.0852,0.085,0.0852,0.08504663560506903,0.08510000000000001,0.085,0.0852,True,0.00010570766202826929,2.3482508842545366e-05,0,0.08486367021706662,0.08487375337973323,12.616502940246626,12.616502940246626,0.08482076243284938,0.08482201803789347,92.39137871819764,95.06013165994204,0,2
2023-06-03 16:23:00,2023-06-03 16:23:59,0.0851,0.0851,0.0851,0.0852,0.08507331780253452,0.08512499999999999,0.0851,0.0852,True,0.00010529997188339311,2.145552984647233e-05,0,0.08486871179839992,0.08487981256767421,10.711627689705423,10.711627689705423,0.08482378967232351,0.08482478402756617,92.39137871819764,92.523924566008,0,2
2023-06-03 16:24:00,2023-06-03 16:24:59,0.0851,0.0851,0.0851,0.0852,0.08509915890126726,0.08512499999999999,0.0851,0.0852,True,0.00010492140246315095,1.8826320498774302e-05,0,0.08487426218303706,0.0848862652554859,9.441710856011284,9.441710856011284,0.08482678679001183,0.08482752249495357,99.60236245656897,94.79503996432152,0,1
2023-06-03 16:25:00,2023-06-03 16:25:59,0.0851,0.0852,0.0851,0.0852,0.08511207945063362,0.08515,0.0851,0.0852,True,0.00010456987371578323,2.275220293444624e-05,0,0.08488026371926148,0.08489315500279915,11.618630029072499,11.618630029072499,0.08483000284185252,0.08483122873878488,99.99999999999973,97.33124705825554,0,2
2023-06-03 16:26:00,2023-06-03 16:26:59,0.0851,0.0852,0.0851,0.0852,0.08513103972531681,0.08515,0.0851,0.0852,True,0.00010424345416465606,2.3845599453874207e-05,0,0.08488670936103032,0.08490034157913805,13.069909477779973,13.069909477779973,0.08483318689317737,0.08483489810456811,99.99999999999973,99.86745415218957,0,2
2023-06-03 16:27:00,2023-06-03 16:27:59,0.0851,0.0852,0.085,0.0852,0.08514051986265841,0.085125,0.085,0.0852,True,0.00011108320743860862,2.301968425645677e-05,0,0.08489352547008419,0.08490754101691336,14.037429110251622,14.037429110251622,0.08483609050618059,0.08483853095924902,90.50819695565025,96.83606565188332,0,2
2023-06-03 16:28:00,2023-06-03 16:28:59,0.0851,0.0851,0.085,0.0851,0.08513275993132921,0.085075,0.085,0.08513275993132921,True,0.00011743440690727884,1.409523117136316e-05,0,0.08490053324349878,0.08491435813161527,8.81769131409122,8.81769131409122,0.0848384677150743,0.08484113264124654,64.43412397744919,84.98077364436648,0,1
2023-06-03 16:29:00,2023-06-03 16:29:59,0.0852,0.0851,0.0851,0.0852,0.0851038799656646,0.08515,0.0851,0.0852,True,0.0001161890921281877,7.169645392633256e-06,0,0.08490744568755702,0.08492134204777602,5.337866116650957,0.0,0.08484156753880491,0.084843708435861,49.27537926161773,68.07256673157248,0,1
2023-06-03 16:30:00,2023-06-03 16:30:59,0.085,0.0851,0.085,0.0851,0.0851269399828323,0.08505,0.085,0.0851269399828323,True,0.00011503272840474492,1.8356276414029603e-06,0,0.08491439386766653,0.08492772326445985,3.0179826516907795,0.0,0.08484364149364267,0.0848462586006783,25.433848972633886,46.38111740390036,0,1
2023-06-03 16:31:00,2023-06-03 16:31:59,0.0851,0.085,0.0849,0.0851,0.08508846999141614,0.085025,0.0849,0.0851,True,0.00012110181923297683,-9.090045947523898e-06,0,0.08492105856606319,0.08493341466308772,-3.6157879676172726,-3.6157879676172726,0.08484544605589497,0.08484778836584568,18.17458861750161,30.961272283917836,0,1
2023-06-03 16:32:00,2023-06-03 16:32:59,0.085,0.0851,0.0849,0.0851,0.08505673499570807,0.085025,0.0849,0.0851,True,0.0001267374035734779,-9.41122915618419e-06,0,0.08492723661457546,0.08493852391406172,-1.9161769143009053,-0.0,0.08484723266230398,0.08485029793434473,-2.7000623958883807e-13,14.536145863378502,0,1
2023-06-03 16:33:00,2023-06-03 16:33:59,0.085,0.085,0.085,0.085,0.08504086749785403,0.085,0.085,0.08504086749785403,True,0.0001248275890325144,-1.656078467834589e-05,0,0.0849328802643186,0.084942968254612,-5.036477650027116,-5.036477650027116,0.08484875273531589,0.08485178750713732,-2.7000623958883807e-13,6.058196205833784,0,1
2023-06-03 16:34:00,2023-06-03 16:34:59,0.0851,0.0851,0.0851,0.0851,0.08502043374892701,0.0851,0.0851,0.0851,True,0.00012305418981590544,-1.4062767750886278e-05,0,0.08493792425946531,0.08494754471995357,-2.434286513000245,-0.0,0.08485125270809882,0.0848542572831857,13.256965646934292,4.418988548978012,0,2
2023-06-03 16:35:00,2023-06-03 16:35:59,0.085,0.0849,0.0849,0.085,0.0850602168744635,0.08495000000000001,0.0849,0.0850602168744635,True,0.00012855031911476877,-2.5987924713555586e-05,0,0.08494273448970945,0.0849511646491336,-6.942410048221312,-6.942410048221312,0.08485223526821724,0.08485471243459679,13.256965646934292,8.8379770979562,0,-2
2023-06-03 16:36:00,2023-06-03 16:36:59,0.085,0.085,0.085,0.085,0.08500510843723175,0.085,0.085,0.08500510843723175,True,0.0001265110106065712,-2.6088832075095414e-05,0,0.08494694956942153,0.08495434970727615,-6.087883285143171,-6.087883285143171,0.08485370556405587,0.08485615808201373,18.309781775380447,14.941237689749771,0,-2
2023-06-03 16:37:00,2023-06-03 16:37:59,0.085,0.0849,0.0849,0.085,0.08500255421861588,0.08495000000000001,0.0849,0.08500255421861588,True,0.00012461736699181632,-3.2212161270815925e-05,0,0.08495064963834885,0.08495682748233331,-8.164439659262143,-8.164439659262143,0.08485466371764736,0.08485659432000364,5.767071605830748,12.44460634271526,-1,-2
2023-06-03 16:38:00,2023-06-03 16:38:59,0.085,0.0849,0.0849,0.085,0.08497627710930794,0.08495000000000001,0.0849,0.085,True,0.00012285898363525823,-3.5044511417023014e-05,0,0.08495373856034108,0.0849587314082714,-9.548810575341456,-9.548810575341456,0.08485561233737225,0.08485702621731704,6.481327083215611,10.186060154809033,0,-2
2023-06-03 16:39:00,2023-06-03 16:39:59,0.085,0.085,0.085,0.085,0.08496313855465398,0.085,0.085,0.085,True,0.00012122619908988284,-2.8707617736238587e-05,0,0.08495623498430624,0.08496051352897893,-6.3095115796459496,-6.3095115796459496,0.08485704903053273,0.08485844884202036,7.418445794959742,6.55561482800213,0,-1
2023-06-03 16:40:00,2023-06-03 16:40:59,0.085,0.085,0.0849,0.085,0.084981569277327,0.08497500000000001,0.0849,0.085,True,0.00011971004201203426,-2.3537314101150785e-05,0,0.08495837425664259,0.08496201599774196,-4.149978915848948,-4.149978915848948,0.08485822267201996,0.08485985731125399,11.022912647597735,8.307561841924459,0,-1
2023-06-03 16:41:00,2023-06-03 16:41:59,0.085,0.0849,0.0849,0.085,0.0849782846386635,0.08495000000000001,0.0849,0.085,True,0.00011830218186831774,-2.6172097313358566e-05,0,0.08496019512719227,0.08496311645944224,-6.454986433660608,-6.454986433660608,0.08485913587926355,0.08486025674099276,11.859143256059218,10.100167232872328,0,-2
2023-06-03 16:42:00,2023-06-03 16:42:59,0.085,0.0849,0.0849,0.085,0.08496414231933175,0.08495000000000001,0.0849,0.085,True,0.0001169948831634381,-2.6834938902488405e-05,0,0.08496165579331726,0.08496389286781729,-7.991658112201712,-7.991658112201712,0.0848600399998679,0.08486065219630627,7.4196945017152744,10.100583468457506,0,-2
2023-06-03 16:43:00,2023-06-03 16:43:59,0.085,0.085,0.0849,0.085,0.08495707115966589,0.08497500000000001,0.0849,0.085,True,0.00011578096293747845,-1.929214462984673e-05,0,0.08496277433056727,0.08496458034632995,-4.052977055215827,-4.052977055215827,0.08486118388046622,0.08486203874161666,12.100822597488937,10.459886785087905,0,-1
2023-06-03 16:44:00,2023-06-03 16:44:59,0.085,0.0849,0.0849,0.085,0.08496603557983295,0.08495000000000001,0.0849,0.085,True,0.00011465375129908733,-2.0465599984326034e-05,0,0.08496367733844862,0.08496502156631622,-5.4884544693286585,-5.4884544693286585,0.08486206762294915,0.08486241646558067,13.786578443696044,11.102365180966848,0,-2
2023-06-03 16:45:00,2023-06-03 16:45:59,0.085,0.085,0.0849,0.085,0.08495801778991649,0.08497500000000001,0.0849,0.085,True,0.00011360705477772416,-1.3473992857340073e-05,0,0.08496434945238242,0.08496543740458111,-2.2900464235481337,-0.0,0.08486319132819344,0.0848637854559729,22.219133563253795,16.035511534813022,0,-1
2023-06-03 16:46:00,2023-06-03 16:46:59,0.085,0.0849,0.0849,0.085,0.08496650889495824,0.08495000000000001,0.0849,0.085,True,0.0001126351222936012,-1.5209619135216365e-05,0,0.08496489342848176,0.08496565887995891,-3.8376188674172482,-3.8376188674172482,0.0848640550960721,0.08486414579969456,17.13617492474535,17.71396231056516,0,-2
2023-06-03 16:47:00,2023-06-03 16:47:59,0.085,0.0849,0.0849,0.085,0.08495825444747912,0.08495000000000001,0.0849,0.085,True,0.00011173261355834417,-1.5627768003366975e-05,0,0.08496527615422034,0.08496572581251222,-4.8693338299966555,-4.8693338299966555,0.08486491026924552,0.08486450255790656,17.816824779979978,19.05737775599314,0,-2
2023-06-03 16:48:00,2023-06-03 16:48:59,0.085,0.085,0.0849,0.085,0.08495412722373957,0.08497500000000001,0.0849,0.085,True,0.00011089456973274835,-8.292695783957272e-06,0,0.08496550098336628,0.08496584213977108,-1.2475807291039516,-0.0,0.08486600568945203,0.08486585079116123,37.859256444798355,24.27075204984133,0,-1
2023-06-03 16:49:00,2023-06-03 16:49:59,0.085,0.085,0.0849,0.085,0.0849645636118698,0.08497500000000001,0.0849,0.085,True,0.00011011638618040939,-3.1178623230591035e-06,0,0.08496567156156869,0.0849659965577003,1.1669213381578558,0.0,0.08486709020995499,0.08486718560915962,63.51999805688494,39.73202642722119,0,-1
2023-06-03 16:50:00,2023-06-03 16:50:59,0.0849,0.0849,0.0849,0.085,0.0849697818059349,0.08492500000000001,0.0849,0.085,True,0.00010939378716752321,-6.424081280466607e-06,0,0.0849658340596345,0.08496583685203771,-1.822980837720209,-0.0,0.08486766642677136,0.08486751212051127,59.60310626959687,53.660786923760156,0,-2
2023-06-03 16:51:00,2023-06-03 16:51:59,0.085,0.0849,0.0849,0.085,0.08494739090296746,0.08495000000000001,0.0849,0.085,True,0.00010872280236984318,-8.197486613442828e-06,0,0.08496583545583611,0.0849656024569995,-3.8162489549722522,-3.8162489549722522,0.08486848566630598,0.08486783538299375,47.671120924262105,56.93140841691474,0,-2
2023-06-03 16:52:00,2023-06-03 16:52:59,0.0849,0.085,0.0849,0.085,0.08494869545148373,0.08495000000000001,0.0849,0.085,True,0.00010809974505771173,-2.029732226358628e-06,0,0.0849657189564178,0.08496531086668982,-0.09870298352990403,-0.0,0.08486929675420343,0.08486915045380973,36.186975049775185,47.82040074787816,0,-1
2023-06-03 16:53:00,2023-06-03 16:53:59,0.0849,0.0849,0.0849,0.085,0.08494934772574186,0.08492500000000001,0.0849,0.085,True,0.00010752119183930395,-4.715666434014773e-06,0,0.08496551491155381,0.0849648047201737,-2.1907111460041477,-0.0,0.08486985101535564,0.08486945741446834,38.46867105984604,40.77558901129455,0,-2
2023-06-03 16:54:00,2023-06-03 16:54:59,0.085,0.085,0.085,0.085,0.08493717386287095,0.085,0.085,0.085,True,0.00010698396385078245,7.167963765151189e-07,0,0.08496515981586375,0.08496464770451059,0.6046874558075643,0.0,0.08487114603012823,0.08487075634566767,53.70851686829167,42.78805432597107,0,-1
2023-06-03 16:55:00,2023-06-03 16:55:59,0.0851,0.0851,0.0851,0.0851,0.08496858693143547,0.0851,0.0851,0.0851,True,0.00010648510929001148,1.1152974608317037e-05,0,0.08496490376018717,0.08496545274566426,5.550513750978972,5.550513750978972,0.0848734231840573,0.08487303737705405,68.94836267673726,53.70851686829176,0,-1
2023-06-03 16:56:00,2023-06-03 16:56:59,0.085,0.0851,0.085,0.0851,0.08503429346571773,0.08505,0.085,0.0851,True,0.00010602188719786702,1.748029313536822e-05,0,0.08496517825292571,0.08496666664430384,8.847731281093246,8.847731281093246,0.08487518016730052,0.08487529571161073,89.66443683903368,70.77377212802098,1,2
2023-06-03 16:57:00,2023-06-03 16:57:59,0.085,0.085,0.085,0.0851,0.08504214673285887,0.085025,0.085,0.0851,True,0.00010559175239801859,1.3981342281669717e-05,0,0.08496592244861477,0.08496802258409519,5.960786659704922,5.960786659704922,0.08487667091190448,0.08487653655030117,74.54608509872547,77.71962820483225,0,1
2023-06-03 16:58:00,2023-06-03 16:58:59,0.085,0.0851,0.085,0.0851,0.08503357336642944,0.08505,0.085,0.0851,True,0.00010519234151244504,1.797796225477681e-05,0,0.08496697251635497,0.0849696525772819,7.665654157867593,7.665654157867593,0.08487839557944772,0.0848787600672136,63.45142665020637,75.88731619598862,0,2
2023-06-03 16:59:00,2023-06-03 16:59:59,0.085,0.085,0.085,0.0851,0.08504178668321472,0.085025,0.085,0.0851,True,0.00010482145997584103,1.2897620653838913e-05,0,0.08496831254681843,0.08497131562456074,4.571784964625188,0.0,0.08487985432990097,0.08487996643470401,57.734474631262486,65.2439954600649,0,1
2023-06-03 17:00:00,2023-06-03 17:00:59,0.085,0.085,0.085,0.0851,0.08503339334160737,0.085025,0.085,0.0851,True,0.00010447706997756589,9.012928016255627e-06,0,0.08496981408568959,0.08497299328528586,2.5092055024635798,0.0,0.08488129856542434,0.0848811607985378,56.80031119166077,59.32873749104332,0,1
2023-06-03 17:01:00,2023-06-03 17:01:59,0.085,0.085,0.085,0.0851,0.08502919667080369,0.085025,0.085,0.0851,True,0.00010415727926488183,6.060958821945297e-06,0,0.08497140368548772,0.0849746709407433,1.1341525276891815,0.0,0.08488272843044499,0.08488234327815435,51.84245446026993,55.45908009439784,0,1
2023-06-03 17:02:00,2023-06-03 17:02:59,0.085,0.085,0.085,0.0851,0.08502709833540184,0.085025,0.085,0.0851,True,0.00010386033074596092,3.834665835892672e-06,0,0.08497303731311551,0.0849763370815529,0.21745054450624934,0.0,0.084884144067953,0.08488351399180455,51.84245446026993,53.49507337073365,0,-2
2023-06-03 17:03:00,2023-06-03 17:03:59,0.085,0.085,0.085,0.085,0.08502604916770093,0.085,0.085,0.08502604916770093,True,9.6441735692678e-05,2.171240065749933e-06,0,0.0849746871973342,0.08497781119871481,-0.39368411094903877,-0.0,0.08488529686329675,0.0848846730565627,45.92591240829713,49.870273776279106,0,-2
2023-06-03 17:04:00,2023-06-03 17:04:59,0.085,0.085,0.085,0.085,0.08501302458385046,0.085,0.085,0.08501302458385046,True,8.955304028605814e-05,9.42864721927757e-07,0,0.0849762491980245,0.08497912402029707,-0.8011072145858975,-0.0,0.08488643818804006,0.0848858205883382,39.55941641099469,45.77592775985403,0,-2
2023-06-03 17:05:00,2023-06-03 17:05:59,0.0851,0.0851,0.085,0.0851,0.08500651229192524,0.085075,0.085,0.0851,True,9.029925169419605e-05,6.906517828790306e-06,0,0.08497768660916079,0.08498081542514281,5.5151840291959715,5.5151840291959715,0.08488831442497499,0.0848879517267627,49.46458866612749,44.98330582847322,0,2
2023-06-03 17:06:00,2023-06-03 17:06:59,0.085,0.0851,0.085,0.0851,0.08504075614596263,0.08505,0.085,0.0851,True,9.099216228746698e-05,1.0383862834780582e-05,0,0.0849792510171518,0.0849826217598317,9.72604485838388,9.72604485838388,0.08488992323666679,0.08489006165982974,58.87835193938927,49.3007856721706,0,2
2023-06-03 17:07:00,2023-06-03 17:07:59,0.085,0.085,0.085,0.085,0.08504537807298132,0.085,0.085,0.08504537807298132,True,9.163557926693284e-05,5.223511745346373e-06,0,0.08498093638849175,0.08498416313304419,4.459805732698328,4.459805732698328,0.08489101852784424,0.08489115557366228,47.9640297832683,52.10232346292847,0,1
2023-06-03 17:08:00,2023-06-03 17:08:59,0.085,0.085,0.085,0.0851,0.08502268903649066,0.085025,0.085,0.0851,True,9.223303789072258e-05,1.558929618234087e-06,0,0.08498254976076797,0.08498565685135011,0.948979648907958,0.0,0.08489235167682091,0.08489223860278007,28.238223467251785,45.026868396636566,0,1
2023-06-03 17:09:00,2023-06-03 17:09:59,0.0851,0.0851,0.085,0.0851,0.08502384451824532,0.085075,0.085,0.0851,True,9.278782089852733e-05,5.88053783881397e-06,0,0.08498410330605903,0.0849874458552901,4.935912748496726,4.935912748496726,0.08489416907307144,0.08489430588036435,35.50251494075918,37.23492273042654,0,2
2023-06-03 17:10:00,2023-06-03 17:10:59,0.085,0.085,0.085,0.0851,0.08504942225912265,0.085025,0.085,0.0851,True,9.330297654863174e-05,1.4475446124976451e-06,0,0.08498577458067456,0.08498911201204361,1.5359993953103057,0.0,0.08489547087333939,0.0848953575631468,43.007038266389394,35.58259222480024,0,1
2023-06-03 17:11:00,2023-06-03 17:11:59,0.085,0.085,0.085,0.085,0.08503721112956134,0.085,0.085,0.08503721112956134,True,8.663847822372948e-05,-1.591754579298221e-06,0,0.08498744329635909,0.08499049849214942,-0.7306095068139697,-0.0,0.08489651096415193,0.08489639878142394,35.54685417384971,38.01880246033288,0,-2
2023-06-03 17:12:00,2023-06-03 17:12:59,0.0851,0.085,0.085,0.0851,0.08501860556478066,0.08505,0.085,0.0851,True,8.759287263631944e-05,-3.590930799624959e-06,0,0.08498897089425425,0.08499199832130888,-2.241682108230158,-0.0,0.08489803821823998,0.08489742963932022,24.745075955605113,34.43298946528152,0,-2
2023-06-03 17:13:00,2023-06-03 17:13:59,0.085,0.0851,0.085,0.0851,0.08503430278239033,0.08505,0.085,0.0851,True,8.84790960194387e-05,2.0351288552526195e-06,0,0.08499048460778157,0.08499357710055237,2.884733866773537,0.0,0.08489955027576992,0.08489944526479962,34.481105259950084,31.591011796468422,0,2
2023-06-03 17:14:00,2023-06-03 17:14:59,0.085,0.085,0.085,0.085,0.08504215139119517,0.085,0.085,0.08504215139119517,True,8.930201773233515e-05,-1.3790700413666561e-06,0,0.08499203085416697,0.08499486415247443,0.2938802426690259,0.0,0.0849005497755135,0.08490044580942847,34.481105259950084,31.23576215850188,0,-2
2023-06-03 17:15:00,2023-06-03 17:15:59,0.0851,0.085,0.085,0.0851,0.08502107569559758,0.08505,0.085,0.0851,True,9.006615932288186e-05,-3.625387871360652e-06,0,0.0849934475033207,0.08499625574805303,-1.4333555067339816,-0.0,0.08490203684242383,0.08490143639838939,33.891394890525696,34.284535136808735,0,-2
2023-06-03 17:16:00,2023-06-03 17:16:59,0.0851,0.0851,0.085,0.0851,0.0850355378477988,0.085075,0.085,0.0851,True,9.077571937124666e-05,1.847282103678199e-06,0,0.08499485162568687,0.08499789163034868,2.7454694781596842,0.0,0.08490375786886736,0.08490341215561935,40.88392378368396,36.418807978053366,0,2
2023-06-03 17:17:00,2023-06-03 17:17:59,0.0851,0.0851,0.085,0.0851,0.08505526892389939,0.085075,0.085,0.0851,True,9.143459655901397e-05,5.2046434491234505e-06,0,0.08499637162801778,0.08499970861740239,5.5313528014221305,5.5313528014221305,0.08490546177066968,0.08490536825357338,65.1170053068174,46.63077466034247,0,2
2023-06-03 17:18:00,2023-06-03 17:18:59,0.085,0.0851,0.085,0.0851,0.08506513446194969,0.08505,0.085,0.0851,True,9.204641109051218e-05,7.035156961477923e-06,0,0.08499804012271009,0.08500148419645563,7.388608350263759,7.388608350263759,0.0849068999620063,0.08490730488786619,62.78970491185544,56.26354466745238,0,2
2023-06-03 17:19:00,2023-06-03 17:19:59,0.085,0.0851,0.085,0.0851,0.08505756723097485,0.08505,0.085,0.0851,True,9.261452458404624e-05,7.784844317995963e-06,0,0.08499976215958287,0.08500321499233833,8.626778716158185,8.626778716158185,0.08490832384298136,0.08490922225216603,55.31493151385278,61.073880577508646,0,2
2023-06-03 17:20:00,2023-06-03 17:20:59,0.085,0.0851,0.085,0.0851,0.08505378361548743,0.08505,0.085,0.0851,True,9.314205854232786e-05,7.78937509599701e-06,0,0.0850014885759606,0.08500489865501552,9.452225626754469,9.452225626754469,0.08490973355598652,0.08491112053821413,47.84015811585012,55.31493151385288,0,2
2023-06-03 17:21:00,2023-06-03 17:21:59,0.085,0.0851,0.085,0.0851,0.08505189180774372,0.08505,0.085,0.0851,True,9.363191150358936e-05,7.299218565298678e-06,0,0.08500319361548807,0.08500653365767208,10.00252356715199,10.00252356715199,0.0849111292419966,0.08491299993584384,50.27492437539208,51.14333800169843,0,2
2023-06-03 17:22:00,2023-06-03 17:22:59,0.085,0.085,0.085,0.0851,0.08505094590387186,0.085025,0.085,0.0851,True,9.40867749676179e-05,-3.57821374736845e-07,0,0.08500486363658008,0.08500794760550857,0.8938965910743804,0.0,0.0849122622843648,0.084913865608124,36.67776934534012,44.930950612194216,0,1
2023-06-03 17:23:00,2023-06-03 17:23:59,0.085,0.0849,0.0849,0.085,0.08503797295193594,0.08495000000000001,0.0849,0.08503797295193594,True,9.450914818421684e-05,-1.2304101168424186e-05,0,0.08500640562104433,0.08500866323438493,-9.080775791968847,-9.080775791968847,0.08491263778402286,0.084913727641874,19.91946122020933,35.62405164698062,0,-2
2023-06-03 17:24:00,2023-06-03 17:24:59,0.085,0.085,0.085,0.085,0.08499398647596798,0.085,0.085,0.085,True,9.490135188534441e-05,-1.275276820548071e-05,0,0.08500753442771464,0.08500916721503107,-7.810243294582506,-7.810243294582506,0.08491350705980373,0.08491458607329815,17.988713571226715,24.861981378925496,-1,-2
2023-06-03 17:25:00,2023-06-03 17:25:59,0.085,0.085,0.0849,0.085,0.08499699323798399,0.08497500000000001,0.0849,0.085,True,9.526554103639145e-05,-1.2584054404411169e-05,0,0.08500835082137286,0.08500932957910733,-6.963221629658278,-6.963221629658278,0.08491411892985544,0.08491543596311607,23.881101684184372,20.596425491873582,0,-2
2023-06-03 17:26:00,2023-06-03 17:26:59,0.0851,0.085,0.085,0.0851,0.084985996618992,0.08505,0.085,0.0851,True,9.560371667664842e-05,-1.2003214502479088e-05,0,0.08500884020024009,0.08500973645182529,-6.398540519708789,-6.398540519708789,0.08491547098030464,0.08491627739631889,51.65944750277415,31.176420919395184,0,-2
2023-06-03 17:27:00,2023-06-03 17:27:59,0.0851,0.085,0.085,0.0851,0.085017998309496,0.08505,0.085,0.0851,True,9.591773691402989e-05,-1.11624039015524e-05,0,0.08500928832603269,0.08501033303633686,-6.022086446409126,-6.022086446409126,0.08491680957751553,0.08491711045705204,64.61023284521576,46.716927344058206,0,-2
2023-06-03 17:28:00,2023-06-03 17:28:59,0.0851,0.085,0.085,0.0851,0.08503399915474799,0.08505,0.085,0.0851,True,9.620932713445554e-05,-1.0173040632571137e-05,0,0.08500981068118478,0.0850110748890735,-5.771117064209356,-5.771117064209356,0.0849181348553512,0.08491793522862366,83.33503745576907,66.53490593458643,0,-2
2023-06-03 17:29:00,2023-06-03 17:29:59,0.0851,0.085,0.085,0.0851,0.08504199957737399,0.08505,0.085,0.0851,True,9.648008948199364e-05,-9.115444861897489e-06,0,0.08501044278512915,0.08501192602260665,-5.603804142742845,-5.603804142742845,0.08491944694634274,0.08491875179351298,83.33503745576907,77.09343591891808,0,-1
2023-06-03 17:30:00,2023-06-03 17:30:59,0.085,0.085,0.085,0.0851,0.08504599978868699,0.085025,0.085,0.0851,True,9.673151166185045e-05,-8.046336222919119e-06,0,0.0850111844038679,0.0850126858274116,-5.492262195098505,-5.492262195098505,0.0849204972254836,0.08491956023337852,75.94060056078236,80.87022515744026,0,-1
2023-06-03 17:31:00,2023-06-03 17:31:59,0.0851,0.0851,0.0851,0.0851,0.0850354998943435,0.0851,0.0851,0.0851,True,9.696497511457463e-05,-1.4750522558704367e-07,0,0.08501193511563976,0.08501388309515745,4.136438688203384,4.136438688203384,0.08492228332274247,0.08492135565394192,81.49558807552592,80.25707536402588,0,-1
2023-06-03 17:32:00,2023-06-03 17:32:59,0.085,0.085,0.085,0.0851,0.08506774994717176,0.085025,0.085,0.0851,True,9.718176260638995e-05,-1.9017359315734357e-06,0,0.0850129091053986,0.0850149019862633,1.1708909670635919,0.0,0.0849233053792326,0.08492213818474846,70.4347163819413,75.95696833941663,0,-2
2023-06-03 17:33:00,2023-06-03 17:33:59,0.085,0.085,0.085,0.0851,0.08504637497358589,0.085025,0.085,0.0851,True,9.738306527736132e-05,-2.957957419887462e-06,0,0.08501390554583095,0.08501577344950949,-0.806140847029603,-0.0,0.0849243172660064,0.08492291292917882,66.76828158334341,72.89952868027034,0,-2
2023-06-03 17:34:00,2023-06-03 17:34:59,0.085,0.0851,0.085,0.0851,0.08503568748679294,0.08505,0.085,0.0851,True,9.756998918612044e-05,3.346499783310725e-06,0,0.08501483949767022,0.08501669438918696,4.370961331341896,4.370961331341896,0.08492556784047399,0.084924674989585,55.399800333906136,64.20093276639707,1,-1
2023-06-03 17:35:00,2023-06-03 17:35:59,0.085,0.0851,0.085,0.0851,0.08504284374339646,0.08505,0.085,0.0851,True,9.774356138711105e-05,7.264197295029562e-06,0,0.08501576694342859,0.08501764796338115,7.822362783589561,7.822362783589561,0.08492680597141454,0.08492641951705182,60.64717829279704,60.93842007001566,0,2
2023-06-03 17:36:00,2023-06-03 17:36:59,0.085,0.085,0.085,0.0851,0.08504642187169822,0.085025,0.085,0.0851,True,9.790473557374519e-05,2.5938822080646063e-06,0,0.08501670745340488,0.08501844916184018,2.813718066173486,0.0,0.08492778302642534,0.08492715166116076,60.07679284844847,58.70792382505068,0,-2
2023-06-03 17:37:00,2023-06-03 17:37:59,0.085,0.085,0.085,0.0851,0.08503571093584911,0.085025,0.085,0.0851,True,9.805439731847689e-05,-5.662503587253339e-07,0,0.08501757830762253,0.08501912489673782,-0.5253784121038976,-0.0,0.08492875035949574,0.08492787652025369,49.059173646581804,56.594381595942565,0,-2
2023-06-03 17:38:00,2023-06-03 17:38:59,0.085,0.085,0.085,0.0851,0.08503035546792456,0.085025,0.085,0.0851,True,9.81933689385849e-05,-2.6071957027735813e-06,0,0.08501835160218019,0.08501969721703126,-2.751442730955482,-0.0,0.08492970806736146,0.08492859416681833,38.04155444471514,49.05917364658193,-1,-2
2023-06-03 17:39:00,2023-06-03 17:39:59,0.0851,0.085,0.085,0.0851,0.08502767773396228,0.08505,0.085,0.0851,True,9.832241401439948e-05,-3.828661319681281e-06,0,0.08501902440960572,0.08502035571814028,-4.235485610189869,-4.235485610189869,0.08493090500201457,0.08492930467262114,34.735946572968224,40.61222488808852,0,-2
2023-06-03 17:40:00,2023-06-03 17:40:59,0.0851,0.0851,0.085,0.0851,0.08503883886698113,0.085075,0.085,0.0851,True,9.844224158479873e-05,2.3979268392891754e-06,0,0.085019690063873,0.0850212490785802,2.64329681363062,0.0,0.08493233878308905,0.08493100313359007,48.47325014115828,40.41691705294735,1,-1
2023-06-03 17:41:00,2023-06-03 17:41:59,0.085,0.0851,0.085,0.0851,0.08505691943349056,0.08505,0.085,0.0851,True,9.855351004302662e-05,6.29929082527515e-06,0,0.08502046957122661,0.08502214968943374,7.229151762844282,7.229151762844282,0.08493350954146626,0.08493268469444988,48.25763470190564,43.822277138677514,0,2
2023-06-03 17:42:00,2023-06-03 17:42:59,0.085,0.0851,0.085,0.0851,0.08505345971674527,0.08505,0.085,0.0851,True,9.865683075423821e-05,8.511878365630397e-06,0,0.08502130963033018,0.08502304982944066,10.28638839565339,10.28638839565339,0.0849346686505064,0.08493434952336083,46.14777133577269,47.626218726279,0,2
2023-06-03 17:43:00,2023-06-03 17:43:59,0.085,0.0851,0.085,0.0851,0.08505172985837264,0.08505,0.085,0.0851,True,9.875277141464899e-05,9.519382627296754e-06,0,0.08502217972988542,0.08502394342282901,12.324546150859454,12.324546150859454,0.08493581622612326,0.08493599778680998,32.19485232832996,42.200086122002894,0,2
2023-06-03 17:44:00,2023-06-03 17:44:59,0.085,0.085,0.085,0.0851,0.08505086492918632,0.085025,0.085,0.0851,True,9.884185917074469e-05,2.8298440674584916e-06,0,0.08502306157635722,0.08502465420443098,3.4773982216885884,0.0,0.08493670362685835,0.08493663462475216,21.46323488555321,33.26861951655208,0,1
2023-06-03 17:45:00,2023-06-03 17:45:59,0.0851,0.0851,0.085,0.0851,0.08503793246459315,0.085075,0.085,0.0851,True,9.892458351569071e-05,5.173943889653228e-06,0,0.0850238578903941,0.08502555923348343,5.204415346712047,5.204415346712047,0.08493807971017318,0.08493826015087404,42.28416328441071,31.980750166098087,0,2
2023-06-03 17:46:00,2023-06-03 17:46:59,0.085,0.0851,0.085,0.0851,0.08505646623229657,0.08505,0.085,0.0851,True,9.900139897885487e-05,6.387732055186947e-06,0,0.08502470856193876,0.08502643945887131,6.3557600967276855,6.3557600967276855,0.08493919334489783,0.08493986950260664,46.48473706471717,36.74404507822715,0,2
2023-06-03 17:47:00,2023-06-03 17:47:59,0.0851,0.0851,0.0851,0.0851,0.08505323311614829,0.0851,0.0851,0.0851,True,9.192987048036523e-05,6.8058135714945685e-06,0,0.08502557401040503,0.08502763717005066,7.123323263404778,7.123323263404778,0.08494079341111775,0.08494146284088916,79.81807039805051,56.19565691572626,0,2
2023-06-03 17:48:00,2023-06-03 17:48:59,0.085,0.0851,0.085,0.0851,0.08507661655807414,0.08505,0.085,0.0851,True,9.25063083031955e-05,6.679563841511538e-06,0,0.08502660559022784,0.0850287335692807,7.635032041189504,7.635032041189504,0.08494188004384295,0.08494304032505942,57.63441078420533,61.312406082324465,0,2
2023-06-03 17:49:00,2023-06-03 17:49:59,0.0851,0.0852,0.0851,0.0852,0.08506330827903708,0.08515,0.0851,0.0852,True,9.30415719958246e-05,1.305329309960813e-05,0,0.08502766957975427,0.08503042878878235,13.830737416772529,13.830737416772529,0.08494395088917785,0.0849455971377454,76.03555289445548,71.16267802557057,0,2
2023-06-03 17:50:00,2023-06-03 17:50:59,0.0851,0.0851,0.0851,0.0852,0.08510665413951854,0.08512499999999999,0.0851,0.0852,True,9.353860256755163e-05,9.607693103138012e-06,0,0.0850290491842683,0.0850324123060999,9.38199604567071,9.38199604567071,0.08494575237286763,0.08494713348463351,67.77493916988652,67.1483009495159,0,1
2023-06-03 17:51:00,2023-06-03 17:51:59,0.0851,0.0852,0.0851,0.0852,0.08511582706975926,0.08515,0.0851,0.0852,True,9.400013095558386e-05,1.3666896244612024e-05,0,0.0850307307451841,0.0850347807198638,11.175550496541092,11.175550496541092,0.08494778468756546,0.08494964956936352,89.19745318264317,77.66931508232852,0,2
2023-06-03 17:52:00,2023-06-03 17:52:59,0.0851,0.0852,0.0851,0.0852,0.08513291353487963,0.08515,0.0851,0.0852,True,9.442869303018521e-05,1.5516478259544444e-05,0,0.08503275573252395,0.08503743591546958,12.371253463788015,12.371253463788015,0.0849497967802265,0.08495214061842457,86.65552008985559,81.2093041474619,0,2
2023-06-03 17:53:00,2023-06-03 17:53:59,0.0851,0.0851,0.0851,0.0852,0.08514145676743981,0.08512499999999999,0.0851,0.0852,True,9.482664352802933e-05,8.971954234011516e-06,0,0.08503509582399676,0.08504012715238413,6.834530766798409,6.834530766798409,0.08495154009584614,0.08495361185605219,83.41249065309097,86.42182130853006,0,1
2023-06-03 17:54:00,2023-06-03 17:54:59,0.0851,0.0851,0.0851,0.0851,0.0851332283837199,0.0851,0.0851,0.0851332283837199,True,8.805331184745581e-05,4.136714232064417e-06,0,0.08503761148819045,0.08504265677354063,3.1433823021386686,0.0,0.08495301730882279,0.08495506845449943,65.970163870386,78.67939153777765,0,1
2023-06-03 17:55:00,2023-06-03 17:55:59,0.0852,0.0851,0.0851,0.0852,0.08511661419185995,0.08515,0.0851,0.0852,True,8.890664671549488e-05,6.169172654948039e-07,0,0.08504013413086554,0.08504538485075619,0.6826166590321705,0.0,0.08495497733560067,0.0849565105594298,61.831903624186396,70.40485271588791,0,1
2023-06-03 17:56:00,2023-06-03 17:56:59,0.0852,0.0851,0.0851,0.0852,0.08513330709592998,0.08515,0.0851,0.0852,True,8.969902909295974e-05,-1.8953810213771704e-06,0,0.08504275949081087,0.0850482504563118,-0.9578937697054926,-0.0,0.08495691785962455,0.08495793831505735,66.6553534465328,64.81914031370185,0,1
2023-06-03 17:57:00,2023-06-03 17:57:59,0.0852,0.0852,0.0851,0.0852,0.08514165354796499,0.085175,0.0851,0.0852,True,9.04348127291771e-05,3.2167338526890634e-06,0,0.08504550497356134,0.08505137620438175,4.787317611118986,4.787317611118986,0.08495908783117057,0.08496034688903688,86.31434651400222,71.6005345282406,0,2
2023-06-03 17:58:00,2023-06-03 17:58:59,0.0852,0.0852,0.0851,0.0852,0.0851583267739825,0.085175,0.0851,0.0852,True,9.111804039137893e-05,6.1663470432363605e-06,0,0.08504844058897154,0.08505468531852682,8.617458531668639,8.617458531668639,0.08496123621095991,0.08496273149710616,92.57988973829544,81.84986323294362,0,2
2023-06-03 17:59:00,2023-06-03 17:59:59,0.0852,0.0852,0.0852,0.0852,0.08516666338699125,0.0852,0.0852,0.0852,True,8.460960893485186e-05,7.575337578341645e-06,0,0.08505156295374917,0.08505828762061683,11.170885812035074,11.170885812035074,0.08496361197005484,0.08496509237773198,99.26008307728257,92.71810644319355,0,2
2023-06-03 18:00:00,2023-06-03 18:00:59,0.0851,0.0851,0.0851,0.0852,0.08518333169349562,0.08512499999999999,0.0851,0.0852,True,8.570892258236264e-05,1.0554968500154038e-06,0,0.085054925287183,0.08506158145625466,4.140551844053682,0.0,0.08496521782109907,0.08496643474213265,70.57795897753893,87.4726439310391,0,1
2023-06-03 18:01:00,2023-06-03 18:01:59,0.0851,0.0851,0.0851,0.0852,0.08515416584674781,0.08512499999999999,0.0851,0.0852,True,8.67297138264798e-05,-3.442428869563125e-06,0,0.08505825337171882,0.08506460983486999,-0.5463374679339168,-0.0,0.08496680769352595,0.08496776374967362,41.98521818446609,70.60775341309598,0,1
2023-06-03 18:02:00,2023-06-03 18:02:59,0.0851,0.0851,0.0851,0.0852,0.0851395829233739,0.08512499999999999,0.0851,0.0852,True,8.767759141030287e-05,-6.425556663219013e-06,0,0.08506143160329441,0.0850674084394068,-3.670930342592314,-3.670930342592314,0.08496838174632669,0.08496907953325895,8.651884851132758,40.405020671046046,0,1
2023-06-03 18:03:00,2023-06-03 18:03:59,0.0852,0.0851,0.0851,0.0852,0.08513229146168694,0.08515,0.0851,0.0852,True,8.85577634524243e-05,-8.284894171727713e-06,0,0.0850644200213506,0.08507017846637896,-5.753992259031243,-5.753992259031243,0.0849701888931294,0.0849703822244703,13.923489448609432,21.520197494736212,0,-2
2023-06-03 18:04:00,2023-06-03 18:04:59,0.0852,0.085,0.085,0.0852,0.08514114573084347,0.08510000000000001,0.085,0.0852,True,9.651792320582198e-05,-1.617780289889293e-05,0,0.08506729924386477,0.0850725639355294,-13.160570418260875,-13.160570418260875,0.08497148054593409,0.08497067692870443,9.597547023042905,10.724307107595152,0,-2
2023-06-03 18:05:00,2023-06-03 18:05:59,0.0851,0.0851,0.085,0.0851,0.08512057286542174,0.085075,0.085,0.08512057286542174,True,9.67666429768339e-05,-1.3876526172496467e-05,0,0.08506993158969708,0.0850744587461605,-8.978683315875692,-8.978683315875692,0.08497251059025315,0.08497196372543374,9.597547023042905,11.039527831565202,0,-1
2023-06-03 18:06:00,2023-06-03 18:06:59,0.085,0.085,0.0849,0.085,0.08509778643271088,0.08497500000000001,0.0849,0.08509778643271088,True,0.00010414045419277375,-1.877934927335048e-05,0,0.08507219516792879,0.08507526815112626,-11.068250154388132,-11.068250154388132,0.0849725353604994,0.08497224269333988,-2.9605947323337506e-13,6.398364682028627,-1,-2
2023-06-03 18:07:00,2023-06-03 18:07:59,0.085,0.085,0.085,0.085,0.08503639321635545,0.085,0.085,0.08503639321635545,True,9.670185032186134e-05,-2.1231913675496217e-05,0,0.08507373165952752,0.08507538898178625,-12.461294713396427,-12.461294713396427,0.08497280864049443,0.08497251888544595,4.226563068349812,4.608036697130929,0,-2
2023-06-03 18:08:00,2023-06-03 18:08:59,0.085,0.085,0.085,0.0851,0.08501819660817772,0.085025,0.085,0.0851,True,9.693743244172759e-05,-2.1955531335729323e-05,0,0.08507456032065688,0.08507513839061265,-13.389991086068619,-13.389991086068619,0.08497332795750444,0.08497279232937185,12.499366339125894,5.575309802491925,0,-2
2023-06-03 18:09:00,2023-06-03 18:09:59,0.085,0.085,0.0849,0.085,0.08502159830408887,0.08497500000000001,0.0849,0.08502159830408887,True,9.715618726731868e-05,-2.1492997278749084e-05,0,0.08507484935563477,0.0850742540425661,-14.009122001183414,-14.009122001183414,0.0849733445947432,0.08497306305246269,15.43468793096032,10.720205779478796,0,-2
2023-06-03 18:10:00,2023-06-03 18:10:59,0.0849,0.0849,0.0849,0.085,0.08499829915204443,0.08492500000000001,0.0849,0.085,True,9.735931674822468e-05,-2.7106398910396914e-05,0,0.08507455169910044,0.08507253374767137,-18.83050587752121,-18.83050587752121,0.0849728635539995,0.0849723360569158,11.208124862610212,13.047393044232264,0,-2
2023-06-03 18:11:00,2023-06-03 18:11:59,0.0848,0.0848,0.0848,0.0848,0.08496164957602223,0.0848,0.0848,0.08496164957602223,True,9.754793698049454e-05,-3.635179334025588e-05,-1,0.08507354272338591,0.08506930947606355,-24.294381645783844,-24.294381645783844,0.08497114351863631,0.08497062127027982,2.9353215918341298,9.859378128468341,0,-2
2023-06-03 18:12:00,2023-06-03 18:12:59,0.0849,0.0848,0.0848,0.0849,0.08488082478801112,0.08485000000000001,0.0848,0.0849,True,9.772308433903085e-05,-4.061379023204481e-05,0,0.08507142609972473,0.085065266288118,-27.936965491292263,-27.936965491292263,0.08496993811049068,0.08496892354619744,5.669580704144205,6.604342386196303,0,-2
2023-06-03 18:13:00,2023-06-03 18:13:59,0.0849,0.0849,0.0849,0.085,0.08486541239400557,0.08492500000000001,0.0849,0.085,True,0.00010502857831481476,-3.4539062013907975e-05,0,0.08506834619392138,0.08506112068190964,-21.52962688250187,-21.52962688250187,0.08496949096511267,0.08496823773976761,22.350993569641215,10.318631955206637,0,-1
2023-06-03 18:14:00,2023-06-03 18:14:59,0.085,0.085,0.085,0.085,0.08489520619700279,0.085,0.085,0.085,True,0.00010466939414947105,-2.199767717609989e-05,0,0.08506473343791551,0.08505743746410986,-11.938549988465155,-11.938549988465155,0.0849697945375991,0.08496855378215798,46.862143480960434,24.960905918248738,0,-1
2023-06-03 18:15:00,2023-06-03 18:15:59,0.0849,0.085,0.0849,0.085,0.0849476030985014,0.08495000000000001,0.0849,0.085,True,0.00010433586599593761,-1.2659711741533896e-05,0,0.0850610854510127,0.08505380050557378,-5.544498725774005,-5.544498725774005,0.08496959757702598,0.08496886667984795,61.50588895566019,43.57300866875406,0,-1
2023-06-03 18:16:00,2023-06-03 18:16:59,0.085,0.085,0.085,0.085,0.0849488015492507,0.085,0.085,0.085,True,9.688330413908492e-05,-5.79144168881428e-06,0,0.08505744297829324,0.08505056797385789,-1.2817978839799054,-0.0,0.08496990008869736,0.08496917646412806,70.00758430704319,59.45853891455473,0,-1
2023-06-03 18:17:00,2023-06-03 18:17:59,0.085,0.0849,0.0849,0.085,0.08497440077462536,0.08495000000000001,0.0849,0.085,True,9.710592527200763e-05,-7.675964054009288e-06,0,0.08505400547607557,0.08504733297565373,-4.53783431343507,-0.0,0.08496970207786454,0.08496848814110192,73.27289296566798,68.2621220761239,0,-2
2023-06-03 18:18:00,2023-06-03 18:18:59,0.085,0.085,0.0849,0.085,0.08496220038731268,0.08497500000000001,0.0849,0.085,True,9.731264489543586e-05,-1.4080055512902666e-06,0,0.08505066922586466,0.08504428975768062,-1.0677367021597348,-0.0,0.08496975479350768,0.08496880169193673,84.0139060198678,75.76479443085977,0,-1
2023-06-03 18:19:00,2023-06-03 18:19:59,0.085,0.0849,0.0849,0.085,0.08496860019365635,0.08495000000000001,0.0849,0.085,True,9.750459883147636e-05,-3.86262407644525e-06,0,0.08504747949177265,0.08504124688275716,-3.4029714894469834,-0.0,0.08496955822839816,0.08496811709798711,87.0115362461856,81.4327784105739,0,-2
2023-06-03 18:20:00,2023-06-03 18:20:59,0.085,0.085,0.085,0.085,0.08495930009682817,0.085,0.085,0.085,True,9.768284177208539e-05,1.8741437338752007e-06,0,0.08504436318726491,0.0850385682084503,-0.4980740405708346,-0.0,0.08496986113159818,0.08496843434079321,92.56841100957492,87.86461775854288,0,-1
2023-06-03 18:21:00,2023-06-03 18:21:59,0.0849,0.085,0.0849,0.085,0.0849796500484141,0.08495000000000001,0.0849,0.085,True,9.78483530740795e-05,5.789121716152153e-06,0,0.0850414656978576,0.08503585159723134,1.4385242586799265,0.0,0.0849696635083982,0.08496874842695447,89.16893855005488,89.5829619352719,0,-1
2023-06-03 18:22:00,2023-06-03 18:22:59,0.085,0.085,0.0849,0.085,0.08496482502420705,0.08497500000000001,0.0849,0.085,True,9.800204214021688e-05,8.341030656596131e-06,0,0.08503865864754448,0.0850332952834433,2.7295897915137672,0.0,0.08496971660781712,0.0849690593878803,91.87290423014899,91.20341792992637,0,-1
2023-06-03 18:23:00,2023-06-03 18:23:59,0.0849,0.0849,0.0849,0.0849,0.08496991251210353,0.0849,0.0849,0.08496991251210353,True,9.814475341591588e-05,3.02633736505204e-06,0,0.08503597696549389,0.08503036813222122,-1.6612945874000644,-0.0,0.0849690229102269,0.08496837222979194,81.3655886040388,87.46914379474767,0,-2
2023-06-03 18:24:00,2023-06-03 18:24:59,0.085,0.085,0.0849,0.085,0.08493495625605177,0.08497500000000001,0.0849,0.085,True,9.827727102906495e-05,6.573608553969518e-06,0,0.08503317254885755,0.0850276836812095,0.5437584314597856,0.0,0.08496908238375699,0.08496868693397311,85.87107857633511,86.36985713684108,0,-1
2023-06-03 18:25:00,2023-06-03 18:25:59,0.085,0.0849,0.0849,0.085,0.08495497812802588,0.08495000000000001,0.0849,0.085,True,9.840032309841767e-05,1.9661276906800116e-06,0,0.08503042811503353,0.08502503720138238,-2.274738238438424,-0.0,0.08496889250929174,0.08496800348189378,82.95927840585058,83.3986485287416,0,-2
2023-06-03 18:26:00,2023-06-03 18:26:59,0.085,0.0849,0.0849,0.085,0.08495248906401295,0.08495000000000001,0.0849,0.085,True,9.851458573424518e-05,-8.528506691446542e-07,0,0.08502773265820796,0.08502243877420197,-4.153736018370559,-0.0,0.08496870452412465,0.08496732683033265,82.88036624236048,83.90357440818217,0,-2
2023-06-03 18:27:00,2023-06-03 18:27:59,0.085,0.085,0.0849,0.085,0.08495124453200648,0.08497500000000001,0.0849,0.085,True,9.862068675322787e-05,4.4695942313355185e-06,0,0.08502508571620497,0.08502006753376867,-0.5393418341284999,-0.0,0.08496876716567565,0.0849676519364985,82.17537390135308,82.67167284985483,0,-1
2023-06-03 18:28:00,2023-06-03 18:28:59,0.0851,0.0851,0.0851,0.0851,0.08496312226600325,0.0851,0.0851,0.0851,True,9.871920912799652e-05,1.4809454286233584e-05,0,0.08502257662498683,0.08501874906122328,5.223608322551904,5.223608322551904,0.08497007296502217,0.08496896883265274,87.53580328187904,84.1971811418643,0,2
2023-06-03 18:29:00,2023-06-03 18:29:59,0.0851,0.085,0.085,0.0851,0.08503156113300162,0.08505,0.085,0.0851,True,9.88106941902817e-05,1.4190523802944627e-05,0,0.08502066284310505,0.0850179254331903,4.2156484901378946,4.2156484901378946,0.08497086825890254,0.08496927760048704,89.24202609640365,86.31773442654537,0,2
2023-06-03 18:30:00,2023-06-03 18:30:59,0.0851,0.0852,0.085,0.0852,0.0850407805665008,0.085125,0.085,0.0852,True,0.00010603850174811814,2.7062448848404332e-05,1,0.08501929413814768,0.08501801163044605,9.016207159677727,9.016207159677727,0.0849724019080677,0.08497157334575584,91.119995024924,89.29927480106902,1,2
2023-06-03 18:31:00,2023-06-03 18:31:59,0.0851,0.0852,0.0851,0.0852,0.0850828902832504,0.08515,0.0851,0.0852,True,0.00010560718019468133,3.43202325090276e-05,0,0.08501865288429687,0.08501898507473182,12.21657960603762,12.21657960603762,0.08497416905326105,0.08497384624778812,91.119995024924,90.49400538208398,0,2
2023-06-03 18:32:00,2023-06-03 18:32:59,0.0852,0.0852,0.0851,0.0852,0.0851164451416252,0.085175,0.0851,0.0852,True,0.00010520666732363286,3.7566409195664094e-05,0,0.08501881897951435,0.08502082190256757,14.350161236944203,14.350161236944203,0.08497616737113906,0.08497609653387977,99.99999999999967,94.07999668328266,0,2
2023-06-03 18:33:00,2023-06-03 18:33:59,0.0851,0.0852,0.0851,0.0853,0.0851457225708126,0.085175,0.0851,0.0853,True,0.00011197761965765948,3.801187954795944e-05,0,0.08501982044104096,0.08502332587575169,15.77254899088193,15.77254899088193,0.08497814580525707,0.08497832442906506,99.99999999999967,97.03999834164121,0,2
2023-06-03 18:34:00,2023-06-03 18:34:59,0.0853,0.0852,0.0852,0.0853,0.0851603612854063,0.08524999999999999,0.0852,0.0853,True,0.0001111220753963983,3.656454659799998e-05,0,0.08502157315839633,0.08502685249700126,16.72080749350708,16.72080749350708,0.08498085082212019,0.08498053015613903,99.99999999999967,99.99999999999977,0,2
2023-06-03 18:35:00,2023-06-03 18:35:59,0.0852,0.0853,0.0852,0.0853,0.08520518064270315,0.08524999999999999,0.0852,0.0853,True,0.00011032764143951292,4.0755886304095564e-05,0,0.0850242128276988,0.08503116005989243,20.484838302777305,20.484838302777305,0.08498352892339263,0.08498370896055556,99.99999999999967,99.99999999999977,0,2
2023-06-03 18:36:00,2023-06-03 18:36:59,0.0852,0.0852,0.0852,0.0853,0.08522759032135158,0.085225,0.0852,0.0853,True,0.0001095899527652622,3.462379195889282e-05,0,0.08502768644379562,0.08503588138258107,16.12104313964737,16.12104313964737,0.0849859316206723,0.08498586111020177,96.03484135614754,98.67828045204907,0,1
2023-06-03 18:37:00,2023-06-03 18:37:59,0.0853,0.0853,0.0852,0.0853,0.08522629516067579,0.085275,0.0852,0.0853,True,0.00010890495613917224,3.575035707200161e-05,0,0.08503178391318834,0.0850412391211467,16.63168140883316,16.63168140883316,0.08498880792295417,0.08498898687029927,96.03484135614754,97.35656090409834,0,2
2023-06-03 18:38:00,2023-06-03 18:38:59,0.0852,0.0853,0.0852,0.0853,0.0852506475803379,0.08524999999999999,0.0852,0.0853,True,0.00010826888784351728,3.460377646724863e-05,0,0.08503651151716753,0.08504688962803697,16.97210692162369,16.97210692162369,0.08499140684909393,0.08499208152830624,91.12163560935221,94.39710610721586,0,2
2023-06-03 18:39:00,2023-06-03 18:39:59,0.0852,0.0852,0.0852,0.0853,0.08525032379016895,0.085225,0.0852,0.0853,True,0.00010767825299755197,2.5125377880277424e-05,0,0.08504170057260226,0.08505256033841517,11.392855533154709,11.392855533154709,0.08499373115905319,0.0849941503688206,85.34883060109881,90.83510252219963,0,1
2023-06-03 18:40:00,2023-06-03 18:40:59,0.0853,0.0853,0.0852,0.0853,0.08523766189508447,0.085275,0.0852,0.0853,True,0.00010712980635486989,2.435902935419914e-05,0,0.08504713045550871,0.08505855110121094,11.588866457425183,11.588866457425183,0.08499652985398798,0.08499719364873283,80.86013986699193,85.7768686924811,0,2
2023-06-03 18:41:00,2023-06-03 18:41:59,0.0852,0.0853,0.0852,0.0853,0.08525633094754223,0.08524999999999999,0.0852,0.0853,True,0.00010662053447237939,2.2362782671757076e-05,0,0.08505284077835983,0.0850645812139355,11.719540406938833,11.719540406938833,0.08499905194499308,0.0850002066472529,71.63555982439755,79.28151009749621,0,1
2023-06-03 18:42:00,2023-06-03 18:42:59,0.0852,0.0852,0.0852,0.0853,0.08525316547377111,0.085225,0.0852,0.0853,True,0.00010614763915292393,1.2767343060636547e-05,0,0.08505871099614766,0.08507042940756299,6.565719226174892,6.565719226174892,0.08500130018434637,0.08500219464081257,59.5950921148113,70.69693060206704,0,1
2023-06-03 18:43:00,2023-06-03 18:43:59,0.0852,0.0853,0.0852,0.0853,0.08523908273688555,0.08524999999999999,0.0852,0.0853,True,0.00010570852207057243,1.2383049321321773e-05,0,0.08506457020185533,0.08507626577676498,7.310381608025793,7.310381608025793,0.08500377480937775,0.08500515787821743,38.79833479633917,56.676328911849446,0,2
2023-06-03 18:44:00,2023-06-03 18:44:59,0.0852,0.0853,0.0852,0.0853,0.08524454136844277,0.08524999999999999,0.0852,0.0853,True,0.00010530077049410318,1.1093937286082363e-05,0,0.08507041798931017,0.08508205279281414,7.806823195926391,7.806823195926391,0.08500622481127448,0.08500809163067298,27.650672533149862,42.01469981476688,0,1
2023-06-03 18:45:00,2023-06-03 18:45:59,0.0852,0.0853,0.0852,0.0853,0.08524727068422139,0.08524999999999999,0.0852,0.0853,True,0.00010492214403023886,9.259598472885548e-06,0,0.08507623539106217,0.0850877612476946,8.137784254526792,8.137784254526792,0.0850086504350429,0.0850109961915618,24.14365584226265,30.197554390584,0,1
2023-06-03 18:46:00,2023-06-03 18:46:59,0.0852,0.0852,0.0852,0.0853,0.08524863534211069,0.085225,0.0852,0.0853,True,0.00010457056231379343,2.828513573405639e-07,0,0.08508199831937839,0.08509319715815661,2.7259347741336697,0.0,0.08501080316703252,0.08501287682647163,16.095770561508314,22.630032978973713,0,1
2023-06-03 18:47:00,2023-06-03 18:47:59,0.0852,0.0853,0.0852,0.0853,0.08523681767105534,0.08524999999999999,0.0852,0.0853,True,0.0001042440935770941,8.051801709299365e-07,0,0.0850875977387675,0.08509855272294124,4.083875219360557,0.0,0.08501318323502224,0.08501573377347191,16.515616679817015,18.91834769452943,0,1
2023-06-03 18:48:00,2023-06-03 18:48:59,0.0852,0.0852,0.0852,0.0853,0.08524340883552767,0.085225,0.0852,0.0853,True,0.0001039409440358733,-6.2700994311686405e-06,0,0.08509307523085438,0.08510363675955253,0.5341356169654574,0.0,0.08501529086452451,0.08501756726826323,8.467731399062679,13.693039546796108,0,1
2023-06-03 18:49:00,2023-06-03 18:49:59,0.0852,0.0852,0.0852,0.0853,0.08523420441776383,0.085225,0.0852,0.0853,True,0.00010365944803331113,-1.1072420084896534e-05,0,0.08509835599520346,0.08510847213822555,-1.8323574512979448,-0.0,0.08501737752258895,0.0850193825193253,8.467731399062679,11.150359825980894,0,1
2023-06-03 18:50:00,2023-06-03 18:50:59,0.0852,0.0852,0.0852,0.0852,0.08522960220888191,0.0852,0.0852,0.08522960220888191,True,9.625520174521748e-05,-1.417151138088795e-05,0,0.08510341406671451,0.08511290704432849,-3.410019496806875,-0.0,0.08501919466166767,0.08502117970818773,-3.292181342355131e-13,5.6451542660417795,0,1
2023-06-03 18:51:00,2023-06-03 18:51:59,0.0853,0.0853,0.0852,0.0853,0.08521480110444096,0.085275,0.0852,0.0853,True,9.6522687334845e-05,-9.149989864331009e-06,0,0.0851081605555215,0.08511751080714827,0.9885938825297558,0.0,0.08502173998841725,0.08502395403944954,22.58519339621471,10.350974931759124,0,2
2023-06-03 18:52:00,2023-06-03 18:52:59,0.0852,0.0852,0.0852,0.0852,0.08524490055222048,0.0852,0.0852,0.08524490055222048,True,9.67710668109277e-05,-1.2803046597677166e-05,0,0.08511283568133489,0.08512170134557998,-1.2114796397064609,-0.0,0.08502351371987578,0.08502570574054955,22.58519339621471,15.056795597476466,0,1
2023-06-03 18:53:00,2023-06-03 18:53:59,0.0852,0.0853,0.0852,0.0853,0.08522245027611024,0.08524999999999999,0.0852,0.0853,True,9.700170489586164e-05,-8.165280278294945e-06,0,0.08511726851345744,0.08512588085116803,1.698226469441245,0.0,0.08502576731470289,0.08502843503666348,34.86045998744573,26.676948926625148,0,2
2023-06-03 18:54:00,2023-06-03 18:54:59,0.0852,0.0852,0.0851,0.0852,0.08523622513805512,0.085175,0.0851,0.08523622513805512,True,0.00010435872597472907,-1.2076423941956584e-05,0,0.08512157468231274,0.08512950841490773,-0.5945533623368746,-0.0,0.08502725221704416,0.08503014215072653,12.27526659123069,23.240306658297143,0,1
2023-06-03 18:55:00,2023-06-03 18:55:59,0.0851,0.0851,0.0851,0.0851,0.08520561256902756,0.0851,0.0851,0.08520561256902756,True,0.00010404738840510577,-2.1319380631916973e-05,0,0.08512554154861024,0.08513216196224373,-5.251997778528263,-5.251997778528263,0.08502797607558103,0.08503083725370437,12.27526659123069,19.80366438996914,0,-2
2023-06-03 18:56:00,2023-06-03 18:56:59,0.0852,0.0852,0.0851,0.0852,0.08515280628451377,0.085175,0.0851,0.0852,True,0.0001037582892333127,-1.984543490358411e-05,0,0.08512885175542699,0.08513454503321843,-4.034340505667814,-4.034340505667814,0.08502943900020211,0.0850325204651103,12.75869491605678,12.436409366172823,0,-2
2023-06-03 18:57:00,2023-06-03 18:57:59,0.0851,0.0852,0.0851,0.0852,0.08516390314225689,0.08515,0.0851,0.0852,True,0.00010348984000236199,-1.8333602995641458e-05,0,0.08513169839432272,0.08513652727926392,-3.2225689904275114,-3.2225689904275114,0.0850306386121404,0.08503418692814403,21.79844111324853,15.610800873512103,0,-2
2023-06-03 18:58:00,2023-06-03 18:58:59,0.0852,0.0851,0.0851,0.0852,0.08515695157112844,0.08515,0.0851,0.0852,True,0.00010324056571647919,-2.369236512417796e-05,0,0.08513411283679333,0.08513818035270786,-6.300720134262505,-6.300720134262505,0.08503182628764148,0.08503484178458041,30.838187310440276,21.79844111324863,0,-2
2023-06-03 18:59:00,2023-06-03 18:59:59,0.0852,0.0851,0.0851,0.0852,0.08515347578556423,0.08515,0.0851,0.0852,True,0.00010300909673673088,-2.635675486868802e-05,0,0.08513614659475059,0.08513956292440586,-8.352820896819168,-8.352820896819168,0.08503300214547589,0.08503549012503235,27.11923859157493,26.58528900508801,-1,-2
2023-06-03 19:00:00,2023-06-03 19:00:59,0.0852,0.0852,0.0851,0.0853,0.08515173789278212,0.0852,0.0851,0.0853,True,0.00010993701839839337,-2.025935043048601e-05,0,0.08513785475957823,0.08514106609543805,-4.637600292758506,-4.637600292758506,0.08503466381567017,0.08503712703921114,36.161628624753575,31.373018175589692,0,-1
2023-06-03 19:01:00,2023-06-03 19:01:59,0.0853,0.0852,0.0852,0.0853,0.08517586894639106,0.08524999999999999,0.0852,0.0853,True,0.0001092272313699369,-1.5595005217218034e-05,0,0.08513946042750814,0.08514299695499554,-2.160786556718058,-0.0,0.08503680646427046,0.08503874766568664,53.18725485314141,38.82270735649007,0,-1
2023-06-03 19:02:00,2023-06-03 19:02:59,0.0853,0.0853,0.0853,0.0853,0.08521293447319553,0.0853,0.0853,0.0853,True,0.0001085681434149416,-5.183992152864749e-06,0,0.08514122869125185,0.08514559434216004,3.5838400589569943,0.0,0.085039425305422,0.0850413471914012,77.29438077803975,55.547754751978346,1,-1
2023-06-03 19:03:00,2023-06-03 19:03:59,0.0852,0.0853,0.0852,0.0853,0.08525646723659777,0.08524999999999999,0.0852,0.0853,True,0.00010795613317101741,1.626305159497441e-06,0,0.08514341151670594,0.08514835561718555,7.413591136073698,7.413591136073698,0.08504152057601481,0.08504392085118825,82.66399320786176,71.04854294634775,0,-1
2023-06-03 19:04:00,2023-06-03 19:04:59,0.0853,0.0852,0.0851,0.0853,0.08525323361829888,0.085225,0.0851,0.0853,True,0.00011453069508737372,-1.056936987788256e-06,0,0.08514588356694575,0.08515105545040676,4.055671246112141,0.0,0.08504334624192511,0.08504547387754459,75.51663690793582,78.49167029794587,0,-2
2023-06-03 19:05:00,2023-06-03 19:05:59,0.0851,0.0852,0.0851,0.0852,0.08523911680914945,0.08515,0.0851,0.08523911680914945,True,0.00011349278829541865,-2.898702449324516e-06,0,0.08514846950867626,0.08515317380657642,1.817057986137769,0.0,0.08504440747334874,0.08504701145090235,49.16201429593503,69.11421480391097,0,-2
2023-06-03 19:06:00,2023-06-03 19:06:59,0.0852,0.0852,0.0852,0.0852,0.08519455840457472,0.0852,0.0852,0.0852,True,0.0001053861605600316,-4.10900338808832e-06,0,0.08515082165762633,0.08515516288077121,0.3246491461548544,0.0,0.08504595565769353,0.08504853372502272,40.77978870414405,55.15281330267174,0,-2
2023-06-03 19:07:00,2023-06-03 19:07:59,0.0851,0.0852,0.0851,0.0852,0.08519727920228737,0.08515,0.0851,0.0852,True,0.00010500143480574383,-4.849994563242296e-06,0,0.08515299226919877,0.08515669347002049,-0.6702900805004219,-0.0,0.08504699092478116,0.08505004085213692,29.3360880190297,39.7592970063697,0,-2
2023-06-03 19:08:00,2023-06-03 19:08:59,0.0851,0.0852,0.0851,0.0852,0.08517363960114369,0.08515,0.0851,0.0852,True,0.00010464418946247661,-5.246375259574066e-06,0,0.08515484286960963,0.08515785258937783,-1.3335828982706062,-0.0,0.08504801589070374,0.08505153298296143,30.018153949479657,33.37801022421791,0,-2
2023-06-03 19:09:00,2023-06-03 19:09:59,0.0851,0.0852,0.0851,0.0852,0.08516181980057184,0.08515,0.0851,0.0852,True,0.0001043124616437285,-5.393592537095335e-06,0,0.08515634772949374,0.0851587112950854,-1.7757781101174004,-0.0,0.08504903065796042,0.08505301026671307,15.805247406854297,25.05316312512132,0,-2
2023-06-03 19:10:00,2023-06-03 19:10:59,0.0851,0.0851,0.0851,0.0852,0.08515590990028593,0.08512499999999999,0.0851,0.0852,True,0.00010400442866917666,-1.2221445273363923e-05,0,0.08515752951228957,0.08515915606479282,-9.150196001756548,-9.150196001756548,0.08504978657181156,0.08505347782624827,8.330931966315022,18.051444440883092,-1,-2
2023-06-03 19:11:00,2023-06-03 19:11:59,0.0851,0.0852,0.0851,0.0852,0.08514045495014297,0.08515,0.0851,0.0852,True,0.00010371839804994995,-9.327737595175142e-06,0,0.0851583427885412,0.08515944341476973,-5.445809680189576,-5.445809680189576,0.08505078372035074,0.0850549357583254,6.556949219290996,10.231042864153538,0,-1
2023-06-03 19:12:00,2023-06-03 19:12:59,0.0851,0.0851,0.0851,0.0851,0.08514522747507149,0.0851,0.0851,0.08514522747507149,True,0.00010345279818923943,-1.3977721834417795e-05,0,0.08515889310165548,0.08515926180238607,-8.098955883372938,-8.098955883372938,0.08505127343457611,0.08505538415874007,5.70033269351493,6.862737959707083,0,-2
2023-06-03 19:13:00,2023-06-03 19:13:59,0.0851,0.0851,0.0851,0.0851,0.08512261373753574,0.0851,0.0851,0.08512261373753574,True,9.606331260429376e-05,-1.6416195397567877e-05,0,0.08515907745202078,0.08515871221869199,-9.867720018828514,-9.867720018828514,0.08505175827602311,0.08505582809745908,5.70033269351493,5.985871535440386,0,-2
2023-06-03 19:14:00,2023-06-03 19:14:59,0.0852,0.0852,0.0852,0.0852,0.08511130686876786,0.0852,0.0852,0.0852,True,9.634450456113013e-05,-1.043143231398699e-05,0,0.0851588948353564,0.08515856280567252,-4.734249319287976,-4.734249319287976,0.08505323331805273,0.08505726264375302,19.48141438015715,10.294026589062439,0,-1
2023-06-03 19:15:00,2023-06-03 19:15:59,0.0852,0.0851,0.0851,0.0852,0.08515565343438393,0.08515,0.0851,0.0852,True,9.660561137819247e-05,-1.2966747337155279e-05,0,0.08515872882051446,0.08515838642179838,-6.196019239980025,-6.196019239980025,0.08505419617060941,0.08505768789107886,30.24826338567401,18.476670153115464,0,-2
2023-06-03 19:16:00,2023-06-03 19:16:59,0.0851,0.0852,0.0851,0.0852,0.08515282671719196,0.08515,0.0851,0.0852,True,9.684806770832178e-05,-7.16126729061315e-06,0,0.08515855762115643,0.08515819001376163,-2.431532498429611,-0.0,0.08505514944254365,0.08505910393196364,45.501136324951,31.743604696927488,0,-1
2023-06-03 19:17:00,2023-06-03 19:17:59,0.0851,0.0852,0.0851,0.0852,0.08515141335859598,0.08515,0.0851,0.0852,True,9.707320572915615e-05,-3.0693130993807936e-06,0,0.08515837381745904,0.08515797918812884,0.07812532927066229,0.0,0.085056093229185,0.08506050588288938,44.44215061691856,40.06385010918129,0,-1
2023-06-03 19:18:00,2023-06-03 19:18:59,0.0851,0.0851,0.085,0.0851,0.085150706679298,0.085075,0.085,0.085150706679298,True,0.00010442511960564442,-7.121057954445349e-06,0,0.08515817650279395,0.08515724387814949,-2.9727815332044045,-0.0,0.08505628135625778,0.08506089885917904,33.6753016114017,41.20619618442385,0,-2
2023-06-03 19:19:00,2023-06-03 19:19:59,0.085,0.0851,0.085,0.0851,0.08511285333964899,0.08505,0.085,0.08511285333964899,True,0.00010410903963381189,-9.387269390525925e-06,0,0.08515771019047172,0.08515592915637742,-5.006719441521113,-5.006719441521113,0.0850562188552005,0.08506128792525687,18.422428672124717,32.17996030014842,0,-2
2023-06-03 19:20:00,2023-06-03 19:20:59,0.085,0.0851,0.085,0.0851,0.08508142666982449,0.08505,0.085,0.0851,True,0.00010381553680282454,-1.038200438938857e-05,0,0.08515681967342456,0.08515416728001568,-6.362678047065586,-6.362678047065586,0.08505615697604427,0.08506167312003043,-3.268496584496461e-13,17.365910094508795,0,-2
2023-06-03 19:21:00,2023-06-03 19:21:59,0.085,0.085,0.085,0.085,0.08506571333491225,0.085,0.085,0.08506571333491225,True,0.00010354299845976485,-1.7350222023343993e-05,0,0.08515549347672012,0.08515172239087314,-11.464309074181315,-11.464309074181315,0.08505559820016323,0.08506105945714455,-3.268496584496461e-13,6.1408095573747845,0,-2
2023-06-03 19:22:00,2023-06-03 19:22:59,0.085,0.085,0.085,0.085,0.08503285666745614,0.085,0.085,0.08503285666745614,True,9.614706999835309e-05,-2.098215054146022e-05,0,0.08515360793379663,0.0851487565355045,-14.865396425591804,-14.865396425591804,0.08505504498424121,0.08506045190035705,-3.268496584496461e-13,-2.297421512290991e-13,0,-2
2023-06-03 19:23:00,2023-06-03 19:23:59,0.0851,0.0851,0.0851,0.0851,0.08501642833372808,0.0851,0.0851,0.0851,True,9.642227928418422e-05,-1.540260040705766e-05,0,0.08515118223465055,0.08514608697503069,-9.797721196618525,-9.797721196618525,0.08505549229783085,0.08506084541378633,23.406696157787678,7.802232052595772,0,-1
2023-06-03 19:24:00,2023-06-03 19:24:59,0.085,0.0851,0.085,0.0851,0.08505821416686404,0.08505,0.085,0.0851,True,9.667783076388456e-05,-1.0950053508387119e-05,0,0.08514863460484062,0.08514332595246192,-6.4192710439696725,-6.4192710439696725,0.0850554376481012,0.0850612350116591,38.46267796287386,20.623124706887168,0,-1
2023-06-03 19:25:00,2023-06-03 19:25:59,0.085,0.0851,0.085,0.0851,0.08505410708343203,0.08505,0.085,0.0851,True,9.691512856646344e-05,-7.4081813322795794e-06,0,0.08514598027865126,0.08514051186469362,-4.166970942203768,-4.166970942203768,0.08505538354214993,0.08506162073293613,53.51865976796004,38.462677962873954,0,-1
2023-06-03 19:26:00,2023-06-03 19:26:59,0.085,0.085,0.085,0.085,0.08505205354171602,0.085,0.085,0.08505205354171602,True,9.713547652600097e-05,-1.1459158941693005e-05,0,0.08514324607167244,0.0851373322527821,-8.481959971344807,-8.481959971344807,0.08505483246212854,0.08506100759131488,37.263175854900744,43.08150452857831,0,-2
2023-06-03 19:27:00,2023-06-03 19:27:59,0.0851,0.0851,0.0851,0.0852,0.08502602677085802,0.08512499999999999,0.0851,0.0852,True,0.0001044829424884289,-6.504271199066009e-06,0,0.08514028916222727,0.08513474430959424,-4.786667804172744,-4.786667804172744,0.08505553064658497,0.0850613955754809,53.234366749165794,48.005400790675615,0,-1
2023-06-03 19:28:00,2023-06-03 19:28:59,0.0852,0.0852,0.0851,0.0852,0.08507551338542901,0.085175,0.0851,0.0852,True,0.00010416273231068419,4.061339054074625e-06,0,0.08513751673591075,0.08513298300056919,1.7947158520433817,0.0,0.08505671939637019,0.08506277472398358,71.51171827741295,54.00308696049325,0,-1
2023-06-03 19:29:00,2023-06-03 19:29:59,0.0852,0.0852,0.0851,0.0852,0.08512525669271451,0.085175,0.0851,0.0852,True,0.00010386539428849267,1.091630521439115e-05,0,0.08513524986823996,0.0851318845908869,6.1823049561874655,6.1823049561874655,0.08505789631779934,0.08506414014961558,97.69383936601757,74.14664146419886,0,-1
2023-06-03 19:30:00,2023-06-03 19:30:59,0.0851,0.0852,0.0851,0.0852,0.08515012834635725,0.08515,0.0851,0.0852,True,0.0001035892946964577,1.5046629847567254e-05,0,0.08513356722956343,0.08513114409619099,9.107364358950186,9.107364358950186,0.0850588127723486,0.08506549198892288,95.88538246534722,88.363646702926,0,-1
2023-06-03 19:31:00,2023-06-03 19:31:59,0.0851,0.0852,0.0851,0.0852,0.08515006417317864,0.08515,0.0851,0.0852,True,0.00010333291650385377,1.7205381252960126e-05,0,0.0851323556628772,0.08513069047106202,11.057403960792001,11.057403960792001,0.08505972010794711,0.0850668303770928,91.77076493069478,95.11666225401994,1,2
2023-06-03 19:32:00,2023-06-03 19:32:59,0.0851,0.0851,0.0851,0.0852,0.08515003208658932,0.08512499999999999,0.0851,0.0852,True,0.000103094851039293,1.110729340431745e-05,0,0.08513152306696961,0.08513029428612472,4.760670065137532,4.760670065137532,0.08506036965911182,0.08506716042309187,83.33318593588851,90.32977777731026,-1,-2
2023-06-03 19:33:00,2023-06-03 19:33:59,0.0852,0.0851,0.0851,0.0852,0.08513751604329466,0.08515,0.0851,0.0852,True,0.0001028737902507723,6.783706417439877e-06,0,0.08513090867654717,0.08513011756909089,0.5628474680345548,0.0,0.08506126150329976,0.08506748718505115,83.12935998650886,86.07777028436414,0,-2
2023-06-03 19:34:00,2023-06-03 19:34:59,0.0852,0.0851,0.0851,0.0852,0.08514375802164734,0.08515,0.0851,0.0852,True,0.00010266851951857448,3.7904333521617715e-06,0,0.08513051312281904,0.08513011485314768,-2.235700930034099,-0.0,0.08506214447341619,0.08506781069564766,82.92553403712922,83.12935998650896,0,-2
2023-06-03 19:35:00,2023-06-03 19:35:59,0.0852,0.0851,0.0851,0.0852,0.08514687901082367,0.08515,0.0851,0.0852,True,0.00010247791098153365,1.7854523503879083e-06,0,0.08513031398798337,0.08513024914812106,-4.101399862079866,-4.101399862079866,0.08506301865776031,0.08506813098723326,87.04466954790341,84.36652119051392,0,-2
2023-06-03 19:36:00,2023-06-03 19:36:59,0.0852,0.0851,0.085,0.0852,0.08514843950541184,0.085125,0.085,0.0852,True,0.00010944377448285208,5.065369524527988e-07,0,0.08513028156805223,0.08513031886475965,-5.345199150110382,-5.345199150110382,0.08506363538753384,0.0850684480918379,79.71086257863954,83.22702205455748,0,-2
2023-06-03 19:37:00,2023-06-03 19:37:59,0.085,0.085,0.085,0.0851,0.08513671975270592,0.085025,0.085,0.08513671975270592,True,0.00010876921916264757,-7.103503971017079e-06,0,0.08513030021640595,0.08512965115374434,-12.72583703500392,-12.72583703500392,0.08506325095581709,0.08506776701629723,52.0021174808173,72.91921653578683,0,-2
2023-06-03 19:38:00,2023-06-03 19:38:59,0.085,0.0851,0.085,0.0851,0.08508085987635297,0.08505,0.085,0.0851,True,0.00010814284636531482,-4.7392527781670875e-06,0,0.08512997568507516,0.08512857896854535,-8.381465360627367,-8.381465360627367,0.08506311910551045,0.08506808774250323,30.60877675100308,54.107252270153396,0,-1
2023-06-03 19:39:00,2023-06-03 19:39:59,0.085,0.0851,0.085,0.0851,0.08506542993817648,0.08505,0.085,0.0851,True,0.00010756121448207726,-2.88187175177297e-06,0,0.08512927732681026,0.08512719569430777,-5.485217577709669,-5.485217577709669,0.08506298856714717,0.0850684052774037,16.549242990452736,33.05337907409113,0,-1
2023-06-03 19:40:00,2023-06-03 19:40:59,0.085,0.0851,0.085,0.0851,0.08505771496908823,0.08505,0.085,0.0851,True,0.00010702112773335667,-1.4308853252001795e-06,0,0.08512823651055902,0.08512557698821466,-3.554385722431199,-0.0,0.08506285932767307,0.08506871965275291,21.816059783680544,22.99135984171221,0,-1
2023-06-03 19:41:00,2023-06-03 19:41:59,0.085,0.0851,0.085,0.0851,0.08505385748454411,0.08505,0.085,0.0851,True,0.00010651961860954468,-3.054556381177148e-07,0,0.08512690674938685,0.08512378403101123,-2.2671644855788955,-0.0,0.08506273137416388,0.0850690308999892,20.76747220890032,19.710924994344623,0,-1
2023-06-03 19:42:00,2023-06-03 19:42:59,0.085,0.085,0.0849,0.0851,0.08505192874227205,0.085,0.0849,0.0851,True,0.00011319678870886233,-6.297681999346355e-06,0,0.08512534539019904,0.08512152313310314,-8.561668284890217,-8.561668284890217,0.08506210718138613,0.08506834402536244,13.145923089413301,18.576485027331476,0,-2
2023-06-03 19:43:00,2023-06-03 19:43:59,0.0849,0.085,0.0849,0.085,0.08502596437113602,0.08495000000000001,0.0849,0.08502596437113602,True,0.0001122541609439438,-9.755227361728136e-06,0,0.0851234342616511,0.08511856628117823,-12.758004151097765,-12.758004151097765,0.08506099168704398,0.08506766398530909,6.5729615447064935,13.495452281006793,0,-2
2023-06-03 19:44:00,2023-06-03 19:44:59,0.0849,0.085,0.0849,0.085,0.08498798218556802,0.08495000000000001,0.0849,0.085,True,0.0001113788637336623,-1.1402860233701214e-05,0,0.08512100027141467,0.08511508178691021,-15.555561395236133,-15.555561395236133,0.08505988729214801,0.08506699071182343,-3.032588260462688e-13,6.572961544706587,0,-2
2023-06-03 19:45:00,2023-06-03 19:45:59,0.0849,0.0849,0.0849,0.085,0.08496899109278402,0.08492500000000001,0.0849,0.085,True,0.00011056608775268663,-1.864487986417445e-05,0,0.08511804102916246,0.08511103425686449,-21.500987736282063,-21.500987736282063,0.08505854513003709,0.0850653291127008,-3.032588260462688e-13,2.1909871815687185,0,-2
2023-06-03 19:46:00,2023-06-03 19:46:59,0.085,0.0849,0.0849,0.085,0.08494699554639201,0.08495000000000001,0.0849,0.085,True,0.0001098113671989235,-2.2291106411649546e-05,0,0.08511453764301348,0.08510674274173852,-25.46460529697935,-25.46460529697935,0.08505746507899195,0.08506368404690279,6.717867486759444,2.2392891622530358,0,-2
2023-06-03 19:47:00,2023-06-03 19:47:59,0.085,0.085,0.085,0.085,0.08494849777319602,0.085,0.085,0.085,True,0.00010911055525614345,-1.6555298024710738e-05,0,0.085110640192376,0.0851026316329739,-17.564284878920333,-17.564284878920333,0.08505689328716118,0.08506305037479431,25.31910918775695,10.678992224838787,0,-1
2023-06-03 19:48:00,2023-06-03 19:48:59,0.085,0.0849,0.0849,0.085,0.08497424888659802,0.08495000000000001,0.0849,0.085,True,0.00010845980130927627,-1.8698499594643944e-05,0,0.08510663591267495,0.08509834771281119,-17.32643896906307,-17.32643896906307,0.08505582967236355,0.08506142798300531,36.36477166905089,22.80058278118919,0,-2
2023-06-03 19:49:00,2023-06-03 19:49:59,0.085,0.085,0.085,0.085,0.08496212444329901,0.085,0.085,0.085,True,0.0001078555297871853,-1.2094683042387512e-05,0,0.08510249181274307,0.08509430018244081,-11.086652592675456,-11.086652592675456,0.08505527415323556,0.08506081675929382,54.66285365400399,38.782244836937366,0,-1
2023-06-03 19:50:00,2023-06-03 19:50:59,0.085,0.085,0.0849,0.085,0.0849810622216495,0.08497500000000001,0.0849,0.085,True,0.00010729442051667227,-6.969545830135207e-06,0,0.08509839599759195,0.0850902950071925,-6.926795008417052,-0.0,0.08505447540544217,0.0850602116174103,63.42391501340173,51.48384677881896,0,-1
2023-06-03 19:51:00,2023-06-03 19:51:59,0.0849,0.0848,0.0848,0.085,0.08497803111082475,0.084875,0.0848,0.085,True,0.00011391624762262466,-1.6733435142209e-05,-1,0.08509434550239223,0.08508566455184474,-11.692484575934309,-11.692484575934309,0.0850526895805124,0.08505762244708781,60.22201844360786,59.43626237033794,0,-2
2023-06-03 19:52:00,2023-06-03 19:52:59,0.0849,0.0849,0.0848,0.0849,0.08492651555541238,0.084875,0.0848,0.08492651555541238,True,0.00011292222993529453,-1.5086408719447919e-05,0,0.08509000502711848,0.08508057357892536,-9.910311143592658,-9.910311143592658,0.08505092152498492,0.08505605406452972,43.04983488339508,55.56525611346831,0,-1
2023-06-03 19:53:00,2023-06-03 19:53:59,0.0848,0.0848,0.0848,0.0848,0.0849007577777062,0.0848,0.0848,0.0849007577777062,True,0.00011199921351134513,-1.982547892837288e-05,0,0.08508528930302192,0.08507464038701164,-11.638673859501793,-11.638673859501793,0.08504842479339303,0.08505350626289261,15.687531822999816,39.653128383334334,0,-2
2023-06-03 19:54:00,2023-06-03 19:54:59,0.0849,0.0849,0.0849,0.0849,0.0848503788888531,0.0849,0.0849,0.0849,True,0.00011114212683196354,-1.473392767846956e-05,0,0.08507996484501677,0.08506877092451345,-8.5839893444453,-0.0,0.08504694792977718,0.0850519788373912,33.577722957965356,30.771696554786832,0,-1
2023-06-03 19:55:00,2023-06-03 19:55:59,0.0848,0.0849,0.0848,0.0849,0.08487518944442655,0.08485000000000001,0.0848,0.0849,True,0.00011034626062968063,-1.0348266443275798e-05,0,0.0850743678847651,0.08506264885421376,-6.5475330010743065,-0.0,0.08504498824888387,0.08505046661015347,44.04357849783299,31.102944426266134,0,-1
2023-06-03 19:56:00,2023-06-03 19:56:59,0.0848,0.0849,0.0848,0.0849,0.08486259472221327,0.08485000000000001,0.0848,0.0849,True,0.00010960724201327507,-6.598996821703733e-06,0,0.08506850836948943,0.08505636990792831,-5.189895438826973,-0.0,0.08504304806730294,0.08504896942995294,62.3531999492007,46.65816713499976,0,-1
2023-06-03 19:57:00,2023-06-03 19:57:59,0.0848,0.0849,0.0848,0.0849,0.08485629736110664,0.08485000000000001,0.0848,0.0849,True,0.00010892101044089848,-3.418734541781363e-06,0,0.08506243913870887,0.08505001053232498,-4.284803730662091,-0.0,0.08504112719101137,0.08504748714706784,54.928864354102814,53.77521426704558,0,-1
2023-06-03 19:58:00,2023-06-03 19:58:59,0.0849,0.0849,0.0849,0.0849,0.08485314868055333,0.0849,0.0849,0.0849,True,0.00010114093826654859,-7.435586054552027e-07,0,0.08505622483551693,0.08504397451940694,-3.681409258552165,-0.0,0.08503972294035454,0.08504601961326616,67.48128251912038,61.587782274141375,0,-1
2023-06-03 19:59:00,2023-06-03 19:59:59,0.0849,0.0849,0.0849,0.0849,0.08487657434027666,0.0849,0.0849,0.0849,True,9.391658553322369e-05,1.4861675811295345e-06,0,0.08505009967746194,0.08503823450567279,-3.27914627714555,-0.0,0.08503833266234107,0.08504456668179088,80.03370068413797,67.48128251912046,0,-1
2023-06-03 20:00:00,2023-06-03 20:00:59,0.0849,0.0849,0.0848,0.0849,0.08488828717013833,0.084875,0.0848,0.0849,True,9.435111513799363e-05,3.325360316934329e-06,0,0.08504416709156737,0.08503259539018965,-3.0109709562078066,-0.0,0.08503670746172076,0.08504312820734519,87.71159142518121,78.40885820947993,0,-1
2023-06-03 20:01:00,2023-06-03 20:01:59,0.0849,0.0849,0.0848,0.0849,0.08488164358506917,0.084875,0.0848,0.0849,True,9.475460691385142e-05,4.824056061619614e-06,0,0.08503838124087852,0.08502707440293833,-2.8321874089159778,-0.0,0.0850350984322509,0.08504170404607808,82.83706400120691,83.52745203684209,0,-1
2023-06-03 20:02:00,2023-06-03 20:02:59,0.0848,0.0848,0.0848,0.0849,0.08487832179253459,0.08482500000000001,0.0848,0.0849,True,9.512927784857652e-05,-8.296971692423955e-07,0,0.08503272782190843,0.08502134124554535,-9.915324565889577,-9.915324565889577,0.08503300790058672,0.08503929903069422,68.42097941169557,79.65654494602796,0,-2
2023-06-03 20:03:00,2023-06-03 20:03:59,0.0849,0.0848,0.0848,0.0849,0.0848516608962673,0.08485000000000001,0.0848,0.0849,True,9.54771865736784e-05,-3.995388168761394e-06,0,0.0850270345337269,0.08501565190725108,-14.637416003871976,-14.637416003871976,0.08503118692645154,0.0850369179458117,68.13464125830485,73.1308948904025,0,-2
2023-06-03 20:04:00,2023-06-03 20:04:59,0.0849,0.0849,0.0849,0.0849,0.08485083044813366,0.0849,0.0849,0.0849,True,9.580024467555873e-05,1.4533282346068812e-06,0,0.085021343220489,0.08501037915612573,-8.015235994420841,-0.0,0.08502988158389978,0.08503555557819167,75.48046239922719,70.67869435640927,0,-1
2023-06-03 20:05:00,2023-06-03 20:05:59,0.0849,0.0849,0.0848,0.0849,0.08487541522406683,0.084875,0.0848,0.0849,True,9.610022719873332e-05,5.3673708456787415e-06,0,0.08501586118830738,0.08500529903710166,-3.600449321453418,-0.0,0.08502834047361221,0.08503420676646838,87.55798025936468,77.05769463896564,0,-1
2023-06-03 20:06:00,2023-06-03 20:06:59,0.0849,0.0849,0.0848,0.0849,0.08487520761203342,0.084875,0.0848,0.0849,True,9.637878239882401e-05,8.104704290378447e-06,0,0.08501058011270453,0.08500040543370466,-0.6572582061418046,-0.0,0.08502681469775537,0.08503287137575725,90.38027910735588,84.47290725531599,0,-1
2023-06-03 20:07:00,2023-06-03 20:07:59,0.0849,0.0849,0.0849,0.0849,0.0848751038060167,0.0849,0.0849,0.0849,True,8.949458365605087e-05,9.945126381777833e-06,0,0.0850054927732046,0.08499586377728262,1.3048692040659446,0.0,0.08502555285996677,0.08503154927251588,90.38027910735588,89.43951282469222,0,-1
2023-06-03 20:08:00,2023-06-03 20:08:59,0.0849,0.0849,0.0848,0.0849,0.08488755190300835,0.084875,0.0848,0.0849,True,9.024497053776173e-05,1.110679968981991e-05,0,0.08500067827524362,0.0849914588451954,2.612954144204444,0.0,0.08502405482155914,0.08503024032453065,86.19441412287723,88.9849907791964,0,-1
2023-06-03 20:09:00,2023-06-03 20:09:59,0.0849,0.0849,0.0849,0.0849,0.08488127595150419,0.0849,0.0849,0.0849,True,8.379890121363589e-05,1.1759350820113337e-05,0,0.08499606856021952,0.08498736330624376,3.4850107709634344,3.4850107709634344,0.08502282044522522,0.08502894440090347,91.00427456919914,89.19298926647748,0,-1
2023-06-03 20:10:00,2023-06-03 20:10:59,0.0848,0.0849,0.0848,0.0849,0.0848906379757521,0.08485000000000001,0.0848,0.0849,True,8.495612255551923e-05,1.2034241722994628e-05,0,0.08499171593323164,0.084983196401263,4.06638185546943,4.06638185546943,0.08502110083880507,0.08502766137203877,74.27269052880347,83.82379307362669,0,-1
2023-06-03 20:11:00,2023-06-03 20:11:59,0.0848,0.0849,0.0848,0.0849,0.08487031898787606,0.08485000000000001,0.0848,0.0849,True,8.60306852301252e-05,1.2032973945695261e-05,0,0.08498745616724733,0.08497900189870516,4.45396257847343,4.45396257847343,0.08501939834289655,0.08502639110963042,66.53683191920832,77.27126567240373,0,2
2023-06-03 20:12:00,2023-06-03 20:12:59,0.0849,0.0848,0.0848,0.0849,0.08486015949393803,0.08485000000000001,0.0848,0.0849,True,8.70284934279736e-05,4.976429519541727e-06,0,0.08498322903297625,0.08497481444712907,-6.882083479619851,-0.0,0.08501771278724585,0.08502413846177341,49.805247878812644,63.53825677560823,0,-2
2023-06-03 20:13:00,2023-06-03 20:13:59,0.0849,0.0849,0.0849,0.0849,0.08485507974696901,0.0849,0.0849,0.0849,True,8.795502961168998e-05,7.38141813708125e-06,0,0.08497902174005266,0.08497100433038472,-3.024853819193659,-0.0,0.08501654151573096,0.08502290325319856,66.53683191920832,60.95963723907652,0,-1
2023-06-03 20:14:00,2023-06-03 20:14:59,0.0849,0.0849,0.0848,0.0849,0.08487753987348451,0.084875,0.0848,0.0849,True,8.881538463942661e-05,8.926404273279501e-06,0,0.08497501303521869,0.08496734590687324,-0.45336737890952605,-0.0,0.08501513314244011,0.08502168033525628,74.99612071296143,63.779400170327555,0,2
2023-06-03 20:15:00,2023-06-03 20:15:59,0.0849,0.085,0.0849,0.085,0.08487626993674226,0.08495000000000001,0.0849,0.085,True,8.961428573661063e-05,1.6688574890071352e-05,0,0.08497117947104597,0.08496434659294656,7.040387769064914,7.040387769064914,0.08501448505147055,0.08502146461052737,91.7277047533571,77.75355246184238,0,2
2023-06-03 20:16:00,2023-06-03 20:16:59,0.0849,0.085,0.0849,0.085,0.08491313496837113,0.08495000000000001,0.0849,0.085,True,9.035612246971007e-05,2.123745046599756e-05,0,0.08496776303199627,0.08496188677911443,12.036224534381212,12.036224534381212,0.08501384340916736,0.08502125103231317,91.7277047533571,86.15051007322529,0,2
2023-06-03 20:17:00,2023-06-03 20:17:59,0.0849,0.0851,0.0849,0.0851,0.08493156748418557,0.085,0.0849,0.0851,True,9.818782800758734e-05,3.0327066670526375e-05,0,0.08496482490555535,0.08496021164761287,18.679284319345143,18.679284319345143,0.08501370566380251,0.08502203460413095,99.99999999999967,94.48513650223803,1,2
2023-06-03 20:18:00,2023-06-03 20:18:59,0.0851,0.0851,0.085,0.0851,0.08496578374209279,0.085075,0.085,0.0851,True,9.831726886418745e-05,3.503764904098055e-05,0,0.08496251827658412,0.08495968037497194,23.10799084265443,23.10799084265443,0.08501431555769502,0.08502281037921422,99.99999999999967,97.24256825111888,0,2
2023-06-03 20:19:00,2023-06-03 20:19:59,0.085,0.0851,0.085,0.0851,0.0850203918710464,0.08505,0.085,0.0851,True,9.843746394531613e-05,3.6648352125671875e-05,0,0.08496109932577803,0.08495988178896494,26.06046185819396,26.06046185819396,0.08501467062677269,0.08502357843514244,95.09561598359174,98.36520532786376,0,2
2023-06-03 20:20:00,2023-06-03 20:20:59,0.085,0.0851,0.085,0.0851,0.0850351959355232,0.08505,0.085,0.0851,True,9.854907366350704e-05,3.612273703221477e-05,0,0.08496049055737148,0.08496065867038334,28.02877586855365,28.02877586855365,0.08501502216282471,0.08502433884872311,90.1912319671838,95.09561598359181,0,2
2023-06-03 20:21:00,2023-06-03 20:21:59,0.085,0.085,0.085,0.0851,0.08504259796776159,0.085025,0.085,0.0851,True,9.865271125897005e-05,2.7323407129766307e-05,0,0.08496057461387742,0.08496171176453345,17.75141093601904,17.75141093601904,0.08501512144478665,0.08502409667112387,80.2209567166342,88.50260155580332,0,1
2023-06-03 20:22:00,2023-06-03 20:22:59,0.085,0.0851,0.085,0.0851,0.0850337989838808,0.08505,0.085,0.0851,True,9.874894616904282e-05,2.7239615351123695e-05,0,0.08496114318920543,0.08496314662415054,16.83705011685639,16.83705011685639,0.08501546849508729,0.08502485192812761,78.40836254634085,82.94018374338636,0,2
2023-06-03 20:23:00,2023-06-03 20:23:59,0.085,0.0851,0.085,0.0851,0.08504189949194041,0.08505,0.085,0.0851,True,9.883830715696755e-05,2.5892832153024747e-05,0,0.08496214490667799,0.0849648722057417,16.22747623741462,16.22747623741462,0.0850158120921511,0.0850255996701363,76.59576837604753,78.40836254634094,0,2
2023-06-03 20:24:00,2023-06-03 20:24:59,0.085,0.0851,0.085,0.0851,0.08504594974597021,0.08505,0.085,0.0851,True,9.892128521718336e-05,2.3747680144635296e-05,0,0.08496350855620985,0.08496681483546276,15.821093651120108,15.821093651120108,0.08501615227033865,0.08502633997192599,79.84906543989585,78.28439878742817,0,2
2023-06-03 20:25:00,2023-06-03 20:25:59,0.085,0.0851,0.085,0.0851,0.0850479748729851,0.08505,0.085,0.0851,True,9.899833627309805e-05,2.114389948515085e-05,0,0.0849651616958363,0.08496891502019709,15.550171926923767,15.550171926923767,0.08501648906366861,0.08502707290752871,79.84906543989587,78.76463308527984,0,1
2023-06-03 20:26:00,2023-06-03 20:26:59,0.085,0.0851,0.085,0.0851,0.08504898743649256,0.08505,0.085,0.0851,True,9.906988368216168e-05,1.832598514864562e-05,0,0.0849670383580167,0.08497112483960063,15.369557444126201,15.369557444126201,0.08501682250582117,0.08502779855023987,78.50886976026429,79.40233354668543,0,1
2023-06-03 20:27:00,2023-06-03 20:27:59,0.085,0.0851,0.085,0.0851,0.08504949371824627,0.08505,0.085,0.0851,True,9.913632056200649e-05,1.546622546192647e-05,0,0.08496908159880866,0.0849734058134391,15.249147788927829,15.249147788927829,0.08501715263014135,0.08502851697262555,77.16867408063273,78.50886976026437,0,1
2023-06-03 20:28:00,2023-06-03 20:28:59,0.085,0.0851,0.085,0.0851,0.08504974685912314,0.08505,0.085,0.0851,True,9.91980119504338e-05,1.2682557868676911e-05,0,0.08497124370612387,0.08497572715775831,15.168874685462242,15.168874685462242,0.08501747946964243,0.08502922824652977,69.36836422276208,75.01530268788645,0,1
2023-06-03 20:29:00,2023-06-03 20:29:59,0.0851,0.0851,0.0851,0.0851,0.08504987342956158,0.0851,0.0851,0.0851,True,9.211243966825994e-05,1.005236092023908e-05,0,0.08497348543194108,0.08497840741232346,15.115359283151847,15.115359283151847,0.08501830056944698,0.08502993244308171,77.42553808909493,74.65419213082998,0,1
2023-06-03 20:30:00,2023-06-03 20:30:59,0.085,0.0851,0.085,0.0851,0.08507493671478078,0.08505,0.085,0.0851,True,9.267583683481202e-05,7.623065899179598e-06,0,0.08497594642213227,0.08498100879687939,15.079682348278254,15.079682348278254,0.08501861598666641,0.08503062963270279,52.149378622094424,66.31442697798387,0,1
2023-06-03 20:31:00,2023-06-03 20:31:59,0.085,0.0851,0.085,0.0851,0.0850624683573904,0.08505,0.085,0.0851,True,9.319899134661036e-05,5.420284691042895e-06,0,0.08497847760950583,0.08498353023825787,15.055897725029197,15.055897725029197,0.08501892826540604,0.08503131988511371,33.33333333333306,54.30275001484086,0,1
2023-06-03 20:32:00,2023-06-03 20:32:59,0.085,0.085,0.085,0.0851,0.0850562341786952,0.085025,0.085,0.0851,True,9.368477767899456e-05,-3.4031403237082004e-06,0,0.08498100392388186,0.0849857999134546,0.3865412908416417,0.0,0.08501898868067563,0.08503100824446581,-2.7474319116057206e-13,28.494237318475797,0,1
2023-06-03 20:33:00,2023-06-03 20:33:59,0.085,0.0851,0.085,0.0851,0.0850406170893476,0.08505,0.085,0.0851,True,9.413586498763702e-05,-2.391018594270693e-06,0,0.08498340191866824,0.08498802732556693,2.3962012313138885,0.0,0.08501929725101717,0.08503169472959551,8.261167305113473,13.864833546148814,0,1
2023-06-03 20:34:00,2023-06-03 20:34:59,0.085,0.0849,0.0849,0.0851,0.08504530854467379,0.08497500000000001,0.0849,0.0851,True,0.00010169758891709094,-1.563288187425121e-05,0,0.08498571462211758,0.08498969160147994,-6.006955963010725,-6.006955963010725,0.08501885648235033,0.08503038433427615,8.261167305113428,5.507444870075603,0,1
2023-06-03 20:35:00,2023-06-03 20:35:59,0.0849,0.085,0.0849,0.085,0.08501015427233691,0.08495000000000001,0.0849,0.08501015427233691,True,0.00010157633256587037,-1.6898898528379955e-05,0,0.08498770311179876,0.08499072957101365,-5.853378728800763,-5.853378728800763,0.08501817134322247,0.08503008200259181,8.261167305113428,8.261167305113505,0,1
2023-06-03 20:36:00,2023-06-03 20:36:59,0.0849,0.085,0.0849,0.085,0.08498007713616845,0.08495000000000001,0.0849,0.085,True,0.00010146373738259411,-1.7194874985983385e-05,0,0.0849892163414062,0.08499126732355554,-5.750993905994122,-5.750993905994122,0.08501749302139935,0.08502978267918293,-3.197442310920451e-13,5.507444870075574,0,1
2023-06-03 20:37:00,2023-06-03 20:37:59,0.085,0.085,0.085,0.085,0.08496503856808424,0.085,0.085,0.085,True,9.421632756955168e-05,-1.6822328757247902e-05,0,0.08499024183248087,0.08499175061536086,-5.682737357456361,-5.682737357456361,0.08501731896148493,0.08502948633411643,10.10685513693645,6.122674147349914,0,-2
2023-06-03 20:38:00,2023-06-03 20:38:59,0.085,0.085,0.085,0.085,0.08498251928404213,0.085,0.085,0.085,True,8.748658988601227e-05,-1.600682368563622e-05,0,0.08499099622392087,0.08499218771394954,-5.63723299176452,-5.63723299176452,0.08501714663350995,0.08502919293775706,20.213710273873208,10.106855136936508,0,-2
2023-06-03 20:39:00,2023-06-03 20:39:59,0.0849,0.085,0.0849,0.085,0.08499125964202106,0.08495000000000001,0.0849,0.085,True,8.838040489415445e-05,-1.491541308588378e-05,0,0.0849915919689352,0.0849922423921595,-5.606896747969955,-5.606896747969955,0.08501647850780339,0.08502890246076444,21.54744047213884,17.289335294316228,-1,-2
2023-06-03 20:40:00,2023-06-03 20:40:59,0.0849,0.085,0.0849,0.085,0.08497062982101053,0.08495000000000001,0.0849,0.085,True,8.921037597314362e-05,-1.3670271529804395e-05,0,0.08499191718054734,0.08499199561296521,-5.5866725854402475,-5.5866725854402475,0.08501581703011381,0.08502861487409018,12.774315533467705,18.178488759826646,0,-2
2023-06-03 20:41:00,2023-06-03 20:41:59,0.0849,0.0849,0.0849,0.085,0.08496031491050526,0.08492500000000001,0.0849,0.085,True,8.998106340363356e-05,-1.9216466565673432e-05,0,0.08499195639675627,0.08499134166081763,-11.716025956684383,-11.716025956684383,0.08501491337807288,0.08502733512409923,2.667460396530945,12.329738800712557,0,-2
2023-06-03 20:42:00,2023-06-03 20:42:59,0.0849,0.085,0.0849,0.085,0.08494265745525265,0.08495000000000001,0.0849,0.085,True,9.069670173194565e-05,-1.5158796230682183e-05,0,0.08499164902878695,0.08499054315193426,-7.610672333990138,-7.610672333990138,0.08501426747381345,0.08502706313281466,6.524254733938034,7.322010221312287,0,-1
2023-06-03 20:43:00,2023-06-03 20:43:59,0.085,0.085,0.085,0.085,0.08494632872762634,0.085,0.085,0.085,True,8.421836589394954e-05,-1.1906507856720083e-05,0,0.0849910960903606,0.08498997936430955,-4.8737699188606385,-4.8737699188606385,0.08501412550889989,0.08502679384791104,27.49484757325958,12.228854234576247,0,-1
2023-06-03 20:44:00,2023-06-03 20:44:59,0.085,0.0849,0.0849,0.085,0.08497316436381316,0.08495000000000001,0.0849,0.085,True,8.534562547295336e-05,-1.6158648346419727e-05,0,0.08499053772733507,0.08498926118939192,-8.506915927090112,-8.506915927090112,0.08501348744413471,0.08502553221758356,37.37781886071488,23.79897372263756,0,-2
2023-06-03 20:45:00,2023-06-03 20:45:59,0.085,0.0851,0.085,0.0851,0.08496158218190658,0.08505,0.085,0.0851,True,9.35352236534561e-05,-4.473909355617291e-06,0,0.0849898994583635,0.08498911249806299,-1.3452908298377295,-0.0,0.0850138507531483,0.08502627319054293,65.52062765837549,43.464431364116706,0,-1
2023-06-03 20:46:00,2023-06-03 20:46:59,0.0851,0.085,0.085,0.0851,0.0850057910909533,0.08505,0.085,0.0851,True,9.399699339249416e-05,-3.574235080922678e-06,0,0.08498950597821324,0.08498941318534904,-0.932725721267694,-0.0,0.08501421044714683,0.08502601176576141,76.54963795412165,59.8160281577374,0,-1
2023-06-03 20:47:00,2023-06-03 20:47:59,0.0851,0.0851,0.085,0.0851,0.0851,0.085075,0.085,0.0851,True,9.442577957874378e-05,4.0322923610309e-06,0,0.08498945958178114,0.08499023713513104,2.675721243889967,0.0,0.08501481531831949,0.08502674796709712,99.9999999999997,80.690088537499,1,2
2023-06-03 20:48:00,2023-06-03 20:48:59,0.085,0.0851,0.085,0.0851,0.0850875,0.08505,0.085,0.0851,True,9.48239381802613e-05,8.769761937226256e-06,0,0.08498984835845609,0.08499129587339761,5.0813525539950675,0.0,0.08501516541465462,0.0850274768430464,93.94389130111163,90.16450975174439,0,2
2023-06-03 20:49:00,2023-06-03 20:49:59,0.085,0.0851,0.085,0.0851,0.08506875,0.08505,0.085,0.0851,True,9.519365688167042e-05,1.1425277080566976e-05,0,0.08499057211592685,0.08499253219821883,6.685106760731806,0.0,0.08501551202744413,0.08502819846649867,87.88778260222357,93.9438913011117,0,2
2023-06-03 20:50:00,2023-06-03 20:50:59,0.085,0.085,0.085,0.0851,0.08505937499999999,0.085025,0.085,0.0851,True,9.553696710440745e-05,5.739721368506618e-06,0,0.08499155215707284,0.08499372832909372,2.6348345143046927,0.0,0.08501560643513126,0.08502791788474247,75.65785474140823,85.82984288158121,0,1
2023-06-03 20:51:00,2023-06-03 20:51:59,0.085,0.085,0.085,0.0851,0.0850421875,0.085025,0.085,0.0851,True,9.585575516837756e-05,1.7644497413001897e-06,0,0.08499264024308328,0.08499488460826216,-0.06534698331338262,-0.0,0.08501569990343841,0.08502764009484454,69.48403557948096,77.67655764103766,0,1
2023-06-03 20:52:00,2023-06-03 20:52:59,0.0851,0.0851,0.0851,0.0851,0.08503359375,0.0851,0.0851,0.0851,True,9.61517726563498e-05,5.92767283672453e-06,0,0.08499376242567272,0.08499651615835695,3.1205088456150847,0.0,0.08501653871036936,0.08502836009390081,75.54014427836903,73.56067819975281,0,2
2023-06-03 20:53:00,2023-06-03 20:53:59,0.085,0.085,0.085,0.085,0.08506679687499999,0.085,0.085,0.08506679687499999,True,9.64266460380383e-05,1.4417981398267978e-06,0,0.08499513929201484,0.08499782459207922,0.3959335250288305,0.0,0.08501637414608708,0.08502807790391176,67.62660649132671,70.88359544972563,0,1
2023-06-03 20:54:00,2023-06-03 20:54:59,0.0851,0.085,0.085,0.0851,0.08503339843749999,0.08505,0.085,0.0851,True,9.668188560674907e-05,-1.5797875280800897e-06,0,0.08499648194204704,0.08499921270993549,-1.4204500220286675,-0.0,0.08501670873169816,0.08502779852178328,67.91068759533673,70.35914612167754,0,1
2023-06-03 20:55:00,2023-06-03 20:55:59,0.0851,0.0851,0.085,0.0851,0.08504169921874999,0.085075,0.085,0.0851,True,9.691889377769478e-05,3.3407196185211513e-06,0,0.08499784732599126,0.08500082556629275,2.1471250174750907,0.0,0.08501728874431808,0.08502851694445211,57.57396269906369,64.37041892857577,0,2
2023-06-03 20:56:00,2023-06-03 20:56:59,0.085,0.0851,0.085,0.0851,0.085058349609375,0.08505,0.085,0.0851,True,9.713897279357293e-05,6.312515072692132e-06,0,0.08499933644614201,0.0850024327683559,4.525508377144263,0.0,0.08501761422944924,0.08502922821863666,60.58549182355484,62.02338070598515,0,2
2023-06-03 20:57:00,2023-06-03 20:57:59,0.085,0.0851,0.085,0.0851,0.0850541748046875,0.08505,0.085,0.0851,True,9.734333187974551e-05,7.880675065212181e-06,0,0.08500088460724896,0.08500402449163816,6.111097283590375,0.0,0.08501793647592239,0.08502993241546615,55.39940205699367,57.852952193204125,0,2
2023-06-03 20:58:00,2023-06-03 20:58:59,0.085,0.0849,0.0849,0.0851,0.08505208740234374,0.08497500000000001,0.0849,0.0851,True,0.00010467595103119167,-5.256217542549894e-06,0,0.08500245454944357,0.08500507852769305,-2.1917617520995876,-0.0,0.08501750924730625,0.08502863955561077,32.40279361993337,49.462562500160686,0,1
2023-06-03 20:59:00,2023-06-03 20:59:59,0.085,0.0849,0.0849,0.085,0.08501354370117187,0.08495000000000001,0.0849,0.08501354370117187,True,0.0001043419545289639,-1.3587689849004996e-05,0,0.08500376653856831,0.08500553048041763,-7.727001109226229,-7.727001109226229,0.08501683751350221,0.08502735956003256,16.201396809966536,34.667864162297924,-1,-2
2023-06-03 21:00:00,2023-06-03 21:00:59,0.0849,0.085,0.0849,0.085,0.08498177185058595,0.08495000000000001,0.0849,0.085,True,0.0001040318149197524,-1.1558917881858436e-05,0,0.08500464850949298,0.0850055053078257,-5.585240090363094,-5.585240090363094,0.08501617246361662,0.08502708732560438,-2.984279490192421e-13,16.2013968099666,0,-1
2023-06-03 21:01:00,2023-06-03 21:01:59,0.0849,0.085,0.0849,0.085,0.08496588592529297,0.08495000000000001,0.0849,0.085,True,0.00010374382813977029,-9.761289716933031e-06,0,0.08500507690865934,0.08500510466382742,-4.1573994111210055,-4.1573994111210055,0.08501551403114282,0.08502681779997648,-2.984279490192421e-13,5.400465603322043,0,-1
2023-06-03 21:02:00,2023-06-03 21:02:59,0.0849,0.0849,0.0849,0.085,0.0849579429626465,0.08492500000000001,0.0849,0.085,True,0.00010347641184407262,-1.5035018989554958e-05,0,0.08500509078624338,0.08500423963080767,-7.556612216298795,-7.556612216298795,0.08501461339401703,0.08502555593132,-2.984279490192421e-13,-2.3566334069376654e-13,0,-2
2023-06-03 21:03:00,2023-06-03 21:03:59,0.0848,0.0849,0.0848,0.085,0.08494147148132325,0.084875,0.0848,0.085,True,0.0001103709538552107,-1.7762127807129253e-05,0,0.08500466520852552,0.08500267186291864,-9.82275408641732,-9.82275408641732,0.08501322420601685,0.08502430661857055,-2.984279490192421e-13,-2.3566334069376654e-13,0,-2
2023-06-03 21:04:00,2023-06-03 21:04:59,0.085,0.085,0.085,0.085,0.08490823574066163,0.085,0.085,0.085,True,0.00010963017143698156,-1.183418467288656e-05,0,0.08500366853572208,0.08500141921641309,-5.359411573794844,-5.359411573794844,0.08501309262187738,0.08502406476166935,19.89407630923965,6.631358769746414,0,-1
2023-06-03 21:05:00,2023-06-03 21:05:59,0.0849,0.0849,0.0849,0.085,0.08495411787033082,0.08492500000000001,0.0849,0.085,True,0.00010894230204862594,-1.4271602646562007e-05,0,0.0850025438760676,0.08499990868191618,-6.856382373420516,-6.856382373420516,0.08501221607837611,0.08502283028642886,31.070624089907596,16.98823346638238,0,-2
2023-06-03 21:06:00,2023-06-03 21:06:59,0.0849,0.085,0.0849,0.085,0.08493955893516542,0.08495000000000001,0.0849,0.085,True,0.00010830356618801,-8.270461276256114e-06,0,0.08500122627899188,0.08499837700084971,-3.24367763810983,-3.24367763810983,0.08501159701291963,0.08502260311939971,49.156706857224286,33.373802418790575,0,-1
2023-06-03 21:07:00,2023-06-03 21:07:59,0.0849,0.0849,0.0849,0.0849,0.08494477946758272,0.0849,0.0849,0.08494477946758272,True,0.00010771045431743806,-1.0783754887487469e-05,0,0.0849998016399208,0.08499649612672809,-4.7420234384532876,-4.7420234384532876,0.08501048659488063,0.0850213831878634,40.649066511878495,40.29213248633686,0,-2
2023-06-03 21:08:00,2023-06-03 21:08:59,0.0849,0.0848,0.0848,0.0849,0.08492238973379136,0.08485000000000001,0.0848,0.08492238973379136,True,0.0001071597075804784,-1.8671443475838305e-05,0,0.08499814888332445,0.08499401018208189,-8.65259329376525,-8.65259329376525,0.08500888971333953,0.08501918037007371,34.875774811200074,41.560516060101016,0,-2
2023-06-03 21:09:00,2023-06-03 21:09:59,0.0848,0.0849,0.0848,0.0849,0.08488619486689569,0.08485000000000001,0.0848,0.0849,True,0.00010664829989615871,-1.5934932115281018e-05,0,0.08499607953270318,0.08499106491738045,-6.856053586729971,-6.856053586729971,0.085007308721167,0.08501799449574461,23.08515365830905,32.869998327129274,0,-1
2023-06-03 21:10:00,2023-06-03 21:10:59,0.0848,0.0849,0.0848,0.0849,0.08486809743344785,0.08485000000000001,0.0848,0.0849,True,0.00010617342133214757,-1.328354067395687e-05,0,0.08499357222504182,0.08498777823441737,-5.658360448706453,-5.658360448706453,0.08500574346025987,0.08501682042116009,17.994179308840547,25.318369259449955,0,-1
2023-06-03 21:11:00,2023-06-03 21:11:59,0.0848,0.0848,0.0848,0.0849,0.08485904871672392,0.08482500000000001,0.0848,0.0849,True,0.00010573246266556581,-1.7641679374639095e-05,0,0.0849906752297296,0.08498407377400961,-8.32629336917568,-8.32629336917568,0.08500394501786922,0.08501466300403411,15.50849726532663,18.862610077492143,0,-2
2023-06-03 21:12:00,2023-06-03 21:12:59,0.0849,0.0849,0.0849,0.0849,0.08484202435836197,0.0849,0.0849,0.0849,True,0.00010532300104659702,-1.259293389995786e-05,0,0.0849873745018696,0.08498058039077942,-5.63292100179148,-5.63292100179148,0.08500291073908445,0.08501352207862084,31.789157156288493,21.763944576818627,0,-1
2023-06-03 21:13:00,2023-06-03 21:13:59,0.0848,0.0848,0.0848,0.0848,0.08487101217918099,0.0848,0.0848,0.08487101217918099,True,0.000104942786686126,-1.538275403050875e-05,0,0.08498397744632452,0.08497659105207311,-7.1848080647815635,-7.1848080647815635,0.08500089172675525,0.08501139748082362,31.21816822896116,26.171940883525497,0,-2
2023-06-03 21:14:00,2023-06-03 21:14:59,0.0849,0.0849,0.0849,0.0849,0.08483550608959049,0.0849,0.0849,0.0849,True,0.00010458973049426008,-9.375789135853679e-06,0,0.08498028424919882,0.08497292472158514,-4.300976998302225,-4.300976998302225,0.08499988782897659,0.0850102890481786,54.81917406786159,39.27549981770382,0,-1
2023-06-03 21:15:00,2023-06-03 21:15:59,0.0848,0.0847,0.0847,0.0849,0.08486775304479524,0.08477499999999999,0.0847,0.0849,True,0.00011140474974467049,-1.8507255058303854e-05,0,0.08497660448539199,0.08496868021973211,-7.847315846774762,-7.847315846774762,0.08499765013913603,0.08500720159496289,41.04933582982163,42.362226042214864,0,-2
2023-06-03 21:16:00,2023-06-03 21:16:59,0.0847,0.0848,0.0847,0.0848,0.08482137652239762,0.08474999999999999,0.0847,0.08482137652239762,True,0.00011059012476290851,-1.6414551243034118e-05,0,0.08497264235256205,0.0849638381147073,-6.735966550780901,-6.735966550780901,0.08499518595864712,0.08500513988755032,41.09327057679929,45.65392682482757,0,-1
2023-06-03 21:17:00,2023-06-03 21:17:59,0.0847,0.0848,0.0847,0.0848,0.08478568826119881,0.08474999999999999,0.0847,0.0848,True,0.00010983368727984383,-1.3989379815596757e-05,0,0.08496824023363467,0.08495855873449251,-5.995067020118327,-5.995067020118327,0.08499274629736706,0.08500309869463937,17.698984886965107,33.28053043119541,0,-1
2023-06-03 21:18:00,2023-06-03 21:18:59,0.0847,0.0848,0.0847,0.0848,0.0847678441305994,0.08474999999999999,0.0847,0.0848,True,0.00010913128104556948,-1.1435303343284066e-05,0,0.08496339948406359,0.08495297130660819,-5.501133999676611,-5.501133999676611,0.0849903309113236,0.08500107781210564,12.91913085609454,23.903795439953047,0,-1
2023-06-03 21:19:00,2023-06-03 21:19:59,0.0847,0.0848,0.0847,0.0848,0.0847589220652997,0.08474999999999999,0.0847,0.0848,True,0.00010847904668517186,-8.893888751592399e-06,0,0.08495818539533588,0.08494717968632459,-5.171845319382136,-5.171845319382136,0.08498793955897213,0.08499907703785584,11.177152658495544,13.931756133851799,0,-1
2023-06-03 21:20:00,2023-06-03 21:20:59,0.0847,0.0848,0.0847,0.0848,0.08475446103264984,0.08474999999999999,0.0847,0.0848,True,0.00010787340049337408,-6.460244147229888e-06,0,0.08495268254083023,0.08494126704060338,-4.952319532519155,-0.0,0.08498557200117142,0.08499709617180752,12.079287709430693,12.058523741340329,0,-1
2023-06-03 21:21:00,2023-06-03 21:21:59,0.0847,0.0848,0.0847,0.0848,0.08475223051632491,0.08474999999999999,0.0847,0.0848,True,0.00010731101474384756,-4.194994477502064e-06,0,0.0849469747907168,0.08493529967774155,-4.80596900794383,-0.0,0.08498322800115976,0.08499513501586914,12.079287709430714,11.77857602578572,0,-1
2023-06-03 21:22:00,2023-06-03 21:22:59,0.0848,0.0847,0.0847,0.0848,0.08475111525816245,0.08474999999999999,0.0847,0.0848,True,0.00010678879940500151,-8.990616261741392e-06,0,0.08494113723422918,0.08492933017814541,-9.621923895853541,-9.621923895853541,0.0849809073245313,0.08499219834904458,12.079287709430757,12.079287709430792,0,-2
2023-06-03 21:23:00,2023-06-03 21:23:59,0.0848,0.0847,0.0847,0.0848,0.08475055762908122,0.08474999999999999,0.0847,0.0848,True,0.00010630388516178733,-1.126417254465999e-05,0,0.08493523370618729,0.08492339995339891,-12.832560487793359,-12.832560487793359,0.08497860973921258,0.08498929090278542,12.0792877094308,12.079287709430828,0,-2
2023-06-03 21:24:00,2023-06-03 21:24:59,0.0847,0.0847,0.0847,0.0848,0.08475027881454061,0.084725,0.0847,0.0848,True,0.0001058536076502313,-1.1786667751892773e-05,0,0.0849293168297931,0.08491736981107946,-14.972984882419901,-14.972984882419901,0.08497608625922042,0.0849864123863398,8.052858472953782,10.737144630605181,0,-2
2023-06-03 21:25:00,2023-06-03 21:25:59,0.0847,0.0849,0.0847,0.0849,0.0847376394072703,0.08479999999999999,0.0847,0.0849,True,0.00011257834996092948,2.579939852156147e-06,0,0.08492334332043627,0.08491181695590116,-4.204487835622871,-0.0,0.08497433415713862,0.0849855525616001,33.574047939058204,17.902064707147662,0,-1
2023-06-03 21:26:00,2023-06-03 21:26:59,0.0848,0.0849,0.0848,0.0849,0.08476881970363515,0.08485000000000001,0.0848,0.0849,True,0.00011167989639229185,1.2209278989771421e-05,0,0.08491758013816872,0.08490702102391069,2.9745101955751565,0.0,0.0849730970013462,0.08498470129233045,62.880952035914504,34.83595281597557,0,-1
2023-06-03 21:27:00,2023-06-03 21:27:59,0.0849,0.0849,0.0848,0.0849,0.08480940985181758,0.084875,0.0848,0.0849,True,0.00011084561807855692,1.8323557853125477e-05,0,0.08491230058103971,0.08490302545464952,7.760508883040501,7.760508883040501,0.08497212091178057,0.08498385849340179,96.21428536924783,64.22309511474025,0,-1
2023-06-03 21:28:00,2023-06-03 21:28:59,0.0848,0.0848,0.0848,0.0849,0.0848422049259088,0.08482500000000001,0.0848,0.0849,True,0.00011007093107294592,1.5003665132484766e-05,0,0.08490766301784462,0.08489934437727477,3.9172423013908855,3.9172423013908855,0.08497065702211111,0.0849820290556565,90.00294853602793,83.03272864706348,0,-2
2023-06-03 21:29:00,2023-06-03 21:29:59,0.0848,0.0848,0.0848,0.0849,0.0848336024629544,0.08482500000000001,0.0848,0.0849,True,0.00010935157885345,1.2565995166820016e-05,0,0.0849035036975597,0.08489593615767939,1.3550645802911419,0.0,0.08496920769850802,0.08498021782127185,80.00589707205613,88.74104365911069,0,-2
2023-06-03 21:30:00,2023-06-03 21:30:59,0.0849,0.0849,0.0848,0.0849,0.08482930123147721,0.084875,0.0848,0.0849,True,0.00010868360893534663,1.7644782572348933e-05,0,0.08489971992761954,0.08489310919811678,5.220286347335318,5.220286347335318,0.08496827030847312,0.08497941963399551,79.71406499313916,83.2409702004078,0,2
2023-06-03 21:31:00,2023-06-03 21:31:59,0.0849,0.0849,0.0848,0.0849,0.08485215061573861,0.084875,0.0848,0.0849,True,0.00010806335115425065,2.046921190893364e-05,0,0.08489641456286816,0.08489075926461472,7.797100858698101,7.797100858698101,0.08496734224570224,0.08497862938888112,89.41928437819398,83.04641548112983,0,2
2023-06-03 21:32:00,2023-06-03 21:32:59,0.0849,0.0849,0.0848,0.0849,0.08486357530786931,0.084875,0.0848,0.0849,True,0.0001074873975003758,2.1675899508413865e-05,0,0.08489358691374144,0.08488880102012775,9.514977199606626,9.514977199606626,0.08496642341738679,0.08497784700690221,99.1245037632488,89.41928437819405,0,2
2023-06-03 21:33:00,2023-06-03 21:33:59,0.0848,0.0849,0.0848,0.0849,0.08486928765393466,0.08485000000000001,0.0848,0.0849,True,0.00010695258339320632,2.17471005178794e-05,0,0.08489119396693459,0.08488699306421002,10.66022809354564,10.66022809354564,0.08496526497542274,0.08497707240981861,93.09120413459503,93.87833075867934,1,2
2023-06-03 21:34:00,2023-06-03 21:34:59,0.0849,0.0849,0.0848,0.0849,0.08485964382696734,0.084875,0.0848,0.0849,True,0.0001064559702936918,2.1045472436868786e-05,0,0.0848890935155723,0.0848854873626267,11.423728689504983,11.423728689504983,0.08496436681646331,0.08497630552016867,92.55009378009733,94.92193389264712,0,2
2023-06-03 21:35:00,2023-06-03 21:35:59,0.0849,0.0849,0.0848,0.0849,0.08486732191348367,0.084875,0.0848,0.0849,True,0.00010599482955842831,1.9841328404760416e-05,0,0.0848872904390995,0.08488422995872061,11.932729086811214,11.932729086811214,0.08496347759440895,0.08497554626126153,92.00898342559965,92.55009378009738,0,2
2023-06-03 21:36:00,2023-06-03 21:36:59,0.0848,0.0849,0.0848,0.0849,0.08487116095674184,0.08485000000000001,0.0848,0.0849,True,0.00010556662744711221,1.8333962031185473e-05,0,0.08488576019891006,0.08488300514186335,12.272062685015364,12.272062685015364,0.08496234846411632,0.08497479455716937,90.96750141591713,91.84219287387141,0,2
2023-06-03 21:37:00,2023-06-03 21:37:59,0.0849,0.0849,0.0849,0.0849,0.08486058047837092,0.0849,0.0849,0.0849,True,9.802615405803277e-05,1.6668297806221005e-05,0,0.08488438267038671,0.08488215743773825,12.498285083818132,12.498285083818132,0.0849617280813888,0.08497405033271993,91.80044384933178,91.59230956361624,0,2
2023-06-03 21:38:00,2023-06-03 21:38:59,0.0849,0.0849,0.0848,0.0849,0.08488029023918546,0.084875,0.0848,0.0849,True,9.816714305388777e-05,1.4947860551417036e-05,0,0.08488327005406249,0.08488144092668444,12.649100016353309,12.649100016353309,0.08496086511540483,0.08497331351348889,80.95900197098919,87.90898241207942,0,1
2023-06-03 21:39:00,2023-06-03 21:39:59,0.0848,0.0849,0.0848,0.085,0.08487764511959273,0.084875,0.0848,0.085,True,0.00010544091855003906,1.3244850307454107e-05,0,0.08488235549037347,0.0848808326208861,12.749643304710098,12.749643304710098,0.08496001073614708,0.08497258402579248,72.78138886361195,81.84694489464437,0,1
2023-06-03 21:40:00,2023-06-03 21:40:59,0.0849,0.085,0.0848,0.085,0.08487632255979637,0.084925,0.0848,0.085,True,0.0001121951386536081,1.846508745563972e-05,0,0.08488159405562978,0.08488065673264426,20.94482872119002,20.94482872119002,0.08495966237061328,0.08497285682155574,72.78138886361195,75.50725989940442,0,2
2023-06-03 21:41:00,2023-06-03 21:41:59,0.085,0.085,0.0849,0.085,0.08490066127989818,0.08497500000000001,0.0849,0.085,True,0.00011132405732120774,2.103974804589595e-05,0,0.08488112539413703,0.08488116554973933,26.408285665509965,26.408285665509965,0.084959814983841,0.0849731269029333,84.45577317536919,76.67285030086443,0,2
2023-06-03 21:42:00,2023-06-03 21:42:59,0.0849,0.085,0.0849,0.085,0.08493783063994909,0.08495000000000001,0.0849,0.085,True,0.00011051519608397883,2.1754014789248743e-05,0,0.08488114547193819,0.08488203842254839,30.050590295056594,30.050590295056594,0.08495971732231025,0.08497339429693396,91.32744778825965,82.85486994241364,0,2
2023-06-03 21:43:00,2023-06-03 21:43:59,0.0849,0.085,0.0849,0.085,0.08494391531997456,0.08495000000000001,0.0849,0.085,True,0.00010976411064940912,2.1197894081834326e-05,0,0.08488159194724329,0.08488319193014558,32.47879338142101,32.47879338142101,0.08495962063253602,0.0849736590302978,81.72202293052085,85.83508129804994,0,2
2023-06-03 21:44:00,2023-06-03 21:44:59,0.0849,0.085,0.0849,0.085,0.08494695765998728,0.08495000000000001,0.0849,0.085,True,0.00010906667417445154,1.9810788876237915e-05,0,0.08488239193869444,0.08488455846919624,34.09759543899729,34.09759543899729,0.08495952490484909,0.08497392112949882,72.11659807278208,81.72202293052091,0,2
2023-06-03 21:45:00,2023-06-03 21:45:59,0.0849,0.085,0.0849,0.085,0.08494847882999365,0.08495000000000001,0.0849,0.085,True,0.00010841905459056234,1.7916360802062163e-05,0,0.08488347520394535,0.0848860833534972,35.176796810714805,35.176796810714805,0.08495943012967647,0.08497418062074759,71.18372542678334,75.0074488100288,0,1
2023-06-03 21:46:00,2023-06-03 21:46:59,0.0849,0.085,0.0849,0.085,0.08494923941499682,0.08495000000000001,0.0849,0.085,True,0.00010781769354837952,1.5749737716109105e-05,0,0.08488477927872128,0.08488772244179936,35.89626439185983,35.89626439185983,0.08495933629754038,0.08497443752999388,71.18372542678334,71.49468297544963,0,1
2023-06-03 21:47:00,2023-06-03 21:47:59,0.0849,0.0849,0.0849,0.085,0.08494961970749842,0.08492500000000001,0.0849,0.085,True,0.00010725928686635261,6.621552462773652e-06,0,0.08488625086026032,0.0848892686712393,15.932721793964333,15.932721793964333,0.08495899464283849,0.08497369685805364,59.219016661485625,67.19548917168414,0,1
2023-06-03 21:48:00,2023-06-03 21:48:59,0.0848,0.0848,0.0847,0.0849,0.08493730985374923,0.08479999999999999,0.0847,0.08493730985374923,True,0.00011388362351875641,-6.608469649789387e-06,0,0.0848877597657498,0.08488987355053258,-1.3405336258733627,-0.0,0.08495741260659134,0.08497196853110783,35.491108185891086,55.29795009138673,0,1
2023-06-03 21:49:00,2023-06-03 21:49:59,0.0849,0.0849,0.0849,0.0849,0.0848686549268746,0.0849,0.0849,0.0849,True,0.00011289193612455973,-8.1713788129766e-06,0,0.08488881665814119,0.08489041925446651,-2.711975535434725,-0.0,0.08495684133687402,0.08497125242632068,28.374200480888963,41.028108442755276,0,1
2023-06-03 21:50:00,2023-06-03 21:50:59,0.0848,0.0849,0.0848,0.0849,0.0848843274634373,0.08485000000000001,0.0848,0.0849,True,0.00011197108354423424,-8.96477269656907e-06,0,0.08488961795630384,0.08489057157194131,-3.6262701418089662,-3.6262701418089662,0.08495577823899468,0.0849705434469543,26.567712538824136,30.14434040186811,0,1
2023-06-03 21:51:00,2023-06-03 21:51:59,0.0849,0.0849,0.0848,0.0849,0.08486716373171865,0.084875,0.0848,0.0849,True,0.00011111600614821772,-9.210393265520472e-06,0,0.08489009476412257,0.08489058465501707,-4.2357998793917915,-4.2357998793917915,0.08495497447542259,0.08496984152210899,40.11057120133003,31.684161407014425,0,1
2023-06-03 21:52:00,2023-06-03 21:52:59,0.0849,0.0849,0.0848,0.0849,0.08487108186585933,0.084875,0.0848,0.0849,True,0.0001103220057090595,-9.075796378960495e-06,0,0.08489033970956981,0.08489048802810747,-4.642153037780339,-4.642153037780339,0.084954178709498,0.0849691465815905,37.04242909324352,34.57357094446595,0,1
2023-06-03 21:53:00,2023-06-03 21:53:59,0.0849,0.0849,0.0848,0.0849,0.08487304093292966,0.084875,0.0848,0.0849,True,0.00010958471958698402,-8.686602766861192e-06,0,0.08489041386883864,0.08489030568871822,-4.913055143372709,-4.913055143372709,0.08495339086164229,0.08496845855590303,40.6285759875174,39.260525427363696,0,1
2023-06-03 21:54:00,2023-06-03 21:54:59,0.0849,0.0849,0.0848,0.0849,0.08487402046646483,0.084875,0.0848,0.0849,True,0.00010890009675934251,-8.136096368252247e-06,0,0.08489035977877843,0.08489005711833307,-5.093656547100956,-5.093656547100956,0.08495261085306874,0.0849677773762423,40.6285759875174,39.433193689426155,0,1
2023-06-03 21:55:00,2023-06-03 21:55:59,0.0849,0.0849,0.0848,0.0849,0.08487451023323242,0.084875,0.0848,0.0849,True,0.00010826437556224682,-7.4927295061753015e-06,0,0.08489020844855576,0.08488975810927626,-5.2140574829197845,-5.2140574829197845,0.08495183860577452,0.08496710297448865,43.091309111434875,41.44948702882326,0,1
2023-06-03 21:56:00,2023-06-03 21:56:59,0.0849,0.0849,0.0848,0.0849,0.08487475511661621,0.084875,0.0848,0.0849,True,0.00010767406302208655,-6.805978343160481e-06,0,0.08488998327891602,0.08488942144101867,-5.294324773465675,-5.294324773465675,0.08495107404253298,0.0849664352832002,45.55404223535235,43.09130911143492,-1,1
2023-06-03 21:57:00,2023-06-03 21:57:59,0.0849,0.0849,0.0848,0.0849,0.08487487755830811,0.084875,0.0848,0.0849,True,0.00010712591566336629,-6.110899825810671e-06,0,0.08488970235996735,0.08488905743330974,-5.347836300496262,-5.347836300496262,0.08495031708688588,0.08496577423560618,48.01677535926984,45.5540422353524,0,1
2023-06-03 21:58:00,2023-06-03 21:58:59,0.0849,0.0849,0.0848,0.0849,0.08487493877915406,0.084875,0.0848,0.0849,True,0.00010661692168741176,-5.431668046548375e-06,0,0.08488937989663854,0.08488867439853849,-5.3835106518499884,-5.3835106518499884,0.08494956766313577,0.08496511976560014,48.016775359269865,47.195864317964066,0,1
2023-06-03 21:59:00,2023-06-03 21:59:59,0.0849,0.0849,0.0848,0.0849,0.08487496938957703,0.084875,0.0848,0.0849,True,0.00010614428442402541,-4.784309759797355e-06,0,0.08488902714758852,0.08488827901165315,-5.407293552752478,-5.407293552752478,0.0849488256963384,0.08496447180773348,48.01677535926989,48.01677535926992,0,1
2023-06-03 22:00:00,2023-06-03 22:00:59,0.0848,0.0849,0.0848,0.0849,0.08487498469478852,0.08485000000000001,0.0848,0.0849,True,0.00010570540696516665,-4.178812609636199e-06,0,0.08488865307962083,0.0848877050860494,-5.423148820020799,-5.423148820020799,0.08494784235607632,0.08496383029720876,43.94891365144246,46.66082145666079,0,1
2023-06-03 22:01:00,2023-06-03 22:01:59,0.0848,0.0848,0.0848,0.0849,0.08486249234739426,0.08482500000000001,0.0848,0.0849,True,0.00010529787789622638,-1.047788585802611e-05,0,0.08488817908283511,0.08488682300681043,-16.712111177559173,-16.712111177559173,0.08494662004407556,0.08496220014499772,33.38672190421219,41.784136971641566,0,-2
2023-06-03 22:02:00,2023-06-03 22:02:59,0.0848,0.0849,0.0848,0.0849,0.08484374617369714,0.08485000000000001,0.0848,0.0849,True,0.00010491945804649613,-7.226767233174852e-06,0,0.08488750104482276,0.08488587589463559,-10.045540857725626,-10.045540857725626,0.08494565865060218,0.08496158123808233,33.560222703439045,36.965286086364614,0,-1
2023-06-03 22:03:00,2023-06-03 22:03:59,0.0848,0.0848,0.0848,0.0849,0.08484687308684857,0.08482500000000001,0.0848,0.0849,True,0.00010456806818603233,-1.1649612711425318e-05,0,0.08488668846972917,0.08488471255318311,-12.065922896579764,-12.065922896579764,0.08494445806701409,0.08495997346456907,26.78864396906717,31.245196192239515,0,-2
2023-06-03 22:04:00,2023-06-03 22:04:59,0.0849,0.0849,0.0848,0.0849,0.08483593654342429,0.084875,0.0848,0.0849,True,0.00010424177760131595,-7.102028673688593e-06,0,0.08488570051145614,0.08488373000783248,-6.714413814567905,-6.714413814567905,0.08494376694196917,0.08495937671367784,54.67857726320739,38.34248131190458,0,-1
2023-06-03 22:05:00,2023-06-03 22:05:59,0.0849,0.0849,0.0848,0.0849,0.08485546827171214,0.084875,0.0848,0.0849,True,0.00010393879348693644,-3.8045122996807777e-06,0,0.0848847152596443,0.0848828965458303,-3.146741093226666,-3.146741093226666,0.08494308269379038,0.08495878590060642,71.83281801089045,51.100013081055046,0,-1
2023-06-03 22:06:00,2023-06-03 22:06:59,0.0849,0.0849,0.0848,0.0849,0.08486523413585607,0.084875,0.0848,0.0849,True,0.00010365745109501262,-1.4570432445648722e-06,0,0.08488380590273731,0.08488218617663248,-0.7682926123325089,-0.0,0.08494240525405117,0.08495820096627203,99.9999999999997,75.50379842469923,0,-1
2023-06-03 22:07:00,2023-06-03 22:07:59,0.0848,0.0849,0.0848,0.0849,0.08487011706792805,0.08485000000000001,0.0848,0.0849,True,0.00010339620458822621,1.731734120928763e-07,0,0.0848829960396849,0.08488140606656676,0.8173397082635958,0.0,0.08494148579878698,0.08495762185217977,85.55702104227517,85.79661301772182,0,2
2023-06-03 22:08:00,2023-06-03 22:08:59,0.0849,0.0849,0.0848,0.0849,0.08486005853396403,0.084875,0.0848,0.0849,True,0.00010315361854621026,1.2661883034254116e-06,0,0.08488220105312583,0.08488074792799653,1.8744279219943323,0.0,0.08494082424855029,0.08495704850041678,85.55702104227517,90.37134736151673,0,2
2023-06-03 22:09:00,2023-06-03 22:09:59,0.0849,0.0849,0.0848,0.0849,0.08486752926698202,0.084875,0.0848,0.0849,True,0.00010292836007862401,1.9607444243430305e-06,0,0.08488147449056119,0.08488019033397301,2.579153397814821,0.0,0.08494016928090302,0.08495648085364647,85.55702104227517,85.55702104227521,0,2
2023-06-03 22:10:00,2023-06-03 22:10:59,0.0849,0.0848,0.0848,0.0849,0.08487126463349101,0.08485000000000001,0.0848,0.0849,True,0.00010271919150157964,-4.493843472425754e-06,0,0.0848808324122671,0.08487954419847954,-5.513714967830225,-5.513714967830225,0.08493927207412787,0.08495492383022711,85.26443234085917,85.45949147513655,0,-2
2023-06-03 22:11:00,2023-06-03 22:11:59,0.0849,0.0849,0.0848,0.0849,0.08486063231674551,0.084875,0.0848,0.0849,True,0.00010252496353718129,-1.5591514024642909e-06,0,0.08488018830537332,0.08487900431342736,-2.2225944464603415,-0.0,0.08493863255100222,0.08495437732445371,85.26443234085917,85.3619619079979,0,-1
2023-06-03 22:12:00,2023-06-03 22:12:59,0.085,0.085,0.0849,0.085,0.08486781615837276,0.08497500000000001,0.0849,0.085,True,0.0001023446089988114,7.316781461481205e-06,0,0.08487959630940034,0.08487923789062692,4.591636181575552,0.0,0.08493899441616637,0.08495483128142432,85.26443234085917,85.26443234085923,1,2
2023-06-03 22:13:00,2023-06-03 22:13:59,0.085,0.0849,0.0849,0.085,0.08492140807918638,0.08495000000000001,0.0849,0.085,True,0.00010217713692746793,5.9091656220716625e-06,0,0.08487941710001363,0.0848799072909221,3.0607944341796554,0.0,0.08493910392446322,0.08495428569653453,93.80808051082954,88.11231506418268,0,1
2023-06-03 22:14:00,2023-06-03 22:14:59,0.085,0.0849,0.0849,0.085,0.08493570403959319,0.08495000000000001,0.0849,0.085,True,0.00010202162714693472,4.763615061721624e-06,0,0.08487966219546787,0.08488091522500751,2.0402332692490575,0.0,0.08493921234312528,0.08495374554035011,87.61616102165938,88.89622462444942,0,1
2023-06-03 22:15:00,2023-06-03 22:15:59,0.085,0.085,0.0849,0.085,0.0849428520197966,0.08497500000000001,0.0849,0.085,True,0.00010187722520786816,1.0688296135435935e-05,0,0.0848802887102377,0.08488235430021365,5.989535624317703,0.0,0.08493956843921359,0.08495420578372971,85.36640874879997,88.93021676042969,0,2
2023-06-03 22:16:00,2023-06-03 22:16:59,0.085,0.0849,0.0849,0.085,0.0849589260098983,0.08495000000000001,0.0849,0.085,True,0.00010174313769302065,7.186356313508797e-06,0,0.08488132150522568,0.08488395141568322,3.2984227714901593,0.0,0.08493967223583833,0.08495366642269757,82.49082536272013,85.15779837772655,0,1
2023-06-03 22:17:00,2023-06-03 22:17:59,0.085,0.085,0.0849,0.085,0.08495446300494916,0.08497500000000001,0.0849,0.085,True,0.00010161862785780508,1.1449600351373293e-05,0,0.08488263646045445,0.08488583352603966,5.510776199649946,0.0,0.08494002375587974,0.0849541274533175,82.9096647681837,83.58896629323465,0,2
2023-06-03 22:18:00,2023-06-03 22:18:59,0.085,0.0849,0.0849,0.085,0.08496473150247458,0.08495000000000001,0.0849,0.085,True,0.00010150301158224778,6.808883568140953e-06,0,0.08488423499324706,0.08488775557500955,2.653007966846154,0.0,0.08494012302199039,0.08495358887169245,71.14674261403306,78.84907758164567,0,1
2023-06-03 22:19:00,2023-06-03 22:19:59,0.085,0.0849,0.0849,0.085,0.0849573657512373,0.08495000000000001,0.0849,0.085,True,0.00010139565361208743,3.465868569103792e-06,0,0.0848859952841283,0.08488969588063071,0.7478291449769543,0.0,0.08494022130037854,0.08495305564908855,66.20157106227296,73.41932614816328,0,1
2023-06-03 22:20:00,2023-06-03 22:20:59,0.085,0.085,0.0849,0.085,0.08495368287561866,0.08497500000000001,0.0849,0.085,True,0.0001012959640683671,7.963436346306531e-06,0,0.08488784558237951,0.08489180877386843,3.6868454097848513,0.0,0.08494056735709118,0.08495352275705781,64.0889638272091,67.14575916783842,0,2
2023-06-03 22:21:00,2023-06-03 22:21:59,0.085,0.0849,0.0849,0.085,0.08496434143780934,0.08495000000000001,0.0849,0.085,True,0.00010120339520634108,3.6009620486891624e-06,0,0.08488982717812397,0.08489387152326919,1.2357500416648008,0.0,0.08494066121423456,0.08495299019231096,61.65443777281917,63.98165755410045,0,1
2023-06-03 22:22:00,2023-06-03 22:22:59,0.085,0.085,0.0849,0.085,0.08495717071890468,0.08497500000000001,0.0849,0.085,True,0.00010111743840588835,7.414472109450775e-06,0,0.08489184935069659,0.08489605216800654,3.3665571946308788,0.0,0.08494100289369491,0.08495345795159145,65.4439150872332,63.72910556242053,0,2
2023-06-03 22:23:00,2023-06-03 22:23:59,0.085,0.0849,0.0849,0.085,0.08496608535945235,0.08495000000000001,0.0849,0.085,True,0.00010103762137689653,2.616396549208123e-06,0,0.08489395075935156,0.08489813914444293,0.9139141748920139,0.0,0.08494109241714073,0.08495292603167512,54.85109636668623,60.649816408912905,0,1
2023-06-03 22:24:00,2023-06-03 22:24:59,0.085,0.0851,0.085,0.0851,0.08495804267972618,0.08505,0.085,0.0851,True,0.00010810636270711762,1.3033247969274902e-05,0,0.08489604495189725,0.08490082416263595,5.147773115039541,0.0,0.08494217607468162,0.08495438945424552,71.29829684808622,63.86443610066859,0,2
2023-06-03 22:25:00,2023-06-03 22:25:59,0.085,0.0849,0.0849,0.0851,0.0850040213398631,0.08497500000000001,0.0849,0.0851,True,0.00011467019394232292,5.369469874535011e-06,0,0.08489843455726659,0.08490344702146965,2.006154681536941,0.0,0.08494250268090368,0.08495384826564606,49.02045283070235,58.38994868182497,0,1
2023-06-03 22:26:00,2023-06-03 22:26:59,0.0849,0.0849,0.0849,0.085,0.08498951066993155,0.08492500000000001,0.0849,0.085,True,0.00011362232294644291,6.56185387707127e-08,0,0.08490094078936812,0.08490565989302848,-0.08825760746479716,-0.0,0.0849423285248748,0.0849533124620078,34.165625536686434,51.494791738491706,0,1
2023-06-03 22:27:00,2023-06-03 22:27:59,0.085,0.0851,0.085,0.0851,0.08495725533496579,0.08505,0.085,0.0851,True,0.00011979215702169641,1.0239842778093665e-05,0,0.08490330034119829,0.08490839242900342,3.7308518005518394,0.0,0.08494339988283624,0.08495477203950026,23.327772354860645,35.50461690741651,0,2
2023-06-03 22:28:00,2023-06-03 22:28:59,0.0851,0.0851,0.085,0.0851,0.0850036276674829,0.085075,0.085,0.0851,True,0.00011837843152014587,1.623331096578619e-05,0,0.08490584638510085,0.08491168687891161,6.2769247392295995,0.0,0.08494470933673837,0.0849562170938336,48.57119397962898,35.354863957058726,0,2
2023-06-03 22:29:00,2023-06-03 22:29:59,0.0851,0.085,0.085,0.0851,0.08503931383374144,0.08505,0.085,0.0851,True,0.00011706568641156323,1.2371051671745293e-05,0,0.08490876663200622,0.08491522959759466,4.458325071527668,0.0,0.08494575700502953,0.08495665274464122,68.86826876401373,46.92241169950116,0,1
2023-06-03 22:30:00,2023-06-03 22:30:59,0.0851,0.085,0.085,0.0851,0.08504465691687071,0.08505,0.085,0.0851,True,0.00011584670881073649,9.147115636707914e-06,0,0.08491199811480044,0.0849189434732124,3.245925293059713,0.0,0.08494679424876057,0.08495708406061493,66.66986339689093,61.36977538017792,0,1
2023-06-03 22:31:00,2023-06-03 22:31:59,0.085,0.0851,0.085,0.0851,0.08504732845843535,0.08505,0.085,0.0851,True,0.00011471480103854024,1.3322832068439559e-05,0,0.08491547079400641,0.08492276662075218,5.690002678097308,0.0,0.08494782117165847,0.08495850610976304,60.89122435315397,65.47645217135292,0,2
2023-06-03 22:32:00,2023-06-03 22:32:59,0.085,0.0851,0.085,0.0851,0.08504866422921767,0.08505,0.085,0.0851,True,0.00011366374382150087,1.5216274774277954e-05,0,0.08491911870737928,0.08492664956798675,7.319387601455709,7.319387601455709,0.08494883787641809,0.08495991400916837,60.89122435315397,62.817437367733,0,2
2023-06-03 22:33:00,2023-06-03 22:33:59,0.0851,0.0851,0.085,0.0852,0.08504933211460883,0.0851,0.085,0.0852,True,0.00011983061926282164,1.552430303990975e-05,0,0.08492288413768301,0.0849308960079674,8.405644217027977,8.405644217027977,0.08495034197715025,0.0849613078996244,69.90134413554416,63.894597613950744,0,2
2023-06-03 22:34:00,2023-06-03 22:34:59,0.085,0.0851,0.085,0.0851,0.0850746660573044,0.08505,0.085,0.0851,True,0.00011841414645833359,1.4768136695448714e-05,0,0.0849268900728252,0.08493505644007587,9.129815294076153,9.129815294076153,0.08495133359926815,0.08496268792052367,65.32810966957938,65.37355938609255,0,2
2023-06-03 22:35:00,2023-06-03 22:35:59,0.085,0.0851,0.085,0.0851,0.08506233302865221,0.08505,0.085,0.0851,True,0.00011709885028273754,1.3333775040283656e-05,0,0.08493097325645053,0.08493912061259301,9.61259601210827,9.61259601210827,0.08495231535449932,0.08496405420987169,60.754875203614596,65.32810966957943,0,1
2023-06-03 22:36:00,2023-06-03 22:36:59,0.085,0.0849,0.0849,0.085,0.0850561665143261,0.08495000000000001,0.0849,0.0850561665143261,True,0.00012302036097682712,-2.2107158762183925e-06,0,0.08493504693452177,0.08494239500836487,-0.0976929457525344,-0.0,0.0849522923161461,0.08496341685454958,31.447680636839653,52.51022183667792,0,1
2023-06-03 22:37:00,2023-06-03 22:37:59,0.085,0.085,0.0849,0.085,0.08500308325716305,0.08497500000000001,0.0849,0.08500308325716305,True,0.00012137604947848252,-5.6048834807226035e-06,0,0.08493872097144331,0.08494519666810042,-1.2498615974711242,-0.0,0.08495251826324912,0.0849637808659471,20.28628639463822,37.49628074503087,0,1
2023-06-03 22:38:00,2023-06-03 22:38:59,0.0849,0.0851,0.0849,0.0851,0.08498904162858154,0.085,0.0849,0.0851,True,0.00012699204594430463,-9.81953086618392e-07,0,0.08494195881977186,0.0849477784436514,1.8385427734488786,0.0,0.08495299071834117,0.08496513628021628,14.544935227360169,22.09296741961273,0,2
2023-06-03 22:39:00,2023-06-03 22:39:59,0.085,0.0851,0.085,0.0851,0.08499452081429076,0.08505,0.085,0.0851,True,0.0001250640426625678,1.7611767763843418e-06,0,0.08494486863171162,0.08495051244228483,3.8974790207288805,3.8974790207288805,0.08495395598482534,0.08496647820777631,33.53049351890982,22.787238380302785,0,2
2023-06-03 22:40:00,2023-06-03 22:40:59,0.0851,0.085,0.085,0.0852,0.08502226040714539,0.085075,0.085,0.0852,True,0.00013041661104381237,-3.694221129305292e-06,0,0.08494769053699822,0.08495351905567008,0.681560678737128,0.0,0.08495516040288678,0.0849668117579477,52.08342612036376,33.38628495554463,0,1
2023-06-03 22:41:00,2023-06-03 22:41:59,0.085,0.0851,0.085,0.0851,0.0850486302035727,0.08505,0.085,0.0851,True,0.00012824399596925355,-4.849648845707991e-07,0,0.08495060479633414,0.08495654814541477,2.656199694992061,0.0,0.08495610408047,0.08496813701408752,59.63969249275811,48.41787071067728,0,2
2023-06-03 22:42:00,2023-06-03 22:42:59,0.085,0.0851,0.085,0.0851,0.08504931510178634,0.08505,0.085,0.0851,True,0.00012622656768573464,1.3258153792932912e-06,0,0.08495357647087444,0.08495957414817833,3.9726257058286834,3.9726257058286834,0.08495703836822652,0.08496944908359909,58.1928897247447,56.63866944595557,0,2
2023-06-03 22:43:00,2023-06-03 22:43:59,0.085,0.085,0.085,0.085,0.08504965755089317,0.085,0.085,0.08504965755089317,True,0.0001243532414224671,-4.708169681018534e-06,0,0.08495657530952637,0.08496223390576968,0.2853543859034531,0.0,0.08495746584714964,0.08496975307281701,41.703406405473565,53.17866287432551,0,1
2023-06-03 22:44:00,2023-06-03 22:44:59,0.085,0.0851,0.085,0.0851,0.08502482877544659,0.08505,0.085,0.0851,True,0.00012261372417800436,-1.8211495324051298e-06,0,0.08495940460764802,0.0849649301203689,2.1088123076275096,0.0,0.08495838658498894,0.08497104906214221,40.47771974024142,46.79133862348661,0,2
2023-06-03 22:45:00,2023-06-03 22:45:59,0.085,0.0849,0.0849,0.0851,0.0850374143877233,0.08497500000000001,0.0849,0.0851,True,0.0001281413153081463,-1.3864503003096065e-05,0,0.08496216736400845,0.08496712195916749,-3.1924026375079464,-3.1924026375079464,0.084958551892601,0.0849703421063,24.912553978591735,35.69789337476895,0,-2
2023-06-03 22:46:00,2023-06-03 22:46:59,0.0849,0.085,0.0849,0.085,0.08500620719386165,0.08495000000000001,0.0849,0.08500620719386165,True,0.00012613122135756463,-1.4426013583643027e-05,0,0.08496464466158796,0.08496873013441943,-3.0303021171352853,-3.0303021171352853,0.08495846679914229,0.0849706372097199,18.286658620190394,27.892310779674563,0,-2
2023-06-03 22:47:00,2023-06-03 22:47:59,0.0849,0.0849,0.0849,0.0849,0.08497810359693084,0.0849,0.0849,0.08497810359693084,True,0.00012426470554631022,-2.1229683610666053e-05,0,0.08496668739800368,0.08496952470029072,-5.64296367545623,-5.64296367545623,0.08495788503994685,0.08496993435191173,1.9735897618862783,15.057600786889518,-1,-2
2023-06-03 22:48:00,2023-06-03 22:48:59,0.085,0.0851,0.085,0.0851,0.08493905179846542,0.08505,0.085,0.0851,True,0.00012967436943585892,-1.1157540627804458e-05,0,0.08496810604914719,0.08497070241372769,-1.442215295087621,-0.0,0.08495880160671354,0.08497122853746485,26.023820989117215,15.428023123731345,1,-1
2023-06-03 22:49:00,2023-06-03 22:49:59,0.085,0.0851,0.085,0.0851,0.0849945258992327,0.08505,0.085,0.0851,True,0.00012755477161901106,-4.322955913482986e-06,0,0.08496940423143744,0.08497217370157102,1.3582836251581156,0.0,0.08495970905341291,0.08497250984554977,52.04764197823474,26.681684243079463,0,2
2023-06-03 22:50:00,2023-06-03 22:50:59,0.085,0.0851,0.085,0.0851,0.08502226294961635,0.08505,0.085,0.0851,True,0.00012558657364622377,1.186472529488911e-07,0,0.08497078896650423,0.0849738660280098,3.22528290532194,3.22528290532194,0.08496060747079189,0.08497377840430052,78.07146296735225,52.047641978234786,0,2
2023-06-03 22:51:00,2023-06-03 22:51:59,0.085,0.0849,0.0849,0.085,0.08503613147480818,0.08495000000000001,0.0849,0.08503613147480818,True,0.00013090181838577863,-1.0900783747628189e-05,0,0.08497232749725701,0.08497503466218365,-1.9102080251348497,-0.0,0.08496050192381883,0.08497304429082489,61.70997836733059,63.94302777097258,0,-2
2023-06-03 22:52:00,2023-06-03 22:52:59,0.085,0.0849,0.0849,0.085,0.08499306573740409,0.08495000000000001,0.0849,0.085,True,0.0001286945456439375,-1.7689413758601833e-05,0,0.08497368107972032,0.08497578297168118,-5.333868645439374,-5.333868645439374,0.08496039742706442,0.08497231748196096,45.3484937673089,61.70997836733063,-1,-2
2023-06-03 22:53:00,2023-06-03 22:53:59,0.085,0.085,0.085,0.085,0.08497153286870204,0.085,0.085,0.085,True,0.0001266449352407993,-1.4551882249672275e-05,0,0.08497473202570074,0.08497653827557937,-3.578411847119284,-3.578411847119284,0.08496079148251652,0.08497259292990166,37.71502053019943,48.25783088827969,0,-1
2023-06-03 22:54:00,2023-06-03 22:54:59,0.085,0.0849,0.0849,0.085,0.08498576643435102,0.08495000000000001,0.0849,0.085,True,0.00012474172558074242,-1.8828179756842525e-05,0,0.08497563515064005,0.08497695085085716,-5.561838778310886,-5.561838778310886,0.08496068410458103,0.08497187061219119,40.7136461860303,41.259053494512926,0,-2
2023-06-03 22:55:00,2023-06-03 22:55:59,0.085,0.0849,0.0849,0.085,0.08496788321717552,0.08495000000000001,0.0849,0.085,True,0.00012297445946783244,-2.081786490347394e-05,0,0.0849762930007486,0.08497709076277667,-6.884123399105292,-6.884123399105292,0.08496057779508272,0.08497115548172163,43.71227184186117,40.71364618603035,0,-2
2023-06-03 22:56:00,2023-06-03 22:56:59,0.085,0.085,0.085,0.085,0.08495894160858777,0.085,0.085,0.085,True,0.00012133342664870176,-1.4348721150169754e-05,0,0.08497669188176264,0.08497735809814537,-3.5120847158474007,-3.5120847158474007,0.08496097005582816,0.08497144249185375,49.88171190080151,44.769209976231046,0,-1
2023-06-03 22:57:00,2023-06-03 22:57:59,0.085,0.0849,0.0849,0.085,0.08497947080429388,0.08495000000000001,0.0849,0.085,True,0.00011980961045950898,-1.639199615229139e-05,0,0.084977024989954,0.08497738086751355,-4.894539714230042,-4.894539714230042,0.0849608609010438,0.08497073162128804,51.41011075687219,48.33469816651168,0,-2
2023-06-03 22:58:00,2023-06-03 22:58:59,0.085,0.085,0.0849,0.085,0.08496473540214694,0.08497500000000001,0.0849,0.085,True,0.00011839463828382997,-1.0106023429413579e-05,0,0.08497720292873379,0.08497738245871414,-2.027468997104336,-0.0,0.0849610015885956,0.08497102284893691,58.939261287734304,53.41036131513605,0,-1
2023-06-03 22:59:00,2023-06-03 22:59:59,0.0849,0.085,0.0849,0.085,0.08496986770107348,0.08495000000000001,0.0849,0.085,True,0.00011708073554927089,-5.557807649142176e-06,0,0.08497729269372396,0.0849771958386905,-0.11608851902052209,-0.0,0.08496089212005235,0.08497131117879823,49.23087661949695,53.19341622136786,0,-1
2023-06-03 23:00:00,2023-06-03 23:00:59,0.0849,0.085,0.0849,0.0851,0.08495993385053674,0.08497500000000001,0.0849,0.0851,True,0.00012300354015289382,-2.32823656369538e-06,0,0.08497724426620723,0.08497703384564484,1.1581651330353466,0.0,0.08496103249696725,0.08497159663970572,55.92813284145924,54.69942358289688,0,-1
2023-06-03 23:01:00,2023-06-03 23:01:59,0.0851,0.085,0.085,0.0851,0.08496746692526838,0.08505,0.085,0.0851,True,0.00012136043014197204,-9.240958834835226e-08,0,0.08497713905592603,0.08497740693279658,2.0076675677392615,0.0,0.08496191774575365,0.08497187926020616,69.07135359900374,58.076787686653354,0,-1
2023-06-03 23:02:00,2023-06-03 23:02:59,0.0851,0.085,0.085,0.0851,0.08500873346263418,0.08505,0.085,0.0851,True,0.00011983468513183038,1.4006982035861522e-06,0,0.08497727299436131,0.0849781987325761,2.574002524208538,0.0,0.08496279418609441,0.08497215906856231,87.55328378962606,70.85092341002974,0,-1
2023-06-03 23:03:00,2023-06-03 23:03:59,0.0851,0.0851,0.085,0.0851,0.08502936673131709,0.085075,0.085,0.0851,True,0.00011841792190812742,9.201433817392534e-06,0,0.0849777358634687,0.0849794862817502,8.029764334274041,8.029764334274041,0.08496391066185467,0.08497343111763135,99.99999999999972,85.5415457962099,1,2
2023-06-03 23:04:00,2023-06-03 23:04:59,0.085,0.085,0.085,0.0851,0.08505218336565853,0.085025,0.085,0.0851,True,0.00011710235605754611,7.000698336118524e-06,0,0.08497861107260944,0.0849808122507792,5.16103911905175,5.16103911905175,0.08496451851596556,0.0849736954846201,85.344124102436,90.96580263068732,0,1
2023-06-03 23:05:00,2023-06-03 23:05:59,0.0849,0.085,0.0849,0.085,0.08503859168282926,0.08495000000000001,0.0849,0.08503859168282926,True,0.00011588075919629303,5.278227301775142e-06,0,0.08497971166169432,0.08498164479071264,3.2485556422368873,3.2485556422368873,0.08496437405312014,0.08497395722109154,52.17101450844833,79.17171287029474,0,1
2023-06-03 23:06:00,2023-06-03 23:06:59,0.0849,0.085,0.0849,0.085,0.08499429584141463,0.08495000000000001,0.0849,0.085,True,0.00011474641925370088,3.933686793336177e-06,0,0.08498067822620348,0.08498208313833974,1.9735666576936453,0.0,0.08496423102771596,0.08497421635321997,18.837681175115012,52.11760659533318,0,-2
2023-06-03 23:07:00,2023-06-03 23:07:59,0.0849,0.0849,0.0849,0.0849,0.08497214792070731,0.0849,0.0849,0.08497214792070731,True,0.00011369310359272244,-3.969708138833719e-06,0,0.08498138068227161,0.08498186507488774,-4.288339173166037,-4.288339173166037,0.08496359191301231,0.08497347788204365,0.16022373934539522,23.722973140969646,-1,-2
2023-06-03 23:08:00,2023-06-03 23:08:59,0.0849,0.0849,0.0849,0.0849,0.08493607396035366,0.0849,0.0849,0.08493607396035366,True,0.0001055721676218137,-8.895132920862399e-06,0,0.08498162287857967,0.08498113171052406,-8.462943060405827,-8.462943060405827,0.08496295915765896,0.08497274675883924,-2.6872948311051914e-13,6.3326349714867805,0,-2
2023-06-03 23:09:00,2023-06-03 23:09:59,0.085,0.085,0.085,0.085,0.08491803698017683,0.085,0.085,0.085,True,0.00010517415564882722,-4.802401794500432e-06,0,0.08498137729455187,0.08498068378413465,-4.094149592259207,-4.094149592259207,0.08496332772325439,0.08497301793536821,20.831795630606823,6.997339789984051,0,-1
2023-06-03 23:10:00,2023-06-03 23:10:59,0.0849,0.0848,0.0846,0.0849,0.08495901849008841,0.08480000000000001,0.0846,0.08495901849008841,True,0.00012623314453105467,-1.5626499997857576e-05,0,0.08498103053934326,0.08497909144562817,-9.109613610023906,-9.109613610023906,0.08496170257177922,0.084971296363872,20.831795630606823,13.88786375373786,0,-2
2023-06-03 23:11:00,2023-06-03 23:11:59,0.0847,0.0848,0.0847,0.0848,0.08487950924504421,0.08474999999999999,0.0847,0.08487950924504421,True,0.0001243593484931224,-2.1869006713851646e-05,0,0.08498006099248571,0.08497626597537605,-12.453256288533709,-12.453256288533709,0.08495959607852768,0.08496959192244044,20.831795630606823,20.83179563060689,0,-2
2023-06-03 23:12:00,2023-06-03 23:12:59,0.0847,0.0847,0.0846,0.0847,0.08481475462252211,0.084675,0.0846,0.08481475462252211,True,0.00012976225217218549,-3.169053682509573e-05,0,0.08497816348393089,0.08497197445779933,-17.136799214308382,-17.136799214308382,0.08495676427675129,0.0849669094157495,-2.865855700899071e-13,13.887863753737856,0,-2
2023-06-03 23:13:00,2023-06-03 23:13:59,0.0847,0.0847,0.0846,0.0847,0.08474487731126105,0.084675,0.0846,0.08474487731126105,True,0.00012763637701702958,-3.64761659561647e-05,0,0.08497506897086511,0.0849665581552283,-20.25916116482483,-20.25916116482483,0.084953960652107,0.08496425360066741,-2.821746560522928e-13,6.943931876868821,0,-2
2023-06-03 23:14:00,2023-06-03 23:14:59,0.0846,0.0846,0.0846,0.0847,0.08470993865563053,0.08462499999999999,0.0846,0.08470993865563053,True,0.00012566235008724196,-4.458865589504372e-05,0,0.08497081356304671,0.08495995040994354,-24.3436163804281,-24.3436163804281,0.08495068741178753,0.08496062918673042,-2.821746560522928e-13,-2.1366624587038114e-13,0,-2
2023-06-03 23:15:00,2023-06-03 23:15:59,0.0847,0.0846,0.0846,0.0848,0.08466746932781527,0.084675,0.0846,0.0848,True,0.00013097218222386795,-4.755788828401023e-05,0,0.08496538198649513,0.08495279302276433,-27.06658652416361,-27.06658652416361,0.08494794425346129,0.08495704083661369,5.908387972461049,1.969462657486898,0,-2
2023-06-03 23:16:00,2023-06-03 23:16:59,0.0847,0.0847,0.0847,0.0848,0.08467123466390764,0.084725,0.0847,0.0848,True,0.0001359027406364492,-4.013374635665576e-05,0,0.08495908750462973,0.08494559505911714,-21.479442444845866,-21.479442444845866,0.08494572590268058,0.08495448321634888,17.290295569116683,7.732894513859219,0,-1
2023-06-03 23:17:00,2023-06-03 23:17:59,0.0848,0.0847,0.0847,0.0848,0.08469811733195381,0.08474999999999999,0.0847,0.0848,True,0.00013333825916241732,-3.311491696381752e-05,0,0.08495234128187343,0.08493858606160336,-17.754679725300697,-17.754679725300697,0.08494377838126088,0.08495195104504193,34.6275895204003,19.275424353992747,0,-1
2023-06-03 23:18:00,2023-06-03 23:18:59,0.0848,0.0847,0.0846,0.0848,0.0847240586659769,0.084725,0.0846,0.0848,True,0.00013809981207938793,-2.661920047710105e-05,0,0.0849454636717384,0.08493160240104548,-15.271504578937254,-15.271504578937254,0.08494160148194485,0.08494944406946937,44.29455876855291,32.0708146193567,0,-1
2023-06-03 23:19:00,2023-06-03 23:19:59,0.0846,0.0847,0.0846,0.0848,0.08472452933298845,0.084675,0.0846,0.0848,True,0.0001425212540737178,-2.0709876992399296e-05,0,0.08493853303639194,0.08492434355061625,-13.616054481361623,-13.616054481361623,0.08493894873088072,0.08494696203892739,44.01741269299137,40.97985366064827,0,-1
2023-06-03 23:20:00,2023-06-03 23:20:59,0.0847,0.0848,0.0847,0.0848,0.08469976466649423,0.08474999999999999,0.0847,0.0848,True,0.00013948402163988102,-8.554036197713582e-06,0,0.0849314382935041,0.08491743242445933,-5.312236713850936,-0.0,0.08493706864400628,0.08494549973008234,48.10499272713599,45.472321396226825,0,-1
2023-06-03 23:21:00,2023-06-03 23:21:59,0.0847,0.0849,0.0847,0.0849,0.08472488233324711,0.08479999999999999,0.0847,0.0849,True,0.00014380659152274706,7.108562587336987e-06,0,0.08492443535898171,0.08491118553491583,4.102019817349259,4.102019817349259,0.08493570477690174,0.08494504699644967,60.05563515073393,50.7260135236205,0,-1
2023-06-03 23:22:00,2023-06-03 23:22:59,0.0848,0.0848,0.0846,0.0849,0.08476244116662354,0.08477499999999999,0.0846,0.0849,True,0.00015496326355683715,1.060927751117026e-05,0,0.08491781044694877,0.08490533293724838,3.9334693933184397,3.9334693933184397,0.08493410572439525,0.08494360374275366,73.80914589975968,60.65659125920994,0,-1
2023-06-03 23:23:00,2023-06-03 23:23:59,0.0848,0.0848,0.0847,0.0848,0.08476872058331177,0.08477499999999999,0.0847,0.0848,True,0.00015103731615992043,1.2929608848140373e-05,0,0.08491157169209856,0.08489983092339184,3.8211024439645627,3.8211024439645627,0.08493252258285898,0.08494217484979093,82.48705061014175,72.11727722021186,0,-1
2023-06-03 23:24:00,2023-06-03 23:24:59,0.0848,0.0847,0.0847,0.0848,0.08477186029165587,0.08474999999999999,0.0847,0.0848,True,0.00014739179357706918,7.504355497739429e-06,0,0.0849057013077452,0.0848944711497148,-1.1896741127706463,-0.0,0.08493070643775591,0.08493976514979301,81.6132441332955,79.30314688106571,0,-2
2023-06-03 23:25:00,2023-06-03 23:25:59,0.0848,0.0847,0.0847,0.0848,0.08476093014582793,0.08474999999999999,0.0847,0.0848,True,0.00014400666546442157,4.159818188869126e-06,0,0.08490008622872999,0.08488926013647874,-4.530191817260786,-0.0,0.08492890836374839,0.0849373794269095,83.40716503054122,82.50248659132623,0,-2
2023-06-03 23:26:00,2023-06-03 23:26:59,0.0848,0.0847,0.0847,0.0848,0.08475546507291395,0.08474999999999999,0.0847,0.0848,True,0.00014086333221696308,2.3038988559278618e-06,0,0.08489467318260437,0.08488420199647656,-6.757203620254209,-0.0,0.08492712818102452,0.08493501744256214,79.95657950209655,81.65899622197783,0,-2
2023-06-03 23:27:00,2023-06-03 23:27:59,0.0847,0.0848,0.0847,0.0848,0.08475273253645697,0.08474999999999999,0.0847,0.0848,True,0.00013794452277289448,8.347124994433308e-06,0,0.08488943758954047,0.08487929891886609,-1.6486020180616805,-0.0,0.08492536571156159,0.08493367398542222,79.95657950209655,81.10677467824485,0,-1
2023-06-03 23:28:00,2023-06-03 23:28:59,0.0847,0.0847,0.0847,0.0847,0.08475136626822849,0.0847,0.0847,0.08475136626822849,True,0.00013523419971768792,5.498148296842112e-06,0,0.08488436825420329,0.08487420851012051,-3.6979235505679213,-0.0,0.08492312326667042,0.08493134887113941,66.43439374061289,75.44918424826874,0,-2
2023-06-03 23:29:00,2023-06-03 23:29:59,0.0847,0.0847,0.0847,0.0847,0.08472568313411424,0.0847,0.0847,0.08472568313411424,True,0.00012557461402356736,3.876169783414136e-06,0,0.0848792883821619,0.08486900553987231,-5.064137905572082,-0.0,0.08492090313466376,0.08492904689232211,48.54363227977053,64.97820184082673,0,-2
2023-06-03 23:30:00,2023-06-03 23:30:59,0.0848,0.0847,0.0847,0.0848,0.08471284156705712,0.08474999999999999,0.0847,0.0848,True,0.00012374785587902703,3.113978241834782e-06,0,0.08487414696101711,0.08486409270024381,-5.974947475574858,-0.0,0.08491920260596064,0.08492676781876667,49.774311595793485,54.91744587205904,0,-1
2023-06-03 23:31:00,2023-06-03 23:31:59,0.0848,0.0848,0.0848,0.0848,0.08473142078352855,0.0848,0.0848,0.0848,True,0.00012205158045909674,9.793944953329878e-06,0,0.08486911983063046,0.0848597850429703,-0.30898310100857884,-0.0,0.08491801651037895,0.08492550644743566,69.9776375232449,56.098527132936375,0,-1
2023-06-03 23:32:00,2023-06-03 23:32:59,0.0848,0.0847,0.0847,0.0848,0.08476571039176428,0.08474999999999999,0.0847,0.0848,True,0.00012047646756916147,7.2553020953420525e-06,0,0.08486445243680038,0.08485564035195757,-2.2466391348308434,-0.0,0.08491634470430552,0.08492326260218754,83.13289654309693,67.62828188737852,0,-2
2023-06-03 23:33:00,2023-06-03 23:33:59,0.0848,0.0848,0.0848,0.0848,0.08475785519588214,0.0848,0.0848,0.0848,True,0.00011901386274279299,1.257296615488552e-05,0,0.08486004639437898,0.08485199545558936,1.1784653795863207,0.0,0.08491518704555621,0.08492203610863343,88.5833573930417,80.56463048646125,0,-1
2023-06-03 23:34:00,2023-06-03 23:34:59,0.0847,0.0848,0.0847,0.0848,0.08477892759794106,0.08474999999999999,0.0847,0.0848,True,0.00011765572968973654,1.585355072308113e-05,0,0.08485602092498418,0.08484842600575167,3.461868389197761,3.461868389197761,0.08491354339336163,0.08492082181899528,75.16188917838967,82.29271437150952,0,2
2023-06-03 23:35:00,2023-06-03 23:35:59,0.0848,0.0848,0.0847,0.0848,0.08476446379897053,0.08477499999999999,0.0847,0.0848,True,0.00011639460614046986,1.7643926140392438e-05,0,0.08485222346536793,0.08484511197230656,4.984137062272055,4.984137062272055,0.08491216485213415,0.0849196196118411,80.2849385484024,81.34339503994467,0,2
2023-06-03 23:36:00,2023-06-03 23:36:59,0.0847,0.0847,0.0847,0.0848,0.08476973189948525,0.084725,0.0847,0.0848,True,0.00011522356284472222,1.1504502253418628e-05,0,0.08484866771883724,0.08484167871460409,0.12889503355608412,0.0,0.08491030251529699,0.08491743434207152,61.17047976846889,72.20576916508706,0,1
2023-06-03 23:37:00,2023-06-03 23:37:59,0.0848,0.0848,0.0847,0.0848,0.08474736594974262,0.08477499999999999,0.0847,0.0848,True,0.00011413616549867083,1.4209370823828525e-05,0,0.08484517321672067,0.0848385181997776,2.1939080926389636,0.0,0.08490895622161244,0.08491626584115539,69.59442724211613,70.34994851966256,0,2
2023-06-03 23:38:00,2023-06-03 23:38:59,0.0847,0.0848,0.0847,0.0848,0.08476118297487131,0.08474999999999999,0.0847,0.0848,True,0.00011312643939162312,1.5630560302990634e-05,0,0.08484184570824913,0.08483542257524163,3.5705834653608832,3.5705834653608832,0.08490737456766605,0.08491510896711404,64.39982097501105,65.0549093285321,0,2
2023-06-03 23:39:00,2023-06-03 23:39:59,0.0847,0.0848,0.0847,0.0848,0.08475559148743565,0.08474999999999999,0.0847,0.0848,True,0.00011218883657793596,1.6132484164002605e-05,0,0.08483863414174538,0.08483239927856413,4.488367047175501,4.488367047175501,0.08490580865156987,0.0849139636042572,72.02608025089418,68.67344282267386,0,2
2023-06-03 23:40:00,2023-06-03 23:40:59,0.0847,0.0848,0.0847,0.0848,0.08475279574371783,0.08474999999999999,0.0847,0.0848,True,0.00011131820539379788,1.5991200555420812e-05,0,0.08483551671015475,0.08482945366914865,5.100222768385244,5.100222768385244,0.08490425831672838,0.08491282963804568,65.53540148784862,67.32043423791804,0,2
2023-06-03 23:41:00,2023-06-03 23:41:59,0.0847,0.0847,0.0847,0.0848,0.08475139787185891,0.084725,0.0847,0.0848,True,0.00011050976215138395,8.557156033734977e-06,0,0.0848324851896517,0.08482641790688741,-1.1815624076447833,-0.0,0.0849024746518853,0.08491071193020443,58.24335013479929,65.26827729118078,0,1
2023-06-03 23:42:00,2023-06-03 23:42:59,0.0848,0.0848,0.0848,0.0848,0.08473819893592946,0.0848,0.0848,0.0848,True,0.00010975906485485673,1.0442206608730415e-05,0,0.08482945154826955,0.0848238465749741,0.9947445681052685,0.0,0.08490145500360784,0.0849096103189586,69.73154963884967,64.50343375383261,0,2
2023-06-03 23:43:00,2023-06-03 23:43:59,0.0847,0.0847,0.0847,0.0848,0.08476909946796474,0.084725,0.0847,0.0848,True,0.00010906198879379575,4.53636830352116e-06,0,0.08482664906162184,0.08482114395465146,-2.432142001343699,-0.0,0.08489969923242766,0.0849075246441431,52.021910730036325,59.998936834561846,0,1
2023-06-03 23:44:00,2023-06-03 23:44:59,0.0848,0.0848,0.0848,0.0848,0.08474704973398237,0.0848,0.0848,0.0848,True,0.0001084147038799534,7.565521326509691e-06,0,0.08482389650813665,0.08481887109265025,0.04299431116348984,0.0,0.0848987072002642,0.08490645474718644,69.52720050258384,63.760220290490025,0,2
2023-06-03 23:45:00,2023-06-03 23:45:59,0.0847,0.0848,0.0847,0.0849,0.08477352486699119,0.08477499999999999,0.0847,0.0849,True,0.00011495651074567141,9.365922245840001e-06,0,0.08482138380039346,0.08481678065006165,1.6930851861682825,0.0,0.08489747628284863,0.08490539549597066,58.95628266753348,60.16846463338462,0,2
2023-06-03 23:46:00,2023-06-03 23:46:59,0.0847,0.0847,0.0847,0.0848,0.08477426243349559,0.084725,0.0847,0.0848,True,0.00011388818854955222,3.4186288295272272e-06,0,0.08481908222522756,0.08481450511704551,-1.9273801570336957,-0.0,0.08489576010092974,0.08490335175969235,60.165107575372964,62.88286358183017,0,1
2023-06-03 23:47:00,2023-06-03 23:47:59,0.0848,0.0847,0.0847,0.0848,0.08474963121674779,0.08474999999999999,0.0847,0.0848,True,0.00011289617508172727,-4.192033897073594e-07,0,0.08481679367113654,0.08481227100019716,-4.341023719168348,-0.0,0.08489430975166676,0.0849013283590984,43.04741016528565,54.05626680273077,0,1
2023-06-03 23:48:00,2023-06-03 23:48:59,0.0848,0.0848,0.0847,0.0848,0.08474981560837389,0.08477499999999999,0.0847,0.0848,True,0.00011197501971874696,4.136933735489555e-06,0,0.08481453233566685,0.08481025634559307,-0.6149071716498753,-0.0,0.08489312258995863,0.08490032011671932,44.62643766486989,49.2796518018429,0,2
2023-06-03 23:49:00,2023-06-03 23:49:59,0.0847,0.0848,0.0847,0.0848,0.08476240780418694,0.08474999999999999,0.0847,0.0848,True,0.0001111196611674081,7.051570706747723e-06,0,0.08481239434062997,0.08480825677124376,1.8691705266957683,0.0,0.0848916984845859,0.08489932190660271,54.128389688508385,47.267412506221376,0,2
2023-06-03 23:50:00,2023-06-03 23:50:59,0.0847,0.0847,0.0846,0.0847,0.08475620390209346,0.084675,0.0846,0.08475620390209346,True,0.00011746825679830793,1.905410701070442e-06,0,0.08481032555593687,0.08480576820913173,-1.7859357561092253,-0.0,0.08488954228075918,0.08489733860404945,39.18771484981456,45.98084740106435,0,1
2023-06-03 23:51:00,2023-06-03 23:51:59,0.0847,0.0846,0.0846,0.0847,0.08471560195104673,0.08465,0.0846,0.08471560195104673,True,0.00011622052416985757,-8.224360102024237e-06,0,0.08480804688253431,0.08480274021111124,-7.65480577308719,-7.65480577308719,0.08488715877547799,0.08489438001097434,14.846271851947336,36.0541254634235,0,-2
2023-06-03 23:52:00,2023-06-03 23:52:59,0.0847,0.0846,0.0846,0.0847,0.08468280097552336,0.08465,0.0846,0.0847,True,0.00011506191530058224,-1.4250811425258125e-05,0,0.08480539354682277,0.08479930828669296,-11.567385784405829,-11.567385784405829,0.08488479898666726,0.08489145085663628,-2.723747153747051e-13,18.011328900587284,0,-2
2023-06-03 23:53:00,2023-06-03 23:53:59,0.0847,0.0846,0.0846,0.0847,0.08466640048776168,0.08465,0.0846,0.0847,True,0.00011398606420768371,-1.7330499096505252e-05,0,0.08480235091675788,0.08479558189483231,-14.175772458618255,-14.175772458618255,0.08488246267834221,0.08488855084811255,-2.723747153747051e-13,4.94875728398234,0,-2
2023-06-03 23:54:00,2023-06-03 23:54:59,0.0847,0.0848,0.0846,0.0848,0.08465820024388085,0.084725,0.0846,0.0848,True,0.00012012991676427815,-4.624161761653282e-06,0,0.0847989664057951,0.08479216381345434,-5.153609697168108,-0.0,0.08488089588552289,0.08488766974514625,22.32619421831497,7.4420647394382184,0,-1
2023-06-03 23:55:00,2023-06-03 23:55:59,0.0847,0.0847,0.0847,0.0848,0.08469160012194042,0.084725,0.0847,0.0848,True,0.00011869206556682993,-2.846043549297428e-06,0,0.08479556510962472,0.08478901191876083,-3.7135532825527875,-0.0,0.08487934468268186,0.08488580238449803,44.65238843663021,22.32619421831505,0,-1
2023-06-03 23:56:00,2023-06-03 23:56:59,0.0847,0.0849,0.0847,0.0849,0.08470830006097022,0.08479999999999999,0.0847,0.0849,True,0.00012449977516919964,1.2362887757260825e-05,0,0.08479228851419278,0.08478660579982539,3.070594617871386,3.070594617871386,0.0848785551833517,0.08488594365430402,77.98572176996355,48.32143480830299,0,2
2023-06-03 23:57:00,2023-06-03 23:57:59,0.0848,0.0848,0.0847,0.0848,0.0847541500304851,0.08477499999999999,0.0847,0.0848,True,0.00012989264837140008,1.4980788021569878e-05,0,0.08478944715700909,0.0847846318173371,3.795588304368181,3.795588304368181,0.08487752478351736,0.08488508849356467,83.27247942381412,68.63686321013604,0,2
2023-06-03 23:58:00,2023-06-03 23:58:59,0.0847,0.0847,0.0847,0.0848,0.08476457501524254,0.084725,0.0847,0.0848,True,0.00012775745920201457,9.31620446869603e-06,0,0.0847870394871731,0.08478266854935859,1.143948293959049,0.0,0.08487600712397987,0.08488324681701179,77.98276886574384,79.74699001984057,0,1
2023-06-03 23:59:00,2023-06-03 23:59:59,0.0848,0.0847,0.0847,0.0848,0.08474478750762127,0.08474999999999999,0.0847,0.0848,True,0.000125774783544728,5.393002551142041e-06,0,0.08478485401826585,0.0847808987136818,-0.6238117129803769,-0.0,0.08487475332175122,0.08488142346559874,66.92328177882817,76.05951002279544,0,1
