start_time,end_time,open,close,low,high,h_open,h_close,h_low,h_high,finish,atr_14,macd_13_34,st_signal,av2_open,av2_close,histo2,qqe,ema_h200,ema_200,fastk,fastd,xo_signal,macd_hists
2023-06-06 00:00:00,2023-06-06 00:00:59,6.999,7.001,6.988,7.045,7.071171075677504,7.00825,6.988,7.071171075677504,True,0.04726639969360902,-0.028347947247422123,0,7.3322449806477525,7.3190075774456265,-37.66005460594919,-37.66005460594919,7.4048472014487015,7.403155526170481,-2.3684757858670007e-14,2.1797552775258664,0,-2
2023-06-06 00:01:00,2023-06-06 00:01:59,7.005,6.883,6.87,7.009,7.039710537838753,6.94175,6.87,7.039710537838753,True,0.0538187997154941,-0.03630357346143227,0,7.3256262790466895,7.310608892853217,-40.129638581523146,-40.129638581523146,7.400239269095978,7.397979849293163,-2.3684757858670007e-14,-1.6066160747464487e-13,0,-2
2023-06-06 00:02:00,2023-06-06 00:02:59,6.884,6.837,6.804,6.928,6.990730268919377,6.86325,6.804,6.990730268919377,True,0.05883174259295878,-0.042500112558901265,0,7.318117585949953,7.300927191653683,-42.054373510890265,-42.054373510890265,7.394896092289053,7.39239796024547,-2.3684757858670007e-14,-1.6066160747464487e-13,0,-2
2023-06-06 00:03:00,2023-06-06 00:03:59,6.838,6.808,6.74,6.907,6.926990134459688,6.823250000000001,6.74,6.926990134459688,True,0.0665580466934617,-0.04604603380185564,0,7.309522388801818,7.290027346684212,-43.492582985614796,-43.492582985614796,7.389208071470256,7.3865830551684,-2.3684757858670007e-14,-1.6066160747464487e-13,0,-2
2023-06-06 00:04:00,2023-06-06 00:04:59,6.802,6.775,6.757,6.872,6.875120067229844,6.8015,6.757,6.875120067229844,True,0.07001818621535731,-0.04791815334951194,0,7.2997748677430145,7.278094004955698,-44.61387642059323,-44.61387642059323,7.38336022996309,7.3804976516343865,-2.3684757858670007e-14,-1.6066160747464487e-13,0,-2
2023-06-06 00:05:00,2023-06-06 00:05:59,6.777,6.808,6.753,6.871,6.838310033614922,6.802250000000001,6.753,6.871,True,0.07344545862854611,-0.04402010650982366,0,7.288934436349356,7.265434005173176,-40.88186800700619,-40.88186800700619,7.3775780386201735,7.374801157588273,0.24750740781413916,0.08250246927122695,0,-2
2023-06-06 00:06:00,2023-06-06 00:06:59,6.804,6.864,6.794,6.899,6.8202800168074615,6.84025,6.794,6.899,True,0.07569935444079283,-0.03491747239208312,0,7.277184220761265,7.25254948386808,-32.268275507285,-32.268275507285,7.3722314909722115,7.369718559005305,12.657383160474138,4.301630189429281,0,-1
2023-06-06 00:07:00,2023-06-06 00:07:59,6.869,6.986,6.847,7.017,6.830265008403731,6.92975,6.847,7.017,True,0.08243511483787905,-0.018275880566158004,0,7.264866852314673,7.2401906618877865,-18.60278132804789,-0.0,7.367828690067015,7.365900463890824,45.99071649380747,19.631869020698446,0,-1
2023-06-06 00:08:00,2023-06-06 00:08:59,6.984,7.102,6.98,7.173,6.880007504201865,7.059750000000001,6.98,7.173,True,0.09033260663517338,0.0021111142928992854,0,7.25252875710123,7.229222459595324,-5.444098232476648,-0.0,7.364763230464359,7.363274588628229,79.07654241932664,45.908214024535944,0,-1
2023-06-06 00:09:00,2023-06-06 00:09:59,7.096,7.094,7.043,7.14,6.969878752100933,7.09325,7.043,7.14,True,0.09080884901837526,0.015497988544943164,0,7.240875608348277,7.219654201120844,2.7667003975391395,0.0,7.362061606280633,7.36059523948765,99.99999999999999,75.02241963771122,0,-1
2023-06-06 00:10:00,2023-06-06 00:10:59,7.094,7.096,7.093,7.126,7.031564376050467,7.102250000000001,7.093,7.126,True,0.08667964551706277,0.02441843864865416,0,7.23026490473456,7.211315526259318,8.313300398528767,8.313300398528767,7.3594764161683885,7.3579624510350365,99.99999999999999,93.0255141397754,0,-1
2023-06-06 00:11:00,2023-06-06 00:11:59,7.099,7.106,7.09,7.131,7.066907188025233,7.1065000000000005,7.09,7.131,True,0.08341681369441545,0.030559403398503132,0,7.220790215496939,7.2040312829205915,12.42668719313518,12.42668719313518,7.356959237898057,7.355455361970011,99.99999999999999,99.99999999999984,0,2
2023-06-06 00:12:00,2023-06-06 00:12:59,7.109,7.107,7.093,7.124,7.086703594012617,7.10825,7.093,7.124,True,0.07967275557338575,0.03396059323545646,0,7.212410749208765,7.1976391854520525,15.216557600512573,15.216557600512573,7.354484519113002,7.352983169313593,99.99999999999999,99.99999999999984,0,2
2023-06-06 00:13:00,2023-06-06 00:13:59,7.109,7.126,7.098,7.128,7.097476797006308,7.11525,7.098,7.128,True,0.07612470160385822,0.03661656808586547,0,7.2050249673304085,7.192041364731868,18.04884537707106,18.04884537707106,7.352104076136753,7.350724630315448,99.99999999999999,99.99999999999984,0,2
2023-06-06 00:14:00,2023-06-06 00:14:59,7.125,7.167,7.124,7.202,7.106363398503154,7.1545000000000005,7.124,7.202,True,0.07625865148929693,0.04012028006093796,1,7.1985331660311385,7.187376587425707,21.737701969904833,21.737701969904833,7.350137866423949,7.348896524541165,99.99999999999999,99.99999999999984,0,2
2023-06-06 00:15:00,2023-06-06 00:15:59,7.167,7.175,7.155,7.185,7.130431699251577,7.1705,7.155,7.185,True,0.07295446209720424,0.04168641088007734,0,7.192954876728423,7.183588184109702,24.516536070153123,24.516536070153123,7.348350424966994,7.347166210864138,99.99999999999999,99.99999999999984,0,2
2023-06-06 00:16:00,2023-06-06 00:16:59,7.176,7.093,7.084,7.178,7.150465849625789,7.132750000000001,7.084,7.178,True,0.07445771480454681,0.035690032072840286,0,7.188271530419063,7.18025674352911,16.736387985871943,16.736387985871943,7.346205147106626,7.344637193840614,96.63712573165456,98.87904191055138,0,1
2023-06-06 00:17:00,2023-06-06 00:17:59,7.092,7.164,7.066,7.182,7.141607924812895,7.1259999999999994,7.066,7.182,True,0.07742502088993637,0.03550664358900032,0,7.184264136974087,7.177261617970606,15.987946532651861,15.987946532651861,7.344014051115515,7.342839808827275,92.69408296651791,96.443736232724,1,2
2023-06-06 00:18:00,2023-06-06 00:18:59,7.164,7.148,7.128,7.167,7.133803962406447,7.15175,7.128,7.167,True,0.07468037654065518,0.03306608075051877,0,7.180762877472347,7.174728497724918,14.0125092494211,14.0125092494211,7.3421009759800375,7.34090110426183,90.6295621584614,93.32025695221114,0,2
2023-06-06 00:19:00,2023-06-06 00:19:59,7.148,7.13,7.12,7.149,7.142776981203223,7.13675,7.12,7.149,True,0.07141749250203695,0.029084633590192345,0,7.177745687598633,7.172473581457902,10.99672762207333,10.99672762207333,7.3400576826867034,7.338802585811464,89.80901423862979,91.04421978786955,0,1
2023-06-06 00:20:00,2023-06-06 00:20:59,7.131,7.138,7.119,7.145,7.139763490601611,7.133249999999999,7.119,7.145,True,0.06817338589474858,0.02602108842475233,0,7.175109634528267,7.170429154541278,9.636150564545986,9.636150564545986,7.337999894799274,7.336804550131747,86.34398721666658,88.92752120458577,0,1
2023-06-06 00:21:00,2023-06-06 00:21:59,7.14,7.111,7.102,7.142,7.136506745300805,7.12375,7.102,7.142,True,0.06616100118798084,0.021246058514169396,0,7.172769394534773,7.16849929421041,5.898735688420622,5.898735688420622,7.335868055050027,7.33455773868765,65.95822048128564,80.70374064552719,0,1
2023-06-06 00:22:00,2023-06-06 00:22:59,7.109,7.096,7.081,7.111,7.130128372650402,7.0992500000000005,7.081,7.130128372650402,True,0.06357807253169644,0.016367060121872088,0,7.1706343443725915,7.166504777797529,1.9469508178488582,0.0,7.333513646542067,7.332184029844987,36.808309336129334,63.036839011360364,0,1
2023-06-06 00:23:00,2023-06-06 00:23:59,7.096,7.112,7.096,7.119,7.114689186325201,7.1057500000000005,7.096,7.119,True,0.06067963877943238,0.013738892549015995,0,7.16856956108506,7.16451763861279,1.2480627325961535,0.0,7.33124734160135,7.329993143975883,13.911889358746345,38.89280639205362,0,1
2023-06-06 00:24:00,2023-06-06 00:24:59,7.111,7.138,7.091,7.144,7.110219593162601,7.121,7.091,7.144,True,0.06013109315233006,0.013347238805062694,0,7.166543599848925,7.162654572677548,3.5955927803065393,3.5955927803065393,7.329155328252083,7.328082764433834,13.199132101394744,21.306443598756655,0,2
2023-06-06 00:25:00,2023-06-06 00:25:59,7.138,7.129,7.127,7.155,7.1156097965813006,7.13725,7.127,7.155,True,0.0578360150700208,0.01199735275972127,0,7.1645990862632365,7.161013465379115,3.890993827912979,3.890993827912979,7.327245822498331,7.3261018414046415,30.765933750344583,19.292318403495074,0,1
2023-06-06 00:26:00,2023-06-06 00:26:59,7.131,7.144,7.13,7.152,7.126429898290651,7.1392500000000005,7.13,7.152,True,0.05534772827930507,0.011714674097460628,0,7.1628062758211755,7.1595720895446435,5.841598261309905,5.841598261309905,7.325375217299343,7.3242898827837,46.226839606029934,30.06396848592294,0,2
2023-06-06 00:27:00,2023-06-06 00:27:59,7.145,7.166,7.145,7.183,7.132839949145326,7.15975,7.145,7.183,True,0.05418003340221183,0.012595543374488913,0,7.161189182682909,7.158438504868483,9.41030520459907,9.41030520459907,7.323727205186912,7.322714859074409,63.95268598718649,46.98181978118686,0,2
2023-06-06 00:28:00,2023-06-06 00:28:59,7.165,7.161,7.15,7.173,7.146294974572663,7.16225,7.15,7.173,True,0.05195288815919668,0.012317140056360143,0,7.159813843775696,7.157572176590899,10.81187732874217,10.81187732874217,7.322120466826843,7.321105755999042,75.41997200060096,61.866499197938985,0,2
2023-06-06 00:29:00,2023-06-06 00:29:59,7.16,7.153,7.145,7.161,7.154272487286331,7.15475,7.145,7.161,True,0.04938482471925406,0.011075907356206071,0,7.158693010183298,7.156870747112727,10.09201659804313,10.09201659804313,7.3204550890474716,7.3194330619095,84.52455131637566,74.63240310138757,0,1
2023-06-06 00:30:00,2023-06-06 00:30:59,7.153,7.122,7.121,7.175,7.1545112436431655,7.14275,7.121,7.175,True,0.04971448009645015,0.007672678830119359,0,7.157781878648013,7.156221623409585,4.407842933587169,4.407842933587169,7.318686879206203,7.317468553830798,75.07096990205163,78.33849773967593,0,1
2023-06-06 00:31:00,2023-06-06 00:31:59,7.121,7.146,7.113,7.149,7.148630621821583,7.13225,7.113,7.149,True,0.048734874375275114,0.00678335358332643,0,7.157001751028799,7.155546092923512,4.382897535917472,4.382897535917472,7.316831785880769,7.315762399066313,56.611936515022016,72.06915257781628,0,1
2023-06-06 00:32:00,2023-06-06 00:32:59,7.147,7.113,7.108,7.149,7.140440310910792,7.129250000000001,7.108,7.149,True,0.04818238334846977,0.003639626359887279,0,7.1562739219761555,7.154833823858672,-0.09813688301381518,-0.0,7.31496530044912,7.313744862757195,37.30483889792311,56.329248438332094,0,1
2023-06-06 00:33:00,2023-06-06 00:33:59,7.112,7.131,7.109,7.146,7.134845155455396,7.1245,7.109,7.146,True,0.04738364168072192,0.002670706792828558,0,7.155553872917414,7.154064927124201,-0.35039739405120685,-0.0,7.313070123330223,7.31192650591384,23.38190892048624,39.09956144447697,0,1
2023-06-06 00:34:00,2023-06-06 00:34:59,7.132,7.148,7.13,7.149,7.129672577727698,7.13975,7.13,7.149,True,0.04535623870352751,0.0030784376963457565,0,7.154809400020808,7.153361353694324,1.787454324942793,0.0,7.311345544988629,7.3102953964022594,29.135602118852233,29.940783312420375,0,2
2023-06-06 00:35:00,2023-06-06 00:35:59,7.149,7.117,7.114,7.149,7.1347112888638495,7.13225,7.114,7.149,True,0.04461650736756127,0.001061454393829926,0,7.154085376857566,7.1526625790475125,-1.074136980347582,-0.0,7.309563499764861,7.308372059124625,30.699008333980302,27.738839791106102,0,1
2023-06-06 00:36:00,2023-06-06 00:36:59,7.117,7.115,7.107,7.141,7.133480644431925,7.119999999999999,7.107,7.141,True,0.04385818541273545,-0.000445783993034036,0,7.15337397795254,7.151888328826112,-3.2331534620596543,-0.0,7.3076772957871015,7.306447959033832,26.179384812040396,28.67133175495749,0,1
2023-06-06 00:37:00,2023-06-06 00:37:59,7.114,7.124,7.111,7.125,7.126740322215962,7.1185,7.111,7.126740322215962,True,0.041725457883254366,-0.0008007712350334047,0,7.152631153389326,7.151049676738758,-3.0205241820922097,-0.0,7.305794934634991,7.304632556456381,9.850637338339716,22.243010161453316,0,1
2023-06-06 00:38:00,2023-06-06 00:38:59,7.125,7.12,7.113,7.145,7.122620161107982,7.12575,7.113,7.145,True,0.04103078232016471,-0.0012849758260020131,0,7.151840415064042,7.150215817364743,-3.572624953000606,-0.0,7.304003442748076,7.3027954165911435,6.441910939030127,14.157311029803259,0,1
2023-06-06 00:39:00,2023-06-06 00:39:59,7.121,7.108,7.104,7.125,7.124185080553991,7.1145,7.104,7.125,True,0.03960001215443865,-0.0023774570996058417,0,7.151028116214393,7.149314265525752,-6.002894845601475,-0.0,7.302117836352573,7.30085715373949,6.441910939030127,7.578153072133168,0,1
2023-06-06 00:40:00,2023-06-06 00:40:59,7.109,7.09,7.084,7.109,7.119342540276995,7.098000000000001,7.084,7.119342540276995,True,0.038557154143407345,-0.004221704698433763,0,7.150171190870073,7.148252396990246,-10.196152244050111,-0.0,7.300086813105284,7.298759072607754,6.441910939030127,6.441910939029971,-1,1
2023-06-06 00:41:00,2023-06-06 00:41:59,7.092,7.062,7.051,7.092,7.1086712701384975,7.074249999999999,7.051,7.1086712701384975,True,0.03873164313316392,-0.007148010992972077,0,7.14921179393016,7.146908645282257,-15.809803534198629,-15.809803534198629,7.297839680636574,7.296403260940015,-3.552713678800501e-15,4.294607292686595,0,1
2023-06-06 00:42:00,2023-06-06 00:42:59,7.062,7.073,7.047,7.075,7.091460635069248,7.06425,7.047,7.091460635069248,True,0.03796509719508082,-0.007956560241646794,0,7.148060219606209,7.1452835739013025,-16.661295753926808,-16.661295753926808,7.295515405207355,7.294180342920711,-3.552713678800501e-15,2.147303646343218,0,1
2023-06-06 00:43:00,2023-06-06 00:43:59,7.073,7.121,7.073,7.127,7.077855317534624,7.0985000000000005,7.073,7.127,True,0.039110447395432145,-0.004809479360129992,0,7.146671896753756,7.143683158704968,-8.777424912411547,-0.0,7.293555052916735,7.292457155428963,18.644605481189277,6.214868493729601,0,2
2023-06-06 00:44:00,2023-06-06 00:44:59,7.121,7.112,7.109,7.139,7.088177658767313,7.1202499999999995,7.109,7.139,True,0.038459701152901295,-0.003146979235063356,0,7.145177527729362,7.142262364176773,-4.984638562060404,-0.0,7.291830624529504,7.2906615618426045,47.96744036137418,22.204015280854332,0,2
2023-06-06 00:45:00,2023-06-06 00:45:59,7.112,7.101,7.089,7.14,7.1042138293836565,7.1105,7.089,7.14,True,0.03935543678483687,-0.002650953810011106,0,7.143719945953068,7.140925839056449,-4.2357270983785185,-0.0,7.290026339708315,7.288774382122778,72.87273855488353,46.494928132482165,0,1
2023-06-06 00:46:00,2023-06-06 00:46:59,7.101,7.085,7.075,7.105,7.107356914691828,7.0915,7.075,7.107356914691828,True,0.03868719130020568,-0.0032698895712191273,0,7.142322892504759,7.139534469611416,-6.107382367407169,-0.0,7.288050953243555,7.286746776330512,71.04696231134284,63.96238040920002,0,1
2023-06-06 00:47:00,2023-06-06 00:47:59,7.086,7.075,7.069,7.093,7.099428457345914,7.08075,7.069,7.099428457345914,True,0.037638106207333856,-0.004165125751618805,0,7.140928681058088,7.13803571068566,-8.71252671528719,-0.0,7.285988257191381,7.2846398432326955,54.26744349768327,66.0623814546364,0,1
2023-06-06 00:48:00,2023-06-06 00:48:59,7.075,7.052,7.041,7.077,7.090089228672957,7.061249999999999,7.041,7.090089228672957,True,0.0375210986210957,-0.006083432699834239,0,7.139482195871874,7.136328895609048,-13.079415276100036,-13.079415276100036,7.2837520556272874,7.282325018921923,35.324378602979856,53.5462614706685,0,1
2023-06-06 00:49:00,2023-06-06 00:49:59,7.052,7.032,7.005,7.052,7.075669614336478,7.03525,7.005,7.075669614336478,True,0.03819816300530313,-0.00836141173013782,0,7.137905545740462,7.134291599378171,-17.736488247102116,-17.736488247102116,7.2812793983573645,7.2798342227137445,18.505549365331255,36.03245715533131,0,-2
2023-06-06 00:50:00,2023-06-06 00:50:59,7.032,7.083,7.031,7.089,7.055459807168239,7.05875,7.031,7.089,True,0.03961257993349582,-0.005887430449328686,0,7.136098572559317,7.1321693260205645,-11.531370641966568,-11.531370641966568,7.279065175488137,7.277875673234005,18.724771478247607,24.18489981551942,0,2
2023-06-06 00:51:00,2023-06-06 00:51:59,7.084,7.08,7.051,7.085,7.057104903584119,7.075,7.051,7.085,True,0.03921168136681753,-0.0041454830812907035,0,7.134133949289941,7.130106202906973,-7.817744935219764,-0.0,7.277034676229548,7.275906761062522,33.49399905988891,23.574773301155773,0,2
2023-06-06 00:52:00,2023-06-06 00:52:59,7.08,7.088,7.074,7.09,7.06605245179206,7.082999999999999,7.074,7.09,True,0.03755370412633057,-0.002193974078963292,0,7.132120076098457,7.128158692922811,-4.1001522204997585,-0.0,7.275103982933732,7.274037042046975,58.02041774347697,36.746396093871006,0,2
2023-06-06 00:53:00,2023-06-06 00:53:59,7.089,7.083,7.078,7.105,7.0745262258960295,7.08875,7.078,7.105,True,0.03679986811730697,-0.0010824424093797101,0,7.130139384510634,7.126355019073031,-2.5557725057008014,-0.0,7.2732497144468296,7.272136175956955,72.54286628991282,54.685761031092746,0,2
2023-06-06 00:54:00,2023-06-06 00:54:59,7.084,7.1,7.08,7.103,7.081638112948015,7.091749999999999,7.08,7.103,True,0.035814163251785026,0.0009464513789445156,0,7.128247201791832,7.124697546734539,1.3843538742498254,0.0,7.271443747138901,7.27042337818624,80.58298261637987,70.3820888832564,0,2
2023-06-06 00:55:00,2023-06-06 00:55:59,7.099,7.072,7.067,7.106,7.086694056474007,7.086,7.067,7.106,True,0.036041723019514645,0.0003900951565979256,0,7.1264723742631855,7.123127100782041,-1.0983201301550878,-0.0,7.269598535724583,7.2684490162142374,81.99395525829743,78.37326805486322,0,1
2023-06-06 00:56:00,2023-06-06 00:56:59,7.073,7.084,7.057,7.084,7.086347028237004,7.0745,7.057,7.086347028237004,True,0.03539588566097783,0.0009294951738129699,0,7.124799737522613,7.12155704401476,-0.5594861339982273,-0.0,7.267657256762149,7.266613702620066,75.07539856719934,79.21744548062539,0,2
2023-06-06 00:57:00,2023-06-06 00:57:59,7.084,7.087,7.082,7.102,7.080423514118502,7.08875,7.082,7.102,True,0.03429617954233659,0.0015344567832234843,0,7.123178390768687,7.120095836069235,0.36088724594765864,0.0,7.265877085053073,7.264826501598971,74.63559525593354,77.23498302714329,0,2
2023-06-06 00:58:00,2023-06-06 00:58:59,7.087,7.102,7.087,7.108,7.084586757059251,7.096,7.087,7.108,True,0.03334645243216968,0.0029749963346207796,0,7.121637113418961,7.118780093717138,3.6754713027692674,0.0,7.264186765798813,7.263206337403956,82.03153726376125,77.24751036229789,0,2
2023-06-06 00:59:00,2023-06-06 00:59:59,7.103,7.116,7.099,7.116,7.090293378529625,7.108499999999999,7.099,7.116,True,0.03217884868701466,0.004817656753004714,0,7.12020860356805,7.117673668134837,7.996595968368702,7.996595968368702,7.262637643751064,7.261741597728294,94.99844056231514,83.88852436066982,0,2
2023-06-06 01:00:00,2023-06-06 01:00:59,7.117,7.102,7.099,7.123,7.099396689264813,7.110250000000001,7.099,7.123,True,0.03159464520937076,0.004909703367417782,0,7.118941135851443,7.116751637234639,7.307483364968803,7.307483364968803,7.261121348788366,7.260152129094182,100.00000000000001,92.34332594202532,0,2
2023-06-06 01:01:00,2023-06-06 01:01:59,7.102,7.074,7.073,7.104,7.104823344632407,7.08825,7.073,7.104823344632407,True,0.031552170551558546,0.002897776019975564,0,7.117846386543041,7.115830164280729,1.6588418234012252,0.0,7.2594012358650994,7.258299869103196,89.21754864305883,94.73866306845783,0,1
2023-06-06 01:02:00,2023-06-06 01:02:59,7.074,7.067,7.067,7.085,7.096536672316203,7.07325,7.067,7.096536672316203,True,0.030584158369304348,0.0010511654678646756,0,7.116838275411886,7.114812536934302,-3.14378569596127,-3.14378569596127,7.257548984761964,7.256396387818587,72.02835276337368,87.08196713547734,0,1
2023-06-06 01:03:00,2023-06-06 01:03:59,7.067,7.067,7.054,7.069,7.0848933361581015,7.06425,7.054,7.0848933361581015,True,0.029471004200068297,-0.00012736985866864184,0,7.115825406173094,7.113664438993054,-6.34553737553626,-6.34553737553626,7.255625611779259,7.254511846646262,41.32279485091407,67.52289875244871,0,1
2023-06-06 01:04:00,2023-06-06 01:04:59,7.068,7.064,7.052,7.086,7.0745716680790505,7.067499999999999,7.052,7.086,True,0.029794503900063468,-0.0010265666045218193,0,7.114744922583074,7.112443796264057,-9.043803691110561,-9.043803691110561,7.253753715144639,7.252616206381125,21.669135189887513,45.00676093472493,0,1
2023-06-06 01:05:00,2023-06-06 01:05:59,7.064,7.041,7.034,7.069,7.071035834039525,7.052,7.034,7.071035834039525,True,0.030166325050058944,-0.0030745428523096512,0,7.1135943594235655,7.1110680669370145,-14.335018632945165,-14.335018632945165,7.251746215491458,7.250510572486785,5.524997736239338,22.838975925680156,0,1
2023-06-06 01:06:00,2023-06-06 01:06:59,7.04,7.07,7.04,7.073,7.061517917019762,7.05575,7.04,7.073,True,0.030368730403626188,-0.0022025563133212904,0,7.1123312131802905,7.109605404794887,-10.162502588863141,-10.162502588863141,7.24979600439204,7.248714447387414,5.871442629266357,11.02185851846425,0,2
2023-06-06 01:07:00,2023-06-06 01:07:59,7.069,7.068,7.057,7.074,7.058633958509881,7.067,7.057,7.074,True,0.029413821089081423,-0.0016039931375090612,0,7.110968308987589,7.108161522217843,-7.780463436503588,-7.780463436503588,7.2479771386766965,7.246916293682067,14.702584643320634,8.699675002941957,0,2
2023-06-06 01:08:00,2023-06-06 01:08:59,7.068,7.054,7.05,7.104,7.06281697925494,7.069,7.05,7.104,True,0.031169976725575626,-0.0020293191796807684,0,7.109564915602716,7.106756053621386,-8.899955310337859,-8.899955310337859,7.246196271625187,7.244996728570802,27.973034396107636,16.182353889564723,0,1
2023-06-06 01:09:00,2023-06-06 01:09:59,7.055,7.072,7.052,7.072,7.0659084896274695,7.062749999999999,7.052,7.072,True,0.0303721212451774,-0.000899925785088504,0,7.108160484612052,7.105347589984579,-5.355026740393399,-5.355026740393399,7.2443709355891155,7.24327536808751,34.18254902390664,25.61938935444482,0,2
2023-06-06 01:10:00,2023-06-06 01:10:59,7.072,7.074,7.062,7.084,7.0643292448137345,7.073,7.062,7.084,True,0.029774112584807538,8.82602697356398e-05,0,7.106754037298315,7.104016757790354,-2.5523874529417228,-0.0,7.242665752150418,7.2415910360667395,39.99860660515953,34.05139667505779,0,2
2023-06-06 01:11:00,2023-06-06 01:11:59,7.075,7.046,7.045,7.089,7.068664622406867,7.063750000000001,7.045,7.089,True,0.030790247400178463,-0.0011165030359711198,0,7.105385397544334,7.10269271146392,-6.245652251907515,-6.245652251907515,7.240885495910115,7.239644856603388,37.87669881642265,37.35261814849613,0,1
2023-06-06 01:12:00,2023-06-06 01:12:59,7.045,7.062,7.041,7.062,7.066207311203434,7.0525,7.041,7.066207311203434,True,0.030090944014451424,-0.0006660181013965812,0,7.104039054504128,7.101305905100817,-4.94506471108172,-0.0,7.239011013363746,7.237877246089922,32.576141517055646,36.8171489795458,0,2
2023-06-06 01:13:00,2023-06-06 01:13:59,7.061,7.066,7.053,7.075,7.059353655601717,7.06375,7.053,7.075,True,0.029513019441990623,1.2639870814075416e-05,0,7.1026724798024725,7.099956389249931,-3.1963518408888376,-0.0,7.23726712268351,7.236167024735793,28.507075591294196,32.98663864159069,0,2
2023-06-06 01:14:00,2023-06-06 01:14:59,7.065,7.035,7.034,7.068,7.061551827800859,7.0504999999999995,7.034,7.068,True,0.029833518053276994,-0.001591672297714503,0,7.101314434526202,7.09855458250455,-7.390914682879433,-7.390914682879433,7.235408743353325,7.234165362798123,25.881993831626442,28.988403646658615,0,1
2023-06-06 01:15:00,2023-06-06 01:15:59,7.037,7.032,7.013,7.038,7.056025913900429,7.03,7.013,7.056025913900429,True,0.029488266763757234,-0.002677365558161955,0,7.099934508515376,7.096980572854211,-10.59561526686705,-10.59561526686705,7.233364875260257,7.23215376714839,21.998816189293706,25.462628537404637,0,1
2023-06-06 01:16:00,2023-06-06 01:16:59,7.032,7.027,7.017,7.034,7.043012956950214,7.0275,7.017,7.043012956950214,True,0.028596247709203108,-0.0035117820548209947,0,7.098457540684793,7.095264633367208,-13.466891203506641,-13.466891203506641,7.23131646854125,7.230112436131988,8.52346020438239,18.801423408434033,0,-2
2023-06-06 01:17:00,2023-06-06 01:17:59,7.029,7.03,7.027,7.046,7.035256478475107,7.033,7.027,7.046,True,0.027910801444260037,-0.0035919718834417982,0,7.096861087026,7.093486460540444,-14.322260377379202,-14.322260377379202,7.22934317034681,7.228121267613262,6.83790880961898,12.453395067764879,0,-2
2023-06-06 01:18:00,2023-06-06 01:18:59,7.03,7.028,7.022,7.041,7.034128239237553,7.03025,7.022,7.041,True,0.0272743156268129,-0.003517923421918173,0,7.095173773783222,7.091652623199713,-15.293503991148235,-15.293503991148235,7.227362143776195,7.2261300112191,11.535899850922007,8.965756288307645,0,-2
2023-06-06 01:19:00,2023-06-06 01:19:59,7.028,7.039,7.028,7.046,7.032189119618776,7.03525,7.028,7.046,True,0.02661186451061203,-0.0024503076891670313,0,7.093413198491468,7.0898218481873725,-11.694770745322195,-11.694770745322195,7.225450580156531,7.224268021057716,22.865415272344126,13.746407977628223,0,-1
2023-06-06 01:20:00,2023-06-06 01:20:59,7.04,7.012,7.009,7.041,7.033719559809388,7.0255,7.009,7.041,True,0.0269967313312826,-0.0033899678511992645,0,7.09161752333942,7.0879391498624775,-14.72823014189354,-14.72823014189354,7.223461022145023,7.222155901445201,19.171643309167766,17.85765281081115,0,-2
2023-06-06 01:21:00,2023-06-06 01:21:59,7.013,7.019,7.009,7.026,7.029609779904694,7.01675,7.009,7.029609779904694,True,0.026282679093333806,-0.0032482412900106845,0,7.089778336600949,7.085968454955828,-14.384572831481108,-14.384572831481108,7.221404196054028,7.220134449689527,14.473652267864738,18.836903616458727,0,-2
2023-06-06 01:22:00,2023-06-06 01:22:59,7.02,7.017,7.015,7.04,7.023179889952347,7.023,7.015,7.04,True,0.026191059158095702,-0.003025567948001677,0,7.087873395778389,7.0839848824309986,-14.557609825137227,-14.557609825137227,7.219430024949013,7.218113211384159,11.197978212443408,14.947757929825157,0,-2
2023-06-06 01:23:00,2023-06-06 01:23:59,7.018,7.011,7.007,7.03,7.0230899449761734,7.016500000000001,7.007,7.03,True,0.02596312636108891,-0.003029903624363412,0,7.085929139104694,7.081960183771272,-15.923016308191293,-15.923016308191293,7.217410820720664,7.2160523834101875,11.20569571616146,12.292442065489722,0,-2
2023-06-06 01:24:00,2023-06-06 01:24:59,7.011,7.018,7.01,7.023,7.0197949724880875,7.0155,7.01,7.023,True,0.025037188763868266,-0.0022844375644815035,0,7.083944661437983,7.079910136738854,-13.855363498344055,-13.855363498344055,7.215401757827921,7.214081712928494,13.995995728949802,12.133223219184742,0,-1
2023-06-06 01:25:00,2023-06-06 01:25:59,7.019,7.013,7.005,7.022,7.017647486244044,7.014749999999999,7.005,7.022,True,0.024463103852163413,-0.0019067990826069914,0,7.0819273990884195,7.077849052459548,-13.82423510411062,-13.82423510411062,7.213405222924161,7.212080899864529,8.021613810443261,11.074435085184694,0,-1
2023-06-06 01:26:00,2023-06-06 01:26:59,7.013,6.994,6.989,7.026,7.016198743122022,7.0055,6.989,7.026,True,0.025358596434151733,-0.002740814445728868,-1,7.079888225773985,7.075729954871145,-17.595546476161367,-17.595546476161367,7.211336514238348,7.209910940661897,4.8697594602826095,8.962456333225077,0,-2
2023-06-06 01:27:00,2023-06-06 01:27:59,6.994,6.968,6.966,6.995,7.010849371561011,6.9807500000000005,6.966,7.010849371561011,True,0.025618696688855174,-0.0047962807242570085,0,7.077809090322565,7.073409910938792,-22.928706123069507,-22.928706123069507,7.209042121061847,7.20750386662546,2.079459447494267,4.990277572739899,0,-2
2023-06-06 01:28:00,2023-06-06 01:28:59,6.969,6.967,6.958,6.975,6.995799685780506,6.96725,6.958,6.995799685780506,True,0.025003075496794053,-0.005827049793180834,0,7.075609500630678,7.07085495414856,-26.56866848581729,-26.56866848581729,7.2066362293099875,7.205110793325704,1.7171449447535753e-14,2.3164063025921506,0,-2
2023-06-06 01:29:00,2023-06-06 01:29:59,6.967,6.991,6.96,6.993,6.981524842890253,6.97775,6.96,6.993,True,0.025574284389880218,-0.00442524205526143,0,7.073232227389619,7.068204619700342,-20.385943722894652,-20.385943722894652,7.20435875439148,7.202980337670722,12.233921853884924,4.771127100459589,0,-1
2023-06-06 01:30:00,2023-06-06 01:30:59,6.992,6.954,6.954,6.996,6.979637421445126,6.974,6.954,6.996,True,0.02674754979060311,-0.0056892695095491115,0,7.070718423544981,7.0654716488761,-21.343656340606657,-21.343656340606657,7.202066627482112,7.200502921375491,22.71146737301677,11.648463075633757,0,-2
2023-06-06 01:31:00,2023-06-06 01:31:59,6.953,6.957,6.943,6.96,6.976818710722563,6.953250000000001,6.943,6.976818710722563,True,0.026051296234131487,-0.00586794302361179,0,7.068095036210541,7.0625500018712435,-21.14907540586058,-21.14907540586058,7.199590840143982,7.198080006734939,24.525716861496615,19.82370202946596,0,-2
2023-06-06 01:32:00,2023-06-06 01:32:59,6.956,6.956,6.946,6.968,6.965034355361282,6.9565,6.946,6.968,True,0.02576191793169354,-0.005601585313201228,0,7.065322519040892,7.0595221528442895,-21.150564264417646,-21.150564264417646,7.197172025814191,7.195671250449019,17.881747989947716,21.706310741486888,0,-2
2023-06-06 01:33:00,2023-06-06 01:33:59,6.956,6.948,6.943,6.96,6.960767177680641,6.9517500000000005,6.943,6.960767177680641,True,0.025136066650858314,-0.005530314764965474,0,7.062422335942591,7.05639887443134,-22.25199613182946,-22.25199613182946,7.194730015607084,7.193206859897288,11.559348035957436,17.988937629133776,0,-2
2023-06-06 01:34:00,2023-06-06 01:34:59,6.949,6.974,6.948,6.979,6.9562585888403206,6.9625,6.948,6.979,True,0.025554919032939844,-0.0032479162845376747,0,7.059410605186966,7.053295649235339,-15.327447236090485,-15.327447236090485,7.192419269183134,7.19102569711224,28.473236672173186,19.304777566025965,0,-1
2023-06-06 01:35:00,2023-06-06 01:35:59,6.974,6.987,6.973,6.997,6.9593792944201605,6.98275,6.973,6.997,True,0.025443853387729858,-0.0005245567931379536,0,7.056353127211152,7.050368440038245,-8.030250473017055,-0.0,7.190333007798227,7.188995590673312,56.21661702317051,32.0830672437669,0,-1
2023-06-06 01:36:00,2023-06-06 01:36:59,6.987,6.987,6.976,6.992,6.97106464721008,6.9855,6.976,6.992,True,0.02476929243146344,0.0014710520552002823,0,7.053360783624699,7.047618761167542,-3.1654526309680975,-0.0,7.18829486841715,7.186985684298453,85.39480479136228,56.69488616223518,0,-1
2023-06-06 01:37:00,2023-06-06 01:37:59,6.988,6.998,6.981,7.0,6.97828232360504,6.99175,6.981,7.0,True,0.024357200114930345,0.0036584330667442447,0,7.050489772396121,7.045070600539202,2.393147598810124,0.0,7.1863391980846405,7.185105229728319,100.00000000000001,80.53714060484413,0,-1
2023-06-06 01:38:00,2023-06-06 01:38:59,6.997,7.042,6.995,7.043,6.98501616180252,7.0192499999999995,6.995,7.043,True,0.026045971535292468,0.00812847589991202,0,7.047780186467662,7.042887258977341,11.38093142701593,11.38093142701593,7.184676618999221,7.183681297094206,100.00000000000001,95.13160159712062,0,2
2023-06-06 01:39:00,2023-06-06 01:39:59,7.042,7.041,7.022,7.042,7.00213308090126,7.03675,7.022,7.042,True,0.02561411642562869,0.010774648410714929,0,7.045333722722502,7.041126190687798,17.063166241502188,17.063166241502188,7.183204712342513,7.182261582695259,100.00000000000001,99.99999999999987,0,2
2023-06-06 01:40:00,2023-06-06 01:40:59,7.04,7.034,7.025,7.042,7.01944154045063,7.03525,7.025,7.042,True,0.024998822395226605,0.011693805345820582,0,7.04322995670515,7.039699372321329,18.511047595540845,18.511047595540845,7.18173252615005,7.18078634306645,99.44009735671632,99.81336578557197,0,2
2023-06-06 01:41:00,2023-06-06 01:41:59,7.034,7.042,7.032,7.05,7.027345770225315,7.0395,7.032,7.05,True,0.02449890650985326,0.012464605074334521,0,7.0414646645132395,7.0385746602810295,20.51848199715768,20.51848199715768,7.180317277133631,7.179405384428973,99.44009735671632,99.62673157114408,0,2
2023-06-06 01:42:00,2023-06-06 01:42:59,7.04,7.066,7.039,7.071,7.033422885112658,7.054,7.039,7.071,True,0.025034698902006602,0.014181672474002722,1,7.0400196623971345,7.037795000816842,24.254514233862253,24.254514233862253,7.1790603888039435,7.17827697264361,99.44009735671632,99.44009735671618,1,2
2023-06-06 01:43:00,2023-06-06 01:43:59,7.067,7.1,7.066,7.107,7.043711442556329,7.085,7.066,7.107,True,0.0261750775518633,0.017095998603158528,0,7.038907331606988,7.037505045932915,28.72119826014469,28.72119826014469,7.1781244645372375,7.177498097293923,100.0,99.62673157114408,0,2
2023-06-06 01:44:00,2023-06-06 01:44:59,7.1,7.113,7.091,7.114,7.064355721278165,7.104500000000001,7.091,7.114,True,0.025948286298158756,0.0191856300216577,0,7.038206188769951,7.037736419045343,32.23214681145838,32.23214681145838,7.177391882800548,7.176856325181546,100.0,99.81336578557197,0,2
2023-06-06 01:45:00,2023-06-06 01:45:59,7.114,7.088,7.081,7.116,7.084427860639083,7.09975,7.081,7.116,True,0.026594837276861648,0.01801121311452324,0,7.037971303907647,7.038344059838521,27.724962060795136,27.724962060795136,7.176619326752782,7.175972182642425,98.55322438060615,99.51774146020192,0,2
2023-06-06 01:46:00,2023-06-06 01:46:59,7.087,7.098,7.084,7.104,7.092088930319542,7.093249999999999,7.084,7.104,True,0.026123777471371564,0.017149811905153002,0,7.038157681873084,7.039199172848324,25.757824351589633,25.757824351589633,7.175789781212953,7.175196340029068,95.11976344364867,97.89099594141813,0,2
2023-06-06 01:47:00,2023-06-06 01:47:59,7.099,7.112,7.099,7.115,7.092669465159771,7.106250000000001,7.099,7.115,True,0.025472079080559335,0.016775746104219485,0,7.038678427360704,7.040332449315058,25.79141197295459,25.79141197295459,7.175097843091431,7.1745675207252955,93.08469910081931,95.58589564169124,0,2
2023-06-06 01:48:00,2023-06-06 01:48:59,7.112,7.086,7.084,7.112,7.099459732579886,7.0985,7.084,7.112,True,0.025652644860519415,0.013963306238244565,0,7.039505438337881,7.04162377710403,19.69623417748599,19.69623417748599,7.174335675498482,7.173686251862358,88.37432211357134,92.1929282193463,0,1
2023-06-06 01:49:00,2023-06-06 01:49:59,7.086,7.082,7.081,7.104,7.098979866289943,7.0882499999999995,7.081,7.104,True,0.025463170227625148,0.011186429899322253,0,7.040564607720955,7.042960354028082,14.813228595476687,14.813228595476687,7.173479101612926,7.172773950848802,80.79214230370712,87.41705450603246,0,1
2023-06-06 01:50:00,2023-06-06 01:50:59,7.083,7.067,7.055,7.086,7.093614933144972,7.072749999999999,7.055,7.093614933144972,True,0.025858658068509104,0.007784673276536914,0,7.041762480874518,7.044217039091595,8.597207339405784,8.597207339405784,7.172476821994887,7.1717214737259285,63.82354207945935,77.66333549891247,0,1
2023-06-06 01:51:00,2023-06-06 01:51:59,7.068,7.094,7.065,7.106,7.083182466572485,7.08325,7.065,7.106,True,0.02694018249218699,0.006998934680592709,0,7.042989759983056,7.045474243701862,9.091029565288643,9.091029565288643,7.171588992920311,7.170948125728655,45.805721452462315,63.47380194520946,0,1
2023-06-06 01:52:00,2023-06-06 01:52:59,7.093,7.092,7.081,7.093,7.083216233286242,7.0897499999999996,7.081,7.093,True,0.025944455171316484,0.005939811619892724,0,7.044232001842459,7.0467678285068445,8.970510494630751,8.970510494630751,7.170774674582796,7.170162572238818,32.24385209017667,47.291038540699304,0,1
2023-06-06 01:53:00,2023-06-06 01:53:59,7.092,7.083,7.072,7.092,7.086483116643121,7.08475,7.072,7.092,True,0.025519851230508133,0.004261791946141326,0,7.045499915174651,7.048046875010206,6.772899221479449,6.772899221479449,7.169918707671524,7.16929528296281,22.529987096911626,33.526520213183396,0,1
2023-06-06 01:54:00,2023-06-06 01:54:59,7.083,7.092,7.08,7.094,7.0856165583215605,7.087250000000001,7.08,7.094,True,0.024697004714043284,0.0034863040116776475,0,7.046773395092428,7.049322852445887,7.131365955509011,7.131365955509011,7.169096133465837,7.168526175669648,19.388583072065035,24.72080741971764,0,1
2023-06-06 01:55:00,2023-06-06 01:55:59,7.093,7.089,7.079,7.097,7.086433279160781,7.0895,7.079,7.097,True,0.024218647234468812,0.0025005992330405964,0,7.048048123769157,7.05060309641363,6.523224495733871,6.523224495733871,7.168304132137819,7.167734870439104,17.9611049923604,19.95989172044555,0,1
2023-06-06 01:56:00,2023-06-06 01:56:59,7.088,7.099,7.087,7.105,7.08796663958039,7.09475,7.087,7.105,True,0.023774458146292515,0.0023105849227911396,0,7.049325610091393,7.051913936200147,8.344426751369873,8.344426751369873,7.167572250226,7.167050941380008,23.781191780810257,20.376959948411763,0,1
2023-06-06 01:57:00,2023-06-06 01:57:59,7.099,7.113,7.097,7.116,7.091358319790196,7.10625,7.097,7.116,True,0.02343342542155728,0.0029140534437093746,0,7.05061977314577,7.053318772764831,12.101646964797546,12.101646964797546,7.16696207858196,7.166513121067769,34.61526056237714,25.45251911184913,0,2
2023-06-06 01:58:00,2023-06-06 01:58:59,7.113,7.139,7.109,7.154,7.0988041598950975,7.12875,7.109,7.154,True,0.024973895034303185,0.004821537904828553,0,7.0519692729553,7.054942348909138,17.73647275498999,17.73647275498999,7.1665818588945776,7.166239358669085,58.532031354165184,38.97616123245073,0,2
2023-06-06 01:59:00,2023-06-06 01:59:59,7.138,7.152,7.13,7.155,7.113777079947549,7.14375,7.13,7.155,True,0.024975759674710128,0.006587165960616408,0,7.053455810932219,7.056829916755793,22.58766276801036,22.58766276801036,7.16635467621901,7.166097673508198,81.42947412605749,58.19225534753313,0,2
2023-06-06 02:00:00,2023-06-06 02:00:59,7.153,7.136,7.125,7.16,7.128763539973774,7.1435,7.125,7.16,True,0.02569177684080227,0.006182480426189525,0,7.055142863844005,7.058910661137596,20.674044317642313,20.674044317642313,7.166127266505388,7.165798194169808,97.64225947128732,79.20125498383652,0,1
2023-06-06 02:01:00,2023-06-06 02:01:59,7.137,7.128,7.119,7.145,7.136131769986887,7.13225,7.119,7.145,True,0.02571379278074495,0.004931267855103366,0,7.057026762490801,7.061052031680816,17.14321728835573,17.14321728835573,7.165790179276478,7.165422092735282,87.47134831358657,88.84769397031032,0,1
2023-06-06 02:02:00,2023-06-06 02:02:59,7.129,7.128,7.115,7.139,7.134190884993444,7.12775,7.115,7.139,True,0.025591379010691744,0.0037294469106817774,0,7.059039397085809,7.063195566762489,14.789332602164677,14.789332602164677,7.165411670029946,7.165049733603587,70.6217444157429,85.24511740020546,0,1
2023-06-06 02:03:00,2023-06-06 02:03:59,7.129,7.146,7.124,7.146,7.1309704424967215,7.1362499999999995,7.124,7.146,True,0.025334851938499492,0.0038417152939666174,0,7.061117481924149,7.065384418109724,16.505815702773987,16.505815702773987,7.165121504159001,7.164860184015492,58.38464947498549,72.15924740143818,0,2
2023-06-06 02:04:00,2023-06-06 02:04:59,7.146,7.12,7.116,7.146,7.133610221248361,7.132,7.116,7.146,True,0.025668076800035262,0.001775126988169902,0,7.063250950016936,7.067564769903791,10.66257365260656,10.66257365260656,7.1647919369534385,7.164413814025288,50.81472492295012,59.9403729378927,0,1
2023-06-06 02:05:00,2023-06-06 02:05:59,7.121,7.087,7.087,7.122,7.13280511062418,7.10425,7.087,7.13280511062418,True,0.026334642742889897,-0.0020902714359207278,0,7.065407859960364,7.069533075896694,1.650260049858133,0.0,7.164189529620568,7.163643527318569,34.33099548746046,47.84345662846522,0,1
2023-06-06 02:06:00,2023-06-06 02:06:59,7.087,7.108,7.082,7.112,7.11852755531209,7.097250000000001,7.082,7.11852755531209,True,0.026596453975540637,-0.00323883733551536,0,7.067470467928529,7.071272904622518,-0.08516614518384102,-0.0,7.163523464649219,7.163089860380076,13.50428022657326,32.883333545661145,0,1
2023-06-06 02:07:00,2023-06-06 02:07:59,7.108,7.114,7.103,7.13,7.107888777656045,7.11375,7.103,7.13,True,0.02662527869157346,-0.003602603105680769,0,7.069371686275524,7.072934122061048,-0.1334838403880667,-0.0,7.1630282062945,7.162601404057886,7.666128512481869,18.50046807550506,0,1
2023-06-06 02:08:00,2023-06-06 02:08:59,7.115,7.107,7.098,7.117,7.1108193888280224,7.10925,7.098,7.117,True,0.026080615927889652,-0.004328185997415749,0,7.071152904168287,7.074491175776385,-1.4926863584782666,-0.0,7.162493099764207,7.162048156256315,12.83448255294178,11.334963763998834,0,1
2023-06-06 02:09:00,2023-06-06 02:09:59,7.107,7.12,7.106,7.123,7.110034694414011,7.114,7.106,7.123,True,0.025432000504468987,-0.003876622545675404,0,7.072822039972336,7.075988127667009,0.33503432688269896,0.0,7.162010581358593,7.161629766641824,20.21831644481768,13.572975836746975,0,1
2023-06-06 02:10:00,2023-06-06 02:10:59,7.12,7.115,7.103,7.12,7.112017347207006,7.1145000000000005,7.103,7.12,True,0.024829714754149797,-0.003912228759830293,0,7.074405083819673,7.077430920818173,0.37888941095955886,0.0,7.161537839255522,7.1611657888642934,20.17756763517522,17.743455544311427,0,1
2023-06-06 02:11:00,2023-06-06 02:11:59,7.115,7.12,7.113,7.126,7.113258673603504,7.1185,7.113,7.126,True,0.023984735128853376,-0.003569104832018128,0,7.0759180023189225,7.0788486195713665,1.6073853853081062,0.0,7.161109602049,7.1607561790248475,24.640240101964434,21.678708060652312,0,1
2023-06-06 02:12:00,2023-06-06 02:12:59,7.12,7.128,7.116,7.136,7.115879336801752,7.125,7.116,7.136,True,0.02370011119107817,-0.0027849844421068103,0,7.0773833109451445,7.08028143131996,4.300376654766595,0.0,7.160750302526124,7.160430246895247,30.1009460367615,24.972917924633588,0,2
2023-06-06 02:13:00,2023-06-06 02:13:59,7.128,7.135,7.123,7.135,7.120439668400876,7.13025,7.123,7.135,True,0.022864388963143984,-0.0018149762600147418,0,7.0788323711325525,7.081752331606966,7.625929453507688,0.0,7.160446816928849,7.160177209612708,37.93501742807427,30.892067855599937,0,2
2023-06-06 02:14:00,2023-06-06 02:14:59,7.135,7.131,7.128,7.139,7.125344834200439,7.133249999999999,7.128,7.139,True,0.02201693260863371,-0.0015196598053401345,0,7.080292351369759,7.0832637105183,8.29111598454071,0.0,7.16017620183503,7.159886889119049,50.9987801867667,39.67824788386736,0,1
2023-06-06 02:15:00,2023-06-06 02:15:59,7.13,7.121,7.117,7.13,7.129297417100219,7.1245,7.117,7.13,True,0.02144429456515989,-0.0020827588065940976,0,7.0817780309440295,7.08473655456329,5.187058911452894,0.0,7.159821214752094,7.159499954898958,51.6711293477726,46.86830898753772,0,1
2023-06-06 02:16:00,2023-06-06 02:16:59,7.12,7.139,7.112,7.143,7.12689870855011,7.128500000000001,7.112,7.143,True,0.022126844953362732,-0.0012521672596136207,0,7.08325729275366,7.0861963988144,7.850268046367752,0.0,7.159509560873964,7.159295975248223,52.69968887229323,51.78986613561071,0,2
2023-06-06 02:17:00,2023-06-06 02:17:59,7.139,7.139,7.136,7.147,7.127699354275055,7.14025,7.136,7.147,True,0.02133207031383683,-0.000790045334153687,0,7.084726845784031,7.087716609648023,9.625740802977653,0.0,7.159317923452333,7.159094025245753,58.29356938960505,54.22146253655682,0,2
2023-06-06 02:18:00,2023-06-06 02:18:59,7.139,7.146,7.133,7.147,7.133974677137528,7.141249999999999,7.133,7.147,True,0.020808351005705644,-0.00010560876010365372,0,7.086221727716028,7.089280778317047,12.46426200901,12.46426200901,7.159138143119474,7.158963736437337,78.11001373525951,63.03442399905246,0,2
2023-06-06 02:19:00,2023-06-06 02:19:59,7.145,7.142,7.14,7.145,7.137612338568763,7.143,7.14,7.145,True,0.019750611648155256,-6.228205737490722e-05,0,7.087751253016538,7.090880830299574,12.434430346570373,0.0,7.1589775645809715,7.1587949430399505,94.95533644992003,77.1196398582614,0,1
2023-06-06 02:20:00,2023-06-06 02:20:59,7.143,7.14,7.14,7.16,7.140306169284381,7.14575,7.14,7.16,True,0.019768425101858483,-0.0002981532506640683,0,7.089316041658057,7.092517023333506,11.409849097549575,0.0,7.158845947022952,7.158607928681344,99.99999999999999,91.0217833950597,0,1
2023-06-06 02:21:00,2023-06-06 02:21:59,7.14,7.143,7.13,7.144,7.14302808464219,7.1392500000000005,7.13,7.144,True,0.019356394737440035,-0.0003606003717198554,0,7.090916532495782,7.094125847534604,11.810776851381675,0.0,7.15865096247546,7.158452625908396,86.59577888285992,93.85037177759318,0,1
2023-06-06 02:22:00,2023-06-06 02:22:59,7.144,7.157,7.144,7.161,7.141139042321095,7.1515,7.144,7.161,True,0.019259509399051446,0.00044675467670259733,0,7.092521190015193,7.095786133843636,15.93450522503504,15.93450522503504,7.158579808619983,7.158438171919258,86.59577888285992,91.06385258857314,0,2
2023-06-06 02:23:00,2023-06-06 02:23:59,7.157,7.19,7.145,7.192,7.146319521160548,7.171,7.145,7.192,True,0.021240973013404957,0.0030823426077453767,0,7.094153661929416,7.097609336039985,22.70049906278014,22.70049906278014,7.158703392613814,7.1587522199598626,86.59577888285992,86.59577888285979,0,2
2023-06-06 02:24:00,2023-06-06 02:24:59,7.19,7.17,7.165,7.203,7.158659760580274,7.1819999999999995,7.165,7.203,True,0.022438046369590337,0.003142288433981528,0,7.095881498984701,7.099623765652273,19.926622050616984,19.926622050616984,7.158935199652483,7.158864138169217,100.0,91.06385258857314,0,2
2023-06-06 02:25:00,2023-06-06 02:25:59,7.17,7.184,7.16,7.187,7.1703298802901365,7.17525,7.16,7.187,True,0.022763900200333895,0.0038606096526119828,0,7.097752632318488,7.1017286166461515,20.161386055003177,20.161386055003177,7.1590975359743485,7.159114246247135,91.15920155268259,92.58499347851404,0,2
2023-06-06 02:26:00,2023-06-06 02:26:59,7.184,7.192,7.171,7.197,7.172789940145068,7.186,7.171,7.197,True,0.022995050186024317,0.004554607952423288,0,7.099740624482321,7.103963971945647,21.369546935691773,21.369546935691773,7.159365222183559,7.159441467677512,87.85324640994378,93.00414932087533,0,2
2023-06-06 02:27:00,2023-06-06 02:27:59,7.192,7.189,7.176,7.2,7.179394970072535,7.18925,7.176,7.2,True,0.023066832315594008,0.0044399998243975294,0,7.101852298213984,7.106309035744422,21.040852946462678,21.040852946462678,7.159662583156857,7.15973558242699,86.13618675852553,88.38287824038383,0,2
2023-06-06 02:28:00,2023-06-06 02:28:59,7.189,7.198,7.189,7.207,7.184322485036267,7.19575,7.189,7.207,True,0.022704915721622993,0.004623356722123932,0,7.104080666979203,7.1087689810971835,22.227216300454614,22.227216300454614,7.160021661931416,7.160116322900353,94.97698520584292,89.65547279143728,0,2
2023-06-06 02:29:00,2023-06-06 02:29:59,7.197,7.206,7.194,7.217,7.190036242518134,7.2035,7.194,7.217,True,0.022725993170078472,0.004915005013790757,0,7.106424824038194,7.111355668905981,24.134366117112947,24.134366117112947,7.160454282210705,7.160572876901345,98.28294034858173,93.13203743764994,0,2
2023-06-06 02:30:00,2023-06-06 02:30:59,7.206,7.182,7.178,7.206,7.196768121259067,7.1930000000000005,7.178,7.206,True,0.02310270794364433,0.003061262381319839,0,7.108890246472088,7.113952353346142,17.042955215279875,17.042955215279875,7.160778120198659,7.1607860821063065,84.8402100332438,92.70004519588936,0,1
2023-06-06 02:31:00,2023-06-06 02:31:59,7.181,7.168,7.164,7.181,7.1948840606295335,7.1735,7.164,7.1948840606295335,True,0.02273822880481264,0.0005844044085270908,0,7.111421299909115,7.116405301450172,9.075470755893903,0.0,7.1609047060673285,7.160857862383856,51.50687669991047,78.2100090272452,0,1
2023-06-06 02:32:00,2023-06-06 02:32:59,7.168,7.182,7.167,7.19,7.184192030314767,7.176750000000001,7.167,7.19,True,0.022756926747326066,-0.0002650649682237327,0,7.113913300679644,7.11875055354957,7.189863781349686,0.0,7.161062370683574,7.161068231912375,20.251100442007488,52.1993957250538,0,1
2023-06-06 02:33:00,2023-06-06 02:33:59,7.183,7.186,7.179,7.198,7.180471015157384,7.1865000000000006,7.179,7.198,True,0.022488574836802784,-0.0007095198847923319,0,7.116331927114607,7.121061820272427,6.838944508390114,0.0,7.161315481423041,7.161316309206779,10.152778746423786,27.303585296113795,0,1
2023-06-06 02:34:00,2023-06-06 02:34:59,7.186,7.184,7.177,7.19,7.183485507578692,7.1842500000000005,7.177,7.19,True,0.02181081949131693,-0.0012824356073641331,0,7.118696873693517,7.123315034928861,5.971940505786449,0.0,7.161543685587986,7.161542017572881,15.923155413209031,15.442344867213315,0,1
2023-06-06 02:35:00,2023-06-06 02:35:59,7.185,7.199,7.185,7.202,7.183867753789347,7.19275,7.185,7.202,True,0.021538618099079993,-0.0007448743686296264,0,7.1210059543111885,7.125565404375839,8.954384343895669,0.0,7.161854196179151,7.161914733815936,24.841572339803278,16.972502166478577,0,2
2023-06-06 02:36:00,2023-06-06 02:36:59,7.199,7.186,7.182,7.199,7.1883088768946735,7.1915,7.182,7.199,True,0.02121443109200281,-0.0014322750613541442,0,7.123285679343514,7.127789517512476,6.715768564026689,0.0,7.162149179301746,7.162154388205828,26.369947919390828,22.37822522413426,0,1
2023-06-06 02:37:00,2023-06-06 02:37:59,7.185,7.173,7.165,7.185,7.1899044384473365,7.177,7.165,7.1899044384473365,True,0.021199114585431174,-0.00287844984509366,0,7.125537598427996,7.129878213669709,1.916870213203019,0.0,7.162296948661928,7.162262304741093,20.599571252605585,23.937030503933112,0,1
2023-06-06 02:38:00,2023-06-06 02:38:59,7.174,7.169,7.167,7.183,7.183452219223668,7.1732499999999995,7.167,7.183452219223668,True,0.020827749257900378,-0.004128422642946189,0,7.127707906048852,7.131820235421838,-2.206626389218485,-0.0,7.162405934247381,7.162329346484962,9.603597250580991,18.857705474192347,0,1
2023-06-06 02:39:00,2023-06-06 02:39:59,7.17,7.168,7.166,7.174,7.1783511096118335,7.1695,7.166,7.1783511096118335,True,0.01991148145376464,-0.004982969055500129,0,7.1297640707353445,7.133607726060842,-5.209732435830226,-5.209732435830226,7.162476521966313,7.162385770898047,-2.2500519965736505e-14,10.067722834395399,0,1
2023-06-06 02:40:00,2023-06-06 02:40:59,7.169,7.164,7.156,7.169,7.173925554805917,7.164499999999999,7.156,7.173925554805917,True,0.019417804207067155,-0.005741071641149825,0,7.131685898398093,7.135226983863689,-8.30670170450039,-8.30670170450039,7.162496656076101,7.162401832879161,-2.2500519965736505e-14,3.201199083526862,0,-2
2023-06-06 02:41:00,2023-06-06 02:41:59,7.164,7.174,7.16,7.178,7.169212777402958,7.1690000000000005,7.16,7.178,True,0.019316532477990915,-0.005433409903206451,0,7.133456441130891,7.136733555726557,-6.015404890966721,-6.015404890966721,7.162561365965891,7.16251723752713,2.761601486481951,0.9205338288271819,0,-2
2023-06-06 02:42:00,2023-06-06 02:42:59,7.174,7.186,7.173,7.193,7.169106388701479,7.1815,7.173,7.193,True,0.01936535158670582,-0.0043044985583207546,0,7.135094998428723,7.13822683576455,-0.6157923624338935,-0.0,7.162749810085633,7.162750896855218,12.47791527843678,5.07983892163945,0,-1
2023-06-06 02:43:00,2023-06-06 02:43:59,7.185,7.168,7.166,7.187,7.1753031943507395,7.1765,7.166,7.187,True,0.019482112187655394,-0.004745425122131441,0,7.136660917096637,7.139665100248909,-2.814383176426837,-0.0,7.162886627895726,7.162803126737256,21.0278294837036,12.089115416207322,0,-2
2023-06-06 02:44:00,2023-06-06 02:44:59,7.169,7.161,7.16,7.176,7.17590159717537,7.166499999999999,7.16,7.176,True,0.019233389888537154,-0.005419469900173678,0,7.138163008672772,7.140981571942433,-5.975262261545367,-5.975262261545367,7.162922581847012,7.162785185177681,18.28215824871007,17.26263433695003,0,-2
2023-06-06 02:45:00,2023-06-06 02:45:59,7.161,7.172,7.158,7.174,7.171200798587685,7.16625,7.158,7.174,True,0.019002433467927356,-0.004970835676647276,0,7.139572290307602,7.14219140765351,-4.280606895829294,-4.280606895829294,7.162955690485351,7.162876874877405,8.56584445675524,15.95861072972285,0,-2
2023-06-06 02:46:00,2023-06-06 02:46:59,7.173,7.169,7.164,7.175,7.168725399293843,7.17025,7.164,7.175,True,0.018430831077361123,-0.004768382221854609,0,7.1408818489805554,7.143336431599942,-4.076237514241463,-4.076237514241463,7.1630282706795265,7.1629378014955405,4.620767578968771,10.48959009481124,0,-2
2023-06-06 02:47:00,2023-06-06 02:47:59,7.17,7.171,7.166,7.173,7.169487699646922,7.17,7.166,7.173,True,0.017614343143263874,-0.004383539660455774,0,7.142109140290248,7.144420857440444,-3.165952329464588,-3.165952329464588,7.163097641120526,7.163018022376182,8.894915054808287,7.360509030177313,0,-2
2023-06-06 02:48:00,2023-06-06 02:48:59,7.171,7.157,7.156,7.171,7.169743849823461,7.163749999999999,7.156,7.171,True,0.017427604347316494,-0.00498804166160632,0,7.143264998865346,7.145407252004816,-6.882378250587898,-6.882378250587898,7.163104132253655,7.162958141556518,8.894915054808287,7.470199229528329,0,-2
2023-06-06 02:49:00,2023-06-06 02:49:59,7.156,7.164,7.156,7.167,7.16674692491173,7.16075,7.156,7.167,True,0.01696848975107961,-0.004756900560840679,0,7.144336125435081,7.146289114949974,-6.403900206325666,-6.403900206325666,7.163080708052126,7.162968508307199,4.290077727327936,7.359969278981384,0,-2
2023-06-06 02:50:00,2023-06-06 02:50:59,7.164,7.166,7.158,7.166,7.163748462455866,7.1635,7.158,7.166,True,0.016327883340288212,-0.004330959152077544,0,7.145312620192528,7.147101496823092,-5.2505915898572155,-5.2505915898572155,7.163084880111309,7.162998672403645,5.278621585104643,6.154538122413503,0,-2
2023-06-06 02:51:00,2023-06-06 02:51:59,7.166,7.135,7.132,7.174,7.163624231227933,7.15175,7.132,7.174,True,0.018161605958839106,-0.006053983470044469,0,7.146207058507811,7.14777298446026,-11.640730931416797,-11.640730931416797,7.162972095234579,7.162720078648385,5.278621585104643,4.949106965845622,-1,-2
2023-06-06 02:52:00,2023-06-06 02:52:59,7.134,7.133,7.124,7.135,7.1576871156139665,7.131499999999999,7.124,7.1576871156139665,True,0.017650062676064893,-0.007090564156290109,0,7.146990021484036,7.148190001420155,-16.191821663239658,-16.191821663239658,7.162658940058115,7.162424356472779,5.278621585104643,5.278621585104525,0,-2
2023-06-06 02:53:00,2023-06-06 02:53:59,7.132,7.124,7.12,7.136,7.144593557806983,7.128,7.12,7.144593557806983,True,0.017532201056345974,-0.008105221232430668,0,7.147590011452096,7.148379796924291,-20.507449373952507,-20.507449373952507,7.16231407498291,7.162042024567577,-2.4276876805136755e-14,3.5190810567363022,0,-2
2023-06-06 02:54:00,2023-06-06 02:54:59,7.123,7.124,7.115,7.128,7.136296778903492,7.1225000000000005,7.115,7.136296778903492,True,0.01720847240946411,-0.00842977212011714,0,7.147984904188195,7.148351661330297,-23.38453451442774,-23.38453451442774,7.161917915032832,7.161663496959939,-2.4276876805136755e-14,1.7595405283680796,0,-2
2023-06-06 02:55:00,2023-06-06 02:55:59,7.125,7.121,7.115,7.125,7.129398389451746,7.1215,7.115,7.129398389451746,True,0.016693581523073802,-0.008485527951216508,0,7.148168282759246,7.148145279026756,-25.78591219548903,-25.78591219548903,7.161515746724048,7.1612588850498895,-2.4276876805136755e-14,-1.4279935258956457e-13,0,-2
2023-06-06 02:56:00,2023-06-06 02:56:59,7.121,7.117,7.115,7.121,7.1254491947258725,7.118500000000001,7.115,7.1254491947258725,True,0.01592975427142569,-0.008419713732168894,0,7.148156780893002,7.147779394646941,-28.034382193099404,-28.034382193099404,7.161087729343709,7.16081849813397,-2.4276876805136755e-14,-1.4279935258956457e-13,0,-2
2023-06-06 02:57:00,2023-06-06 02:57:59,7.116,7.116,7.109,7.12,7.121974597362937,7.1152500000000005,7.109,7.121974597362937,True,0.015577628966323863,-0.008058794921177195,0,7.147968087769971,7.147268145060452,-29.703090055766086,-29.703090055766086,7.160631632534319,7.160372542928657,-2.4276876805136755e-14,-1.4279935258956457e-13,0,-2
2023-06-06 02:58:00,2023-06-06 02:58:59,7.117,7.114,7.112,7.118,7.118612298681469,7.11525,7.112,7.118612298681469,True,0.01489351261158646,-0.007578700688096671,-1,7.147618116415212,7.146645956140314,-31.185178412221468,-31.185178412221468,7.160180074001639,7.1599111245910585,-2.4276876805136755e-14,-1.4279935258956457e-13,0,-2
2023-06-06 02:59:00,2023-06-06 02:59:59,7.115,7.117,7.112,7.118,7.116931149340735,7.115500000000001,7.112,7.118,True,0.014258261710758871,-0.006687880615953767,0,7.147132036277763,7.145942408046138,-29.21970922980958,-29.21970922980958,7.159735496150876,7.159484148226968,0.3475347173794053,0.11584490579300039,0,-1
2023-06-06 03:00:00,2023-06-06 03:00:59,7.117,7.104,7.086,7.118,7.116215574670368,7.106250000000001,7.086,7.118,True,0.015525528731418953,-0.006657733587239489,0,7.1465372221619505,7.145116167553152,-30.82377829309207,-30.82377829309207,7.159203302159326,7.158932067150083,0.3475347173794053,0.23168981158614357,0,-2
2023-06-06 03:01:00,2023-06-06 03:01:59,7.104,7.094,7.086,7.111,7.111232787335185,7.09875,7.086,7.111232787335185,True,0.016202276679174704,-0.006968807513462813,0,7.145826694857551,7.144147541384209,-33.203558067778346,-33.203558067778346,7.158601776764706,7.158285976929684,0.3475347173794053,0.3475347173792868,0,-2
2023-06-06 03:02:00,2023-06-06 03:02:59,7.094,7.09,7.087,7.114,7.104991393667593,7.09625,7.087,7.114,True,0.016973542630662235,-0.007063718431802328,0,7.14498711812088,7.1430563071182025,-35.214109254580926,-35.214109254580926,7.157981361075505,7.157606514472672,-2.4276876805136755e-14,0.23168981158614363,0,-2
2023-06-06 03:03:00,2023-06-06 03:03:59,7.09,7.077,7.065,7.09,7.100620696833797,7.0805,7.065,7.100620696833797,True,0.017546861014186323,-0.007620222297393843,0,7.1440217126195416,7.141767967913109,-37.60177158941356,-37.60177158941356,7.157210402258833,7.156804459602297,-2.4276876805136755e-14,0.11584490579300044,0,-2
2023-06-06 03:04:00,2023-06-06 03:04:59,7.076,7.093,7.068,7.093,7.090560348416899,7.0825000000000005,7.068,7.093,True,0.01807922808460161,-0.006449161638104651,0,7.142894840266326,7.140347008107294,-29.918280970555845,-29.918280970555845,7.156467015171681,7.156169589357498,2.807164720401253,0.9357215734669496,0,-1
2023-06-06 03:05:00,2023-06-06 03:05:59,7.093,7.116,7.087,7.116,7.08653017420845,7.103,7.087,7.116,True,0.018859283221415776,-0.0037232266190436666,0,7.14162092418681,7.138972036266302,-17.438530712174682,-17.438530712174682,7.15593500507047,7.155769891950956,36.14049805373458,12.98255425804515,0,-1
2023-06-06 03:06:00,2023-06-06 03:06:59,7.116,7.14,7.116,7.141,7.094765087104225,7.1282499999999995,7.116,7.141,True,0.01929790584845753,-3.9756481509729824e-05,0,7.1402964802265565,7.13781594669498,-4.873645769140786,-0.0,7.1556595323832015,7.155612977603186,69.47383138706792,36.14049805373446,0,-1
2023-06-06 03:07:00,2023-06-06 03:07:59,7.14,7.173,7.137,7.173,7.111507543552112,7.155749999999999,7.137,7.173,True,0.020490912573567742,0.004714616896212082,1,7.139056213460768,7.137028795923082,6.784238731493076,6.784238731493076,7.155660432558493,7.155785982801164,99.99999999999996,68.5381098136007,0,-1
2023-06-06 03:08:00,2023-06-06 03:08:59,7.172,7.162,7.15,7.193,7.133628771776056,7.16925,7.15,7.193,True,0.022098704532598566,0.0069230601487588524,0,7.138042504691925,7.1366301383107436,11.434777358993507,11.434777358993507,7.155795652135025,7.155847813818068,99.99999999999996,89.82461046235584,0,-1
2023-06-06 03:09:00,2023-06-06 03:09:59,7.161,7.177,7.148,7.186,7.151439385888028,7.167999999999999,7.148,7.186,True,0.023234511351698687,0.009157881231243774,0,7.137336321501334,7.136531502980887,16.101559581555392,16.101559581555392,7.155917088432189,7.156058283332316,99.55766980931374,99.85255660310445,1,2
2023-06-06 03:10:00,2023-06-06 03:10:59,7.175,7.184,7.174,7.185,7.159719692944014,7.1795,7.174,7.185,True,0.022360617683720156,0.010745894411125206,0,7.13693391224111,7.1367486562770655,19.888331271254444,19.888331271254444,7.156151744268685,7.156336310363835,99.55766980931374,99.70511320620903,0,2
2023-06-06 03:11:00,2023-06-06 03:11:59,7.184,7.181,7.177,7.185,7.169609846472007,7.18175,7.177,7.185,True,0.021334859277740145,0.011141169327678955,0,7.136841284259088,7.137228379669582,21.36182968008997,21.36182968008997,7.156406453280937,7.15658172021096,99.55766980931374,99.55766980931362,0,2
2023-06-06 03:12:00,2023-06-06 03:12:59,7.181,7.173,7.169,7.183,7.175679923236004,7.1765,7.169,7.183,True,0.02081094075790158,0.010386508600460071,0,7.1370348319643355,7.1378755143496635,19.489626113568193,19.489626113568193,7.156606389069186,7.1567450861790105,98.04446685064978,99.05326882309231,0,2
2023-06-06 03:13:00,2023-06-06 03:13:59,7.175,7.173,7.162,7.176,7.176089961618002,7.1715,7.162,7.176089961618002,True,0.020324444989480054,0.009453875867467407,0,7.137455173157,7.138615707764344,18.24149040255368,18.24149040255368,7.156754584202826,7.156906826615041,94.25206987956166,97.28473551317495,0,2
2023-06-06 03:14:00,2023-06-06 03:14:59,7.173,7.16,7.158,7.173,7.173794980809001,7.166,7.158,7.173794980809001,True,0.019944127490231455,0.007541188620195019,0,7.138035440460672,7.139386352612167,12.754778515458838,12.754778515458838,7.156846578389863,7.156937604459667,88.47654308573424,93.59102660531512,0,1
2023-06-06 03:15:00,2023-06-06 03:15:59,7.16,7.148,7.139,7.162,7.169897490404501,7.1522499999999996,7.139,7.169897490404501,True,0.020162404098072042,0.0051370011656176676,0,7.138710896536419,7.1400813450216045,5.809574924452569,5.809574924452569,7.1568008412914565,7.156848673072009,80.1562207246947,87.62827789666345,0,1
2023-06-06 03:16:00,2023-06-06 03:16:59,7.148,7.126,7.124,7.15,7.16107374520225,7.1370000000000005,7.124,7.16107374520225,True,0.02057937523392409,0.0018288856649038955,0,7.139396120779011,7.140607376129401,-2.946558697860155,-0.0,7.156603817995024,7.156541721101143,69.4862101367758,79.37299131573484,0,1
2023-06-06 03:17:00,2023-06-06 03:17:59,7.126,7.148,7.123,7.148,7.149036872601125,7.13625,7.123,7.149036872601125,True,0.020895134145786615,0.0010990375671867314,0,7.140001748454206,7.140991627885766,-2.6392109797446466,-0.0,7.156401292442835,7.1564567288513805,59.99221961132756,69.87821682426593,0,1
2023-06-06 03:18:00,2023-06-06 03:18:59,7.147,7.146,7.139,7.15,7.142643436300563,7.1455,7.139,7.15,True,0.020188338849659006,0.0004213783293984968,0,7.140496688169986,7.141325084223037,-2.8780807836977473,-0.0,7.156292821871265,7.156352681798133,51.130108043793065,60.20284593063206,0,1
2023-06-06 03:19:00,2023-06-06 03:19:59,7.147,7.139,7.139,7.148,7.144071718150282,7.14325,7.139,7.148,True,0.01938917178896904,-0.0005356588035054215,0,7.140910886196511,7.141600823711742,-4.660280416255397,-0.0,7.156163042549163,7.156180018297654,37.141063080130756,49.42113024508371,0,-2
2023-06-06 03:20:00,2023-06-06 03:20:59,7.138,7.138,7.124,7.139,7.1436608590751405,7.1347499999999995,7.124,7.1436608590751405,True,0.019075659518328434,-0.0012180501674423179,0,7.141255854954125,7.141770911414089,-6.093212061231291,-0.0,7.155949977449171,7.1559991225932,19.077247066073088,35.782806063332224,0,-2
2023-06-06 03:21:00,2023-06-06 03:21:59,7.138,7.139,7.135,7.146,7.13920542953757,7.1395,7.135,7.146,True,0.018498826695590696,-0.001553105144134966,0,7.1415133831841064,7.141889241790969,-6.642473140892228,-0.0,7.1557862960815175,7.15582997709476,8.393589983677318,21.53730004329364,0,-2
2023-06-06 03:22:00,2023-06-06 03:22:59,7.139,7.159,7.134,7.161,7.139352714768785,7.148250000000001,7.134,7.161,True,0.01910605336019131,-0.00034316040433520715,0,7.1417013124875375,7.142026045694613,-0.6287161581917857,-0.0,7.1557113080608055,7.15586151961123,13.163279041048513,13.54470536359956,0,-1
2023-06-06 03:23:00,2023-06-06 03:23:59,7.159,7.157,7.153,7.164,7.143801357384393,7.158249999999999,7.153,7.164,True,0.01852704954874908,0.00030333873185804314,0,7.141863679091075,7.142245065950177,2.5975078437370414,0.0,7.155736568677116,7.155872847774303,29.159342166278112,16.905403730334566,0,2
2023-06-06 03:24:00,2023-06-06 03:24:59,7.156,7.163,7.151,7.164,7.151025678692196,7.1585,7.151,7.164,True,0.018132260295266996,0.001104602726818435,0,7.142054372520626,7.142529028271794,6.400644102456539,6.400644102456539,7.155764065506199,7.155943764711872,41.799020949807556,28.040547385711317,0,2
2023-06-06 03:25:00,2023-06-06 03:25:59,7.162,7.17,7.162,7.173,7.154762839346098,7.16675,7.162,7.173,True,0.017622813131319363,0.0020367198180771483,0,7.1422917003962105,7.142918775428802,10.67466312881691,10.67466312881691,7.155873378287232,7.156083627749565,56.57145179282916,42.509938302971534,0,2
2023-06-06 03:26:00,2023-06-06 03:26:59,7.17,7.158,7.156,7.172,7.160756419673049,7.164,7.156,7.172,True,0.017506897907653696,0.0017054048869799398,0,7.142605237912506,7.143370265726146,8.225136557097954,8.225136557097954,7.155954240194822,7.156102696130167,65.79950439644468,54.72332571302706,0,1
2023-06-06 03:27:00,2023-06-06 03:27:59,7.159,7.162,7.158,7.171,7.1623782098365245,7.1625,7.158,7.171,True,0.01718497662853557,0.0016664763638258293,0,7.142987751819326,7.143856977533309,7.901008630028166,7.901008630028166,7.156019372133182,7.156161375770663,77.08446783484783,66.48514134137382,0,2
2023-06-06 03:28:00,2023-06-06 03:28:59,7.162,7.18,7.154,7.182,7.162439104918262,7.169499999999999,7.154,7.182,True,0.017957478297925916,0.002775611637518648,0,7.143422364676317,7.144416107566507,12.136116033501601,12.136116033501601,7.156153507733847,7.156398576011751,85.99380045712435,76.29259089613889,0,2
2023-06-06 03:29:00,2023-06-06 03:29:59,7.179,7.154,7.154,7.183,7.1659695524591305,7.1675,7.154,7.183,True,0.01874622984807406,0.0015555329224551063,0,7.143919236121412,7.145014694624779,6.692293526596842,6.692293526596842,7.156266408154406,7.156374709583773,91.14154584212201,84.73993804469801,0,1
2023-06-06 03:30:00,2023-06-06 03:30:59,7.153,7.16,7.149,7.161,7.166734776229566,7.155749999999999,7.149,7.166734776229566,True,0.01826435628749731,0.0010760711742398418,0,7.144466965373095,7.145559622036867,4.6645615886197405,4.6645615886197405,7.156261269764809,7.156410782125228,77.995873835807,85.04374004501773,0,1
2023-06-06 03:31:00,2023-06-06 03:31:59,7.161,7.186,7.161,7.188,7.161242388114783,7.1739999999999995,7.161,7.188,True,0.018959759409818897,0.0024666395415740335,0,7.14501329370498,7.146183778458823,8.5074998950085,8.5074998950085,7.156437774543269,7.156705202203584,77.32329809175606,82.15357258989496,0,2
2023-06-06 03:32:00,2023-06-06 03:32:59,7.186,7.192,7.184,7.197,7.167621194057391,7.18975,7.184,7.197,True,0.018534062309117545,0.003628350204604329,0,7.145598536081901,7.146974091810184,11.974981075858729,11.974981075858729,7.156769239473187,7.157056394221459,80.28477031124662,78.53464741293651,0,2
2023-06-06 03:33:00,2023-06-06 03:33:59,7.192,7.207,7.188,7.207,7.178685597028696,7.1985,7.188,7.207,True,0.018567343572752016,0.005201157938096251,0,7.146286313946042,7.147949833595833,16.299638502806047,16.299638502806047,7.157184470921215,7.157553345522738,99.32742425594903,85.64516421965051,0,2
2023-06-06 03:34:00,2023-06-06 03:34:59,7.207,7.197,7.191,7.214,7.188592798514348,7.202249999999999,7.191,7.214,True,0.018883961888984058,0.005246359254108301,0,7.147118073770938,7.149090598853517,15.82267263195979,15.82267263195979,7.15763288414588,7.157945849547387,99.99999999999996,93.20406485573181,0,2
2023-06-06 03:35:00,2023-06-06 03:35:59,7.198,7.197,7.191,7.2,7.195421399257174,7.1964999999999995,7.191,7.2,True,0.018177964611199506,0.004979035612133824,0,7.148104336312227,7.150314010273522,15.504695384728947,15.504695384728947,7.158019621617065,7.158334448059353,93.03956743291013,97.45566389628631,0,2
2023-06-06 03:36:00,2023-06-06 03:36:59,7.197,7.184,7.18,7.198,7.1959606996285865,7.18975,7.18,7.198,True,0.018165252853256732,0.0036220996945350095,0,7.149209173292874,7.151547783516555,10.943620200758822,10.943620200758822,7.158335346775104,7.1585898266856285,78.26303699884325,90.43420147725105,0,1
2023-06-06 03:37:00,2023-06-06 03:37:59,7.183,7.171,7.168,7.184,7.192855349814293,7.1765,7.168,7.192855349814293,True,0.018010591935166964,0.001615706106556064,0,7.150378478404714,7.152690340608297,4.5443198688556805,4.5443198688556805,7.158516089593262,7.158713310997214,49.7999167057423,73.70084037916517,0,1
2023-06-06 03:38:00,2023-06-06 03:38:59,7.171,7.163,7.16,7.171,7.184677674907146,7.16625,7.16,7.184677674907146,True,0.017509835368369333,-0.00038027951392611767,0,7.151534409506505,7.153682917525409,-1.4689873484944798,-0.0,7.158593043925667,7.158755964619132,23.427015939498798,50.49665654802806,0,1
2023-06-06 03:39:00,2023-06-06 03:39:59,7.163,7.142,7.138,7.164,7.175463837453573,7.15175,7.138,7.175463837453573,True,0.018116275699200077,-0.00317072809080555,0,7.152608663515957,7.154451118442824,-8.926400516718914,-0.0,7.158524953936357,7.158589238603022,4.870213040232348,26.032381895157755,0,1
2023-06-06 03:40:00,2023-06-06 03:40:59,7.141,7.153,7.134,7.155,7.163606918726787,7.1457500000000005,7.134,7.163606918726787,True,0.018322256006400067,-0.004150073429772945,0,7.1535298909793905,7.1549962295016964,-10.176267746686065,-10.176267746686065,7.158397839966842,7.158533624288564,-2.960594732333751e-14,9.432409659910313,0,-2
2023-06-06 03:41:00,2023-06-06 03:41:59,7.153,7.154,7.151,7.159,7.154678459363394,7.154249999999999,7.151,7.159,True,0.01758495200594292,-0.004593453132063564,0,7.1542630602405435,7.155420279343918,-10.670487484040862,-10.670487484040862,7.15835656792737,7.158488513599126,5.031559075929713,3.3005907053872847,0,-2
2023-06-06 03:42:00,2023-06-06 03:42:59,7.153,7.143,7.141,7.153,7.154464229681697,7.147499999999999,7.141,7.154464229681697,True,0.01725745543408985,-0.005485765426894549,0,7.154841669792231,7.155699795227631,-13.254608330124043,-13.254608330124043,7.158248542375854,7.158334399035951,6.919219293015945,3.9835927896484837,-1,-2
2023-06-06 03:43:00,2023-06-06 03:43:59,7.142,7.139,7.136,7.143,7.150982114840848,7.140000000000001,7.136,7.150982114840848,True,0.01652478004594055,-0.006139307032926709,0,7.155270732509931,7.155812142757156,-15.729717166303061,-15.729717166303061,7.158066964839776,7.158142016955991,6.919219293015945,6.289999220653809,0,-2
2023-06-06 03:44:00,2023-06-06 03:44:59,7.14,7.141,7.138,7.146,7.145491057420424,7.141249999999999,7.138,7.146,True,0.015915867185516224,-0.0061876814651423105,0,7.155541437633543,7.155800682971605,-16.410923513732484,-16.410923513732484,7.157899631856296,7.157971449623096,2.6759362783538947,5.5047916214618695,0,-2
2023-06-06 03:45:00,2023-06-06 03:45:59,7.141,7.126,7.114,7.144,7.143370528710212,7.13125,7.114,7.144,True,0.016921876672265083,-0.006998236829304403,-1,7.1556710603025735,7.155623216807875,-19.766877440076698,-19.766877440076698,7.157634461390064,7.157653325746249,0.7882760612676627,3.461143877545775,0,-2
2023-06-06 03:46:00,2023-06-06 03:46:59,7.125,7.144,7.123,7.145,7.137310264355106,7.13425,7.123,7.145,True,0.017284599767103247,-0.005990890380743569,0,7.155647138555224,7.155336853452157,-14.864825296458577,-14.864825296458577,7.1574017801822025,7.157517471758725,2.636235516381,2.03348261866746,0,-1
2023-06-06 03:47:00,2023-06-06 03:47:59,7.144,7.167,7.144,7.169,7.135780132177553,7.156,7.144,7.169,True,0.017835699783738692,-0.0035008043715567946,0,7.155491996003691,7.155115947458876,-6.083148873609872,-0.0,7.157387832120688,7.157611825273563,15.195637452102359,6.206716343250282,0,-1
2023-06-06 03:48:00,2023-06-06 03:48:59,7.167,7.174,7.159,7.175,7.145890066088777,7.16875,7.159,7.175,True,0.0177045783706145,-0.0012553088846111718,0,7.155303971731283,7.155035570716592,1.0407657703677629,0.0,7.157500888517497,7.157774891688752,36.29575794556944,18.04254363801754,0,-1
2023-06-06 03:49:00,2023-06-06 03:49:59,7.176,7.189,7.175,7.189,7.157320033044389,7.18225,7.175,7.189,True,0.01751139420128487,0.0012818540899840252,0,7.155169771223937,7.1551590094686075,8.135376306564062,8.135376306564062,7.157747148333243,7.158085589283889,65.58339588528088,39.02493042765084,1,-1
2023-06-06 03:50:00,2023-06-06 03:50:59,7.189,7.185,7.182,7.192,7.169785016522194,7.186999999999999,7.182,7.192,True,0.01697486604405022,0.002588725618405512,0,7.155164390346272,7.1554746567229826,11.396615202229832,11.396615202229832,7.158038221484156,7.158353394365641,85.56905122162516,62.48273501749177,0,2
2023-06-06 03:51:00,2023-06-06 03:51:59,7.185,7.189,7.182,7.197,7.178392508261097,7.188249999999999,7.182,7.197,True,0.016833804183760896,0.003585845138116554,0,7.155319523534627,7.155948041736475,14.299187744988345,14.299187744988345,7.158338836195756,7.158658335715237,97.80226406149141,82.9849037227991,0,2
2023-06-06 03:52:00,2023-06-06 03:52:59,7.189,7.192,7.184,7.195,7.183321254130548,7.19,7.184,7.195,True,0.01641710388492084,0.004263506000881637,0,7.155633782635551,7.156554373733469,16.80986398358121,16.80986398358121,7.158653872651519,7.158990093568817,99.99999999999996,94.45710509437212,0,2
2023-06-06 03:53:00,2023-06-06 03:53:59,7.193,7.189,7.185,7.197,7.186660627065274,7.191,7.185,7.197,True,0.016101596464569386,0.004285812075275149,0,7.15609407818451,7.157268076806687,16.931540621782048,16.931540621782048,7.158975724664937,7.159288699602958,99.99999999999996,99.26742135383039,0,2
2023-06-06 03:54:00,2023-06-06 03:54:59,7.189,7.174,7.173,7.191,7.1888303135326375,7.18175,7.173,7.191,True,0.016237196717100128,0.003053555332825854,0,7.156681077495598,7.157997952284184,10.742424178119748,10.742424178119748,7.1592023343697635,7.159435080701436,92.82474086535127,97.608246955117,0,1
2023-06-06 03:55:00,2023-06-06 03:55:59,7.173,7.172,7.16,7.175,7.185290156766319,7.17,7.16,7.185290156766319,True,0.016148825523021524,0.0019519543121968939,0,7.157339514889891,7.158654935191618,5.9250159058366805,0.0,7.159309773828771,7.159560104774059,77.6509174574423,90.15855277426444,0,1
2023-06-06 03:56:00,2023-06-06 03:56:59,7.171,7.178,7.171,7.187,7.17764507838316,7.17675,7.171,7.187,True,0.016138195128519987,0.0015296704174385962,0,7.157997225040755,7.159296333842983,5.107662326071029,0.0,7.159483308417539,7.159743586318595,66.45522814427935,78.97696215569091,0,1
2023-06-06 03:57:00,2023-06-06 03:57:59,7.178,7.194,7.176,7.194,7.17719753919158,7.1855,7.176,7.194,True,0.016271181190768546,0.0022487623896729992,1,7.158646779441869,7.159981096528411,9.21069871871795,9.21069871871795,7.159742180970599,7.160084446156221,67.22841501152885,70.44485353775009,0,2
2023-06-06 03:58:00,2023-06-06 03:58:59,7.193,7.194,7.186,7.199,7.18134876959579,7.193,7.186,7.199,True,0.01603752539142793,0.002572688732034597,0,7.15931393798514,7.1607467597985615,11.946056313815895,11.946056313815895,7.160073104543031,7.160421914353671,79.79314258202788,71.15892857927862,0,2
2023-06-06 03:59:00,2023-06-06 03:59:59,7.195,7.193,7.184,7.196,7.187174384797895,7.192,7.184,7.196,True,0.01574913072061162,0.0025538130293738144,0,7.160030348891851,7.161564002340251,13.179417937549871,13.179417937549871,7.160390785094841,7.160746074409854,87.35417729582986,78.1252449631288,0,2
2023-06-06 04:00:00,2023-06-06 04:00:59,7.193,7.212,7.191,7.22,7.189587192398948,7.204,7.191,7.22,True,0.01669562138342507,0.003681411871962196,0,7.160797175616051,7.162498579213792,18.290599856861306,18.290599856861306,7.160824707631211,7.161256063719208,93.75624956322902,86.96785648036219,0,2
2023-06-06 04:01:00,2023-06-06 04:01:59,7.212,7.23,7.206,7.237,7.196793596199473,7.2212499999999995,7.206,7.237,True,0.0177173627131804,0.005425032820469203,0,7.1616478774149215,7.163637475385491,23.8369791424023,23.8369791424023,7.161425954321448,7.161940082985684,96.36534540063896,92.49192408656587,0,2
2023-06-06 04:02:00,2023-06-06 04:02:59,7.232,7.222,7.216,7.244,7.209021798099736,7.2285,7.216,7.244,True,0.018451836805096055,0.00569693155679506,0,7.162642676400206,7.164979162248728,23.64507942235774,23.64507942235774,7.1620933577610355,7.162537694100254,99.99999999999994,96.70719832128924,0,2
2023-06-06 04:03:00,2023-06-06 04:03:59,7.223,7.245,7.219,7.264,7.218760899049869,7.23775,7.219,7.264,True,0.02034813417616062,0.00712152230482869,0,7.163810919324467,7.16653476708789,26.383279918209908,26.383279918209908,7.162846160171373,7.163358214556968,99.99999999999994,98.78844846687956,0,2
2023-06-06 04:04:00,2023-06-06 04:04:59,7.243,7.225,7.22,7.246,7.2282554495249345,7.233499999999999,7.22,7.246,True,0.02075183887786348,0.006267204103899566,0,7.165172843206178,7.16821895843064,21.35310207882027,21.35310207882027,7.16354918345325,7.1639715656559035,95.9354654416161,98.64515514720527,0,1
2023-06-06 04:05:00,2023-06-06 04:05:59,7.223,7.224,7.207,7.228,7.2308777247624665,7.2204999999999995,7.207,7.2308777247624665,True,0.020769564672301795,0.005270483621554144,0,7.166695900818409,7.16990363766323,17.696232731394275,17.696232731394275,7.1641158582447595,7.164568863510073,80.41115607410805,92.1155405052413,0,1
2023-06-06 04:06:00,2023-06-06 04:06:59,7.225,7.211,7.203,7.225,7.225688862381233,7.215999999999999,7.203,7.225688862381233,True,0.020857452909994478,0.0033949844064774387,0,7.16829976924082,7.171546267538198,11.472400605530751,11.472400605530751,7.164632118361727,7.165030864868182,61.23745366096086,79.1946917255616,0,1
2023-06-06 04:07:00,2023-06-06 04:07:59,7.212,7.224,7.209,7.232,7.220844431190616,7.21925,7.209,7.232,True,0.021010491987852053,0.002812848237680833,0,7.169923018389508,7.1731668199266325,10.45221897296149,10.45221897296149,7.165175579870565,7.165617622431683,47.8378842005828,63.16216464521717,0,1
2023-06-06 04:08:00,2023-06-06 04:08:59,7.225,7.219,7.215,7.229,7.220047215595308,7.2219999999999995,7.215,7.229,True,0.02050974256014835,0.0018541694774251646,0,7.17154491915807,7.174777739766401,8.246873436311638,0.0,7.1657409969862815,7.166148790367687,47.369391719363456,52.148243193635636,0,1
2023-06-06 04:09:00,2023-06-06 04:09:59,7.22,7.209,7.207,7.222,7.214499999999999,7.2145,7.207,7.222,True,0.020116189520137794,0.0003492027664943227,0,7.173161329462235,7.176318565233618,3.936758824715106,0.0,7.1662261611953735,7.166575170563033,40.45987928976624,45.2223850699041,0,1
2023-06-06 04:10:00,2023-06-06 04:10:59,7.21,7.214,7.21,7.225,7.214499999999999,7.21475,7.21,7.225,True,0.019822175982985097,-0.0004133845920825177,0,7.174739947347926,7.177795348472929,2.64401131109544,0.0,7.166708985462086,7.167047059413152,26.151538791781466,37.99360326697032,0,1
2023-06-06 04:11:00,2023-06-06 04:11:59,7.214,7.218,7.211,7.224,7.214625,7.21675,7.211,7.224,True,0.019334877698486155,-0.0007296588723156687,0,7.176267647910428,7.179225300639228,3.0615245729873806,0.0,7.167206906004751,7.167554053846852,10.98575109338921,25.865723058312238,0,1
2023-06-06 04:12:00,2023-06-06 04:12:59,7.218,7.202,7.199,7.218,7.2156875,7.20925,7.199,7.218,True,0.01931095786288001,-0.00211341530666765,0,7.177746474274827,7.180557113403849,-1.5014341859924443,-0.0,7.167625245248486,7.16789679957972,3.735632602800276,13.624307495990246,0,1
2023-06-06 04:13:00,2023-06-06 04:13:59,7.202,7.194,7.194,7.203,7.212468749999999,7.19825,7.194,7.212468749999999,True,0.01857446087267432,-0.0035731818892307983,0,7.179151793839338,7.181727050977341,-6.37006812897117,-6.37006812897117,7.167929969176361,7.1681565329172345,2.174743786213623,5.632042494134299,0,1
2023-06-06 04:14:00,2023-06-06 04:14:59,7.195,7.197,7.194,7.2,7.205359375,7.1964999999999995,7.194,7.205359375,True,0.01767628509605474,-0.0042564313383768905,0,7.18043942240834,7.18274950919745,-8.317022958199338,-8.317022958199338,7.168214248090029,7.1684435325897,-5.83237162269749e-14,1.9701254630045426,0,-2
2023-06-06 04:15:00,2023-06-06 04:15:59,7.198,7.199,7.197,7.214,7.2009296874999995,7.202,7.197,7.214,True,0.017627979017765142,-0.00446858433687294,0,7.181594465802895,7.1836865765837965,-8.681223119249886,-8.681223119249886,7.168550424725949,7.168747577041544,4.012620333020506,2.062454706411286,0,-2
2023-06-06 04:16:00,2023-06-06 04:16:59,7.199,7.182,7.18,7.199,7.201464843749999,7.1899999999999995,7.18,7.201464843749999,True,0.017725980516496213,-0.005662195316997052,0,7.182640521193346,7.184467653125817,-13.182481124161193,-13.182481124161193,7.1687638533356415,7.168879441946603,4.012620333020506,2.6750802220135803,0,-2
2023-06-06 04:17:00,2023-06-06 04:17:59,7.182,7.183,7.169,7.183,7.195732421874999,7.17925,7.169,7.195732421874999,True,0.017459839051032214,-0.006193228115005469,0,7.183554087159582,7.185046801531107,-15.660363370231742,-15.660363370231742,7.168868193103446,7.1690199450118115,4.012620333020506,4.012620333020435,0,-2
2023-06-06 04:18:00,2023-06-06 04:18:59,7.183,7.19,7.178,7.192,7.1874912109375,7.1857500000000005,7.178,7.192,True,0.017212707690244217,-0.00585050158211102,0,7.184300444345345,7.1855075938328286,-13.678355515941796,-13.678355515941796,7.169036171281521,7.169228701777863,5.5583331644456635,4.527857943495487,0,-2
2023-06-06 04:19:00,2023-06-06 04:19:59,7.189,7.192,7.186,7.199,7.18662060546875,7.1915,7.186,7.199,True,0.01691179999808391,-0.005291555919478285,0,7.184904019089087,7.185911493131558,-11.35640736201956,-11.35640736201956,7.169259691965286,7.169455281859675,15.917314123825557,8.496089207097171,-1,-2
2023-06-06 04:20:00,2023-06-06 04:20:59,7.192,7.203,7.191,7.212,7.189060302734375,7.1995,7.191,7.212,True,0.01720381428393505,-0.003992131357949899,0,7.1854077561103225,7.186322717497922,-5.098927892295016,-5.098927892295016,7.169560590552696,7.169789060149629,32.40279917011913,17.959482152796713,1,-1
2023-06-06 04:21:00,2023-06-06 04:21:59,7.203,7.214,7.196,7.215,7.194280151367187,7.207,7.196,7.215,True,0.017332113263653984,-0.0022657882660065166,0,7.185865236804123,7.18678834548106,2.339595438938389,0.0,7.169933121989983,7.170228969998886,48.588481828682895,32.30286504087579,0,-1
2023-06-06 04:22:00,2023-06-06 04:22:59,7.214,7.215,7.21,7.219,7.2006400756835935,7.2145,7.21,7.219,True,0.016736962316250152,-0.0010229535964610985,0,7.186326791142592,7.187345069087125,7.566255627396011,0.0,7.1703765735124705,7.1706744528844695,69.56008183496931,50.18378761125704,0,-1
2023-06-06 04:23:00,2023-06-06 04:23:59,7.215,7.207,7.207,7.222,7.207570037841797,7.212750000000001,7.207,7.222,True,0.016612893579375183,-0.0007639953923606968,0,7.186835930114858,7.187957686340702,6.734515449054975,0.0,7.170798199646675,7.171035901114474,82.5920573372228,66.91354033362494,0,-1
2023-06-06 04:24:00,2023-06-06 04:24:59,7.207,7.214,7.203,7.219,7.210160018920899,7.21075,7.203,7.219,True,0.01656911546656267,-0.0001229513687292915,0,7.18739680822778,7.188596383723256,8.674860347452451,8.674860347452451,7.171195729998449,7.171463404585972,88.22399435028437,80.12537784082542,0,-1
2023-06-06 04:25:00,2023-06-06 04:25:59,7.214,7.208,7.2,7.214,7.21045500946045,7.209,7.2,7.214,True,0.016385607218951066,-0.00015488656917347216,0,7.187996595975519,7.189239225170425,6.918201716903354,0.0,7.171571891889012,7.171826952799047,83.96328158315923,84.9264444235554,0,-2
2023-06-06 04:26:00,2023-06-06 04:26:59,7.208,7.218,7.204,7.221,7.209727504730225,7.21275,7.204,7.221,True,0.016429492417597443,0.0004769061191115141,0,7.188617910572972,7.189906647680835,9.262577614552853,9.262577614552853,7.171981624308026,7.172286386104529,85.18945555026288,85.7922438279021,0,-1
2023-06-06 04:27:00,2023-06-06 04:27:59,7.217,7.212,7.206,7.219,7.211238752365112,7.2135,7.206,7.219,True,0.01618452867348333,0.0004115315239526258,0,7.189262279126904,7.190593989604599,7.83832905903666,7.83832905903666,7.172394742474116,7.1726815464417975,89.30530276876732,86.15267996739641,0,-1
2023-06-06 04:28:00,2023-06-06 04:28:59,7.212,7.204,7.201,7.214,7.212369376182556,7.207750000000001,7.201,7.214,True,0.01595706233966315,-0.00023946262124847472,0,7.1899281343657515,7.191252847211099,3.5317867677366266,0.0,7.1727465360813385,7.172993172845362,86.16365940656374,86.88613924186457,0,-2
2023-06-06 04:29:00,2023-06-06 04:29:59,7.204,7.203,7.203,7.206,7.210059688091278,7.204,7.203,7.210059688091278,True,0.015031557886830074,-0.0007594584647399559,0,7.190590490788425,7.191859029462453,0.260424003774439,0.0,7.173057515821823,7.173291748239936,74.67075090599664,83.3799043604425,0,-2
2023-06-06 04:30:00,2023-06-06 04:30:59,7.204,7.209,7.196,7.214,7.207029844045639,7.20575,7.196,7.214,True,0.01524358946634226,-0.0006901732116798755,0,7.191224760125439,7.192431587842421,1.1080937401940147,0.0,7.1733828141718545,7.173647054227598,64.58095387515687,75.138454729239,0,-1
2023-06-06 04:31:00,2023-06-06 04:31:59,7.211,7.204,7.203,7.211,7.20638992202282,7.20725,7.203,7.211,True,0.014726190218746384,-0.0009961693578238217,0,7.19182817398393,7.1929840371477995,-0.7732384641035068,-0.0,7.173719801095518,7.173949073588518,61.25128258028483,66.83432912047937,0,-2
2023-06-06 04:32:00,2023-06-06 04:32:59,7.205,7.211,7.202,7.219,7.20681996101141,7.209250000000001,7.202,7.219,True,0.014888605203121668,-0.0007065742724714974,0,7.192406105565865,7.19353058617452,1.4138419735765027,0.0,7.1740733354129755,7.1743177395229605,63.12129144043388,62.98450929862511,0,-1
2023-06-06 04:33:00,2023-06-06 04:33:59,7.212,7.215,7.204,7.215,7.208034980505706,7.2115,7.204,7.215,True,0.014610847688612986,-0.00024947414695976507,0,7.192968345870192,7.1940841773555935,4.565135827553618,0.0,7.174445740035732,7.174722538134672,64.33090710782629,62.901160376181586,0,-1
2023-06-06 04:34:00,2023-06-06 04:34:59,7.215,7.228,7.213,7.228,7.209767490252853,7.221,7.213,7.228,True,0.014638644282283465,0.0009129504138146822,0,7.1935262616128925,7.194704694753004,10.702293424919631,10.702293424919631,7.174908966503038,7.175252662133332,77.06568689969409,68.17262848265135,0,2
2023-06-06 04:35:00,2023-06-06 04:35:59,7.227,7.224,7.219,7.233,7.215383745126426,7.225750000000001,7.219,7.233,True,0.014593026833548886,0.0013119935060664188,0,7.194115478182948,7.195406236273415,12.299449495019651,12.299449495019651,7.175414847433356,7.175737710271308,89.27828535779474,76.89162645510497,0,2
2023-06-06 04:36:00,2023-06-06 04:36:59,7.224,7.215,7.214,7.225,7.2205668725632135,7.2195,7.214,7.225,True,0.014336382059723912,0.0008545717165562711,0,7.194760857228182,7.196123873688124,8.630689210097316,0.0,7.175853505667851,7.176128379820847,86.35499178630448,84.2329880145977,0,1
2023-06-06 04:37:00,2023-06-06 04:37:59,7.215,7.227,7.209,7.227,7.220033436281607,7.2195,7.209,7.227,True,0.014598069055457966,0.0013025612483815842,0,7.195442365458153,7.196849259757761,10.366560572882058,10.366560572882058,7.176287799143792,7.176634565096261,72.70998357260905,82.78108690556935,0,2
2023-06-06 04:38:00,2023-06-06 04:38:59,7.227,7.229,7.224,7.229,7.219766718140804,7.22725,7.224,7.229,True,0.01391249269435382,0.0016279721840843121,0,7.196145812607957,7.19762894271991,12.114319719714132,12.114319719714132,7.176794885719476,7.177155614199781,70.19367683557302,76.41955073149545,0,2
2023-06-06 04:39:00,2023-06-06 04:39:59,7.228,7.221,7.216,7.228,7.223508359070402,7.22325,7.216,7.228,True,0.01384731464475711,0.0011711498185952322,0,7.196887377663933,7.1984185802992355,9.115876556916724,0.0,7.177257125662566,7.177591876745057,72.3909793705911,71.76487992625765,0,1
2023-06-06 04:40:00,2023-06-06 04:40:59,7.221,7.208,7.208,7.227,7.2233791795352005,7.216,7.208,7.227,True,0.01421536359870304,-0.00011566915430582907,0,7.197652978981584,7.199160894755004,2.323203019797866,0.0,7.177642626899754,7.177894445135653,59.91000966167831,67.4982219559474,0,-2
2023-06-06 04:41:00,2023-06-06 04:41:59,7.207,7.197,7.194,7.207,7.219689589767601,7.20125,7.194,7.219689589767601,True,0.014199980484509983,-0.0017439990914947844,0,7.198406936868294,7.199759657630095,-4.989522061881168,-4.989522061881168,7.177877526134583,7.178084550159179,29.092983065381002,53.79799069921672,0,-2
2023-06-06 04:42:00,2023-06-06 04:42:59,7.196,7.18,7.178,7.198,7.2104697948838,7.188,7.178,7.2104697948838,True,0.014614267592759304,-0.0039285988564284925,0,7.199083297249195,7.200150384095183,-12.757891571498178,-12.757891571498178,7.177978247267572,7.178103609361575,7.207355410725043,32.07011604592804,-1,-2
2023-06-06 04:43:00,2023-06-06 04:43:59,7.179,7.186,7.179,7.19,7.1992348974419,7.1835,7.179,7.1992348974419,True,0.014356105621847933,-0.004791203126495616,0,7.199616840672189,7.200343766446975,-15.120121221558335,-15.120121221558335,7.17803319008083,7.178182180412703,-6.394884621840902e-14,12.100112825368578,0,-2
2023-06-06 04:44:00,2023-06-06 04:44:59,7.187,7.197,7.186,7.197,7.19136744872095,7.19175,7.186,7.197,True,0.014116383791715948,-0.004409688153264925,0,7.199980303559583,7.200437055355525,-12.22771379486771,-12.22771379486771,7.1781696757516675,7.178369422398647,6.930290719117564,4.712548709947433,0,-2
2023-06-06 04:45:00,2023-06-06 04:45:59,7.198,7.207,7.197,7.211,7.191558724360474,7.203250000000001,7.197,7.211,True,0.014108070663736256,-0.0033023131853646263,0,7.200208679457554,7.200529802161017,-7.042866317040065,-7.042866317040065,7.178419231216825,7.178654303767814,22.109346032469244,9.6798789171955,0,-1
2023-06-06 04:46:00,2023-06-06 04:46:59,7.207,7.206,7.204,7.208,7.1974043621802375,7.206250000000001,7.204,7.208,True,0.013386065616326557,-0.0025242605693699726,0,7.200369240809286,7.200642069013637,-3.948003097627378,-3.948003097627378,7.178696154289295,7.178926400247737,39.249230938572865,22.762955896719813,0,-1
2023-06-06 04:47:00,2023-06-06 04:47:59,7.206,7.198,7.193,7.206,7.201827181090119,7.20075,7.193,7.206,True,0.013358489500874716,-0.002469936668028908,0,7.200505654911462,7.2007311980175785,-4.730539740652134,-4.730539740652134,7.178915595540148,7.1791161873099485,45.93746177698451,35.76534624934212,0,-2
2023-06-06 04:48:00,2023-06-06 04:48:59,7.199,7.191,7.19,7.199,7.20128859054506,7.194750000000001,7.19,7.20128859054506,True,0.01304716882224077,-0.0028133605897437013,0,7.20061842646452,7.2007603325299945,-7.38587500625588,-7.38587500625588,7.17907315180343,7.179234434202387,40.76350807934941,41.98340026496884,0,-2
2023-06-06 04:49:00,2023-06-06 04:49:59,7.191,7.173,7.171,7.191,7.19801929527253,7.1815,7.171,7.19801929527253,True,0.013543799620652112,-0.004148214094303983,-1,7.200689379497257,7.200651123972669,-13.026492595848929,-13.026492595848929,7.1790972995466795,7.179172400031219,26.859071923406358,37.85334725991334,0,-2
2023-06-06 04:50:00,2023-06-06 04:50:59,7.173,7.158,7.157,7.177,7.189759647636265,7.16625,7.157,7.189759647636265,True,0.014004956790605502,-0.005851638095742199,0,7.200670251734963,7.20032911501263,-18.81981767924436,-18.81981767924436,7.1789694657203444,7.178961729384143,13.240550365877079,26.9543767895442,0,-2
2023-06-06 04:51:00,2023-06-06 04:51:59,7.158,7.161,7.152,7.163,7.178004823818132,7.1585,7.152,7.178004823818132,True,0.013790317019847976,-0.006473034535756662,0,7.200499683373796,7.199788602881053,-21.23740723400664,-21.23740723400664,7.17876578944452,7.178783005708678,3.2354487501605007,14.445023679814563,0,-2
2023-06-06 04:52:00,2023-06-06 04:52:59,7.162,7.161,7.153,7.169,7.168252411909066,7.16125,7.153,7.169,True,0.013948151518430265,-0.006562113668081447,0,7.200144143127425,7.19909863807845,-22.84913360384816,-22.84913360384816,7.1785915029823855,7.178606060378243,2.17483529030948,6.216944802115605,0,-2
2023-06-06 04:53:00,2023-06-06 04:53:59,7.16,7.155,7.15,7.16,7.164751205954532,7.156250000000001,7.15,7.164751205954532,True,0.013737569267113763,-0.006703748810770528,0,7.199621390602938,7.198261436711883,-24.99534490360006,-24.99534490360006,7.178369199470123,7.178371174205325,2.6268451525892087,2.6790430643529812,0,-2
2023-06-06 04:54:00,2023-06-06 04:54:59,7.156,7.168,7.155,7.173,7.160500602977267,7.163,7.155,7.173,True,0.01404202860517705,-0.00555920185528712,0,7.198941413657411,7.19736037123315,-19.583293475881796,-19.583293475881796,7.178216272112212,7.178267978442088,11.126197205466843,5.309292549455095,0,-1
2023-06-06 04:55:00,2023-06-06 04:55:59,7.168,7.171,7.162,7.172,7.161750301488634,7.1682500000000005,7.162,7.172,True,0.013753312276235817,-0.004311124660692025,0,7.19815089244528,7.196451227940403,-14.66489017994651,-14.66489017994651,7.178117105225523,7.178195660248635,23.320728973546867,12.35792377720089,0,-1
2023-06-06 04:56:00,2023-06-06 04:56:59,7.17,7.179,7.17,7.186,7.1650001507443175,7.17625,7.17,7.186,True,0.013913789970790402,-0.002702252402427583,0,7.197301060192841,7.1955968511254245,-8.163244359589214,-8.163244359589214,7.1780985270640745,7.178203663629246,45.58261143723481,26.67651253874942,0,-1
2023-06-06 04:57:00,2023-06-06 04:57:59,7.179,7.187,7.175,7.189,7.1706250753721585,7.1825,7.175,7.189,True,0.013919947830019676,-0.0009279383310800936,0,7.1964489556591325,7.194834335923749,-1.199800533200417,-0.0,7.178142322814681,7.178291189364278,65.81369436833803,44.905678259706484,0,-1
2023-06-06 04:58:00,2023-06-06 04:58:59,7.186,7.196,7.181,7.196,7.176562537686079,7.18975,7.181,7.196,True,0.013997094413589676,0.0009437622861435263,0,7.195641645791441,7.194199118391564,5.812928179340439,5.812928179340439,7.178257822090157,7.17846739643528,84.7776606432818,65.39132214961813,0,-1
2023-06-06 04:59:00,2023-06-06 04:59:59,7.196,7.2,7.196,7.208,7.18315626884304,7.199999999999999,7.196,7.208,True,0.013854444812619018,0.0024499927693395155,0,7.194920382091502,7.193738807378118,11.416625181574496,11.416625181574496,7.178474162168862,7.178681651197118,95.39710165064746,81.99615222075568,0,-1
2023-06-06 05:00:00,2023-06-06 05:00:59,7.199,7.198,7.183,7.204,7.191578134421519,7.196,7.183,7.204,True,0.014364841611717652,0.0032368803886459307,0,7.19432959473481,7.193391915466138,13.881390347031292,13.881390347031292,7.178648548614943,7.178873873573266,97.0721048357578,92.41562237656227,0,-1
2023-06-06 05:01:00,2023-06-06 05:01:59,7.199,7.18,7.179,7.206,7.193789067210759,7.191,7.179,7.206,True,0.0152673529251664,0.002420933617715214,0,7.193860755100474,7.193102393940471,7.224631806206659,7.224631806206659,7.178771448628725,7.1788850788113425,90.56640989350176,94.34520545996891,0,-2
2023-06-06 05:02:00,2023-06-06 05:02:59,7.18,7.174,7.174,7.187,7.19239453360538,7.17875,7.174,7.19239453360538,True,0.015105399144797364,0.001424244290130429,0,7.193481574520472,7.19277597892153,0.9360602094697086,0.0,7.178771235209533,7.178836471061976,76.21604474510126,87.95151982478684,0,-2
2023-06-06 05:03:00,2023-06-06 05:03:59,7.174,7.164,7.164,7.174,7.18557226680269,7.1690000000000005,7.164,7.18557226680269,True,0.014740727777311887,7.883767239604076e-05,0,7.193128776721001,7.192355861581255,-5.837123863853968,-0.0,7.178674008988542,7.1786888444842445,59.45435757399489,75.41227073753255,0,-2
2023-06-06 05:04:00,2023-06-06 05:04:59,7.164,7.153,7.15,7.164,7.177286133401346,7.15775,7.15,7.177286133401346,True,0.01468781865036099,-0.0015003194801690312,0,7.192742319151128,7.191787667232179,-12.499603390605735,-12.499603390605735,7.178465809894129,7.178433234091367,40.900792389460264,58.85706490285205,0,-2
2023-06-06 05:05:00,2023-06-06 05:05:59,7.153,7.151,7.149,7.16,7.167518066700673,7.15325,7.149,7.167518066700673,True,0.014424403032478073,-0.002540110217416104,0,7.192264993191653,7.191075914444608,-17.29491442953602,-17.29491442953602,7.178214906313093,7.1781602665879705,27.88227922574698,42.74580972973396,0,-2
2023-06-06 05:06:00,2023-06-06 05:06:59,7.15,7.161,7.15,7.167,7.160384033350336,7.157,7.15,7.167,True,0.014608374244443887,-0.0023574953122830703,0,7.19167045381813,7.19028174945786,-15.149932783009731,-15.149932783009731,7.178003812717938,7.177989517666697,23.316084147591457,30.699718587599488,0,-1
2023-06-06 05:07:00,2023-06-06 05:07:59,7.16,7.159,7.154,7.162,7.158692016675168,7.1587499999999995,7.154,7.162,True,0.014136347512697895,-0.0022117649462461714,0,7.190976101637995,7.189440156444569,-14.341501502619217,-14.341501502619217,7.177812232491888,7.177800567242153,20.633399965288515,23.94392111287557,0,-1
2023-06-06 05:08:00,2023-06-06 05:08:59,7.16,7.165,7.159,7.171,7.158721008337584,7.163749999999999,7.159,7.171,True,0.013983751261790935,-0.0015442420864973955,0,7.190208129041282,7.188601302552838,-10.741605832133182,-10.741605832133182,7.177672309780526,7.177673198413873,25.402304388828956,23.117262833902895,0,-1
2023-06-06 05:09:00,2023-06-06 05:09:59,7.165,7.144,7.144,7.166,7.161235504168792,7.154750000000001,7.144,7.166,True,0.014556340457377314,-0.002418242180294695,0,7.18940471579706,7.187708611049381,-14.238106975987954,-14.238106975987954,7.177444227096142,7.177338141713237,20.964008047552767,22.33323746722333,0,-2
2023-06-06 05:10:00,2023-06-06 05:10:59,7.144,7.147,7.137,7.147,7.157992752084397,7.143750000000001,7.137,7.157992752084397,True,0.014230887567564698,-0.00259998079628666,0,7.1885566634232205,7.186704185930539,-15.114254642492732,-15.114254642492732,7.177108961154887,7.177036269656389,15.37261902331305,20.579643819898177,0,-2
2023-06-06 05:11:00,2023-06-06 05:11:59,7.146,7.137,7.137,7.146,7.150871376042199,7.1415,7.137,7.150871376042199,True,0.013928681312738696,-0.003213175187059932,0,7.18763042467688,7.18560324618222,-17.872427168967384,-17.872427168967384,7.176754643133445,7.176637898814037,4.639259578553052,13.658628883139542,0,-2
2023-06-06 05:12:00,2023-06-06 05:12:59,7.138,7.132,7.125,7.141,7.146185688021099,7.134,7.125,7.146185688021099,True,0.014076632647543077,-0.0037296846241679366,0,7.18661683542955,7.184382415428862,-20.648209726337534,-20.648209726337534,7.176329223798784,7.176193740616882,-7.815970093361102e-14,6.6706262006219275,0,-2
2023-06-06 05:13:00,2023-06-06 05:13:59,7.131,7.121,7.119,7.133,7.1400928440105496,7.126,7.119,7.1400928440105496,True,0.014071158887004302,-0.004565833349771287,0,7.185499625429206,7.1830206813336535,-24.22868325959681,-24.22868325959681,7.175828435502279,7.1756445491679575,-7.815970093361102e-14,1.5464198595175513,0,-2
2023-06-06 05:14:00,2023-06-06 05:14:59,7.122,7.123,7.115,7.129,7.133046422005275,7.122249999999999,7.115,7.133046422005275,True,0.01406607610936109,-0.004672214295685562,0,7.18426015338143,7.181531627002546,-25.383540479535785,-25.383540479535785,7.175295316741062,7.175120722808077,-7.815970093361102e-14,-1.5868787765308903e-13,0,-2
2023-06-06 05:15:00,2023-06-06 05:15:59,7.123,7.122,7.118,7.128,7.127648211002637,7.12275,7.118,7.128,True,0.013775642101549569,-0.004500087925575366,0,7.182895890191989,7.179955979582326,-26.35068632440201,-26.35068632440201,7.1747724777685145,7.174592158402026,0.7686239527001749,0.256207984233259,0,-2
2023-06-06 05:16:00,2023-06-06 05:16:59,7.122,7.115,7.114,7.128,7.125199105501318,7.11975,7.114,7.128,True,0.013791667665724617,-0.004559707661761735,0,7.181425934887158,7.178302384240627,-28.31442573425903,-28.31442573425903,7.174224990427534,7.173999201602006,0.7686239527001749,0.5124159684666767,0,-2
2023-06-06 05:17:00,2023-06-06 05:17:59,7.115,7.117,7.104,7.12,7.122474552750659,7.114,7.104,7.122474552750659,True,0.013949405689601431,-0.00414189426764092,0,7.179864159563893,7.176559314259834,-28.011589833862395,-28.011589833862395,7.17362573679144,7.173432045367161,0.7686239527001749,0.7686239527000943,0,-1
2023-06-06 05:18:00,2023-06-06 05:18:59,7.118,7.127,7.118,7.134,7.118237276375329,7.12425,7.118,7.134,True,0.014167305283201355,-0.002878831003265185,0,7.178211736911864,7.174828085480721,-21.08057288784395,-21.08057288784395,7.173134435927843,7.1729700349654975,16.887026027550302,6.141424644316803,0,-1
2023-06-06 05:19:00,2023-06-06 05:19:59,7.128,7.144,7.128,7.155,7.121243638187664,7.13875,7.128,7.155,True,0.015155354905829864,-0.0006412966534134965,0,7.1765199111962925,7.173217542853729,-9.836445222502448,-0.0,7.172792302237019,7.172681775911115,50.220359360883634,22.62533644704462,0,-1
2023-06-06 05:20:00,2023-06-06 05:20:59,7.145,7.124,7.122,7.146,7.129996819093832,7.13425,7.122,7.146,True,0.01578711526969916,-0.00041029348416454087,0,7.174868727025011,7.171682192532624,-9.210725992440892,-0.0,7.172408796742123,7.172197380130904,79.90892448263104,49.00543662368824,0,-1
2023-06-06 05:21:00,2023-06-06 05:21:59,7.124,7.109,7.107,7.128,7.1321234095469155,7.117,7.107,7.1321234095469155,True,0.016159464179006357,-0.001143418708693382,0,7.173275459778818,7.170098222433967,-11.994882954466163,-0.0,7.171857465431256,7.17156855047786,80.75548307996394,70.29492230782613,0,-2
2023-06-06 05:22:00,2023-06-06 05:22:59,7.108,7.114,7.098,7.116,7.124561704773457,7.109,7.098,7.124561704773457,True,0.016290931023363032,-0.0010936712500431087,0,7.171686841106393,7.168431952854173,-11.965376937080038,-0.0,7.17123201801403,7.1709957290800705,60.55266947683513,73.73902567980996,0,-1
2023-06-06 05:23:00,2023-06-06 05:23:59,7.114,7.125,7.113,7.127,7.116780852386729,7.11975,7.113,7.127,True,0.016127293093122767,-0.0001267920384520893,0,7.1700593969802835,7.166786077127686,-8.210179336793772,-0.0,7.1707197591283185,7.1705380601340005,55.95232770112046,65.75349341930642,0,-1
2023-06-06 05:24:00,2023-06-06 05:24:59,7.125,7.127,7.121,7.134,7.118265426193364,7.1267499999999995,7.121,7.134,True,0.015903915015042562,0.000772694173766842,0,7.168422737053985,7.1652155775273965,-5.06459117879232,-0.0,7.170282249087241,7.170104845605304,70.36626669391921,62.29042129062484,0,-1
2023-06-06 05:25:00,2023-06-06 05:25:59,7.126,7.138,7.126,7.143,7.122507713096682,7.13325,7.126,7.143,True,0.01598220679968234,0.002204104969232592,0,7.166819157290691,7.163759794291304,0.29204622581256245,0.0,7.16991376899682,7.169785394405252,90.56908029704802,72.29589156402915,0,-1
2023-06-06 05:26:00,2023-06-06 05:26:59,7.138,7.128,7.123,7.144,7.127878856548341,7.13325,7.123,7.144,True,0.016340620599705025,0.002471555328976891,0,7.165289475790997,7.162404316276669,0.21366019144841175,0.0,7.169548955374961,7.169369619336543,98.81419028434861,86.58317909177187,0,-1
2023-06-06 05:27:00,2023-06-06 05:27:59,7.127,7.14,7.127,7.142,7.1305644282741705,7.1339999999999995,7.127,7.142,True,0.01624486198544042,0.0034789978964486143,0,7.163846896033833,7.161142255086577,3.580183474325594,3.580183474325594,7.169195234425956,7.1690773843182685,99.99999999999989,96.46109019379877,0,-1
2023-06-06 05:28:00,2023-06-06 05:28:59,7.14,7.148,7.139,7.148,7.132282214137085,7.14375,7.139,7.148,True,0.015727371843623206,0.0046396702529123805,0,7.162494575560205,7.160029296070112,7.6912163515637815,7.6912163515637815,7.168942048013758,7.1688676591011715,99.99999999999989,99.60473009478272,0,-1
2023-06-06 05:29:00,2023-06-06 05:29:59,7.147,7.141,7.141,7.149,7.138016107068543,7.144500000000001,7.141,7.149,True,0.015175416711935836,0.004811152138168882,0,7.161261935815159,7.159046508123565,7.596701142343868,7.596701142343868,7.16869884355591,7.168590368960861,99.99999999999989,99.99999999999982,0,2
2023-06-06 05:30:00,2023-06-06 05:30:59,7.142,7.126,7.121,7.145,7.141258053534272,7.133500000000001,7.121,7.145,True,0.015805744089654645,0.003778966544926047,0,7.160154221969362,7.1580974760481615,2.7659892476811265,0.0,7.168348606306597,7.168166584195081,92.74183006453205,97.58061002151054,0,-2
2023-06-06 05:31:00,2023-06-06 05:31:59,7.125,7.117,7.107,7.128,7.137379026767136,7.11925,7.107,7.137379026767136,True,0.01617676236896502,0.0024201749366359795,0,7.159125849008762,7.157083761422428,-2.6399223444146855,-0.0,7.167860062960263,7.167657463954334,72.39381411166127,88.37854805873098,0,-2
2023-06-06 05:32:00,2023-06-06 05:32:59,7.117,7.108,7.103,7.117,7.128314513383568,7.11125,7.103,7.128314513383568,True,0.01602127934261039,0.0009072782056231445,0,7.158104805215595,7.155971188422598,-8.124276735334611,-0.0,7.1672967787517035,7.167063857347823,47.03141152507509,70.72235190042272,0,-2
2023-06-06 05:33:00,2023-06-06 05:33:59,7.107,7.101,7.096,7.11,7.119782256691784,7.1035,7.096,7.119782256691784,True,0.015876902246709665,-0.0005016646424519135,0,7.1570379968190965,7.154735243721718,-13.077786499382619,-0.0,7.166661984933278,7.166406505533416,24.468600080667496,47.964608572467874,0,-2
2023-06-06 05:34:00,2023-06-06 05:34:59,7.1,7.106,7.099,7.11,7.111641128345893,7.10375,7.099,7.111641128345893,True,0.015528552086230413,-0.0009564632772898901,0,7.155886620270407,7.153412362773879,-14.010132716089657,-14.010132716089657,7.166035995033445,7.165805445776865,15.274879998506002,28.924963868082784,0,-2
2023-06-06 05:35:00,2023-06-06 05:35:59,7.105,7.098,7.095,7.106,7.107695564172946,7.100999999999999,7.095,7.107695564172946,True,0.015205084080071107,-0.001663825937961206,0,7.154649491522143,7.152011244753032,-16.42405607629488,-16.42405607629488,7.165388870704754,7.165130764724359,9.445959837998869,16.39647997239071,0,-2
2023-06-06 05:36:00,2023-06-06 05:36:59,7.098,7.101,7.094,7.102,7.104347782086473,7.09875,7.094,7.104347782086473,True,0.014690435217208886,-0.0017457176682220167,0,7.1533303681375875,7.150542705901263,-16.460776473129513,-16.460776473129513,7.164725797364408,7.164492647662425,5.933607884540966,10.218149240348533,0,-2
2023-06-06 05:37:00,2023-06-06 05:37:59,7.102,7.094,7.092,7.103,7.101548891043237,7.09775,7.092,7.103,True,0.014426832701693976,-0.002102410657758961,0,7.151936537019425,7.149024300829965,-18.22990692675851,-18.22990692675851,7.164059371519986,7.163791228282699,2.1420105862399104,5.8405261029265025,0,-2
2023-06-06 05:38:00,2023-06-06 05:38:59,7.094,7.111,7.093,7.111,7.099649445521618,7.102250000000001,7.093,7.111,True,0.014682058937287249,-0.0009716094935063452,0,7.150480418924696,7.1475079283924945,-11.919463898966576,-0.0,7.163444352897897,7.16326594242914,6.172387667534617,4.749335379438418,0,-1
2023-06-06 05:39:00,2023-06-06 05:39:59,7.112,7.122,7.112,7.122,7.100949722760809,7.117,7.112,7.122,True,0.014419054727481026,0.0006602892419755313,0,7.148994173658595,7.146104760875566,-4.498880448453029,-0.0,7.162982220033241,7.16285533603681,29.533962718598016,12.616120324124102,0,-1
2023-06-06 05:40:00,2023-06-06 05:40:59,7.122,7.125,7.118,7.125,7.108974861380405,7.1225000000000005,7.118,7.125,True,0.013889122246946644,0.001993244522336424,0,7.147549467267081,7.144838083459147,1.2433369634606706,0.0,7.162579411873706,7.162478666026494,58.30548417265667,31.33727818626302,0,-1
2023-06-06 05:41:00,2023-06-06 05:41:59,7.126,7.138,7.126,7.141,7.115737430690203,7.13275,7.126,7.141,True,0.014039899229307599,0.0037555367448036843,0,7.1461937753631135,7.143757882313396,8.031684051315445,8.031684051315445,7.162282601805311,7.16223509721031,85.46642983845527,57.76862557656991,0,2
2023-06-06 05:42:00,2023-06-06 05:42:59,7.139,7.131,7.131,7.141,7.124243715345101,7.1355,7.131,7.141,True,0.013751334998642756,0.004338725059044549,0,7.1449758288382546,7.142850774500096,9.372706705046198,9.372706705046198,7.162016108255009,7.161924300223142,95.4381881207252,79.7367007106123,0,2
2023-06-06 05:43:00,2023-06-06 05:43:59,7.131,7.126,7.126,7.132,7.129871857672551,7.12875,7.126,7.132,True,0.013197668213025369,0.004263461860863783,0,7.143913301669175,7.14203985583062,8.144026845853176,8.144026845853176,7.16168510220272,7.161566844499529,94.23884676830164,91.71448824249394,0,2
2023-06-06 05:44:00,2023-06-06 05:44:59,7.127,7.118,7.115,7.131,7.129310928836276,7.12275,7.115,7.131,True,0.013397834769237843,0.003553193727450301,0,7.142976578749898,7.141269064934201,4.269567086900679,4.269567086900679,7.161297688250454,7.161133343559235,83.72425160341918,91.13376216414859,0,1
2023-06-06 05:45:00,2023-06-06 05:45:59,7.118,7.116,7.111,7.118,7.126030464418138,7.11575,7.111,7.126030464418138,True,0.01294084657143518,0.0028698924929586346,0,7.142122821842049,7.140487127916718,0.9568969568077463,0.0,7.160844477422091,7.160684255563621,68.07627115341124,82.01312317504393,0,1
2023-06-06 05:46:00,2023-06-06 05:46:59,7.116,7.129,7.116,7.13,7.120890232209069,7.122749999999999,7.116,7.13,True,0.013016500387761254,0.0032585909048801452,0,7.141304974879383,7.13974980784349,3.7306305469131615,3.7306305469131615,7.160465427895503,7.160368989339107,63.96547323736636,71.92199866473217,0,2
2023-06-06 05:47:00,2023-06-06 05:47:59,7.126,7.128,7.125,7.129,7.121820116104534,7.127000000000001,7.125,7.129,True,0.012372464645778276,0.003357597990674874,0,7.140527391361436,7.139081833323789,5.101915765762392,5.101915765762392,7.16013243856321,7.160046909843195,67.92298409255537,66.65490949444424,0,2
2023-06-06 05:48:00,2023-06-06 05:48:59,7.129,7.144,7.128,7.144,7.124410058052267,7.13625,7.128,7.144,True,0.012631574313936971,0.004425098043006288,0,7.139804612342613,7.138536502898681,10.471938985471219,10.471938985471219,7.1598948023586,7.159887239098486,83.57096454256329,71.81980729082825,1,2
2023-06-06 05:49:00,2023-06-06 05:49:59,7.144,7.152,7.143,7.154,7.130330029026133,7.14825,7.143,7.154,True,0.01251503329151291,0.005515033793732199,1,7.1391705576206475,7.138173805339986,15.585849794477383,15.585849794477383,7.159778933678416,7.159808759107457,93.4429156903064,81.64562144180827,0,2
2023-06-06 05:50:00,2023-06-06 05:50:59,7.152,7.145,7.144,7.152,7.139290014513067,7.148250000000001,7.144,7.152,True,0.012192530913547703,0.005532963454049881,0,7.138672181480317,7.137957384412369,15.363192386401408,15.363192386401408,7.1596642179204215,7.1596614082705665,99.99999999999987,92.33796007762311,0,2
2023-06-06 05:51:00,2023-06-06 05:51:59,7.146,7.149,7.138,7.151,7.143770007256534,7.146,7.138,7.151,True,0.012250207276865719,0.00560225565981398,0,7.138314782946343,7.137842175590026,16.263812137665738,16.263812137665738,7.159528255553054,7.159555324606183,97.93761835772095,97.12684468267567,0,2
2023-06-06 05:52:00,2023-06-06 05:52:59,7.15,7.159,7.149,7.159,7.144885003628267,7.15425,7.149,7.159,True,0.01208947818566101,0.006103926276481618,0,7.138078479268184,7.137864045998576,19.12156165345894,19.12156165345894,7.159475735597303,7.159549798988211,97.93761835772095,98.62507890514719,0,2
2023-06-06 05:53:00,2023-06-06 05:53:59,7.159,7.161,7.158,7.163,7.149567501814134,7.1602500000000004,7.158,7.163,True,0.011583086886685216,0.006304081762509311,0,7.13797126263338,7.138034856176158,21.43293176873003,21.43293176873003,7.159483439720713,7.159564228849025,97.93761835772095,97.9376183577209,0,2
2023-06-06 05:54:00,2023-06-06 05:54:59,7.16,7.165,7.159,7.167,7.154908750907067,7.162749999999999,7.159,7.167,True,0.011327152109064844,0.006427162392435916,0,7.1380030594047685,7.138338908400524,23.804925721009738,23.804925721009738,7.159515942808069,7.159618316124159,99.99999999999987,98.62507890514719,0,2
2023-06-06 05:55:00,2023-06-06 05:55:59,7.164,7.164,7.163,7.165,7.158829375453533,7.164,7.163,7.165,True,0.010660926958417338,0.006141535230148076,0,7.138170983902646,7.138754353233082,24.59312754037373,24.59312754037373,7.159560560292566,7.159661914968694,99.99999999999987,99.3125394525735,0,2
2023-06-06 05:56:00,2023-06-06 05:56:59,7.164,7.162,7.157,7.164,7.161414687726767,7.16175,7.157,7.164,True,0.010399432175673217,0.005525891620539207,0,7.138462668567865,7.139239210463292,23.39784851033508,23.39784851033508,7.159582345762292,7.159685179496369,97.08120345637957,99.02706781879304,0,1
2023-06-06 05:57:00,2023-06-06 05:57:59,7.161,7.167,7.157,7.167,7.161582343863383,7.163,7.157,7.167,True,0.010370901305982257,0.0051955015529788744,0,7.138850939515579,7.139783966255424,24.233916007279035,24.233916007279035,7.15961635227212,7.159757963779987,95.01949310273854,97.36689885303925,0,2
2023-06-06 05:58:00,2023-06-06 05:58:59,7.166,7.172,7.165,7.175,7.162291171931692,7.1695,7.165,7.175,True,0.010344408355554937,0.0050558880208567015,0,7.139317452885502,7.140416739915058,26.145195686310757,26.145195686310757,7.159714697025631,7.159879775085659,95.01949310273854,95.70672988728546,0,2
2023-06-06 05:59:00,2023-06-06 05:59:59,7.172,7.169,7.166,7.174,7.1658955859658455,7.170249999999999,7.166,7.174,True,0.010176950615872442,0.004489059782033634,0,7.13986709640028,7.141119614958132,24.5341870696345,24.5341870696345,7.159819525910948,7.1599705235922695,97.93828964635884,95.99242528394522,0,1
2023-06-06 06:00:00,2023-06-06 06:00:59,7.169,7.172,7.157,7.175,7.168072792982922,7.16825,7.157,7.175,True,0.010735739857595824,0.004075573082692073,0,7.140493355679206,7.141859136716174,24.559451757893555,24.559451757893555,7.159903411225267,7.160090219874934,96.10842610950671,96.35540295286795,0,1
2023-06-06 06:01:00,2023-06-06 06:01:59,7.172,7.177,7.171,7.178,7.1681613964914614,7.1745,7.171,7.178,True,0.010468901296338956,0.003910279951977678,0,7.14117624619769,7.142665318431571,26.158367772623492,26.158367772623492,7.160048650914568,7.160258476393591,96.10842610950671,96.71838062179067,0,2
2023-06-06 06:02:00,2023-06-06 06:02:59,7.177,7.166,7.155,7.177,7.171330698245731,7.16875,7.155,7.177,True,0.01129255120374327,0.002809345897702719,0,7.141920782314631,7.143478999621349,18.483685840715395,18.483685840715395,7.160135231502483,7.160315605981714,77.05652043249101,89.75779088383473,0,1
2023-06-06 06:03:00,2023-06-06 06:03:59,7.165,7.164,7.16,7.166,7.170040349122866,7.16375,7.16,7.170040349122866,True,0.010914511832047339,0.0017654772064717855,0,7.14269989096799,7.144258697164442,12.176202186842843,12.176202186842843,7.1601711993482295,7.1603522666187125,47.614760989650826,73.59323584388277,0,1
2023-06-06 06:04:00,2023-06-06 06:04:59,7.164,7.154,7.152,7.164,7.166895174561433,7.1585,7.152,7.166895174561433,True,0.010992046701186784,0.0002539167529024833,0,7.143479294066217,7.144970269005989,3.2218539862243105,0.0,7.160154570498993,7.160289059985691,14.281427656317495,46.317569692819696,0,1
2023-06-06 06:05:00,2023-06-06 06:05:59,7.154,7.142,7.141,7.156,7.162697587280716,7.148249999999999,7.141,7.162697587280716,True,0.01127832907967342,-0.0016297121776718722,0,7.144224781536103,7.145552996963529,-6.193982790221725,-6.193982790221725,7.160036117061193,7.160107079289316,-1.3737159558028603e-13,20.632062881989317,0,1
2023-06-06 06:06:00,2023-06-06 06:06:59,7.142,7.14,7.139,7.148,7.155473793640358,7.14225,7.139,7.155473793640358,True,0.011115591288268138,-0.0029809486333491376,0,7.144888889249816,7.145989120710796,-12.931700859973212,-12.931700859973212,7.159859140772027,7.159907008848625,-1.3737159558028603e-13,4.760475885438995,0,1
2023-06-06 06:07:00,2023-06-06 06:07:59,7.14,7.129,7.126,7.14,7.148861896820179,7.13375,7.126,7.148861896820179,True,0.011321620481963224,-0.004539585299273655,-1,7.1454390049803065,7.146248510620149,-19.526778791258987,-19.526778791258987,7.159599348326534,7.159599476422271,-1.3737159558028603e-13,-2.1632078844251938e-13,0,1
2023-06-06 06:08:00,2023-06-06 06:08:59,7.128,7.138,7.127,7.138,7.141305948410089,7.13275,7.127,7.141305948410089,True,0.011298647590394431,-0.004783492805435936,0,7.145843757800228,7.14636011598192,-18.189212700407303,-18.189212700407303,7.159332190631742,7.159384556258865,-1.3737159558028603e-13,-2.1632078844251938e-13,0,-2
2023-06-06 06:09:00,2023-06-06 06:09:59,7.138,7.123,7.122,7.139,7.137027974205044,7.1305,7.122,7.139,True,0.011705887048223425,-0.005804341215286031,0,7.146101936891074,7.146339166405805,-20.674339720575613,-20.674339720575613,7.159045303162769,7.159022520873204,-1.3737159558028603e-13,-2.1632078844251938e-13,-1,-2
2023-06-06 06:10:00,2023-06-06 06:10:59,7.123,7.138,7.121,7.138,7.1337639871025225,7.129999999999999,7.121,7.138,True,0.012084037973350285,-0.0052150523604420195,0,7.146220551648439,7.146210568599527,-15.759247983049903,-15.759247983049903,7.1587562951711,7.158813341561033,-1.3737159558028603e-13,-2.1632078844251938e-13,0,-2
2023-06-06 06:11:00,2023-06-06 06:11:59,7.137,7.134,7.127,7.137,7.131881993551261,7.13375,7.127,7.137,True,0.012006606689539559,-0.004905561112665479,0,7.146215560123983,7.1460238298903,-13.613413357934526,-13.613413357934526,7.158507476313677,7.158566442640028,3.601516916693828,1.2005056388977722,0,-2
2023-06-06 06:12:00,2023-06-06 06:12:59,7.134,7.143,7.132,7.144,7.13281599677563,7.138249999999999,7.132,7.144,True,0.012006134783143909,-0.003891425457705012,0,7.146119695007141,7.145823472451026,-8.780081789929064,-8.780081789929064,7.158305909385183,7.158411552663511,11.282383415170822,4.961300110621425,0,-1
2023-06-06 06:13:00,2023-06-06 06:13:59,7.142,7.148,7.142,7.15,7.135532998387815,7.1455,7.142,7.15,True,0.01171998229863363,-0.00273518061059483,0,7.145971583729084,7.145663510265038,-3.8730101134006603,-3.8730101134006603,7.15817848740125,7.15830795512457,24.838346401960234,13.240748911274883,0,-1
2023-06-06 06:14:00,2023-06-06 06:14:59,7.147,7.146,7.146,7.149,7.140516499193907,7.147,7.146,7.149,True,0.011097126420159809,-0.0020145052534342304,0,7.145817546997061,7.1455467406519535,-1.4794234416128091,-0.0,7.15806725867089,7.1581854879094005,35.93332298663869,24.018017601256503,0,-1
2023-06-06 06:15:00,2023-06-06 06:15:59,7.147,7.137,7.137,7.156,7.143758249596954,7.1442499999999995,7.137,7.156,True,0.011661617390148402,-0.002084506769887594,0,7.145682143824508,7.145445910094469,-3.485159638765481,-3.485159638765481,7.157929773509986,7.15797468703468,43.36163981954713,34.71110306938194,0,-2
2023-06-06 06:16:00,2023-06-06 06:16:59,7.138,7.131,7.128,7.142,7.144004124798476,7.1347499999999995,7.128,7.144004124798476,True,0.011828644719423534,-0.002453444602224594,0,7.145564026959488,7.145293140169488,-6.799022252140659,-6.799022252140659,7.157699128997449,7.157706282188564,37.87217425947679,39.05571235522079,0,-2
2023-06-06 06:17:00,2023-06-06 06:17:59,7.129,7.126,7.126,7.132,7.139377062399237,7.1282499999999995,7.126,7.139377062399237,True,0.011412312953750376,-0.0029265123057429384,0,7.145428583564488,7.14505592926684,-10.500920137738618,-10.500920137738618,7.15740610283827,7.157390796793653,25.975989239709516,35.7366011062444,0,-2
2023-06-06 06:18:00,2023-06-06 06:18:59,7.126,7.126,7.124,7.13,7.1338135311996185,7.1265,7.124,7.1338135311996185,True,0.011025719171339652,-0.0030980282620538214,0,7.145242256415664,7.144741858046629,-12.968852061470592,-12.968852061470592,7.157098579426944,7.1570784505569,12.026667295149464,25.291610264778512,0,-2
2023-06-06 06:19:00,2023-06-06 06:19:59,7.125,7.125,7.121,7.126,7.130156765599809,7.124250000000001,7.121,7.130156765599809,True,0.010595310659101098,-0.0031303944894583067,0,7.144992057231147,7.144353991627653,-14.978540981193753,-14.978540981193753,7.156771727890358,7.156759261994145,3.960169868430389,13.987608801096378,0,-2
2023-06-06 06:20:00,2023-06-06 06:20:59,7.124,7.128,7.11,7.128,7.127203382799905,7.1225,7.11,7.128,True,0.011124217040593864,-0.0027919464174507675,0,7.1446730244294,7.14389868004477,-13.806193028558503,-13.806193028558503,7.156430715672543,7.156473100183257,1.1598613868252408,5.715566183468287,0,-1
2023-06-06 06:21:00,2023-06-06 06:21:59,7.127,7.134,7.127,7.136,7.124851691399952,7.130999999999999,7.127,7.136,True,0.01097248725198004,-0.0020186786115583407,0,7.144285852237085,7.143451711371147,-8.769493083893977,-8.769493083893977,7.156177673725552,7.156249487246111,16.955354225434153,7.358461826896516,0,-1
2023-06-06 06:22:00,2023-06-06 06:22:59,7.136,7.154,7.136,7.154,7.127925845699975,7.145,7.136,7.154,True,0.011617309591124293,-3.570888147360566e-05,0,7.143868781804116,7.1431104326976005,1.9542045299298252,0.0,7.1560664530914675,7.156227104288438,50.288687558767485,22.80130105700888,0,-1
2023-06-06 06:23:00,2023-06-06 06:23:59,7.153,7.162,7.15,7.166,7.136462922849987,7.15775,7.15,7.166,True,0.011930358906043988,0.0018175400376466747,1,7.143489607250858,7.142942184598204,10.68912700063585,10.68912700063585,7.156083204802,7.156284546036812,83.62202089210082,50.28868755876741,0,2
2023-06-06 06:24:00,2023-06-06 06:24:59,7.161,7.158,7.155,7.164,7.147106461424993,7.1594999999999995,7.155,7.164,True,0.011721047555612235,0.002677888831942092,0,7.143215895924531,7.142923325908639,13.987480479759427,13.987480479759427,7.156117202764169,7.1563016152304755,99.99999999999984,77.9702361502893,1,2
2023-06-06 06:25:00,2023-06-06 06:25:59,7.158,7.153,7.142,7.158,7.153303230712496,7.15275,7.142,7.158,True,0.012026687015925647,0.002784725903615385,0,7.1430696109165845,7.142975899764309,13.20016101241665,13.20016101241665,7.156083698259053,7.156268763337635,93.4371024027735,92.35304109829131,0,2
2023-06-06 06:26:00,2023-06-06 06:26:59,7.152,7.142,7.141,7.152,7.153026615356248,7.146750000000001,7.141,7.153026615356248,True,0.012024780800502356,0.0019836227507460105,0,7.143022755340446,7.143043185871848,7.519742465261039,0.0,7.15599082563956,7.156126785592981,81.56673665157092,91.66794635144801,0,1
2023-06-06 06:27:00,2023-06-06 06:27:59,7.142,7.141,7.14,7.147,7.1498883076781246,7.1425,7.14,7.1498883076781246,True,0.0116658678861808,0.001313952063237766,0,7.143032970606147,7.143092433864769,3.3227563347108244,0.0,7.15585658856852,7.155976270313449,66.15978097093131,80.3878733417585,0,1
2023-06-06 06:28:00,2023-06-06 06:28:59,7.141,7.148,7.141,7.151,7.146194153839062,7.14525,7.141,7.151,True,0.011546877322882157,0.0013057495359362818,0,7.143062702235458,7.14314601035412,3.882483946666966,0.0,7.155751050373809,7.155896904439683,59.57848937801909,69.1016690001737,0,2
2023-06-06 06:29:00,2023-06-06 06:29:59,7.147,7.157,7.147,7.158,7.145722076919531,7.15225,7.147,7.158,True,0.011507814656962012,0.0018605857211358478,0,7.143104356294789,7.143250654551711,7.556907150296929,0.0,7.155716214051681,7.155907880514911,63.7329747668748,63.157081705275,0,2
2023-06-06 06:30:00,2023-06-06 06:30:59,7.156,7.138,7.137,7.156,7.148986038459766,7.14675,7.137,7.156,True,0.012114399324321902,0.0008314949664754802,0,7.1431775054232505,7.1433570508956,2.2616404475284995,0.0,7.155626997991465,7.155729692649091,66.48247986085507,63.26464800191625,0,1
2023-06-06 06:31:00,2023-06-06 06:31:59,7.138,7.141,7.136,7.147,7.1478680192298825,7.140499999999999,7.136,7.1478680192298825,True,0.012034799372584632,0.00033176491810412323,0,7.143267278159426,7.143421215077868,-0.03354744974721058,-0.0,7.155476480598516,7.15558312854313,61.81001601960023,64.00849021577663,0,1
2023-06-06 06:32:00,2023-06-06 06:32:59,7.142,7.146,7.141,7.147,7.144184009614941,7.144,7.141,7.147,True,0.011603742274542889,0.0003333208307169024,0,7.143344246618648,7.1434757030698925,0.48869089780078667,0.0,7.155362286761715,7.155487774030263,54.68403282465899,60.99217623503802,0,2
2023-06-06 06:33:00,2023-06-06 06:33:59,7.146,7.151,7.146,7.153,7.1440920048074705,7.149,7.146,7.153,True,0.011274903540646945,0.0006583594080189431,0,7.143409974844271,7.143556504401041,2.761719883659218,0.0,7.155298980425777,7.1554431195623005,56.572295161360536,57.68878133520652,0,2
2023-06-06 06:34:00,2023-06-06 06:34:59,7.151,7.158,7.151,7.159,7.146546002403735,7.15475,7.151,7.159,True,0.011040981859172164,0.0013140138464361635,0,7.143483239622657,7.143696919140995,6.650489317764574,0.0,7.155293517933979,7.1554685611586955,65.03563362334177,58.763987203120365,0,2
2023-06-06 06:35:00,2023-06-06 06:35:59,7.157,7.102,7.095,7.163,7.150648001201867,7.12925,7.095,7.163,True,0.015109483154945617,-0.0021681613149849037,-1,7.143590079381826,7.143708347424142,-3.97648819300764,-3.97648819300764,7.155034378452049,7.154936535674529,46.544163847296545,56.05069754399955,-1,-2
2023-06-06 06:36:00,2023-06-06 06:36:59,7.102,7.092,7.087,7.104,7.139949000600934,7.0962499999999995,7.087,7.139949000600934,True,0.015244520072449527,-0.005011401853192357,0,7.143649213402984,7.143391730258221,-12.023288478112221,-12.023288478112221,7.154449459263471,7.154310301488713,23.980018763921006,45.18660541151971,0,-2
2023-06-06 06:37:00,2023-06-06 06:37:59,7.092,7.094,7.08,7.097,7.118099500300467,7.09075,7.08,7.118099500300467,True,0.015369911495846014,-0.006482856877203054,0,7.143520471830603,7.142781277084652,-16.679385967322503,-16.679385967322503,7.153815633798163,7.153710198986338,-1.6105635343895605e-13,23.508060870405732,0,-2
2023-06-06 06:38:00,2023-06-06 06:38:59,7.095,7.086,7.084,7.095,7.104424750150233,7.09,7.084,7.104424750150233,True,0.01505777496042845,-0.007676475274829628,0,7.1431508744576275,7.141938527316201,-20.707839193034282,-20.707839193034282,7.153180652367336,7.1530364656630905,-1.6105635343895605e-13,7.993339587973498,0,-2
2023-06-06 06:39:00,2023-06-06 06:39:59,7.086,7.095,7.085,7.098,7.097212375075117,7.091,7.085,7.098,True,0.014910791034683554,-0.007458625451628638,0,7.142544700886914,7.1409255320280645,-19.851684983622512,-19.851684983622512,7.152561939408457,7.152458988392811,0.8088106196075024,0.26960353986899693,0,-2
2023-06-06 06:40:00,2023-06-06 06:40:59,7.095,7.079,7.079,7.096,7.094106187537559,7.08725,7.079,7.096,True,0.015060020246491898,-0.008040107594530147,0,7.141735116457489,7.139759722481981,-21.654255270527113,-21.654255270527113,7.151912069364592,7.1517280531849226,0.8088106196075024,0.5392070797382181,0,-2
2023-06-06 06:41:00,2023-06-06 06:41:59,7.079,7.095,7.071,7.098,7.09067809376878,7.085749999999999,7.071,7.098,True,0.01591287594317106,-0.006904862540783914,0,7.140747419469735,7.1384713082940205,-17.55114972249111,-17.55114972249111,7.1512537403161875,7.1511635949442764,0.8088106196075024,0.8088106196074394,0,-1
2023-06-06 06:42:00,2023-06-06 06:42:59,7.095,7.088,7.081,7.098,7.0882140468843895,7.0905,7.081,7.098,True,0.015990527661515944,-0.006276540599794865,0,7.139609363881878,7.137127796552255,-16.16988418436646,-16.16988418436646,7.150649225487171,7.150535101462244,4.233898132418151,1.950506457210989,0,-2
2023-06-06 06:43:00,2023-06-06 06:43:59,7.088,7.106,7.085,7.107,7.0893570234421945,7.0965,7.085,7.107,True,0.016419775685693392,-0.004279637214609968,0,7.138368580217066,7.1357912904190135,-10.26795330579457,-10.26795330579457,7.150110427223617,7.150091966124311,13.57476809171905,6.205825614581506,0,-1
2023-06-06 06:44:00,2023-06-06 06:44:59,7.104,7.118,7.104,7.119,7.092928511721097,7.11125,7.104,7.119,True,0.01631836313671527,-0.0018920023257120912,0,7.13707993531804,7.134570670390139,-3.770725719180014,-0.0,7.149723756305969,7.149772643078298,33.690657150530555,17.16644112488919,0,-1
2023-06-06 06:45:00,2023-06-06 06:45:59,7.119,7.099,7.099,7.119,7.102089255860548,7.109,7.099,7.119,True,0.016581337198378433,-0.0014815727946080916,0,7.135825302854089,7.1334342256649,-4.011195997740636,-0.0,7.149318544800437,7.149267442649658,48.33870021727779,31.868041819842404,0,-1
2023-06-06 06:46:00,2023-06-06 06:46:59,7.099,7.084,7.082,7.099,7.105544627930274,7.091,7.082,7.105544627930274,True,0.01661124168420857,-0.0020911898937042515,0,7.134629764259494,7.132248350825202,-6.900887160113307,-0.0,7.148738260772571,7.148618015359612,49.25639230364512,43.761916557151096,0,-2
2023-06-06 06:47:00,2023-06-06 06:47:59,7.085,7.099,7.075,7.107,7.098272313965137,7.0915,7.075,7.107,True,0.017710438706765103,-0.0012723707567835543,0,7.133439057542349,7.131035126203037,-5.117239316328117,-0.0,7.148168725839511,7.1481243037639945,39.762626435905474,45.78590631894273,0,-1
2023-06-06 06:48:00,2023-06-06 06:48:59,7.099,7.088,7.083,7.099,7.094886156982568,7.092250000000001,7.083,7.099,True,0.01758826451342474,-0.0013475669766733374,0,7.132237091872693,7.129813838713525,-6.11074814432402,-0.0,7.147612320607277,7.147526051985248,39.44269735487183,42.82057203147408,0,-2
2023-06-06 06:49:00,2023-06-06 06:49:59,7.088,7.09,7.081,7.091,7.093568078491284,7.0875,7.081,7.093568078491284,True,0.01704624561960867,-0.0011037666549687988,0,7.131025465293109,7.128561992551363,-6.218412191309412,-0.0,7.147014188063921,7.146953653458032,44.00438760480345,41.069903798526845,0,-1
2023-06-06 06:50:00,2023-06-06 06:50:59,7.091,7.086,7.082,7.093,7.090534039245642,7.088,7.082,7.093,True,0.016614370932493773,-0.0010742979442357851,0,7.129793728922236,7.127298106859017,-7.224234949791807,-0.0,7.146426982212539,7.146347149443524,48.918597742678884,44.12189423411798,0,-1
2023-06-06 06:51:00,2023-06-06 06:51:59,7.087,7.092,7.087,7.098,7.089267019622821,7.090999999999999,7.087,7.098,True,0.016284773008744185,-0.0004972560245983665,0,7.1285459178906265,7.12605399715023,-5.84598454669613,-0.0,7.145875469951718,7.145806381787369,50.32436461309167,47.749116653524595,0,-1
2023-06-06 06:52:00,2023-06-06 06:52:59,7.092,7.093,7.087,7.099,7.090133509811411,7.09275,7.087,7.099,True,0.01597871779383392,6.585543620031206e-05,0,7.127299957520428,7.124845999989108,-4.56737458187434,-0.0,7.145346858310407,7.145280945152669,58.09359392371775,52.44551875982936,0,-1
2023-06-06 06:53:00,2023-06-06 06:53:59,7.094,7.097,7.09,7.099,7.091441754905706,7.095,7.09,7.099,True,0.015480237951417234,0.0008002846401687774,0,7.126072978754768,7.123690160028711,-2.1735690964849397,-0.0,7.144845894546124,7.144800537738214,68.58812466757875,59.00202773479598,0,-1
2023-06-06 06:54:00,2023-06-06 06:54:59,7.097,7.106,7.097,7.108,7.093220877452852,7.102,7.097,7.108,True,0.015160220954887378,0.0019540521927834294,0,7.124881569391739,7.122631341534822,2.4800312966851195,0.0,7.1444195672372075,7.144414462735844,81.95367901236739,69.54513253455455,0,-1
2023-06-06 06:55:00,2023-06-06 06:55:59,7.105,7.103,7.099,7.106,7.097610438726426,7.103250000000001,7.099,7.106,True,0.014577348029538256,0.002501085584049526,0,7.123756455463281,7.121664749674043,4.102241091493305,4.102241091493305,7.144009919802011,7.144002378529517,92.69753073947481,81.07977813980692,0,-1
2023-06-06 06:56:00,2023-06-06 06:56:59,7.104,7.116,7.101,7.117,7.100430219363213,7.1095,7.101,7.117,True,0.01467896602742838,0.003724345535743929,0,7.122710602568662,7.12082028198486,9.051637164554272,9.051637164554272,7.143666537515424,7.143723747897382,99.99999999999984,91.55040325061394,0,2
2023-06-06 06:57:00,2023-06-06 06:57:59,7.116,7.124,7.115,7.124,7.104965109681606,7.119749999999999,7.115,7.124,True,0.014273325596897743,0.004980947077188939,0,7.121765442276761,7.120148083361747,14.082654480434769,14.082654480434769,7.143428562017758,7.143527491699398,99.99999999999984,97.56584357982474,0,2
2023-06-06 06:58:00,2023-06-06 06:58:59,7.124,7.118,7.114,7.124,7.112357554840802,7.12,7.114,7.124,True,0.013968088054262176,0.005234553973857506,0,7.1209567628192545,7.119617840649131,14.202517407240876,14.202517407240876,7.143195441997681,7.143273486806867,99.99999999999984,99.99999999999976,0,2
2023-06-06 06:59:00,2023-06-06 06:59:59,7.118,7.126,7.117,7.127,7.1161787774204015,7.122,7.117,7.127,True,0.013684653193243435,0.005779761486095832,0,7.1202873017341926,7.119216720978997,16.334409736016624,16.334409736016624,7.142984542077306,7.143101611316251,99.99999999999984,99.99999999999976,1,2
2023-06-06 07:00:00,2023-06-06 07:00:59,7.126,7.127,7.117,7.132,7.119089388710201,7.125500000000001,7.117,7.132,True,0.013778606536583167,0.005999582672934084,0,7.119752011356595,7.118944026617922,18.00373923795229,18.00373923795229,7.142810566534248,7.142941396278278,99.99999999999984,99.99999999999976,0,2
2023-06-06 07:01:00,2023-06-06 07:01:59,7.128,7.135,7.127,7.136,7.122294694355101,7.1315,7.127,7.136,True,0.013437277498255823,0.006469366879903835,0,7.119348018987258,7.118815479759936,20.984036738930868,20.984036738930868,7.142698023583658,7.142862377409838,99.99999999999984,99.99999999999976,0,2
2023-06-06 07:02:00,2023-06-06 07:02:59,7.135,7.139,7.131,7.141,7.12689734717755,7.1365,7.131,7.141,True,0.013191757676951821,0.006794819533242336,0,7.119081749373597,7.11883560853034,23.777683906019874,23.777683906019874,7.142636351707203,7.142823945793819,99.99999999999984,99.99999999999976,0,2
2023-06-06 07:03:00,2023-06-06 07:03:59,7.139,7.148,7.139,7.154,7.131698673588775,7.145,7.139,7.154,True,0.013320917842883811,0.0073441088188452765,0,7.1189586789519685,7.119030971603228,27.159177564650932,27.159177564650932,7.142659870595689,7.142875448820746,99.99999999999984,99.99999999999976,0,2
2023-06-06 07:04:00,2023-06-06 07:04:59,7.148,7.143,7.134,7.149,7.138349336794388,7.1435,7.134,7.149,True,0.013440852282677801,0.0070414629896788416,0,7.118994825277598,7.119352665881173,25.823419444682017,25.823419444682017,7.14266823009225,7.142876688135963,98.43479958075216,99.4782665269172,0,2
2023-06-06 07:05:00,2023-06-06 07:05:59,7.143,7.132,7.129,7.144,7.140924668397194,7.136999999999999,7.129,7.144,True,0.013552219976772284,0.005778678371717797,0,7.119173745579386,7.119727017527919,18.762140352418783,18.762140352418783,7.142611829792824,7.142768462383366,90.02907136510873,96.15462364862016,0,1
2023-06-06 07:06:00,2023-06-06 07:06:59,7.133,7.144,7.132,7.148,7.138962334198596,7.13925,7.132,7.148,True,0.013727061407002835,0.005519539367242425,0,7.119450381553652,7.120155695633827,17.81722906999525,17.81722906999525,7.14257837875011,7.142780716489003,82.45845479327159,90.30744191304409,0,2
2023-06-06 07:07:00,2023-06-06 07:07:59,7.145,7.153,7.145,7.153,7.139106167099298,7.148999999999999,7.145,7.153,True,0.01338941416364545,0.005706197009618167,1,7.11980303859374,7.120691099524182,19.2655079162965,19.2655079162965,7.1426422754789645,7.142882400902048,81.2066212299273,84.56471579610246,0,2
2023-06-06 07:08:00,2023-06-06 07:08:59,7.153,7.157,7.15,7.157,7.1440530835496485,7.15425,7.15,7.157,True,0.012933027437670752,0.005820521900937162,0,7.120247069058961,7.121342876518309,21.056080011253542,21.056080011253542,7.1427577752254425,7.143022874524913,89.61234944557071,84.42580848958978,0,2
2023-06-06 07:09:00,2023-06-06 07:09:59,7.156,7.145,7.145,7.157,7.149151541774824,7.1507499999999995,7.145,7.157,True,0.0128663826206943,0.004776302750083945,0,7.1207949727886355,7.1220577892699914,16.217256596030154,16.217256596030154,7.142837299850065,7.143042547415212,91.08414229121229,87.30103765557003,0,1
2023-06-06 07:10:00,2023-06-06 07:10:59,7.145,7.15,7.145,7.156,7.149950770887411,7.148999999999999,7.145,7.156,True,0.012733069576359002,0.004187848959554459,0,7.1214263810293135,7.122805497324781,14.557803372240471,14.557803372240471,7.142898620249567,7.143111775799141,80.38811319062434,87.02820164246903,0,1
2023-06-06 07:11:00,2023-06-06 07:11:59,7.15,7.16,7.15,7.163,7.149475385443705,7.15575,7.15,7.163,True,0.012752136035190495,0.004256501639176482,0,7.122115939177047,7.1236202074583135,16.113597654985526,16.113597654985526,7.143026494674944,7.14327981783099,75.12408302915573,82.19877950366403,0,2
2023-06-06 07:12:00,2023-06-06 07:12:59,7.161,7.176,7.159,7.177,7.152612692721853,7.16825,7.159,7.177,True,0.013126983461248302,0.005151390583045609,0,7.12286807331768,7.124567842315017,20.058597636187045,20.058597636187045,7.143277474827433,7.143605391782921,81.2229067553513,78.91170099171036,0,2
2023-06-06 07:13:00,2023-06-06 07:13:59,7.175,7.17,7.163,7.175,7.160431346360927,7.17075,7.163,7.175,True,0.013117913214016274,0.005023306015245071,0,7.123717957816349,7.125630780616847,19.749242380431312,19.749242380431312,7.143550833286861,7.143868024700503,94.73596983853126,83.69431987434602,0,2
2023-06-06 07:14:00,2023-06-06 07:14:59,7.171,7.182,7.169,7.185,7.165590673180463,7.17675,7.169,7.185,True,0.013323776555872255,0.005465672890674553,0,7.1246743692165975,7.126818371625547,21.74018951009195,21.74018951009195,7.143881173254156,7.144247447340299,99.99999999999984,91.98629219796072,0,2
2023-06-06 07:15:00,2023-06-06 07:15:59,7.181,7.165,7.165,7.181,7.171170336590231,7.173,7.165,7.181,True,0.013586363944738547,0.004259497740885887,0,7.125746370421072,7.128070225461725,16.345268290999655,16.345268290999655,7.144170912823767,7.14445394040159,90.4417649813156,95.05924493994883,0,1
2023-06-06 07:16:00,2023-06-06 07:16:59,7.166,7.159,7.157,7.17,7.172085168295116,7.163,7.157,7.172085168295116,True,0.013544480805828643,0.0027889759411257754,0,7.126908297941398,7.129295474190641,10.871566749468478,10.871566749468478,7.144358266925023,7.144598677313017,58.17269881754097,82.87148793295206,0,1
2023-06-06 07:17:00,2023-06-06 07:17:59,7.159,7.166,7.158,7.167,7.167542584147558,7.1625,7.158,7.167542584147558,True,0.0132198750339837,0.0021004445089785623,0,7.12810188606602,7.130487939490488,9.296787430416558,0.0,7.144538781681988,7.144811625797464,24.84462254255605,57.819695447137455,0,1
2023-06-06 07:18:00,2023-06-06 07:18:59,7.166,7.149,7.146,7.166,7.165021292073779,7.156750000000001,7.146,7.166,True,0.01370416967441347,0.00029926386123908626,0,7.129294912778254,7.131606961471049,3.2708798970124704,0.0,7.144660286341869,7.144853301162664,1.0695242279069674,28.028948529334574,0,1
2023-06-06 07:19:00,2023-06-06 07:19:59,7.148,7.152,7.143,7.153,7.16088564603689,7.149,7.143,7.16088564603689,True,0.013439586126241064,-0.0007694692524961144,0,7.130450937124651,7.132607310087161,0.2979877764404364,0.0,7.144703467572299,7.144924412593881,0.00525705834826562,8.639801276270342,0,1
2023-06-06 07:20:00,2023-06-06 07:20:59,7.153,7.144,7.138,7.161,7.154942823018445,7.149000000000001,7.138,7.161,True,0.014122472831509537,-0.0020696981158711755,0,7.131529123605906,7.1335073628735195,-3.8381652777358966,-3.8381652777358966,7.144746219138744,7.144915214458619,6.563823211747168e-13,0.35826042875187714,0,1
2023-06-06 07:21:00,2023-06-06 07:21:59,7.145,7.142,7.139,7.146,7.151971411509223,7.143,7.139,7.151971411509223,True,0.013613724772115976,-0.0030464107751631605,0,7.132518243239713,7.134281110347695,-7.124575338931969,-7.124575338931969,7.1447288438239305,7.144886207349578,6.563823211747168e-13,0.0017523527831067832,0,1
2023-06-06 07:22:00,2023-06-06 07:22:59,7.143,7.151,7.14,7.155,7.147485705754612,7.1472500000000005,7.14,7.155,True,0.01371274443125059,-0.0030108484536829176,0,7.1333996767937045,7.134979267550535,-5.3991677741215796,-5.3991677741215796,7.144753929955035,7.144947041107294,3.5555632619340507,1.1851877539783684,0,1
2023-06-06 07:23:00,2023-06-06 07:23:59,7.15,7.16,7.144,7.16,7.147367852877306,7.1535,7.144,7.16,True,0.013876119829018405,-0.0023175003738372304,0,7.13418947217212,7.135656003546936,-1.110732236231307,-0.0,7.144840955527622,7.1450968217927935,11.943689193243285,5.166417485059244,0,2
2023-06-06 07:24:00,2023-06-06 07:24:59,7.161,7.167,7.161,7.17,7.150433926438653,7.16475,7.161,7.17,True,0.013599254126945648,-0.0013633627617615808,0,7.134922737859529,7.13638841831222,3.7994183793689373,0.0,7.145039055472621,7.145314763864507,27.65209756290677,14.383783339361282,0,2
2023-06-06 07:25:00,2023-06-06 07:25:59,7.168,7.14,7.137,7.168,7.157591963219327,7.15325,7.137,7.168,True,0.014842164546449573,-0.00261265823835051,0,7.135655578085874,7.137080741989777,-1.43242075351138,-0.0,7.145120756413192,7.145261880641974,30.099306981273457,23.231697912474417,0,1
2023-06-06 07:26:00,2023-06-06 07:26:59,7.139,7.153,7.138,7.153,7.155420981609663,7.14575,7.138,7.155420981609663,True,0.014853438507417438,-0.0024833271341517024,0,7.136368160037826,7.137685293619348,-1.0387581417323943,-0.0,7.145127017543409,7.145338876854492,22.347365373555537,26.699589972578497,0,1
2023-06-06 07:27:00,2023-06-06 07:27:59,7.153,7.153,7.139,7.154,7.150585490804831,7.14975,7.139,7.154,True,0.014863907185459027,-0.0023558526050359505,0,7.137026726828587,7.138244038085035,-0.7763164005463992,-0.0,7.1451730173688475,7.145415106935542,10.08360189632704,20.843424750385253,0,1
2023-06-06 07:28:00,2023-06-06 07:28:59,7.153,7.158,7.15,7.159,7.150167745402415,7.154999999999999,7.15,7.159,True,0.014445056672211914,-0.001888598321926999,0,7.1376353824568115,7.138798905250404,0.9792876283145091,0.0,7.14527079829055,7.145540329752103,12.161262494330614,14.864076588070972,0,2
2023-06-06 07:29:00,2023-06-06 07:29:59,7.157,7.169,7.157,7.169,7.152583872701207,7.163,7.157,7.169,True,0.014270409767053889,-0.0008081327929110281,0,7.138217143853608,7.139401801318848,5.175118151938534,0.0,7.145447208257808,7.145773759306809,33.506015441799654,18.58362661081901,0,2
2023-06-06 07:30:00,2023-06-06 07:30:59,7.169,7.154,7.146,7.173,7.157791936350604,7.160500000000001,7.146,7.173,True,0.015179666212264336,-0.0011612558612434012,0,7.138809472586228,7.1400212217136,2.758758410518169,0.0,7.145596987280118,7.145855612448035,48.75018680314014,31.472488246423378,0,1
2023-06-06 07:31:00,2023-06-06 07:31:59,7.153,7.139,7.139,7.153,7.159145968175302,7.146,7.139,7.159145968175302,True,0.01516683291138829,-0.0024234874100808636,0,7.139415347149915,7.140549916523783,-2.4938200329569113,-0.0,7.145600997356933,7.1457873973988,40.66975352483649,40.97531858992534,0,1
2023-06-06 07:32:00,2023-06-06 07:32:59,7.14,7.141,7.135,7.146,7.1525729840876515,7.140499999999999,7.135,7.1525729840876515,True,0.014869201989146277,-0.0030471428010040687,0,7.139982631836849,7.140965819185497,-5.256572403246373,-5.256572403246373,7.145550241164327,7.145739761603788,18.68881625377533,36.03625219391723,0,-2
2023-06-06 07:33:00,2023-06-06 07:33:59,7.141,7.137,7.137,7.143,7.1465364920438255,7.1395,7.137,7.1465364920438255,True,0.01423568756135013,-0.0036363919477058835,0,7.1404742255111735,7.141283205197477,-8.116472824846348,-8.116472824846348,7.145490039759706,7.14565279880176,-1.4210854715202004e-13,19.7861899262038,0,-2
2023-06-06 07:34:00,2023-06-06 07:34:59,7.137,7.134,7.132,7.137,7.143018246021913,7.135,7.132,7.143018246021913,True,0.013575995592682256,-0.004102431925110979,0,7.140878715354326,7.141489975967133,-10.812635744732589,-10.812635744732589,7.145385661254634,7.145536850554977,-1.4210854715202004e-13,6.2296054179249225,-1,-2
2023-06-06 07:35:00,2023-06-06 07:35:59,7.134,7.124,7.123,7.139,7.139009123010956,7.13,7.123,7.139009123010956,True,0.013749138764633526,-0.0049411913109328924,-1,7.141184345660729,7.141573934593897,-14.948744612831831,-14.948744612831831,7.145232570097872,7.145322553534529,-1.4210854715202004e-13,-2.3447910280083306e-13,0,-2
2023-06-06 07:36:00,2023-06-06 07:36:59,7.123,7.122,7.119,7.124,7.134504561505478,7.122,7.119,7.134504561505478,True,0.01312420028144541,-0.005426627939713261,0,7.141379140127313,7.141505737803689,-18.129798071949423,-18.129798071949423,7.1450014002461515,7.14509048832523,-1.4210854715202004e-13,-2.3447910280083306e-13,0,-2
2023-06-06 07:37:00,2023-06-06 07:37:59,7.122,7.104,7.104,7.123,7.128252280752739,7.11325,7.104,7.128252280752739,True,0.013543900261342176,-0.006750118532543141,0,7.141442438965501,7.141258181580842,-23.131846969171633,-23.131846969171633,7.144685465915344,7.1446816277448795,-1.4210854715202004e-13,-2.3447910280083306e-13,0,-2
2023-06-06 07:38:00,2023-06-06 07:38:59,7.105,7.109,7.103,7.111,7.1207511403763695,7.107,7.103,7.1207511403763695,True,0.013147907385532022,-0.0069678511823980166,0,7.141350310273171,7.140828231267617,-23.653957497497988,-23.653957497497988,7.144310486154992,7.144326586672791,-1.4210854715202004e-13,-2.3447910280083306e-13,0,-2
2023-06-06 07:39:00,2023-06-06 07:39:59,7.107,7.119,7.105,7.128,7.113875570188185,7.11475,7.105,7.128,True,0.013851628286565427,-0.006106668494340677,0,7.141089270770394,7.1403108039625725,-19.124912744184606,-19.124912744184606,7.144016351964395,7.144074580835251,7.109597399554499,2.3698657998513126,0,-1
2023-06-06 07:40:00,2023-06-06 07:40:59,7.119,7.115,7.114,7.124,7.114312785094093,7.117999999999999,7.114,7.124,True,0.013576511980382167,-0.0055366292864689765,0,7.140700037366483,7.1397503539645175,-17.249490271301966,-17.249490271301966,7.14375748279062,7.143785281523457,17.034907337120462,8.04816824555818,0,-2
2023-06-06 07:41:00,2023-06-06 07:41:59,7.115,7.114,7.105,7.116,7.116156392547046,7.1125,7.105,7.116156392547046,True,0.013392475410354815,-0.004965663167714186,0,7.1402251956655,7.139122141331645,-16.305013864283893,-16.305013864283893,7.14344646306136,7.143488910563025,24.10632753912294,16.083610758599207,0,-1
2023-06-06 07:42:00,2023-06-06 07:42:59,7.114,7.126,7.11,7.127,7.114328196273522,7.11925,7.11,7.127,True,0.013650155738186577,-0.0035201972095928024,0,7.139673668498572,7.138491201084963,-9.969266410302431,-9.969266410302431,7.143205702234878,7.143314891552447,29.908067186030554,23.683100687424556,0,-1
2023-06-06 07:43:00,2023-06-06 07:43:59,7.126,7.128,7.121,7.135,7.116789098136762,7.1274999999999995,7.121,7.135,True,0.013675144614030346,-0.0022542058314714104,0,7.139082434791767,7.137919046063407,-4.949778031272011,-4.949778031272011,7.14304942659075,7.143162504571825,40.579532224319905,31.531308983157704,0,-1
2023-06-06 07:44:00,2023-06-06 07:44:59,7.128,7.133,7.124,7.134,7.122144549068381,7.12975,7.124,7.134,True,0.013412634284456798,-0.0009516960708948552,0,7.138500740427587,7.137412536047717,0.36502606533716886,0.0,7.142917093987856,7.1430613851233495,66.84144535565076,45.77634825533365,0,-1
2023-06-06 07:45:00,2023-06-06 07:45:59,7.132,7.11,7.108,7.132,7.12594727453419,7.1205,7.108,7.132,True,0.014240303264138481,-0.0016025022987157973,0,7.137956638237652,7.136897719167112,-4.64264199095404,-4.64264199095404,7.142694038326286,7.1427324161171475,77.95550676892863,61.79216144963301,0,-2
2023-06-06 07:46:00,2023-06-06 07:46:59,7.108,7.106,7.103,7.115,7.123223637267095,7.1080000000000005,7.103,7.123223637267095,True,0.014080281602414337,-0.0021814937638276934,0,7.1374271787023815,7.136294131131321,-8.931661165436338,-8.931661165436338,7.142348824014581,7.142366919439365,70.9141755777851,71.90370923412141,0,-2
2023-06-06 07:47:00,2023-06-06 07:47:59,7.108,7.108,7.105,7.112,7.115611818633548,7.10825,7.105,7.115611818633548,True,0.01357454720224186,-0.002273069057369785,0,7.136860654916851,7.135626509462448,-10.751854872426946,-10.751854872426946,7.142009532233342,7.142024960041958,51.46760580282251,66.77909604984532,0,-2
2023-06-06 07:48:00,2023-06-06 07:48:59,7.107,7.098,7.097,7.107,7.111930909316774,7.10225,7.097,7.111930909316774,True,0.013390650973510243,-0.0028645493409992836,0,7.136243582189649,7.134871887877777,-14.540423276024114,-14.540423276024114,7.141613914997189,7.141586900738058,36.6261146742558,53.002632018287706,0,-2
2023-06-06 07:49:00,2023-06-06 07:49:59,7.098,7.113,7.098,7.113,7.107090454658387,7.1055,7.098,7.113,True,0.013505604475402411,-0.0020337147167646154,0,7.1355577350337125,7.134076246610411,-10.314849700925265,-10.314849700925265,7.141254572559406,7.141302453964545,36.89184023206551,41.66185356971451,0,-1
2023-06-06 07:50:00,2023-06-06 07:50:59,7.112,7.101,7.101,7.112,7.106295227329193,7.1065000000000005,7.101,7.112,True,0.013398061298587987,-0.002168720964262686,0,7.1348169908220616,7.133260630267078,-10.905165470040878,-10.905165470040878,7.140908755917024,7.140901434522111,38.28414591213937,37.2673669394868,0,-2
2023-06-06 07:51:00,2023-06-06 07:51:59,7.101,7.095,7.095,7.101,7.106397613664597,7.098,7.095,7.106397613664597,True,0.012869628348688862,-0.002507142056552428,0,7.13403881054457,7.132376564362004,-12.726996577811143,-12.726996577811143,7.14048180312183,7.140444703830349,37.163921090761086,37.446635744988555,0,-2
2023-06-06 07:52:00,2023-06-06 07:52:59,7.096,7.097,7.095,7.1,7.102198806832298,7.0969999999999995,7.095,7.102198806832298,True,0.012307512038068222,-0.002409217934873172,0,7.133207687453287,7.13143781220441,-12.984691729996918,-12.984691729996918,7.140049148364398,7.140012418220097,23.34275174823959,32.93027291704659,0,-2
2023-06-06 07:53:00,2023-06-06 07:53:59,7.097,7.094,7.094,7.098,7.099599403416149,7.09575,7.094,7.099599403416149,True,0.011714118321063319,-0.002372503593893984,0,7.132322749828849,7.130453869684422,-14.035262800370333,-14.035262800370333,7.139608360818484,7.139554583212932,8.06368250979498,22.85678511626512,0,-2
2023-06-06 07:54:00,2023-06-06 07:54:59,7.093,7.086,7.08,7.093,7.097674701708074,7.088,7.08,7.097674701708074,True,0.011877395583844527,-0.0027159953164911793,0,7.131388309756636,7.129387926124539,-16.85480726289496,-16.85480726289496,7.139094844790439,7.139021701787928,-1.5395092608135505e-13,10.468811419344707,0,-2
2023-06-06 07:55:00,2023-06-06 07:55:59,7.085,7.092,7.085,7.097,7.092837350854037,7.08975,7.085,7.097,True,0.01188615304214138,-0.0023254455427422875,0,7.130388117940588,7.128276742936744,-15.241700352045946,-15.241700352045946,7.138603851309938,7.138553824158198,3.1459141290016164,3.7365322129320493,0,-1
2023-06-06 07:56:00,2023-06-06 07:56:59,7.092,7.092,7.092,7.097,7.091293675427019,7.09325,7.092,7.097,True,0.011394284967702766,-0.0018854822843935443,0,7.129332430438666,7.127161579892241,-14.166295744813276,-14.166295744813276,7.138152569207351,7.13809060202727,12.569450675653949,5.238454934885039,0,-1
2023-06-06 07:57:00,2023-06-06 07:57:59,7.092,7.078,7.078,7.092,7.092271837713509,7.085,7.078,7.092271837713509,True,0.011580407470009666,-0.002390246809585583,0,7.128247005165453,7.125994330909401,-17.588391552647074,-17.588391552647074,7.137623687921706,7.137492685589187,14.85053575934436,10.18863352133321,0,-2
2023-06-06 07:58:00,2023-06-06 07:58:59,7.079,7.08,7.077,7.081,7.088635918856754,7.079249999999999,7.077,7.088635918856754,True,0.011038949793580435,-0.002382098569111894,0,7.127120668037427,7.124754631755437,-18.553175442230167,-18.553175442230167,7.137042855206067,7.136920619065911,11.704621630342592,13.041536021780203,0,-2
2023-06-06 07:59:00,2023-06-06 07:59:59,7.079,7.075,7.074,7.082,7.083942959428377,7.077500000000001,7.074,7.083942959428377,True,0.010821881951181833,-0.002518813223071013,0,7.125937649896431,7.123454390865743,-20.5476117842739,-20.5476117842739,7.136450388985111,7.136304493503067,2.2810850836902574,9.612080824458973,0,-2
2023-06-06 08:00:00,2023-06-06 08:00:59,7.076,7.07,7.069,7.077,7.080721479714189,7.073,7.069,7.080721479714189,True,0.010620318954668846,-0.0027389356157866175,0,7.124696020381087,7.122084531291416,-23.07813491229301,-23.07813491229301,7.13581904183103,7.1356447472990565,-1.5395092608135505e-13,4.661902238010802,0,-2
2023-06-06 08:01:00,2023-06-06 08:01:59,7.07,7.091,7.069,7.094,7.076860739857095,7.081,7.069,7.094,True,0.011647439029335382,-0.0012157717442286033,0,7.123390275836252,7.120724147638275,-13.923156455988021,-13.923156455988021,7.135273578728234,7.135200520957772,22.59338260405653,8.29148922924878,0,-1
2023-06-06 08:02:00,2023-06-06 08:02:59,7.092,7.075,7.07,7.098,7.078930369928548,7.08375,7.07,7.098,True,0.012815479098668538,-0.0011690648099295792,0,7.122057211737264,7.119399426047631,-12.817361038405949,-12.817361038405949,7.134760906303077,7.134601510798989,52.33646070308972,24.976614435715266,0,-1
2023-06-06 08:03:00,2023-06-06 08:03:59,7.075,7.074,7.065,7.076,7.081340184964274,7.072500000000001,7.065,7.081340184964274,True,0.01268580202019216,-0.001048549423447797,0,7.120728318892448,7.118034683484517,-12.346155602086704,-12.346155602086704,7.134141394797574,7.133998510691536,67.15120844812458,47.36035058509018,0,-1
2023-06-06 08:04:00,2023-06-06 08:04:59,7.075,7.081,7.066,7.081,7.076920092482137,7.07575,7.066,7.081,True,0.012851101875892761,-0.00033544216209318786,0,7.1193815011884825,7.1166700941699235,-9.055783636189275,-0.0,7.133560385894115,7.133471162326447,70.49685937188116,63.32817617436506,0,-1
2023-06-06 08:05:00,2023-06-06 08:05:59,7.081,7.091,7.078,7.096,7.076335046241068,7.0865,7.078,7.096,True,0.013218880313328978,0.0009350387726081467,0,7.118025797679203,7.115388744475108,-3.3719994232544863,-0.0,7.133092123347905,7.133048563696333,74.08711460618129,70.57839414206224,0,-1
2023-06-06 08:06:00,2023-06-06 08:06:59,7.09,7.073,7.07,7.09,7.081417523120534,7.08075,7.07,7.09,True,0.013774674576662616,0.000587310254522147,0,7.116707271077155,7.114142270224986,-5.405291821940253,-0.0,7.132571306200164,7.132451065550101,86.58884951482389,77.05760783096201,0,-2
2023-06-06 08:07:00,2023-06-06 08:07:59,7.074,7.065,7.063,7.076,7.081083761560267,7.0695,7.063,7.081083761560267,True,0.013719340678329566,-0.00010627249917248907,0,7.11542477065107,7.112854618832694,-8.630528323133973,-0.0,7.131943731014093,7.131779910669006,77.75628922980236,79.4774177836024,0,-2
2023-06-06 08:08:00,2023-06-06 08:08:59,7.065,7.066,7.062,7.07,7.075291880780133,7.06575,7.062,7.075291880780133,True,0.01331081634416317,-0.0003750037901335476,0,7.114139694741882,7.111517654056721,-10.339482299147555,-0.0,7.131285086924401,7.1311253841946876,58.492012187106184,74.27905031057738,0,-2
2023-06-06 08:09:00,2023-06-06 08:09:59,7.066,7.069,7.064,7.07,7.070520940390066,7.06725,7.064,7.070520940390066,True,0.012788615176722959,-0.00021923501001807483,0,7.112828674399301,7.1101613291023495,-10.028909743804526,-0.0,7.130647921880377,7.130507221167875,47.71323855567663,61.32051332419496,0,-1
2023-06-06 08:10:00,2023-06-06 08:10:59,7.069,7.066,7.063,7.07,7.068885470195033,7.067,7.063,7.07,True,0.012375142664099932,-0.00020707827610237303,0,7.111495001750825,7.1087973523090975,-10.845745728576617,-0.0,7.130014609224851,7.129865358270682,46.91685030332166,51.04070034870139,0,-1
2023-06-06 08:11:00,2023-06-06 08:11:59,7.066,7.073,7.065,7.074,7.067942735097517,7.0695,7.065,7.074,True,0.012134061045235612,0.00039773543381130955,0,7.110146177029961,7.1074538621592875,-7.749109170467115,-0.0,7.129412473809678,7.129299533810277,53.664837436125396,49.43164209837446,0,-1
2023-06-06 08:12:00,2023-06-06 08:12:59,7.073,7.071,7.068,7.073,7.068721367548758,7.07125,7.068,7.073,True,0.011624485256290267,0.0007407728988903031,0,7.108800019594624,7.10614772592018,-6.597911976264484,-0.0,7.128833742726995,7.128719438946494,61.135616221378996,53.90576798694192,0,-1
2023-06-06 08:13:00,2023-06-06 08:13:59,7.071,7.073,7.07,7.087,7.069985683774378,7.07525,7.07,7.087,True,0.012008450595126638,0.0011722386151647377,0,7.107473872757402,7.104907404415152,-4.680265054113185,-0.0,7.128300571157572,7.128165016668419,76.02358501094719,63.60801288948375,0,-1
2023-06-06 08:14:00,2023-06-06 08:14:59,7.074,7.069,7.065,7.076,7.072617841887189,7.071000000000001,7.065,7.076,True,0.011936418409760395,0.00122816154231295,0,7.106190638586277,7.103698249717951,-5.570198127976724,-0.0,7.127730416220681,7.127576310034902,77.83488846821511,71.664696566847,0,-1
2023-06-06 08:15:00,2023-06-06 08:15:59,7.07,7.06,7.053,7.07,7.071808920943594,7.06325,7.053,7.071808920943594,True,0.012298102809063249,0.0006939114302240371,0,7.104944444152114,7.102468755712998,-9.906025612909026,-0.0,7.12708882003938,7.126903908940028,64.0521482484453,72.63687390920244,0,-2
2023-06-06 08:16:00,2023-06-06 08:16:59,7.06,7.072,7.059,7.075,7.067529460471797,7.0665,7.059,7.075,True,0.012562524036987304,0.0012409502048521936,0,7.103706599932556,7.1012539825206735,-6.021796196526218,-0.0,7.126485946208143,7.126357601388386,51.90498490301521,64.59734053989177,0,-1
2023-06-06 08:17:00,2023-06-06 08:17:59,7.072,7.082,7.071,7.083,7.067014730235899,7.077,7.071,7.083,True,0.012522343748631102,0.002323345522554674,0,7.102480291226614,7.100131174930005,0.24483692993657513,0.0,7.125993548733435,7.125916232220342,62.60997135563972,59.522368169033314,0,-1
2023-06-06 08:18:00,2023-06-06 08:18:59,7.082,7.06,7.056,7.086,7.072007365117949,7.071,7.056,7.086,True,0.013770747766586041,0.0015051889615595362,0,7.10130573307831,7.099047309777626,-3.453574451473436,-0.0,7.12544634924355,7.1252603493126765,76.47939901835072,63.664785092335116,0,-2
2023-06-06 08:19:00,2023-06-06 08:19:59,7.06,7.073,7.06,7.074,7.0715036825589745,7.066749999999999,7.06,7.074,True,0.013787122926115626,0.0018925435393430425,0,7.100176521427969,7.097972381228652,-1.6461745804176786,-0.0,7.124862305967494,7.124740345836928,75.42881062976562,71.50606033458526,0,-1
2023-06-06 08:20:00,2023-06-06 08:20:59,7.073,7.06,7.058,7.073,7.069126841279487,7.066,7.058,7.073,True,0.013873757002821693,0.0012559595318662829,0,7.099074451328311,7.09690671788578,-3.936761702091772,-0.0,7.124276611380753,7.124096163291287,59.01718769322099,70.30846578044567,0,-2
2023-06-06 08:21:00,2023-06-06 08:21:59,7.059,7.06,7.058,7.063,7.067563420639743,7.06,7.058,7.067563420639743,True,0.01323991721690585,0.0008753272319981086,0,7.097990584607046,7.095814494307871,-5.463819783207832,-0.0,7.123637043108308,7.123458390522219,43.448248274178034,59.29808219905479,0,-2
2023-06-06 08:22:00,2023-06-06 08:22:59,7.06,7.06,7.055,7.063,7.063781710319871,7.059499999999999,7.055,7.063781710319871,True,0.01286563741569829,0.0006758360541343801,0,7.096902539457458,7.094705422953682,-6.481858503951877,-0.0,7.1229988635748915,7.122826963750854,30.951955682287984,44.472463883228905,0,-2
2023-06-06 08:23:00,2023-06-06 08:23:59,7.061,7.063,7.058,7.064,7.061640855159935,7.0615,7.058,7.064,True,0.012375234743148429,0.0008070257834552202,0,7.09580398120557,7.093604418762624,-5.707870631418146,-0.0,7.122386934584097,7.122231670579204,24.920317177794942,33.10684037808689,0,-1
2023-06-06 08:24:00,2023-06-06 08:24:59,7.062,7.057,7.057,7.062,7.061570427579968,7.059500000000001,7.057,7.062,True,0.011919860832923495,0.0005276602407852434,0,7.094704199984097,7.0925035978385305,-7.5088525611518335,-0.0,7.121761193941469,7.121582599230157,22.68081460713833,26.184362489073653,0,-2
2023-06-06 08:25:00,2023-06-06 08:25:59,7.058,7.057,7.054,7.059,7.060535213789985,7.057,7.054,7.060535213789985,True,0.011425585059143237,0.00040596817480722906,0,7.093603898911314,7.091393321345369,-8.709507180974285,-0.0,7.121116803952002,7.120939986302494,19.04292010562257,22.214683963518514,0,-2
2023-06-06 08:26:00,2023-06-06 08:26:59,7.058,7.042,7.041,7.058,7.0587676068949925,7.0497499999999995,7.041,7.0587676068949925,True,0.011823757554918683,-0.0006375536700932612,0,7.092498610128342,7.090233475383546,-14.087464467998096,-14.087464467998096,7.120406686499743,7.120154513801971,8.152848213326912,16.625527642029173,0,-2
2023-06-06 08:27:00,2023-06-06 08:27:59,7.041,7.029,7.023,7.045,7.054258803447496,7.0344999999999995,7.023,7.054258803447496,True,0.012550632015281652,-0.002092030924052449,0,7.091366042755944,7.08893792958936,-19.925144608556618,-19.925144608556618,7.119551893599248,7.119247503714389,1.8661149525837797,9.687294423844321,0,-2
2023-06-06 08:28:00,2023-06-06 08:28:59,7.029,7.032,7.019,7.038,7.044379401723748,7.0295,7.019,7.044379401723748,True,0.013011301157047257,-0.002646341952018745,0,7.0901519861726525,7.0875101298674235,-21.933795532284545,-21.933795532284545,7.118655854856967,7.118379369349071,-1.9451107391432743e-13,3.3396543886367325,0,-2
2023-06-06 08:29:00,2023-06-06 08:29:59,7.033,7.037,7.021,7.041,7.036939700861874,7.033,7.021,7.041,True,0.013510493931543913,-0.0024523171094313293,0,7.088831058020038,7.086012015644716,-20.193729724763955,-20.193729724763955,7.117803557793714,7.117569624380424,5.334529127667422,2.400214693416902,0,-2
2023-06-06 08:30:00,2023-06-06 08:30:59,7.037,7.046,7.032,7.046,7.034969850430937,7.04025,7.032,7.046,True,0.013545458650719365,-0.0015048920404313344,0,7.087421536832378,7.084518563687937,-14.40706274331032,-14.40706274331032,7.117031880601736,7.11685748881445,20.845501886706362,8.726677004791098,0,-1
2023-06-06 08:31:00,2023-06-06 08:31:59,7.046,7.047,7.042,7.049,7.0376099252154685,7.045999999999999,7.042,7.049,True,0.013077925889953736,-0.0006590225758357666,0,7.085970050260158,7.083078480149493,-10.073931569943987,-0.0,7.116325095720127,7.116162389423261,47.875402638417256,24.685144550930247,0,-1
2023-06-06 08:32:00,2023-06-06 08:32:59,7.048,7.054,7.046,7.055,7.041804962607734,7.05075,7.046,7.055,True,0.012786645469242715,0.000495714795625676,0,7.084524265204826,7.081722884498132,-4.018061455540092,-0.0,7.115672607205498,7.115543858185219,75.87420684408296,48.198370456402095,0,-1
2023-06-06 08:33:00,2023-06-06 08:33:59,7.055,7.057,7.05,7.057,7.046277481303867,7.05475,7.05,7.057,True,0.012373313650011134,0.0015232043280800113,0,7.083123574851479,7.080470551836095,1.2316951157230562,0.0,7.115066412108926,7.114961332233127,93.69656741837736,72.48205896695909,0,-1
2023-06-06 08:34:00,2023-06-06 08:34:59,7.057,7.06,7.055,7.061,7.050513740651933,7.05825,7.055,7.061,True,0.01191807696072464,0.002419805189974913,0,7.081797063343787,7.0793321249077605,5.934902417631726,5.934902417631726,7.114501074675006,7.114414453305434,99.99999999999979,89.85692475415327,0,2
2023-06-06 08:35:00,2023-06-06 08:35:59,7.06,7.064,7.059,7.066,7.054381870325967,7.06225,7.059,7.066,True,0.011566785749244286,0.0032561476968759363,0,7.080564594125773,7.078318631837886,10.585451258346275,10.585451258346275,7.11398116348421,7.113912816954136,99.99999999999979,97.89885580612554,0,2
2023-06-06 08:36:00,2023-06-06 08:36:59,7.065,7.072,7.064,7.073,7.058315935162984,7.0685,7.064,7.073,True,0.011383443910012576,0.0042849508156730855,0,7.07944161298183,7.077453335360315,16.088817556549003,16.088817556549003,7.11352861459382,7.113495773999369,99.99999999999979,99.99999999999967,0,2
2023-06-06 08:37:00,2023-06-06 08:37:59,7.073,7.068,7.067,7.074,7.063407967581492,7.070499999999999,7.067,7.074,True,0.011070340773583083,0.004562141470352225,0,7.078447474171073,7.0767243740830486,16.530083563224963,16.530083563224963,7.1131004691749755,7.113043079730718,99.99999999999979,99.99999999999967,0,2
2023-06-06 08:38:00,2023-06-06 08:38:59,7.068,7.065,7.062,7.069,7.066953983790746,7.066,7.062,7.069,True,0.010779602146898553,0.004402069398068734,0,7.077585924127061,7.076076877131767,14.54218250247638,14.54218250247638,7.11263180779015,7.112565039136383,96.26817473710143,98.75605824570023,0,2
2023-06-06 08:39:00,2023-06-06 08:39:59,7.065,7.058,7.056,7.065,7.066476991895373,7.061000000000001,7.056,7.066476991895373,True,0.010652487707834394,0.0036850077302136366,0,7.076831400629414,7.075463654817589,8.747072574283479,8.747072574283479,7.112118058458904,7.112022103423583,88.68197468810047,94.9833831417338,0,1
2023-06-06 08:40:00,2023-06-06 08:40:59,7.059,7.054,7.052,7.06,7.063738495947687,7.0562499999999995,7.052,7.063738495947687,True,0.010463024300131938,0.002839727790178787,0,7.076147527723502,7.074849034472001,2.8117863365522737,0.0,7.111562157379711,7.111444769061159,77.70499938268529,87.55171626929564,0,1
2023-06-06 08:41:00,2023-06-06 08:41:59,7.055,7.064,7.052,7.065,7.059994247973844,7.059,7.052,7.065,True,0.010644236850122571,0.0029048658661066235,0,7.075498281097752,7.074256398320178,4.433455575510813,4.433455575510813,7.11103915083862,7.110972681806819,72.6450863453135,79.67735347203299,0,2
2023-06-06 08:42:00,2023-06-06 08:42:59,7.065,7.074,7.063,7.077,7.059497123986922,7.069749999999999,7.063,7.077,True,0.010883934217970974,0.0035509498544703645,0,7.074877339708965,7.073758893025207,9.094503403492858,9.094503403492858,7.110628313516842,7.110604794425657,78.75436021914099,76.36814864904649,1,2
2023-06-06 08:43:00,2023-06-06 08:43:59,7.073,7.076,7.071,7.078,7.064623561993461,7.0745,7.071,7.078,True,0.010606510345258802,0.003989256409022355,0,7.0743181163670865,7.073372288389715,12.806222889585108,12.806222889585108,7.110268827810207,7.110260468112964,89.73133552455617,80.37692736300346,0,2
2023-06-06 08:44:00,2023-06-06 08:44:59,7.076,7.077,7.074,7.077,7.069561780996731,7.075999999999999,7.074,7.077,True,0.010063188177740325,0.004198464922025814,0,7.073845202378401,7.073085940737485,15.611118502832241,15.611118502832241,7.109927844448911,7.109929518181492,98.52307382482631,89.00292318950773,0,2
2023-06-06 08:45:00,2023-06-06 08:45:59,7.078,7.072,7.072,7.078,7.072780890498365,7.075,7.072,7.078,True,0.00977296045075889,0.0038318782946489367,0,7.073465571557943,7.0728736296991945,13.527976505068132,13.527976505068132,7.1095803037081255,7.109552110040382,98.12379935537763,95.4594029015866,0,2
2023-06-06 08:46:00,2023-06-06 08:46:59,7.073,7.078,7.072,7.084,7.073890445249182,7.07675,7.072,7.084,True,0.00993203470427608,0.003857511060526172,0,7.073169600628568,7.072733071748299,14.759093420434098,14.759093420434098,7.109253634019487,7.109238158696697,98.12379935537763,98.25689084519375,0,2
2023-06-06 08:47:00,2023-06-06 08:47:59,7.079,7.072,7.069,7.079,7.07532022262459,7.07475,7.069,7.079,True,0.009936889368256345,0.0033064196918827864,0,7.072951336188433,7.072636247757812,11.359055450737316,11.359055450737316,7.108910314278,7.1088676297544415,93.23556248394918,96.49438706490137,0,1
2023-06-06 08:48:00,2023-06-06 08:48:59,7.073,7.076,7.066,7.076,7.075035111312295,7.07275,7.066,7.076,True,0.009941397270523733,0.0030875174427091043,0,7.072793791973122,7.07256079801053,11.07600849981496,11.07600849981496,7.108550510155831,7.108540588662358,85.32094590749082,92.2267692489391,0,2
2023-06-06 08:49:00,2023-06-06 08:49:59,7.076,7.072,7.071,7.076,7.073892555656148,7.07375,7.071,7.076,True,0.009588440322629174,0.002539601619200594,0,7.072677294991825,7.072509555084211,8.148049208325162,8.148049208325162,7.108204236422937,7.108177000715468,77.47395172010357,85.34348670384776,0,1
2023-06-06 08:50:00,2023-06-06 08:50:59,7.072,7.056,7.051,7.072,7.073821277828074,7.06275,7.051,7.073821277828074,True,0.010403551728155654,0.0009765653191055363,0,7.072593425038018,7.072402250241128,-0.6826068874782294,-0.0,7.107751955463505,7.107657826578996,49.96505865582484,70.91998542780631,0,1
2023-06-06 08:51:00,2023-06-06 08:51:59,7.056,7.054,7.054,7.059,7.068285638914038,7.055750000000001,7.054,7.068285638914038,True,0.010017583747573099,-0.00021419469657313036,0,7.072497837639572,7.0722035162378,-7.159425246263055,-7.159425246263055,7.107234523070834,7.107123917856817,26.422542543572018,51.28718430650003,0,1
2023-06-06 08:52:00,2023-06-06 08:52:59,7.055,7.057,7.045,7.064,7.062017819457019,7.05525,7.045,7.064,True,0.010659184908460743,-0.0007675971550972858,0,7.072350676938686,7.071930732408506,-9.341171392678397,-9.341171392678397,7.106717264134805,7.106625172405505,0.9362033976259312,25.77460153234082,-1,1
2023-06-06 08:53:00,2023-06-06 08:53:59,7.058,7.056,7.05,7.058,7.05863390972851,7.0555,7.05,7.05863390972851,True,0.010469243129284976,-0.0011571142954222304,0,7.072140704673596,7.071603235483498,-11.222391304206397,-11.222391304206397,7.106207639616051,7.106121439346744,0.46263890380468436,9.273794948334102,0,1
2023-06-06 08:54:00,2023-06-06 08:54:59,7.057,7.063,7.057,7.066,7.057066954864255,7.06075,7.057,7.066,True,0.010435725762907463,-0.0008727254411980978,0,7.071871970078547,7.071270930113836,-7.525585175221387,-7.525585175221387,7.105755324794001,7.1056923702985175,10.370608072291246,3.923150124573844,0,2
2023-06-06 08:55:00,2023-06-06 08:55:59,7.064,7.06,7.058,7.067,7.058908477432127,7.06225,7.058,7.067,True,0.01033317392269981,-0.0008496936387424555,0,7.071571450096191,7.070947410585311,-6.8094388589434445,-6.8094388589434445,7.105322435990081,7.105237719847786,22.840771286378992,11.224672754158197,0,1
2023-06-06 08:56:00,2023-06-06 08:56:59,7.061,7.056,7.053,7.061,7.0605792387160635,7.05775,7.053,7.061,True,0.010166518642506967,-0.0010638554255591975,0,7.071259430340751,7.070602153113725,-8.474618154551997,-8.474618154551997,7.10484907841804,7.104747792287111,27.942589635935807,20.38465633153524,0,1
2023-06-06 08:57:00,2023-06-06 08:57:59,7.057,7.058,7.055,7.06,7.059164619358032,7.0575,7.055,7.06,True,0.009797481596613604,-0.0010085892234592965,0,7.070930791727238,7.070240434774252,-7.94581199902067,-7.94581199902067,7.1043779433094025,7.10428264012505,23.221891643598195,24.66841752197089,0,1
2023-06-06 08:58:00,2023-06-06 08:58:59,7.059,7.057,7.053,7.059,7.058332309679017,7.057,7.053,7.059,True,0.009526232911141219,-0.0009856785278467557,0,7.070585613250746,7.0698648079184805,-8.247960593971285,-8.247960593971285,7.103906520987916,7.103812166093955,15.13906128491864,22.10118085481744,0,1
2023-06-06 08:59:00,2023-06-06 08:59:59,7.058,7.053,7.053,7.058,7.0576661548395085,7.0555,7.053,7.058,True,0.00920293056034541,-0.0011888203157777162,0,7.0702252105846135,7.069470516394513,-10.91053238958294,-10.91053238958294,7.103424864062664,7.103306572401478,11.488319144372467,16.616424024296325,0,1
2023-06-06 09:00:00,2023-06-06 09:00:59,7.053,7.044,7.04,7.055,7.056583077419754,7.048,7.04,7.056583077419754,True,0.009617006948892143,-0.0018699075143201677,0,7.069847863489564,7.069012777329197,-16.358723634901295,-16.358723634901295,7.10287337287796,7.102716457253205,6.301047968223519,10.976142799171434,0,-2
2023-06-06 09:01:00,2023-06-06 09:01:59,7.044,7.044,7.042,7.049,7.052291538709877,7.04475,7.042,7.052291538709877,True,0.009430077881114173,-0.002209225859193537,0,7.0694303204093805,7.068485927688894,-19.990851131780197,-19.990851131780197,7.102295030859274,7.102132213897452,1.9137151128153291,6.567694075136997,0,-2
2023-06-06 09:02:00,2023-06-06 09:02:59,7.044,7.038,7.036,7.044,7.048520769354939,7.040500000000001,7.036,7.048520769354939,True,0.00932792946103459,-0.0027201671487264317,0,7.0689581240491375,7.067879122035969,-24.22097631235825,-24.22097631235825,7.101680154930326,7.101494082415885,-2.1049828546892968e-13,2.7382543603461045,0,-2
2023-06-06 09:03:00,2023-06-06 09:03:59,7.038,7.038,7.037,7.039,7.044510384677469,7.038,7.037,7.044510384677469,True,0.008804505928103532,-0.0029032580439316688,0,7.068418623042554,7.067196377125445,-27.041059766076952,-27.041059766076952,7.101046521547935,7.1008623005013,-2.1049828546892968e-13,0.6379050376048614,0,-2
2023-06-06 09:04:00,2023-06-06 09:04:59,7.039,7.038,7.036,7.04,7.041255192338735,7.03825,7.036,7.041255192338735,True,0.008461326933239026,-0.002861423202294421,0,7.067807500083999,7.0664602443253886,-28.92111540188942,-28.92111540188942,7.100421680537508,7.100236804973924,0.6690082855841369,0.22300276186113066,0,-2
2023-06-06 09:05:00,2023-06-06 09:05:59,7.039,7.037,7.036,7.04,7.039752596169367,7.038,7.036,7.04,True,0.008142660723721985,-0.002739945002540346,0,7.0671338722046935,7.065685414252443,-30.54562382441449,-30.54562382441449,7.099800569288378,7.099607583033885,1.0391575203227814,0.5693886019687947,0,-2
2023-06-06 09:06:00,2023-06-06 09:06:59,7.037,7.015,7.011,7.037,7.038876298084684,7.0249999999999995,7.011,7.038876298084684,True,0.009418184957741828,-0.004007955677359184,0,7.066409643228568,7.064796239877672,-35.027707651886885,-35.027707651886885,7.099056285016852,7.098765716536035,1.0391575203227814,0.9157744420764585,0,-2
2023-06-06 09:07:00,2023-06-06 09:07:59,7.015,7.003,7.0,7.015,7.031938149042341,7.00825,7.0,7.031938149042341,True,0.009816886032188818,-0.005425124466621207,0,7.06560294155312,7.063708219298716,-38.59999580412949,-38.59999580412949,7.098152739892306,7.097812823834184,0.3701492347384339,0.8161547584612242,0,-2
2023-06-06 09:08:00,2023-06-06 09:08:59,7.004,7.001,7.001,7.012,7.020094074521171,7.0045,7.001,7.020094074521171,True,0.009901394172746705,-0.006180528924696529,0,7.064655580425918,7.062445381695054,-41.05971874284306,-41.05971874284306,7.0972208718336764,7.096849512154242,-2.1042427060062133e-13,0.46976891835356027,0,-2
2023-06-06 09:09:00,2023-06-06 09:09:59,7.002,6.993,6.988,7.003,7.012297037260586,6.9965,6.988,7.012297037260586,True,0.010265580303264774,-0.0068755042780018726,0,7.063550481060486,7.060998685319648,-42.97998009317528,-42.97998009317528,7.096218674103988,7.095816183675096,-2.1042427060062133e-13,0.12338307824589632,0,-2
2023-06-06 09:10:00,2023-06-06 09:10:59,6.993,6.999,6.982,7.001,7.004398518630293,6.99375,6.982,7.004398518630293,True,0.010889467424460158,-0.006528982077049059,0,7.062274583190067,7.0593982935913635,-39.14558080998776,-39.14558080998776,7.095199085306933,7.0948528385639005,-2.1042427060062133e-13,-3.1846130670803383e-13,0,-2
2023-06-06 09:11:00,2023-06-06 09:11:59,6.999,6.988,6.986,7.003,6.9990742593151465,6.994,6.986,7.003,True,0.011325934036998744,-0.0066797126874644855,0,7.060836438390716,7.057689592085964,-38.185498388338,-38.185498388338,7.094192129234227,7.093789626239881,0.38472610188265466,0.12824203396063658,0,-2
2023-06-06 09:12:00,2023-06-06 09:12:59,6.987,6.989,6.977,6.991,6.996537129657574,6.986,6.977,6.996537129657574,True,0.011516938748641643,-0.006311402169435893,0,7.05926301523834,7.055852452533096,-36.7567413723152,-36.7567413723152,7.0931155906348815,7.092746943391723,0.38472610188265466,0.2564840679215916,0,-2
2023-06-06 09:13:00,2023-06-06 09:13:59,6.988,6.975,6.974,6.988,6.991268564828786,6.98125,6.974,6.991268564828786,True,0.01176572883802436,-0.0066423191619586,0,7.0575577338857185,7.053894207481812,-37.49718451507987,-37.49718451507987,7.092002500180803,7.091575332014691,0.38472610188265466,0.3847261018825467,0,-2
2023-06-06 09:14:00,2023-06-06 09:14:59,6.975,6.952,6.95,6.978,6.986259282414393,6.963749999999999,6.95,6.986259282414393,True,0.012925319635308305,-0.008016748901781175,0,7.055725970683765,7.05173398225288,-39.399516959984155,-39.399516959984155,7.090726355900397,7.090186522740913,-2.1042427060062133e-13,0.2564840679215917,0,-2
2023-06-06 09:15:00,2023-06-06 09:15:59,6.952,6.965,6.952,6.965,6.975004641207196,6.9585,6.952,6.975004641207196,True,0.01293065394707199,-0.007522472488435121,0,7.053729976468323,7.0493935374688474,-34.25561877548746,-34.25561877548746,7.08941067076706,7.088940885698714,-2.1042427060062133e-13,0.12824203396063663,0,-2
2023-06-06 09:16:00,2023-06-06 09:16:59,6.966,6.971,6.965,6.977,6.966752320603598,6.96975,6.965,6.977,True,0.01286417866513831,-0.006309930756271814,0,7.051561756968585,7.047004449465852,-28.29709632872498,-28.29709632872498,7.0882200173265915,7.087767344547483,19.136813792822057,6.378937930940437,0,-1
2023-06-06 09:17:00,2023-06-06 09:17:59,6.972,6.971,6.97,6.977,6.968251160301799,6.9725,6.97,6.977,True,0.012445308760485612,-0.00508857580064077,0,7.049283103217219,7.0446123239234195,-24.32474803088332,-24.32474803088332,7.087068574368118,7.086605480422633,42.48389371807736,20.540235836966293,0,-1
2023-06-06 09:18:00,2023-06-06 09:18:59,6.971,6.959,6.958,6.977,6.9703755801508995,6.96625,6.958,6.977,True,0.012913500991879505,-0.004730908435190938,0,7.04694771357032,7.042191337783334,-24.232296570695617,-24.232296570695617,7.085866399498784,7.085335774149771,63.23965365363816,41.62012038817908,0,-1
2023-06-06 09:19:00,2023-06-06 09:19:59,6.959,6.962,6.959,6.964,6.96831279007545,6.961,6.959,6.96831279007545,True,0.012348250921031024,-0.003911404710274596,0,7.044569525676827,7.039728219448114,-22.590082316926743,-22.590082316926743,7.084623947762477,7.084108552516439,70.43026282914313,58.717936733619446,0,-1
2023-06-06 09:20:00,2023-06-06 09:20:59,6.96,6.962,6.956,6.963,6.964656395037725,6.96025,6.956,6.964656395037725,True,0.011966232998100212,-0.003029432004747413,0,7.04214887256247,7.037243683952989,-21.49527281441416,-21.49527281441416,7.083386396043448,7.082893542043639,72.97351755614613,68.88114467964238,0,-1
2023-06-06 09:21:00,2023-06-06 09:21:59,6.962,6.971,6.962,6.973,6.962453197518863,6.967,6.962,6.973,True,0.011897216355378775,-0.0015245810968943195,0,7.039696278257729,7.034805645311351,-15.759393804827361,-0.0,7.082228322450976,7.08178017346609,85.55109095391867,76.31829044640254,0,-1
2023-06-06 09:22:00,2023-06-06 09:22:59,6.971,6.976,6.967,6.978,6.964726598759431,6.972999999999999,6.967,6.978,True,0.011833129472851728,4.361829953343499e-05,0,7.03725096178454,7.032462107888097,-9.651290329737037,-0.0,7.081141473471364,7.080727634426626,92.55700131892478,83.69386994299644,0,-1
2023-06-06 09:23:00,2023-06-06 09:23:59,6.977,6.97,6.966,6.977,6.968863299379715,6.9725,6.966,6.977,True,0.011773620224790898,0.0008280085527348491,0,7.034856534836319,7.030205620565926,-8.274210157787046,-0.0,7.080060463785082,7.079625866919894,99.6940858884509,92.60072605376469,0,-1
2023-06-06 09:24:00,2023-06-06 09:24:59,6.97,6.966,6.966,6.973,6.970681649689857,6.96875,6.966,6.973,True,0.011432647351591524,0.0012062156855556783,0,7.0325310777011225,7.028007421315257,-8.980647308961494,-0.0,7.07895289698125,7.0784952612789,97.06438998347066,96.43849239694869,0,-1
2023-06-06 09:25:00,2023-06-06 09:25:59,6.966,6.964,6.959,6.967,6.969715824844929,6.9639999999999995,6.959,6.969715824844929,True,0.011187458255049272,0.0014400057938724238,0,7.03026924950819,7.0258376046063065,-10.26597094841187,-0.0,7.077809087061039,7.077356004947767,91.63496884662669,96.131148239516,0,-1
2023-06-06 09:26:00,2023-06-06 09:26:59,6.964,6.965,6.963,6.967,6.966857912422464,6.9647499999999996,6.963,6.967,True,0.01067406837968858,0.0017732924320233677,0,7.028053427057248,7.023710166719799,-10.375314067413292,-0.0,7.07668412102063,7.076238034749282,87.61398541496112,92.10444808168607,0,-1
2023-06-06 09:27:00,2023-06-06 09:27:59,6.964,6.955,6.954,6.965,6.965803956211232,6.9595,6.954,6.965803956211232,True,0.010697349209710832,0.0013987618470457895,0,7.025881796888523,7.021594669881401,-14.386907539780076,-0.0,7.075518109866196,7.075031686144811,82.78128751952467,87.34341392703739,0,-2
2023-06-06 09:28:00,2023-06-06 09:28:59,6.955,6.949,6.945,6.956,6.962651978105616,6.95125,6.945,6.962651978105616,True,0.010718967123302923,0.0008554234398324007,0,7.023738233384962,7.019446485098639,-18.694267558839993,-0.0,7.074281611260562,7.073777639516504,76.43394412304308,82.27640568584286,0,-2
2023-06-06 09:29:00,2023-06-06 09:29:59,6.949,6.941,6.937,6.955,6.9569509890528085,6.945500000000001,6.937,6.9569509890528085,True,0.011239040900209843,8.880092674651285e-05,0,7.0215923592418,7.017247852584604,-23.239250597809928,-23.239250597809928,7.073000202193293,7.0724564689740514,53.098814172584035,70.7713486050505,0,-2
2023-06-06 09:30:00,2023-06-06 09:30:59,6.94,6.936,6.926,6.94,6.951225494526405,6.9355,6.926,6.951225494526405,True,0.011507680835909116,-0.0005821925051020319,0,7.019420105913202,7.014955976539526,-27.107525148104095,-27.107525148104095,7.071632040977439,7.071098693163364,27.227874639667387,52.253544311764735,0,-2
2023-06-06 09:31:00,2023-06-06 09:31:59,6.937,6.926,6.922,6.94,6.943362747263203,6.93125,6.922,6.943362747263203,True,0.011971417919058513,-0.0015031391972761196,0,7.017188041226364,7.012577254393988,-30.972607356936727,-30.972607356936727,7.070235204748808,7.069654925072187,5.671305839659619,28.665998217303585,0,-2
2023-06-06 09:32:00,2023-06-06 09:32:59,6.927,6.914,6.914,6.928,6.937306373631602,6.92075,6.914,6.937306373631602,True,0.012116316639125779,-0.0026790284492162753,0,7.014882647810175,7.0100744371000285,-34.559563803089,-34.559563803089,7.068747789776183,7.068106119847588,-2.2737367544323206e-13,10.966393493108832,0,-2
2023-06-06 09:33:00,2023-06-06 09:33:59,6.914,6.91,6.91,6.921,6.929028186815801,6.91375,6.91,6.929028186815801,True,0.012036579736331088,-0.0034140054902013217,0,7.012478542455102,7.007443063367049,-37.217901128133974,-37.217901128133974,7.067205523211246,7.066532924625224,-2.2737367544323206e-13,1.8904352798862938,0,-2
2023-06-06 09:34:00,2023-06-06 09:34:59,6.911,6.909,6.908,6.914,6.9213890934079005,6.910500000000001,6.908,6.9213890934079005,True,0.011605395469450249,-0.00361963214807437,0,7.009960802911075,7.004706231811464,-39.06042867778645,-39.06042867778645,7.065646264273821,7.064965432837909,-2.2737367544323206e-13,-3.218166474046787e-13,0,-2
2023-06-06 09:35:00,2023-06-06 09:35:59,6.909,6.929,6.909,6.929,6.915944546703951,6.9190000000000005,6.909,6.929,True,0.012205010078775265,-0.002027875757863385,0,7.007333517361269,7.001963469184947,-27.79708927328069,-27.79708927328069,7.064187097465126,7.063612542958924,15.94128501774133,5.313761672580198,0,-1
2023-06-06 09:36:00,2023-06-06 09:36:59,6.93,6.924,6.921,6.936,6.917472273351976,6.92775,6.921,6.936,True,0.01240465221600558,-0.0010564977152958469,0,7.004648493273108,6.999294889558342,-21.900155941973622,-0.0,7.062829514405772,7.062223363426995,46.43561250252344,20.792299173421423,0,-1
2023-06-06 09:37:00,2023-06-06 09:37:59,6.924,6.911,6.908,6.925,6.922611136675988,6.917000000000001,6.908,6.925,True,0.012732891343433713,-0.001076672691702668,0,7.001971691415725,6.996629267591197,-21.323034164385657,-0.0,7.061378474461436,7.060718653343144,72.53101321888555,44.96930357971669,0,-1
2023-06-06 09:38:00,2023-06-06 09:38:59,6.91,6.904,6.901,6.911,6.919805568337994,6.906499999999999,6.901,6.919805568337994,True,0.012537684818902719,-0.0013238248288793622,0,6.999300479503461,6.993912222045255,-22.331810048378436,-0.0,7.0598373951135605,7.05915926375764,76.74333541248332,65.23665371129734,0,-2
2023-06-06 09:39:00,2023-06-06 09:39:59,6.904,6.905,6.901,6.908,6.913152784168997,6.9045000000000005,6.901,6.913152784168997,True,0.01214213590326685,-0.0011558952469757078,0,6.996606350774358,6.991159610049083,-22.422902221437138,-0.0,7.058291749391038,7.057625340735176,65.34538415595459,71.53991092910773,0,-1
2023-06-06 09:40:00,2023-06-06 09:40:59,6.905,6.913,6.905,6.915,6.908826392084499,6.9095,6.905,6.915,True,0.011989126195890631,-0.0002452551467035727,0,6.993882980411721,6.988432187499444,-18.034856332118494,-0.0,7.0568112344717235,7.056186282618408,66.93904489963562,69.67592148935775,0,-1
2023-06-06 09:41:00,2023-06-06 09:41:59,6.913,6.914,6.911,6.917,6.9091631960422495,6.91375,6.911,6.917,True,0.011561331467612745,0.0006250845742419922,0,6.991157583955583,6.985772469317142,-14.57945756718869,-0.0,7.0553877396013585,7.054771493736633,80.11877102162961,70.80106669240652,0,-1
2023-06-06 09:42:00,2023-06-06 09:42:59,6.916,6.915,6.905,6.917,6.911456598021125,6.91325,6.905,6.917,True,0.011592664934211804,0.0014292718427582132,0,6.988465026636363,6.983180873222897,-11.676192808051496,-0.0,7.0539734337346784,7.053380732604925,93.9859677900442,80.34792790376973,0,-1
2023-06-06 09:43:00,2023-06-06 09:43:59,6.916,6.919,6.906,6.92,6.9123532990105625,6.91525,6.906,6.92,True,0.011764617438910979,0.0023579639392105334,0,6.98582294992963,6.98067441335986,-7.315258779948543,-0.0,7.052593101060702,7.052043610887463,99.63023966333441,91.24499282500265,0,-1
2023-06-06 09:44:00,2023-06-06 09:44:59,6.919,6.926,6.917,6.929,6.913801649505281,6.922750000000001,6.917,6.929,True,0.011781430478988799,0.0035273203871258874,0,6.983248681644745,6.978303636806562,-0.9293228968010254,-0.0,7.051301129905869,7.050789445605,99.63023966333441,97.7488157055709,0,-1
2023-06-06 09:45:00,2023-06-06 09:45:59,6.925,6.926,6.922,6.927,6.918275824752641,6.925,6.922,6.927,True,0.011297042587632448,0.004314013097040093,0,6.980776159225653,6.976071388118413,3.327967691963984,3.327967691963984,7.050044402245113,7.049547759579079,99.99999999999977,99.75349310888943,0,-1
2023-06-06 09:46:00,2023-06-06 09:46:59,6.926,6.921,6.92,6.934,6.921637912376321,6.925250000000001,6.92,6.934,True,0.011490110974230148,0.0044680806594146125,0,6.9784237736720325,6.973965234258492,2.4364426056635864,0.0,7.048802666899391,7.048268677394213,99.99999999999977,99.87674655444455,0,2
2023-06-06 09:47:00,2023-06-06 09:47:59,6.921,6.913,6.912,6.927,6.92344395618816,6.91825,6.912,6.927,True,0.011740817333213685,0.003993210267421603,0,6.976194503965263,6.971924778754655,-2.511088537995022,-0.0,7.0475036353879545,7.046922720405216,95.1508696276348,98.38362320921135,0,2
2023-06-06 09:48:00,2023-06-06 09:48:59,6.914,6.912,6.912,6.915,6.92084697809408,6.91325,6.912,6.92084697809408,True,0.011116473237984145,0.003606513419236984,0,6.9740596413599585,6.969915742405975,-6.276023904987618,-0.0,7.046167778319417,7.045580205774318,83.3512600597134,92.83404322911589,0,2
2023-06-06 09:49:00,2023-06-06 09:49:59,6.913,6.913,6.911,6.915,6.91704848904704,6.913,6.911,6.91704848904704,True,0.010608153720985308,0.003425440037589024,0,6.971987691882967,6.9679435114391355,-7.876341376491119,-0.0,7.044842725798826,7.0442609997467125,70.82409168066394,83.10874045600396,0,2
2023-06-06 09:50:00,2023-06-06 09:50:59,6.911,6.923,6.911,6.928,6.91502424452352,6.91825,6.911,6.928,True,0.011064714169486383,0.0039969886489313045,0,6.969965601661051,6.966049809793276,-2.0382358076715903,-0.0,7.0435830966864,7.043054422634805,72.56189758569309,75.57908310869004,0,2
2023-06-06 09:51:00,2023-06-06 09:51:59,6.923,6.91,6.91,6.923,6.9166371222617595,6.916500000000001,6.91,6.923,True,0.01120294887166592,0.0034458004990709293,0,6.968007705727163,6.964218920780201,-5.024750034304368,-0.0,7.04231858826166,7.041730498031474,79.24887011832757,74.21161979489476,0,1
2023-06-06 09:52:00,2023-06-06 09:52:59,6.909,6.9,6.896,6.909,6.91656856113088,6.9035,6.896,6.91656856113088,True,0.011402738237975513,0.002393564375635454,0,6.966113313253682,6.962360852615326,-10.162977668127915,-0.0,7.040937308776469,7.040320244319719,73.87971316324513,75.23016028908849,0,1
2023-06-06 09:53:00,2023-06-06 09:53:59,6.901,6.9,6.892,6.903,6.910034280565441,6.899,6.892,6.910034280565441,True,0.011373971220977207,0.0017464350791121172,0,6.9642370829345035,6.9604632596511085,-13.588462757343613,-0.0,7.039524997246355,7.038924022983204,48.51179550300421,67.21345959485886,0,1
2023-06-06 09:54:00,2023-06-06 09:54:59,6.899,6.909,6.899,6.91,6.904517140282721,6.90425,6.899,6.91,True,0.011347258990907414,0.0020045660667236294,0,6.9623501712928055,6.9585835886233545,-10.264863324682082,-0.0,7.038178977373257,7.0376312466351125,34.89453512386758,52.4286812633722,0,2
2023-06-06 09:55:00,2023-06-06 09:55:59,6.908,6.915,6.905,6.918,6.904383570141361,6.9115,6.905,6.918,True,0.011465311920128307,0.002627398938891915,0,6.96046687995808,6.956780666914551,-5.182295798864445,-0.0,7.03691849003621,7.036411035225808,52.22540827832889,45.210579635066786,0,2
2023-06-06 09:56:00,2023-06-06 09:56:59,6.915,6.923,6.915,6.923,6.907941785070681,6.9190000000000005,6.915,6.923,True,0.011217789640119144,0.0035909120451185703,0,6.958623773436315,6.955101998420556,1.2707232760321787,0.0,7.035745171727392,7.035282567213611,80.70465040590564,55.94153126936726,0,2
2023-06-06 09:57:00,2023-06-06 09:57:59,6.923,6.929,6.922,6.931,6.91347089253534,6.9262500000000005,6.922,6.931,True,0.011059376094396374,0.004588420008849466,0,6.956862885928436,6.953582415517595,7.42681153288671,7.42681153288671,7.0346556675311,7.0342250292313855,99.4345478203292,77.45486883485448,0,2
2023-06-06 09:58:00,2023-06-06 09:58:59,6.929,6.938,6.929,6.941,6.91986044626767,6.93425,6.929,6.941,True,0.011126563516225174,0.0057613436045147945,0,6.955222650723016,6.952253396281696,13.734221972134137,13.734221972134137,7.033656606162631,7.033267566253959,99.99999999999979,93.3797327420781,0,2
2023-06-06 09:59:00,2023-06-06 09:59:59,6.939,6.94,6.935,6.943,6.927055223133834,6.9392499999999995,6.935,6.943,True,0.01090323755078052,0.006505610625096064,0,6.953738023502356,6.9511178329636785,18.373102422351522,18.373102422351522,7.032717236947082,7.032339530768844,99.99999999999979,99.81151594010949,0,2
2023-06-06 10:00:00,2023-06-06 10:00:59,6.94,6.936,6.931,6.94,6.933152611566917,6.936750000000001,6.931,6.94,True,0.010767292011439078,0.006517272000903093,0,6.952427928233018,6.950125217363635,18.445371877808384,18.445371877808384,7.031762339067011,7.031380928472637,97.82000743962486,99.27333581320805,0,2
2023-06-06 10:01:00,2023-06-06 10:01:59,6.936,6.898,6.896,6.936,6.934951305783459,6.9165,6.896,6.936,True,0.012855342582050577,0.0037126888131722314,0,6.951276572798327,6.949113019370713,5.441782786369458,5.441782786369458,7.030615450121071,7.030053755054999,81.3219022283036,93.04730322264265,0,1
2023-06-06 10:02:00,2023-06-06 10:02:59,6.899,6.904,6.897,6.905,6.92572565289173,6.901250000000001,6.897,6.92572565289173,True,0.012508532397618394,0.002224318689423844,0,6.95019479608452,6.9479877175589895,-0.9314128605848708,-0.0,7.029328231711906,7.028799488835546,57.16260188675164,78.76817051822661,0,1
2023-06-06 10:03:00,2023-06-06 10:03:59,6.905,6.902,6.901,6.906,6.9134878264458655,6.903499999999999,6.901,6.9134878264458655,True,0.011972208654931359,0.0011015424155535053,0,6.949091256821755,6.946796526475255,-5.63514897357139,-0.0,7.028076209505818,7.02753780237947,36.83177455803153,58.4387595576955,0,1
2023-06-06 10:04:00,2023-06-06 10:04:59,6.902,6.915,6.899,6.915,6.908493913222932,6.90775,6.899,6.915,True,0.012259908036721976,0.0012923171125684193,0,6.947943891648506,6.945590792661645,-3.8568515377234505,-0.0,7.026878933789342,7.026418023251316,33.942906276263194,42.64576090701536,0,2
2023-06-06 10:05:00,2023-06-06 10:05:59,6.915,6.925,6.915,6.925,6.908121956611466,6.92,6.915,6.925,True,0.012098486034098964,0.0021159531372411146,0,6.946767342155075,6.944465929898191,0.22969506194364442,0.0,7.025815461811338,7.025408888691602,46.81371966021792,39.19613349817078,0,2
2023-06-06 10:06:00,2023-06-06 10:06:59,6.925,6.936,6.922,6.936,6.9140609783057325,6.92975,6.922,6.936,True,0.012234308460234768,0.0033768906181372883,0,6.945616636026633,6.943479350604849,5.532054310239012,5.532054310239012,7.024859586569434,7.024519248008104,63.52573670274489,48.0941208797419,0,2
2023-06-06 10:07:00,2023-06-06 10:07:59,6.937,6.962,6.937,6.964,6.921905489152866,6.950000000000001,6.937,6.964,True,0.013360429284503747,0.0058870014954774084,1,6.944547993315742,6.942747348378326,12.96430505204701,12.96430505204701,7.02411471506128,7.023897165938371,82.91271019583449,64.41738885293233,1,2
2023-06-06 10:08:00,2023-06-06 10:08:59,6.961,6.946,6.945,6.97,6.935952744576434,6.9555,6.945,6.97,True,0.014191827192753442,0.006202430926889521,0,6.943647670847034,6.942258534629634,12.648354334835211,12.648354334835211,7.023431981578083,7.02312206975988,94.20119715343174,80.2132146840036,0,2
2023-06-06 10:09:00,2023-06-06 10:09:59,6.947,6.945,6.941,6.948,6.945726372288217,6.94525,6.941,6.948,True,0.013678125250413951,0.0061032144923783855,0,6.942953102738334,6.9418942127614205,12.127453676119345,12.127453676119345,7.022654051413127,7.022344735732419,92.66302537760136,89.9256442422891,0,2
2023-06-06 10:10:00,2023-06-06 10:10:59,6.945,6.928,6.928,6.945,6.945488186144108,6.9365000000000006,6.928,6.945488186144108,True,0.013915402018241551,0.004633264138765992,0,6.9424236577498775,6.941570369556351,7.007157403055025,7.007157403055025,7.021796797170211,7.021405982143042,79.65887787303129,88.84103346802135,0,1
2023-06-06 10:11:00,2023-06-06 10:11:59,6.928,6.924,6.923,6.929,6.940994093072055,6.926,6.923,6.940994093072055,True,0.013350016159795742,0.0032269541747410114,0,6.941997013653114,6.9412085762298465,2.625906948023129,0.0,7.020843595208318,7.0204367683903754,60.50035970104718,77.60742098389316,0,1
2023-06-06 10:12:00,2023-06-06 10:12:59,6.923,6.929,6.92,6.931,6.9334970465360275,6.92575,6.92,6.9334970465360275,True,0.013182157862667482,0.0025368044786541486,0,6.94160279494148,6.940817671526956,1.299060925026346,0.0,7.019897390280873,7.019526949799427,48.5355470163137,62.89826153013061,0,1
2023-06-06 10:13:00,2023-06-06 10:13:59,6.928,6.931,6.927,6.932,6.929623523268013,6.929500000000001,6.927,6.932,True,0.012597718015334146,0.0021308046246365517,0,6.941210233234218,6.9404322582426765,1.086939971541213,0.0,7.018997913760665,7.018646084627293,44.55406274081752,51.19665648605936,0,1
2023-06-06 10:14:00,2023-06-06 10:14:59,6.931,6.936,6.931,6.939,6.929561761634007,6.9342500000000005,6.931,6.939,True,0.012269309585667422,0.002128980327876296,0,6.940821245738447,6.940086402787351,2.6792908788462313,0.0,7.018154650937176,7.017823735526524,49.63103785402728,47.57354920371939,0,2
2023-06-06 10:15:00,2023-06-06 10:15:59,6.935,6.931,6.924,6.935,6.931905880817004,6.9312499999999995,6.924,6.935,True,0.012250073186691147,0.0016993596368420332,0,6.9404538242628995,6.9397534812347885,1.6496665806222524,0.0,7.0172899280422785,7.016959817760091,52.7821554855031,48.98908536011586,0,1
2023-06-06 10:16:00,2023-06-06 10:16:59,6.93,6.936,6.93,6.937,6.931577940408502,6.93325,6.93,6.937,True,0.011875067959070392,0.001695384394352971,0,6.940103652748844,6.9394467489576614,2.9587505729548553,0.0,7.0164537098528035,7.01615424743412,54.068733548285344,52.16064229593846,0,2
2023-06-06 10:17:00,2023-06-06 10:17:59,6.936,6.939,6.933,6.939,6.9324139702042515,6.93675,6.933,6.939,True,0.011455420247708237,0.001826869612921519,0,6.939775200853253,6.93918675391301,4.997874423660001,4.997874423660001,7.0156606381129745,7.0153865434795515,53.276814797977444,53.375901277255174,0,2
2023-06-06 10:18:00,2023-06-06 10:18:59,6.939,6.945,6.937,6.945,6.934581985102126,6.9415000000000004,6.937,6.945,True,0.011208604515729078,0.002242762389784729,0,6.939480977383131,6.938997929314129,8.526132543146467,8.526132543146467,7.0149227213158305,7.0146861798628395,53.28020449529884,53.54191761385376,0,2
2023-06-06 10:19:00,2023-06-06 10:19:59,6.944,6.95,6.942,6.95,6.938040992551063,6.9464999999999995,6.942,6.95,True,0.010979418478891287,0.002751627541066005,0,6.93923945334863,6.938900738562598,12.452101117365352,12.452101117365352,7.0142418982181605,7.014042536282115,58.28103811132652,54.94601913486749,0,2
2023-06-06 10:20:00,2023-06-06 10:20:59,6.95,6.965,6.95,6.967,6.9422704962755315,6.957999999999999,6.95,6.967,True,0.0114094600161133,0.003978977004296392,0,6.939070095955614,6.938955260845269,18.341796224752997,18.341796224752997,7.013682277340368,7.013554550846472,73.15449992040877,61.57191417567793,0,2
2023-06-06 10:21:00,2023-06-06 10:21:59,6.965,6.972,6.964,6.986,6.950135248137766,6.971750000000001,6.964,6.986,True,0.012165927157819447,0.0050606753659559805,0,6.939012678400442,6.939223193408502,23.30335250826637,23.30335250826637,7.013265040749916,7.0131410727285965,89.30177989874346,73.57910597682614,0,2
2023-06-06 10:22:00,2023-06-06 10:22:59,6.973,6.987,6.973,6.988,6.960942624068883,6.98025,6.973,6.988,True,0.012439789503689487,0.006539948884296081,0,6.939117935904472,6.939715626123578,28.213334414748772,28.213334414748772,7.012936532881757,7.012880962552193,99.99999999999979,87.4854266063839,0,2
2023-06-06 10:23:00,2023-06-06 10:23:59,6.987,6.989,6.987,6.993,6.970596312034441,6.989000000000001,6.987,6.993,True,0.011979804539140255,0.007307744511055233,0,6.9394167810140255,6.940441465080227,31.66153465462115,31.66153465462115,7.012698358425222,7.01264334103426,99.99999999999979,96.43392663291424,0,2
2023-06-06 10:24:00,2023-06-06 10:24:59,6.989,7.008,6.989,7.011,6.979798156017221,6.99925,6.989,7.011,True,0.01269553278634454,0.008734858718528062,0,6.9399291230471265,6.941416412285682,35.23132256864474,35.23132256864474,7.012564543913529,7.012597138635909,99.99999999999979,99.99999999999967,0,2
2023-06-06 10:25:00,2023-06-06 10:25:59,7.009,7.016,7.003,7.017,6.9895240780086105,7.0112499999999995,7.003,7.017,True,0.012788709015891377,0.009755621348105042,0,6.940672767666404,6.942663127754226,37.97765755868039,37.97765755868039,7.012551463874588,7.012630997952965,99.99999999999979,99.99999999999967,0,2
2023-06-06 10:26:00,2023-06-06 10:26:59,7.016,7.013,7.005,7.03,7.0003870390043055,7.016,7.005,7.03,True,0.013660944086184875,0.009697621825014395,0,6.941667947710315,6.944147844545041,37.9110961803496,37.9110961803496,7.012585777666881,7.0126346696151245,99.99999999999979,99.99999999999967,0,2
2023-06-06 10:27:00,2023-06-06 10:27:59,7.012,7.019,7.009,7.022,7.008193519502153,7.015499999999999,7.009,7.022,True,0.01361373379431452,0.009546083612297952,0,6.942907896127679,6.945806324182784,38.38624638724848,38.38624638724848,7.012614774904026,7.01269800623587,99.53255922227619,99.84418640742514,0,2
2023-06-06 10:28:00,2023-06-06 10:28:59,7.019,7.013,7.01,7.023,7.0118467597510765,7.01625,7.01,7.023,True,0.01356989566614919,0.00850243094430863,0,6.944357110155232,6.947595375395464,34.75085722220193,34.75085722220193,7.012650946298016,7.012701011148946,99.25233743136634,99.594965551214,0,1
2023-06-06 10:29:00,2023-06-06 10:29:59,7.013,7.027,7.013,7.027,7.014048379875538,7.02,7.013,7.027,True,0.013600617404281408,0.008286403897768174,0,6.945976242775348,6.94950068072143,34.36102599517493,34.36102599517493,7.0127240712104735,7.012843289644976,99.25233743136634,99.34574469500286,0,2
2023-06-06 10:30:00,2023-06-06 10:30:59,7.027,7.033,7.023,7.037,7.017024189937769,7.029999999999999,7.023,7.037,True,0.013629144732547038,0.008053061073229305,0,6.94773846174839,6.951553051942241,34.77044254036794,34.77044254036794,7.012895970999424,7.013043853927115,99.71977820908994,99.40815102394079,0,2
2023-06-06 10:31:00,2023-06-06 10:31:59,7.032,7.033,7.025,7.035,7.0235120949688845,7.031250000000001,7.025,7.035,True,0.013369920108793662,0.007394423258509048,0,6.9496457568453165,6.9537157040564495,35.043386903829955,35.043386903829955,7.013078598153659,7.013242422544756,99.99999999999982,99.65737188015196,0,1
2023-06-06 10:32:00,2023-06-06 10:32:59,7.033,7.033,7.03,7.036,7.027381047484443,7.0329999999999995,7.03,7.036,True,0.012843497243879783,0.006478318179356016,0,6.951680730450883,6.955962349861244,35.22534981280462,35.22534981280462,7.013276821057603,7.013439015355256,99.99999999999982,99.90659273636311,0,1
2023-06-06 10:33:00,2023-06-06 10:33:59,7.033,7.037,7.033,7.038,7.030190523742221,7.0352500000000004,7.033,7.038,True,0.012283247440745505,0.005700592748825398,0,6.953821540156064,6.958275147502679,35.93983411705729,35.93983411705729,7.013495459654044,7.013673453013412,99.99999999999982,99.99999999999973,0,1
2023-06-06 10:34:00,2023-06-06 10:34:59,7.037,7.044,7.036,7.052,7.032720261871111,7.042249999999999,7.036,7.052,True,0.012548729766406542,0.0052436594773903195,0,6.956048343829372,6.960672186143172,37.28316841736314,37.28316841736314,7.013781574483358,7.013975209699846,99.99999999999982,99.99999999999973,0,1
2023-06-06 10:35:00,2023-06-06 10:35:59,7.044,7.058,7.044,7.059,7.037485130935555,7.0512500000000005,7.044,7.059,True,0.012723820497377544,0.0054860824516511295,0,6.958360264986273,6.9631808516516,39.284552350600876,39.284552350600876,7.014154394637752,7.014413267314773,99.99999999999982,99.99999999999973,0,2
2023-06-06 10:36:00,2023-06-06 10:36:59,7.058,7.056,7.052,7.062,7.044367565467778,7.057,7.052,7.062,True,0.012529261890422054,0.005063676624363439,0,6.960770558318937,6.965799640779838,38.95028008754467,38.95028008754467,7.014580719069217,7.01482706564995,99.99999999999982,99.99999999999973,0,1
2023-06-06 10:37:00,2023-06-06 10:37:59,7.057,7.062,7.055,7.065,7.0506837827338895,7.05975,7.055,7.065,True,0.012348600326820527,0.004770707985993973,0,6.963285099549387,6.968506031254523,39.35980767337463,39.35980767337463,7.015030164650618,7.015296448081294,99.99999999999982,99.99999999999973,0,1
2023-06-06 10:38:00,2023-06-06 10:38:59,7.061,7.056,7.051,7.064,7.055216891366944,7.058,7.051,7.064,True,0.012395128874904767,0.0037439320927376077,0,6.965895565401955,6.97125081530746,34.742993523189895,34.742993523189895,7.015457725201358,7.015701458548147,92.4248742183107,97.47495807277004,0,1
2023-06-06 10:39:00,2023-06-06 10:39:59,7.055,7.063,7.053,7.066,7.056608445683472,7.05925,7.053,7.066,True,0.012438333955268705,0.0031741435170903193,0,6.968573190354707,6.974015571086308,33.179414385318694,33.179414385318694,7.015893469229205,7.016172090801399,85.32975542167758,92.58487654666261,0,1
2023-06-06 10:40:00,2023-06-06 10:40:59,7.063,7.056,7.056,7.079,7.057929222841736,7.0635,7.056,7.079,True,0.01319273867274949,0.0019602113007686564,0,6.971294380720508,6.97680624110028,27.2787368831265,27.2787368831265,7.016367166052795,7.016568388405365,81.44443666241466,86.39968876746757,0,1
2023-06-06 10:41:00,2023-06-06 10:41:59,7.055,7.052,7.05,7.058,7.0607146114208685,7.05375,7.05,7.0607146114208685,True,0.0128218287675531,0.000586837521901834,0,6.974050310910394,6.979531271240953,20.922520736883996,0.0,7.016739134549782,7.016920941754566,55.686229110770434,74.15347373162079,0,1
2023-06-06 10:42:00,2023-06-06 10:42:59,7.052,7.042,7.041,7.056,7.057232305710434,7.04775,7.041,7.057232305710434,True,0.01297741242701357,-0.0012403451016517186,0,6.976790791075674,6.982144759662231,11.838189849807947,0.0,7.017047700375158,7.01717048462268,29.448014574070225,55.52622678241835,0,1
2023-06-06 10:43:00,2023-06-06 10:43:59,7.042,7.046,7.042,7.048,7.052491152855216,7.044500000000001,7.042,7.052491152855216,True,0.012479025825084046,-0.0023168672113224736,0,6.979467775368953,6.984630200737218,7.792295230901182,0.0,7.017320857585355,7.017457345472206,-1.9421501444109404e-13,28.378081228280063,0,1
2023-06-06 10:44:00,2023-06-06 10:44:59,7.047,7.058,7.043,7.058,7.048495576427609,7.0515,7.043,7.058,True,0.012659095409006591,-0.002307376604708866,0,6.982048988053085,6.987045803911267,9.759523072673929,0.0,7.0176609485546555,7.017860754969995,4.760015494278138,11.402676689449295,0,1
2023-06-06 10:45:00,2023-06-06 10:45:59,7.058,7.062,7.058,7.074,7.049997788213805,7.063000000000001,7.058,7.074,True,0.012897731451220407,-0.0021409759236914044,0,6.984547395982176,6.9894687518379275,12.282876276280867,0.0,7.018112083394907,7.018299951437955,16.10074174485945,6.953585746379038,0,1
2023-06-06 10:46:00,2023-06-06 10:46:59,7.061,7.055,7.053,7.062,7.056498894106903,7.05775,7.053,7.062,True,0.012619322061847545,-0.0026313893705772196,0,6.987008073910052,6.991844837757285,10.065578108319805,0.0,7.018506490525306,7.018665126050513,19.905695986032843,13.588817741723384,0,1
2023-06-06 10:47:00,2023-06-06 10:47:59,7.054,7.053,7.048,7.055,7.057124447053452,7.0525,7.048,7.057124447053452,True,0.012217941914572697,-0.003177281406018695,0,6.9894264558336685,6.994131705829251,7.544806852094716,0.0,7.018844734400676,7.0190067665873235,15.14568049175451,17.05070607421551,0,1
2023-06-06 10:48:00,2023-06-06 10:48:59,7.053,7.057,7.051,7.057,7.054812223526726,7.054500000000001,7.051,7.057,True,0.011773803206388949,-0.003317916639315577,0,6.99177908083146,6.996346363842485,7.746614402948303,0.0,7.019199513162858,7.019384808710833,5.10354176300329,13.384972746930123,0,1
2023-06-06 10:49:00,2023-06-06 10:49:59,7.057,7.064,7.052,7.065,7.0546561117633635,7.059500000000001,7.052,7.065,True,0.011861388691646936,-0.0029790954167694395,0,6.994062722336973,6.998523280776798,10.668212444639678,0.0,7.019600513031885,7.019828740962467,5.781249559558336,8.676823938105287,0,1
2023-06-06 10:50:00,2023-06-06 10:50:59,7.064,7.066,7.061,7.076,7.057078055881682,7.06675,7.061,7.076,True,0.012085575213672133,-0.002683496613308023,0,6.996293001556886,7.000705290639135,13.331575120026095,0.0,7.0200696621559455,7.020288156475278,14.483392435937844,8.456061252833065,0,1
2023-06-06 10:51:00,2023-06-06 10:51:59,7.067,7.057,7.055,7.069,7.0619140279408406,7.062,7.055,7.069,True,0.012222319841266998,-0.003179018705257875,0,6.998499146098011,7.002843749239918,9.221771505648924,0.0,7.020486879447926,7.020653448450648,15.752648931633233,12.00576364237638,0,1
2023-06-06 10:52:00,2023-06-06 10:52:59,7.057,7.055,7.051,7.057,7.061957013970421,7.055,7.051,7.061957013970421,True,0.011777868424033656,-0.00367858650879839,0,7.000671447668965,7.0048852200817695,5.390880851925061,0.0,7.020830293582772,7.020995205182483,11.269986893904798,13.8353427538252,0,1
2023-06-06 10:53:00,2023-06-06 10:53:59,7.056,7.068,7.052,7.068,7.05847850698521,7.061,7.052,7.068,True,0.012079449250888396,-0.0031237631297810556,0,7.0027783338753675,7.006877491498721,8.64920619240145,0.0,7.021229992154088,7.021462914583652,6.2943743387590745,11.10567005476561,0,1
2023-06-06 10:54:00,2023-06-06 10:54:59,7.067,7.084,7.061,7.084,7.059739253492605,7.074,7.061,7.084,True,0.012859488590110631,-0.001701339704234011,0,7.004827912687045,7.008906552586861,14.653914719459237,0.0,7.021755066859022,7.022085174140034,21.9967362827239,13.187032505129167,0,2
2023-06-06 10:55:00,2023-06-06 10:55:59,7.084,7.076,7.067,7.084,7.0668696267463025,7.07775,7.067,7.084,True,0.01315523940510269,-0.0014247867865604252,0,7.006867232636953,7.010976385912949,14.43285423861387,0.0,7.0223122303728625,7.022621640068989,46.11417117404111,24.80176059850794,0,1
2023-06-06 10:56:00,2023-06-06 10:56:59,7.075,7.072,7.068,7.076,7.072309813373151,7.07275,7.068,7.076,True,0.012787008019023927,-0.001624878994710588,0,7.008921809274951,7.013029812933571,12.360812753882534,0.0,7.022814098727362,7.023112967033477,56.02120181258789,41.37736975645088,0,1
2023-06-06 10:57:00,2023-06-06 10:57:59,7.073,7.073,7.072,7.076,7.072529906686576,7.0735,7.072,7.076,True,0.012159364589093615,-0.0017786431295669924,0,7.01097581110426,7.015061380259009,11.34653328686958,0.0,7.023318436053458,7.023609355421203,52.18394160140957,51.4397715293461,0,1
2023-06-06 10:58:00,2023-06-06 10:58:59,7.072,7.074,7.07,7.075,7.073014953343288,7.07275,7.07,7.075,True,0.011647981404158349,-0.0018926471438318153,0,7.013018595681634,7.01705665278275,11.086086266809446,0.0,7.023810292411135,7.024110754869748,40.810687546465495,49.67194365348757,0,1
2023-06-06 10:59:00,2023-06-06 10:59:59,7.074,7.074,7.073,7.076,7.072882476671644,7.07425,7.073,7.076,True,0.011030268446718412,-0.002041307867826133,0,7.015037624232192,7.019019952057648,10.91245492010269,0.0,7.0243121800488355,7.024607165269054,46.30420044043522,46.43294319610334,0,1
2023-06-06 11:00:00,2023-06-06 11:00:59,7.073,7.062,7.057,7.073,7.073566238335822,7.06625,7.057,7.073566238335822,True,0.011456677843381344,-0.0030252250477812194,0,7.01702878814492,7.020889719740234,3.8053588175994264,0.0,7.024729471789643,7.024979233276327,31.871254690123223,39.66204755900789,0,1
2023-06-06 11:01:00,2023-06-06 11:01:59,7.062,7.067,7.06,7.07,7.069908119167911,7.06475,7.06,7.07,True,0.01135262942599701,-0.0033343317935538505,0,7.018959253942577,7.022662729152492,2.039326412891988,0.0,7.025127686000691,7.025397350358155,19.127073853750087,32.43417632810275,0,1
2023-06-06 11:02:00,2023-06-06 11:02:59,7.067,7.077,7.067,7.078,7.0673290595839555,7.0722499999999995,7.067,7.078,True,0.011327441609854374,-0.002844973724243742,0,7.020810991547534,7.024398853343944,5.351675855171358,0.0,7.025596564746953,7.025910809558571,11.262731628502808,20.75368672412528,0,2
2023-06-06 11:03:00,2023-06-06 11:03:59,7.077,7.074,7.065,7.077,7.0697895297919775,7.07325,7.065,7.077,True,0.011375481494864744,-0.0027481386041719284,0,7.022604922445739,7.02610088694686,5.781968850960617,0.0,7.02607072828181,7.026389308965948,23.951551677983815,18.113785720078813,0,1
2023-06-06 11:04:00,2023-06-06 11:04:59,7.072,7.068,7.067,7.073,7.071519764895989,7.07,7.067,7.073,True,0.011062947102374382,-0.0031106568148699353,0,7.0243529046963,7.027742104572849,2.836617796218036,0.0,7.026507835463085,7.026803345692655,28.85894303377992,21.35774211342209,0,1
2023-06-06 11:05:00,2023-06-06 11:05:59,7.067,7.067,7.064,7.069,7.0707598824479945,7.06675,7.064,7.0707598824479945,True,0.010629879452204774,-0.0034059489216925233,0,7.026047504634574,7.029301882397956,0.3550090303395592,0.0,7.026908255010716,7.027203312402181,17.59621140527692,23.46890203901346,0,-2
2023-06-06 11:06:00,2023-06-06 11:06:59,7.068,7.066,7.066,7.07,7.068754941223997,7.0675,7.066,7.07,True,0.01015631663419018,-0.003638958548523412,0,7.027674693516265,7.030791986158046,-1.8775015574881806,-0.0,7.027312152970809,7.027589349094696,6.2077094611451935,17.55428796673392,0,-2
2023-06-06 11:07:00,2023-06-06 11:07:59,7.065,7.068,7.063,7.068,7.068127470611998,7.065999999999999,7.063,7.068127470611998,True,0.009788008303176587,-0.003609583546191203,0,7.029233339837155,7.032206719745093,-1.7883248680254766,-0.0,7.0276971066725915,7.027991445123605,1.3003181053490902,8.368079657256978,0,-2
2023-06-06 11:08:00,2023-06-06 11:08:59,7.068,7.073,7.067,7.074,7.067063735305998,7.070499999999999,7.067,7.074,True,0.009588864852949663,-0.0032002802432368645,0,7.030720029791124,7.033583282073523,1.7336471508424935,0.0,7.028123006108685,7.028439291440783,9.067476833426163,5.525168133306725,0,-1
2023-06-06 11:09:00,2023-06-06 11:09:59,7.074,7.087,7.074,7.088,7.068781867652999,7.08075,7.074,7.088,True,0.00997537450631038,-0.0019413507419839063,0,7.032151655932323,7.034990673120616,9.625176079528352,0.0,7.028646657789196,7.029021985058288,38.369532885778185,16.24577594151772,0,-1
2023-06-06 11:10:00,2023-06-06 11:10:59,7.086,7.087,7.083,7.089,7.0747659338265,7.08625,7.083,7.089,True,0.009691419184431083,-0.0011464657076953252,0,7.03357116452647,7.036450415484481,14.886195365318926,0.0,7.029219825373382,7.029598880729349,71.70286621911151,39.71329197943853,0,2
2023-06-06 11:11:00,2023-06-06 11:11:59,7.087,7.076,7.075,7.088,7.08050796691325,7.0815,7.075,7.088,True,0.009927746385543142,-0.0014397022761055422,0,7.035010790005476,7.0379087689717466,10.51579985441088,0.0,7.0297400261159355,7.030060583408659,84.2184933409939,64.76363081529445,0,1
2023-06-06 11:12:00,2023-06-06 11:12:59,7.076,7.069,7.064,7.078,7.081003983456625,7.07175,7.064,7.081003983456625,True,0.010218621643718648,-0.0021466407984123796,0,7.036459779488611,7.039289127762086,4.269443100588688,0.0,7.030158035806324,7.030448040290165,53.616119183292604,69.84582624779925,0,-2
2023-06-06 11:13:00,2023-06-06 11:13:59,7.069,7.075,7.067,7.075,7.076376991728313,7.0714999999999995,7.067,7.076376991728313,True,0.010060148669167318,-0.002194376910240034,0,7.037874453625349,7.040596894783901,3.3213131887498832,0.0,7.030569398634122,7.030891343371855,20.28278584995927,52.705799458081835,0,-2
2023-06-06 11:14:00,2023-06-06 11:14:59,7.074,7.08,7.072,7.081,7.073938495864156,7.07675,7.072,7.081,True,0.009984423764226822,-0.0018787640024178105,0,7.039235674204625,7.041874557706503,4.990959325930341,0.0,7.031028907105425,7.031379986721388,8.538130870675182,27.479011967975595,0,-1
2023-06-06 11:15:00,2023-06-06 11:15:59,7.08,7.078,7.073,7.081,7.075344247932078,7.078,7.073,7.081,True,0.009842679209639191,-0.0018193378361164667,0,7.040555115955565,7.043128329663018,4.862087096676063,0.0,7.0314962811640775,7.031843867450529,19.051389006328694,15.95743524232096,0,-2
2023-06-06 11:16:00,2023-06-06 11:16:59,7.078,7.067,7.065,7.078,7.0766721239660395,7.072,7.065,7.078,True,0.010068202123236386,-0.002542384863903487,0,7.041841722809292,7.044313523504164,-0.6216211362662065,-0.0,7.031899303242047,7.032193679714703,19.051389006328694,15.546969627777434,0,-2
2023-06-06 11:17:00,2023-06-06 11:17:59,7.067,7.059,7.059,7.068,7.07433606198302,7.06325,7.059,7.07433606198302,True,0.009991901971576607,-0.0035289963108432916,0,7.043077623156729,7.04537655931732,-6.90988200807913,-6.90988200807913,7.032211250473469,7.03246040926978,10.513258135653324,16.205345382770147,0,-2
2023-06-06 11:18:00,2023-06-06 11:18:59,7.059,7.071,7.051,7.071,7.06879303099151,7.062999999999999,7.051,7.071,True,0.010706766116463961,-0.003264523184530379,0,7.044227091237025,7.0463344104339045,-4.84555993018229,-4.84555993018229,7.032517606190151,7.032843887784509,-1.8947806286936006e-13,9.85488238066052,0,-2
2023-06-06 11:19:00,2023-06-06 11:19:59,7.071,7.079,7.071,7.08,7.065896515495755,7.075249999999999,7.071,7.08,True,0.010584854251002274,-0.002472015767247867,0,7.045280750835466,7.047286925049303,-0.4652960546870233,-0.0,7.032942804138507,7.033303152582673,13.777303304164782,8.09685381327255,0,-1
2023-06-06 11:20:00,2023-06-06 11:20:59,7.079,7.09,7.076,7.092,7.070573257747877,7.08425,7.076,7.092,True,0.010971650375930685,-0.001163949752388668,0,7.046283837942385,7.048290452507742,5.606683818988934,0.0,7.033453323500313,7.033867300318168,35.50527453589478,16.42752594668637,0,-1
2023-06-06 11:21:00,2023-06-06 11:21:59,7.089,7.088,7.084,7.09,7.077411628873938,7.08775,7.084,7.09,True,0.010616532491935653,-0.000470817061636734,0,7.047287145225064,7.0493512711928075,8.590192167548501,0.0,7.033993588938121,7.034405934145848,60.02518909275819,36.43592231093916,0,-1
2023-06-06 11:22:00,2023-06-06 11:22:59,7.088,7.091,7.086,7.091,7.0825808144369695,7.089,7.086,7.091,True,0.010215351599654528,0.00013724799110639493,0,7.048319208208936,7.050458493648509,11.503165463764262,0.0,7.034540916411373,7.034969059179223,71.77201261359988,55.76749208075086,0,-1
2023-06-06 11:23:00,2023-06-06 11:23:59,7.091,7.091,7.09,7.095,7.085790407218485,7.091749999999999,7.09,7.095,True,0.009842826485393483,0.0004570749677796672,0,7.049388850928723,7.05161352132016,13.445147661241435,0.0,7.035110161024195,7.035526580978434,77.80893664375567,69.86871278337117,0,-1
2023-06-06 11:24:00,2023-06-06 11:24:59,7.091,7.095,7.091,7.096,7.088770203609242,7.09325,7.091,7.096,True,0.00949691030786537,0.0008497270955546005,0,7.050501186124441,7.052808553251562,16.161584985785836,16.161584985785836,7.035688666884651,7.036118356292081,86.62235542022559,78.73443489252696,0,2
2023-06-06 11:25:00,2023-06-06 11:25:59,7.094,7.085,7.084,7.094,7.0910101018046205,7.08925,7.084,7.094,True,0.009604273857303567,0.00031044632410838144,0,7.051654869688001,7.053999437374215,11.256117648799297,0.0,7.036221615472863,7.036604740806588,87.25406850062997,83.89512018820365,0,-2
2023-06-06 11:26:00,2023-06-06 11:26:59,7.085,7.084,7.079,7.086,7.09013005090231,7.083500000000001,7.079,7.09013005090231,True,0.009418254296067638,-0.00019050898317710986,0,7.052827153531108,7.055139434051404,7.425584503582179,0.0,7.0366920471597005,7.037076335425428,76.16237920374537,83.34626770820023,0,-2
2023-06-06 11:27:00,2023-06-06 11:27:59,7.085,7.095,7.084,7.096,7.0868150254511555,7.09,7.084,7.096,True,0.009602664703491411,0.00017897434421755738,0,7.053983293791256,7.056276142007878,9.917228219761093,0.0,7.037222474551147,7.037652690296817,66.89836373204383,76.77160381213965,0,-1
2023-06-06 11:28:00,2023-06-06 11:28:59,7.096,7.097,7.094,7.098,7.088407512725578,7.09625,7.094,7.098,True,0.009202474367527707,0.00047719878750723983,0,7.055129717899566,7.057445343352629,12.300009404460937,12.300009404460937,7.037809813112827,7.038243210791376,71.08599322480309,71.38224538686403,0,2
2023-06-06 11:29:00,2023-06-06 11:29:59,7.097,7.099,7.096,7.1,7.0923287563627895,7.098000000000001,7.096,7.1,True,0.008830869055561411,0.000715183411885657,0,7.056287530626098,7.058644111866918,14.645129837928835,14.645129837928835,7.038408720445037,7.038847755957631,86.42780790989463,74.80405495558044,0,2
2023-06-06 11:30:00,2023-06-06 11:30:59,7.1,7.102,7.1,7.111,7.095164378181395,7.10325,7.1,7.111,True,0.00905723555159271,0.0009709399074946043,0,7.057465821246508,7.059893954578051,17.33662154998879,17.33662154998879,7.039053907306281,7.039476136495367,95.69182338159617,84.40187483876456,0,2
2023-06-06 11:31:00,2023-06-06 11:31:59,7.102,7.104,7.1,7.105,7.099207189090698,7.1027499999999995,7.1,7.105,True,0.008767433012193286,0.0011565468806061293,0,7.058679887912279,7.06117200258165,19.868679203373432,19.868679203373432,7.039687699273382,7.04011816498795,97.81704754691577,93.31222627946879,0,2
2023-06-06 11:32:00,2023-06-06 11:32:59,7.104,7.088,7.088,7.105,7.1009785945453485,7.09625,7.088,7.105,True,0.009355473511322362,5.229271159490692e-05,0,7.059925945246965,7.0624188911293775,10.620756913320989,10.620756913320989,7.040250508235836,7.040594601157224,78.72114358618873,90.7433381715668,0,1
2023-06-06 11:33:00,2023-06-06 11:33:59,7.088,7.093,7.087,7.095,7.0986142972726745,7.09075,7.087,7.0986142972726745,True,0.009258653974799339,-0.0003964027885904973,0,7.061172418188171,7.06359495678785,7.1762049184408525,0.0,7.040752990740952,7.041116047911879,45.387810252855395,73.97533379531988,0,-2
2023-06-06 11:34:00,2023-06-06 11:34:59,7.093,7.096,7.092,7.097,7.094682148636338,7.0945,7.092,7.097,True,0.00895446440517087,-0.0005376096979213662,0,7.062383687488011,7.064732923014415,6.407382135514069,0.0,7.041287786852982,7.04166215688788,19.89489870800783,48.00128418235056,0,-2
2023-06-06 11:35:00,2023-06-06 11:35:59,7.096,7.086,7.086,7.096,7.094591074318169,7.091,7.086,7.096,True,0.009029145519087222,-0.0013642267596057113,0,7.063558305251213,7.0658090719096736,0.9676282014041035,0.0,7.041782435740018,7.04210332945616,6.975782018642154,24.086163659835034,0,-2
2023-06-06 11:36:00,2023-06-06 11:36:59,7.086,7.094,7.084,7.099,7.092795537159084,7.09075,7.084,7.099,True,0.009455635124866746,-0.00136035602435405,0,7.064683688580444,7.066827452793524,1.444656573211013,0.0,7.04226967518539,7.0426197142376905,6.975782018642154,11.28215424843062,0,-2
2023-06-06 11:37:00,2023-06-06 11:37:59,7.093,7.093,7.093,7.095,7.091772768579542,7.0935,7.093,7.095,True,0.00892308975880482,-0.0014346451611153745,0,7.065755570686984,7.067812233264388,1.240431942059658,0.0,7.042779429661158,7.043121010613435,5.459894525578506,6.470486187620845,0,-2
2023-06-06 11:38:00,2023-06-06 11:38:59,7.093,7.095,7.079,7.095,7.09263638428977,7.0905,7.079,7.095,True,0.00942858334746162,-0.0013480750536239029,0,7.066783901975686,7.068743220062105,2.2016410689491437,0.0,7.043254261206818,7.0436372194630525,5.459894525578506,5.965190356599629,0,-2
2023-06-06 11:39:00,2023-06-06 11:39:59,7.094,7.09,7.089,7.094,7.091568192144885,7.091750000000001,7.089,7.094,True,0.009183684536928598,-0.0016391904027500577,0,7.067763561018896,7.069634043492472,-0.17529902530677788,-0.0,7.0437368058714265,7.044098540662425,8.009071042279322,6.309620031145353,0,-2
2023-06-06 11:40:00,2023-06-06 11:40:59,7.09,7.092,7.09,7.099,7.091659096072443,7.09275,7.09,7.099,True,0.009170564212862295,-0.001678744247088285,0,7.068698802255684,7.070493995088643,-0.3991178286479382,-0.0,7.044224499345343,7.04457517209862,7.200192694697798,6.889719420851783,0,-2
2023-06-06 11:41:00,2023-06-06 11:41:59,7.093,7.084,7.082,7.093,7.0922045480362215,7.088,7.082,7.093,True,0.009301238197657853,-0.0022368534696094074,0,7.0695963986721635,7.071291150838709,-4.8564659314970555,-4.8564659314970555,7.044660076466284,7.044967458943409,7.200192694697798,7.4698188105582135,0,-2
2023-06-06 11:42:00,2023-06-06 11:42:59,7.085,7.081,7.081,7.085,7.090102274018111,7.083,7.081,7.090102274018111,True,0.008922578326396547,-0.00275865750465544,0,7.070443774755436,7.071999092324001,-9.105754130725899,-9.105754130725899,7.045041568242739,7.045325991690241,4.651016177996984,6.350467189130768,0,-2
2023-06-06 11:43:00,2023-06-06 11:43:59,7.082,7.085,7.081,7.085,7.086551137009056,7.0832500000000005,7.081,7.086551137009056,True,0.008570965588796763,-0.0027490572577287264,0,7.071221433539718,7.072633652825636,-8.676074490701545,-8.676074490701545,7.0454217516433095,7.045720757942079,0.4138950494772871,4.088367974057264,0,-2
2023-06-06 11:44:00,2023-06-06 11:44:59,7.084,7.084,7.079,7.085,7.084900568504528,7.083,7.079,7.085,True,0.008387325189597011,-0.002734687792632551,0,7.071927543182677,7.073204370937039,-8.974920751008327,-8.974920751008327,7.045795664562282,7.046101645922755,0.4539013240097443,1.8396041838279131,0,-2
2023-06-06 11:45:00,2023-06-06 11:45:59,7.084,7.082,7.077,7.084,7.083950284252264,7.08175,7.077,7.084,True,0.0082882305331972,-0.002781986673826715,0,7.072565957059858,7.073712333423121,-10.398122047493231,-10.398122047493231,7.046153419143751,7.046458843475762,0.4539013240097443,0.44056589916549993,0,-2
2023-06-06 11:46:00,2023-06-06 11:46:59,7.082,7.091,7.081,7.096,7.082850142126132,7.0875,7.081,7.096,True,0.008767642637968805,-0.0021082046721211042,0,7.073139145241489,7.074206853916121,-4.409639568528604,-4.409639568528604,7.04656482790849,7.046902039063068,16.984247223981054,5.964016624000089,0,-1
2023-06-06 11:47:00,2023-06-06 11:47:59,7.091,7.085,7.083,7.094,7.085175071063066,7.08825,7.083,7.094,True,0.008927096735256757,-0.0020236027042879355,0,7.073672999578805,7.074692544294548,-4.416224709648532,-4.416224709648532,7.046979605740247,7.047281123251495,35.93907680615727,17.792408451382595,0,-2
2023-06-06 11:48:00,2023-06-06 11:48:59,7.085,7.084,7.082,7.086,7.086712535531533,7.084250000000001,7.082,7.086712535531533,True,0.00857516125416702,-0.0019775611361675296,0,7.074182771936676,7.075140506055302,-5.028394437270549,-5.028394437270549,7.0473504554343736,7.047646485209191,44.25156266451527,32.39162889821777,0,-2
2023-06-06 11:49:00,2023-06-06 11:49:59,7.084,7.084,7.082,7.086,7.085481267765767,7.084,7.082,7.086,True,0.00824836402172655,-0.0018867171195144404,0,7.074661638995988,7.075553975050096,-5.436507589018561,-5.436507589018561,7.047715127519604,7.048008211724523,34.84837661361115,38.34633869476114,-1,-2
2023-06-06 11:50:00,2023-06-06 11:50:59,7.084,7.092,7.082,7.095,7.084740633882883,7.0882499999999995,7.082,7.095,True,0.008587766591603218,-0.001219333876281107,0,7.075107807023041,7.075966610330387,0.2074150052391559,0.0,7.048118459584085,7.048445940961095,37.572733106564606,38.89089079489691,1,-1
2023-06-06 11:51:00,2023-06-06 11:51:59,7.092,7.089,7.089,7.092,7.086495316941441,7.0905000000000005,7.089,7.092,True,0.008188640406488647,-0.0009614594846176446,0,7.075537208676714,7.076391195497338,1.421550437300354,0.0,7.048540166453895,7.048849463936606,60.56477704058554,44.32862892025367,0,-1
2023-06-06 11:52:00,2023-06-06 11:52:59,7.089,7.085,7.084,7.09,7.088497658470721,7.087,7.084,7.09,True,0.008032308948882332,-0.0010469248341919719,0,7.075964202087025,7.076798262066191,-0.7472213114495005,-0.0,7.048922851364802,7.049209170763108,70.94749011184467,56.36166675299818,0,-2
2023-06-06 11:53:00,2023-06-06 11:53:59,7.085,7.092,7.084,7.093,7.087748829235361,7.0885,7.084,7.093,True,0.008101429738247904,-0.0005945376377780821,0,7.076381232076607,7.077199034805194,2.551457339697933,0.0,7.049316653838784,7.0496349501585,72.52737521065104,68.01321412102699,0,-1
2023-06-06 11:54:00,2023-06-06 11:54:59,7.092,7.089,7.088,7.097,7.08812441461768,7.091500000000001,7.088,7.097,True,0.008165613328373077,-0.0004994671794099591,0,7.0767901334409,7.077612685830891,2.437847420208108,0.0,7.049736388626458,7.050026642196723,74.55617875160544,72.67701469136696,0,-1
2023-06-06 11:55:00,2023-06-06 11:55:59,7.088,7.083,7.083,7.09,7.0898122073088405,7.085999999999999,7.083,7.09,True,0.008082355233489264,-0.0008445802291096676,0,7.077201409635895,7.077995902087274,-1.4610575419769631,-0.0,7.050097220580424,7.0503547353091935,69.34111565079989,72.14155653768536,0,-2
2023-06-06 11:56:00,2023-06-06 11:56:59,7.083,7.097,7.081,7.097,7.08790610365442,7.0895,7.081,7.097,True,0.008647901288240032,-8.598304223546684e-05,0,7.077598655861584,7.078376541286812,3.4624284086795356,0.0,7.050489288037335,7.050818867296167,70.74076784333027,71.54602074857844,0,-1
2023-06-06 11:57:00,2023-06-06 11:57:59,7.097,7.098,7.096,7.1,7.08870305182721,7.09775,7.096,7.1,True,0.008315908339079999,0.0004608489431469154,0,7.077987598574198,7.078809143735253,7.131369588699911,7.131369588699911,7.0509595438777595,7.05128833130317,70.74076784333027,70.27421711248672,0,-1
2023-06-06 11:58:00,2023-06-06 11:58:59,7.097,7.099,7.097,7.106,7.093226525913605,7.09975,7.097,7.106,True,0.008364772029145675,0.0008454641965582495,0,7.078398371154725,7.079293411229066,10.010185163081893,10.010185163081893,7.051445021053105,7.051763074275278,91.36539630766536,77.61564399810855,0,-1
2023-06-06 11:59:00,2023-06-06 11:59:59,7.1,7.102,7.1,7.106,7.096488262956802,7.102,7.1,7.106,True,0.008267288312778103,0.0012436954344172387,0,7.078845891191895,7.079830469779227,13.25615747534065,13.25615747534065,7.0519480556694925,7.052262944182987,99.99999999999982,87.36872138366506,0,-1
2023-06-06 12:00:00,2023-06-06 12:00:59,7.101,7.098,7.09,7.102,7.099244131478401,7.0977500000000004,7.09,7.102,True,0.008533910576151129,0.0011508195300158988,0,7.079338180485561,7.080376246786787,11.773334460201603,11.773334460201603,7.0524037964090995,7.052718039265743,88.73649562248829,93.36729731005107,0,-1
2023-06-06 12:01:00,2023-06-06 12:01:59,7.098,7.099,7.096,7.101,7.098497065739201,7.0985,7.096,7.101,True,0.008281488392140327,0.0010855760166454138,0,7.079857213636173,7.0809302890840815,11.401874011210033,11.401874011210033,7.052862465101546,7.053178556287975,78.83835609120955,89.19161723789914,0,-1
2023-06-06 12:02:00,2023-06-06 12:02:59,7.098,7.096,7.096,7.099,7.0984985328696,7.09725,7.096,7.099,True,0.007904239221273169,0.0007650689072737707,0,7.080393751360127,7.081478461053416,8.338442607415644,8.338442607415644,7.053304132115461,7.05360464030501,65.56051082232631,77.71178751200796,0,-2
2023-06-06 12:03:00,2023-06-06 12:03:59,7.097,7.087,7.087,7.099,7.0978742664348005,7.0925,7.087,7.099,True,0.008196793562610832,-0.00011876147951232503,0,7.080936106206771,7.081985660178134,0.48454009302565026,0.0,7.053694140751127,7.053936932441278,49.03069276334758,64.47651989229439,0,-2
2023-06-06 12:04:00,2023-06-06 12:04:59,7.088,7.085,7.082,7.088,7.095187133217401,7.08575,7.082,7.095187133217401,True,0.008039879736710075,-0.0008469215328122592,0,7.0814608831924515,7.082410808990369,-5.6992476241251495,-5.6992476241251495,7.054013104524748,7.054246017690619,25.595498961292993,46.72890084898887,0,-2
2023-06-06 12:05:00,2023-06-06 12:05:59,7.084,7.093,7.082,7.094,7.090468566608701,7.08825,7.082,7.094,True,0.008322745469802245,-0.0007546460349959253,0,7.08193584609141,7.08278559470024,-3.4267713795859294,-3.4267713795859294,7.054353770151367,7.054631629454891,10.459994329168795,28.362062017936367,0,-1
2023-06-06 12:06:00,2023-06-06 12:06:59,7.094,7.108,7.092,7.109,7.089359283304351,7.10075,7.092,7.109,True,0.008942549364816395,0.00034515525561568854,0,7.082360720395824,7.083203921050204,4.411407366899866,0.0,7.054815424179712,7.0551626580175295,29.365960005639703,21.807151098700405,0,-1
2023-06-06 12:07:00,2023-06-06 12:07:59,7.108,7.114,7.107,7.116,7.095054641652175,7.11125,7.107,7.116,True,0.008946652981615186,0.0014292676045129906,0,7.082782320723014,7.083725698255064,11.202508732841096,11.202508732841096,7.055376962247576,7.05574810420641,62.699293338973035,34.17508255792709,0,-1
2023-06-06 12:08:00,2023-06-06 12:08:59,7.113,7.118,7.113,7.12,7.103152320826087,7.1160000000000005,7.113,7.12,True,0.00880760634007122,0.0023150857850533814,0,7.083254009489039,7.08435793315045,16.667920486221774,16.667920486221774,7.05598017655357,7.056367526055102,91.11264323998047,61.059298861530976,0,2
2023-06-06 12:09:00,2023-06-06 12:09:59,7.117,7.124,7.117,7.124,7.109576160413043,7.1205,7.117,7.124,True,0.00867849160149468,0.0031662924122566136,0,7.0838059713197445,7.0851036691442415,21.56060475820756,21.56060475820756,7.056622164846569,7.057040485994853,99.99999999999982,84.60397885965102,0,2
2023-06-06 12:10:00,2023-06-06 12:10:59,7.123,7.125,7.118,7.125,7.115038080206522,7.12275,7.118,7.125,True,0.008558599344245037,0.0036088775704287658,0,7.0844548202319935,7.085949086201829,25.023686702996685,25.023686702996685,7.057280153256056,7.057716700064556,99.99999999999982,97.03754774665994,0,2
2023-06-06 12:11:00,2023-06-06 12:11:59,7.125,7.132,7.125,7.134,7.11889404010326,7.129,7.125,7.134,True,0.008590127962513273,0.004172941796099524,0,7.085201953216911,7.086910064048528,28.6187371031139,28.6187371031139,7.057993783571916,7.0584558373773465,99.99999999999982,99.99999999999973,0,2
2023-06-06 12:12:00,2023-06-06 12:12:59,7.132,7.144,7.132,7.149,7.12394702005163,7.1392500000000005,7.132,7.149,True,0.009190833108048064,0.0051262648017343405,0,7.08605600863272,7.088025756287705,32.46038130233792,32.46038130233792,7.058802303138365,7.0593070230750845,99.99999999999982,99.99999999999973,0,2
2023-06-06 12:13:00,2023-06-06 12:13:59,7.144,7.138,7.131,7.153,7.131598510025816,7.1415,7.131,7.153,True,0.010105773600330298,0.005045798141097405,0,7.0870408824602125,7.08927103881366,30.367401420521688,30.367401420521688,7.059625165793705,7.060090037770855,99.99999999999982,99.99999999999973,0,2
2023-06-06 12:14:00,2023-06-06 12:14:59,7.139,7.131,7.128,7.147,7.136549255012907,7.13625,7.128,7.147,True,0.010741075486021,0.0042237581370857345,0,7.088155960636937,7.090573784138117,24.446852779363923,24.446852779363923,7.060387601954961,7.0607956095343285,94.03867093080761,98.01289031026899,0,1
2023-06-06 12:15:00,2023-06-06 12:15:59,7.131,7.143,7.131,7.151,7.136399627506454,7.139,7.131,7.151,True,0.01140242723701947,0.004255137395109616,0,7.089364872387527,7.091931700034126,23.843489358032656,23.843489358032656,7.061169814870832,7.061613563668315,89.18726822251692,94.40864638444135,0,2
2023-06-06 12:16:00,2023-06-06 12:16:59,7.144,7.145,7.144,7.157,7.137699813753227,7.1475,7.144,7.157,True,0.011587968148660952,0.004144208017665451,0,7.090648286210827,7.0933820544014194,23.905676384879143,23.905676384879143,7.062028821688037,7.06244327945271,87.43266464849387,90.21953460060604,0,2
2023-06-06 12:17:00,2023-06-06 12:17:59,7.145,7.148,7.145,7.154,7.1425999068766135,7.148,7.145,7.154,True,0.01140311328089948,0.004008057628329443,0,7.092015170306124,7.094898665785608,24.673928184657356,24.673928184657356,7.062884256298107,7.063294590104921,91.80981563846939,89.47658283649331,0,2
2023-06-06 12:18:00,2023-06-06 12:18:59,7.148,7.155,7.145,7.17,7.145299953438307,7.1545000000000005,7.145,7.17,True,0.01237431947512097,0.00412945590408639,0,7.093456918045866,7.096501633130719,26.695442350543246,26.695442350543246,7.063795855737927,7.064207081745669,96.6612183467601,91.96789954457437,0,2
2023-06-06 12:19:00,2023-06-06 12:19:59,7.154,7.151,7.149,7.154,7.149899976719153,7.152,7.149,7.154,True,0.011919010941183774,0.0036508890580297694,0,7.094979275588293,7.098144438411823,24.93606312705346,24.93606312705346,7.064673508914663,7.0650706928725775,93.40660885617079,93.95921428046667,0,1
2023-06-06 12:20:00,2023-06-06 12:20:59,7.151,7.164,7.15,7.167,7.150949988359576,7.1579999999999995,7.15,7.167,True,0.012281938731099179,0.003965666719679798,0,7.096561857000058,7.099848503369592,26.721109745591292,26.721109745591292,7.065602130716507,7.0660550640877755,92.70032775773684,94.25605165355582,0,2
2023-06-06 12:21:00,2023-06-06 12:21:59,7.165,7.154,7.154,7.169,7.154474994179788,7.1605,7.154,7.169,True,0.01247608596459207,0.003195615601962045,0,7.0982051801848245,7.101606259462452,21.94960244730649,21.94960244730649,7.066546388122313,7.066930138076952,92.3851163216146,92.83068431184064,0,1
2023-06-06 12:22:00,2023-06-06 12:22:59,7.155,7.151,7.151,7.157,7.157487497089894,7.1535,7.151,7.157487497089894,True,0.012013508395692653,0.002233545861395854,0,7.099905719823639,7.103346199443195,17.224326224008735,17.224326224008735,7.0674115981907475,7.067766654115987,65.73872917587873,83.60805775174329,0,1
2023-06-06 12:23:00,2023-06-06 12:23:59,7.15,7.153,7.145,7.153,7.155493748544947,7.15025,7.145,7.155493748544947,True,0.01172682922457175,0.0015297357083492516,0,7.101625959633417,7.10503787637868,14.863202143727705,14.863202143727705,7.068235860895317,7.068614747109858,34.695855020196,64.27323350589636,0,1
2023-06-06 12:24:00,2023-06-06 12:24:59,7.153,7.148,7.146,7.153,7.152871874272473,7.1499999999999995,7.146,7.153,True,0.011389198565673744,0.0005420003963779556,0,7.103331918006049,7.106678233510538,10.403027371446186,0.0,7.069049434418747,7.06940465012369,1.6777331229848944,34.03743910635311,0,1
2023-06-06 12:25:00,2023-06-06 12:25:59,7.148,7.123,7.122,7.148,7.151435937136236,7.13525,7.122,7.151435937136236,True,0.012432827239554176,-0.0019572673927380838,0,7.105005075758293,7.108165730919596,-0.5238315665499158,-0.0,7.069708146514083,7.069937937187135,-2.0990616652246294e-13,12.124529381060134,0,1
2023-06-06 12:26:00,2023-06-06 12:26:59,7.123,7.117,7.115,7.123,7.143342968568119,7.1195,7.115,7.143342968568119,True,0.012116196722443165,-0.004015522495088613,0,7.106585403338944,7.109414613230195,-8.892666180173727,-8.892666180173727,7.070203587842301,7.070406216419104,-2.0990616652246294e-13,0.5592443743280632,0,-2
2023-06-06 12:27:00,2023-06-06 12:27:59,7.117,7.115,7.112,7.119,7.1314214842840595,7.11575,7.112,7.1314214842840595,True,0.011750754099411486,-0.005415396272102222,0,7.108000008284569,7.110441334546908,-14.837308954869165,-14.837308954869165,7.070656785973224,7.070849935658715,-2.0990616652246294e-13,-3.0489191418483743e-13,0,-2
2023-06-06 12:28:00,2023-06-06 12:28:59,7.114,7.108,7.105,7.115,7.111,7.1105,7.105,7.115,True,0.011625700235167792,-0.0066607705716079015,-1,7.109220671415739,7.111250081967464,-20.033206432259966,-20.033206432259966,7.071053235864038,7.07121958804022,-2.0990616652246294e-13,-3.0489191418483743e-13,0,-2
2023-06-06 12:29:00,2023-06-06 12:29:59,7.109,7.109,7.108,7.117,7.1107499999999995,7.11075,7.108,7.117,True,0.011438150218370118,-0.007190895308826432,0,7.110235376691601,7.11188338340514,-22.78619466183189,-22.78619466183189,7.071448228542008,7.071595512537333,0.1697487255591201,0.05658290851947178,0,-2
2023-06-06 12:30:00,2023-06-06 12:30:59,7.109,7.112,7.109,7.125,7.1107499999999995,7.11375,7.109,7.125,True,0.011763996631343683,-0.007085904695435191,0,7.111059380048371,7.112394793055694,-22.347133785915215,-22.347133785915215,7.0718691416908435,7.071997547238454,2.4332200329992117,0.8676562528526124,-1,-2
2023-06-06 12:31:00,2023-06-06 12:31:59,7.112,7.121,7.112,7.129,7.1122499999999995,7.118499999999999,7.112,7.129,True,0.012137996871961954,-0.006152009034421861,0,7.111727086552032,7.11283931768242,-16.3651529691111,-16.3651529691111,7.072333130330736,7.072485133833096,7.885797313805708,3.496255357454585,0,-1
2023-06-06 12:32:00,2023-06-06 12:32:59,7.121,7.125,7.121,7.126,7.115374999999999,7.1232500000000005,7.121,7.126,True,0.011628139952536093,-0.005056943941221842,0,7.112283202117226,7.113260723399294,-10.328455125377019,-10.328455125377019,7.072839765849833,7.0730076698148565,16.177428488158046,8.832148611654228,0,-1
2023-06-06 12:33:00,2023-06-06 12:33:59,7.125,7.141,7.122,7.143,7.1193124999999995,7.13275,7.122,7.143,True,0.012297558527354936,-0.0030757306863492626,0,7.11277196275826,7.113726216247404,-0.6482533898186205,-0.0,7.073435887582671,7.073684210413714,27.626022359184464,17.22974938704931,1,-1
2023-06-06 12:34:00,2023-06-06 12:34:59,7.14,7.148,7.139,7.148,7.12603125,7.14375,7.139,7.148,True,0.01206201863254383,-0.0012226692058438255,0,7.113249089502832,7.114298697126122,7.430427704644629,0.0,7.074135530492296,7.074423671006612,40.81993246728671,28.207794438209646,0,-1
2023-06-06 12:35:00,2023-06-06 12:35:59,7.149,7.155,7.148,7.162,7.134890625,7.153499999999999,7.148,7.162,True,0.012200445873076431,0.00046633574542418333,0,7.113773893314478,7.115018377974883,14.203196427916723,14.203196427916723,7.074925226706303,7.07522542552396,60.32252745657104,42.92282742768064,0,-1
2023-06-06 12:36:00,2023-06-06 12:36:59,7.156,7.142,7.141,7.156,7.144195312499999,7.14875,7.141,7.156,True,0.01240041402499952,0.0006012503171280584,0,7.1143961356446805,7.115816422567818,11.983916535092085,0.0,7.075659801564947,7.075889849150587,73.75060990812788,58.29768994399512,0,-1
2023-06-06 12:37:00,2023-06-06 12:37:59,7.141,7.13,7.128,7.143,7.146472656249999,7.1355,7.128,7.146472656249999,True,0.012586098737499532,-0.0002070697092850229,0,7.115106279106249,7.116579778962134,6.217162378922389,0.0,7.076255226424997,7.0764282586117755,72.14336368300444,68.73883368256769,0,-2
2023-06-06 12:38:00,2023-06-06 12:38:59,7.13,7.122,7.122,7.13,7.140986328125,7.1259999999999994,7.122,7.140986328125,True,0.012258520256249567,-0.001314304071075822,0,7.115843029034192,7.117245407554145,0.11341190433663684,0.0,7.07675019929639,7.076881708774843,55.647882184620016,67.18061859191734,0,-2
2023-06-06 12:39:00,2023-06-06 12:39:59,7.123,7.119,7.118,7.125,7.1334931640625,7.12125,7.118,7.1334931640625,True,0.011882911666517433,-0.002220080192522395,0,7.116544218294169,7.11779693738865,-4.763099338798824,-4.763099338798824,7.077192983382993,7.07730079624972,37.01553800305365,54.93559462355927,0,-2
2023-06-06 12:40:00,2023-06-06 12:40:59,7.118,7.115,7.112,7.12,7.12737158203125,7.11625,7.112,7.12737158203125,True,0.01160556083319476,-0.0030198867030152027,0,7.11717057784141,7.11822054707044,-9.111164092993413,-9.111164092993413,7.077581610414008,7.0776759127049464,25.478593868145158,39.380671351939505,-1,-2
2023-06-06 12:41:00,2023-06-06 12:41:59,7.114,7.114,7.113,7.118,7.1218107910156245,7.114750000000001,7.113,7.1218107910156245,True,0.011133735059395128,-0.0035046262230125757,0,7.117695562455925,7.118530246308278,-12.300381618474702,-12.300381618474702,7.077951445136256,7.078037346409375,18.611463441192118,27.03519843746354,0,-2
2023-06-06 12:42:00,2023-06-06 12:42:59,7.114,7.113,7.112,7.115,7.118280395507813,7.1135,7.112,7.118280395507813,True,0.010552753983724057,-0.0037581796348313476,0,7.118112904382102,7.11873956185705,-14.7550264871753,-14.7550264871753,7.078305162100075,7.078385233509779,13.695550766204766,19.261869358513913,0,-2
2023-06-06 12:43:00,2023-06-06 12:43:59,7.112,7.122,7.112,7.123,7.115890197753906,7.11725,7.112,7.123,True,0.010584700127743776,-0.0031590300306522045,0,7.1184262331195765,7.118894137482194,-10.501847633982955,-10.501847633982955,7.07869267292495,7.0788192112858015,12.436263766175065,14.914425991190548,0,-1
2023-06-06 12:44:00,2023-06-06 12:44:59,7.123,7.114,7.112,7.123,7.116570098876953,7.118,7.112,7.123,True,0.010614364404333514,-0.0031960391036146294,0,7.118660185300885,7.1190097012249245,-11.073610927662315,-11.073610927662315,7.079083790607289,7.0791692688849475,12.442672774778332,12.858162435719287,0,-2
2023-06-06 12:45:00,2023-06-06 12:45:59,7.114,7.118,7.112,7.118,7.117285049438477,7.115500000000001,7.112,7.118,True,0.010284766946881135,-0.0028146074378626157,0,7.118834943262905,7.119076605089441,-9.10535521325987,-9.10535521325987,7.079446140949504,7.079555644318928,11.321500338985807,12.066812293312966,0,-1
2023-06-06 12:46:00,2023-06-06 12:46:59,7.118,7.128,7.118,7.133,7.116392524719239,7.12425,7.118,7.133,True,0.010621569307818173,-0.0017637426796050276,0,7.1189557741761735,7.119164773963293,-3.1286357997047176,-3.1286357997047176,7.0798919504922955,7.0800376777087894,18.663447272759097,14.142540128840977,0,-1
2023-06-06 12:47:00,2023-06-06 12:47:59,7.128,7.126,7.126,7.13,7.120321262359619,7.1275,7.126,7.13,True,0.010148600071545414,-0.0011472281801876679,0,7.119060274069733,7.119291378452564,-0.269338114099277,-0.0,7.080365662427695,7.080495014249,28.713125718626614,19.56602444345707,0,-1
2023-06-06 12:48:00,2023-06-06 12:48:59,7.127,7.121,7.12,7.132,7.123910631179809,7.125,7.12,7.132,True,0.010280842923577853,-0.0010430559224918513,0,7.119175826261149,7.119430222272058,-1.0776805699077485,-0.0,7.080809785189609,7.08089804893309,38.37052997624654,28.582367655877317,0,-1
2023-06-06 12:49:00,2023-06-06 12:49:59,7.122,7.118,7.116,7.123,7.124455315589905,7.119750000000001,7.116,7.124455315589905,True,0.010046497000465188,-0.0011359599242021707,0,7.119303024266603,7.119541729002863,-3.1245415842464226,-3.1245415842464226,7.0811972500135925,7.081267222575547,35.07975404377782,34.054469912883555,0,-2
2023-06-06 12:50:00,2023-06-06 12:50:59,7.117,7.126,7.116,7.127,7.122102657794953,7.1215,7.116,7.127,True,0.010114604357574827,-0.0005959682177548431,0,7.119422376634733,7.119642954857801,-0.020083343327840453,-0.0,7.081598272401517,7.081712324838477,39.13228328729775,37.52752243577394,0,-1
2023-06-06 12:51:00,2023-06-06 12:51:59,7.125,7.111,7.109,7.125,7.121801328897476,7.1175,7.109,7.125,True,0.010606418332033792,-0.0012472044350284807,0,7.1195326657462665,7.119707947735991,-4.41610580584512,-4.41610580584512,7.0819555035218995,7.082003744491825,38.400843382138326,37.53762690440453,0,-2
2023-06-06 12:52:00,2023-06-06 12:52:59,7.112,7.12,7.106,7.12,7.119650664448738,7.1145000000000005,7.106,7.12,True,0.010848817022602823,-0.000991616256193079,0,7.119620306741129,7.11972338502612,-3.152463238131247,-3.152463238131247,7.082279329357503,7.0823818166859365,35.0398952075804,37.52434062567206,0,-1
2023-06-06 12:53:00,2023-06-06 12:53:59,7.12,7.119,7.118,7.127,7.117075332224369,7.1209999999999996,7.118,7.127,True,0.01071675866384544,-0.000845309053363095,0,7.119671845883625,7.119744297849558,-2.735590228547977,-0.0,7.0826646096624035,7.082746176718913,38.65289014615424,37.36454291195756,0,-1
2023-06-06 12:54:00,2023-06-06 12:54:59,7.118,7.121,7.114,7.124,7.119037666112185,7.11925,7.114,7.124,True,0.010665561616427894,-0.0005691298595484791,0,7.119708071866592,7.119757371253606,-1.4468005071822745,-0.0,7.083028643397106,7.083126811776435,45.442723556561845,39.71183630343206,0,-1
2023-06-06 12:55:00,2023-06-06 12:55:59,7.121,7.128,7.12,7.132,7.119143833056093,7.125249999999999,7.12,7.132,True,0.01076087864382587,0.00012240200440346303,0,7.1197327215601,7.119805349310972,2.622268227197303,0.0,7.08344875639813,7.083573311161745,73.84282403430143,52.64614591233907,0,-1
2023-06-06 12:56:00,2023-06-06 12:56:59,7.129,7.132,7.128,7.137,7.122196916528046,7.1315,7.128,7.137,True,0.01063510159783827,0.0008455095893539589,0,7.119769035435536,7.119923360513521,6.891946251419718,0.0,7.0839268782250135,7.084055168762125,84.85318276721166,68.04624345269154,0,-1
2023-06-06 12:57:00,2023-06-06 12:57:59,7.132,7.127,7.127,7.133,7.126848458264023,7.12975,7.127,7.133,True,0.01030402291227841,0.0009380425087365776,0,7.119846197974529,7.120083692760376,6.434077359362924,0.0,7.084382829685461,7.084482480515736,96.21460779814889,84.97020486655389,1,-1
2023-06-06 12:58:00,2023-06-06 12:58:59,7.127,7.124,7.12,7.127,7.128299229132011,7.124499999999999,7.12,7.128299229132011,True,0.010068021275687072,0.000754346423455796,0,7.119964945367453,7.120240224030128,4.308702190394278,0.0,7.084782005509487,7.084875689664833,81.51257345481945,87.52678800672656,0,-2
2023-06-06 12:59:00,2023-06-06 12:59:59,7.124,7.122,7.12,7.124,7.126399614566005,7.1225,7.12,7.126399614566005,True,0.009634591184566535,0.00046764725258295473,0,7.120102584698791,7.120378966665968,1.674660161527207,0.0,7.085157308937253,7.085245085787571,62.83291650810383,80.18669925369062,-1,-2
2023-06-06 13:00:00,2023-06-06 13:00:59,7.122,7.127,7.118,7.128,7.1244498072830025,7.123749999999999,7.118,7.128,True,0.009660691814240339,0.0006064621356723576,0,7.12024077568238,7.120511328592533,3.1260253534977025,0.0,7.0855413158135,7.08566055757078,50.603102867978464,64.98286427696713,1,-1
2023-06-06 13:01:00,2023-06-06 13:01:59,7.126,7.141,7.126,7.145,7.1240999036415005,7.1345,7.126,7.145,True,0.01032778525608026,0.0016303050905144445,0,7.120376052137456,7.12071151523048,9.608608503293944,9.608608503293944,7.086028466899933,7.08621119878898,65.30513721130791,59.580385529129956,0,-1
2023-06-06 13:02:00,2023-06-06 13:02:59,7.141,7.127,7.125,7.141,7.12929995182075,7.1335,7.125,7.141,True,0.010732943452074527,0.0012577156046470386,0,7.120543783683968,7.120956866183988,6.4051949222635685,0.0,7.086500820463117,7.086617057507498,81.9363366009995,65.94819222676183,0,-2
2023-06-06 13:03:00,2023-06-06 13:03:59,7.128,7.139,7.125,7.139,7.131399975910375,7.13275,7.125,7.139,True,0.01096630463406922,0.0017798220350830826,0,7.1207503249339785,7.121230946154699,8.309701428461985,8.309701428461985,7.08696101130428,7.087138280815881,94.29674341410536,80.5127390754708,0,-1
2023-06-06 13:04:00,2023-06-06 13:04:59,7.139,7.133,7.133,7.144,7.132074987955187,7.13725,7.133,7.144,True,0.010968711445921427,0.0016197437046766737,0,7.120990635544339,7.121556638988212,6.950247683433886,6.950247683433886,7.0874613992515005,7.087594616330151,94.29674341410536,90.17660780973664,0,-1
2023-06-06 13:05:00,2023-06-06 13:05:59,7.133,7.131,7.126,7.143,7.1346624939775936,7.13325,7.126,7.143,True,0.011399517771212715,0.0012974404682910244,0,7.121273637266276,7.121893288138519,5.170202549123367,0.0,7.087917007219147,7.088026510695025,88.29758197550753,92.29702293457264,0,-2
2023-06-06 13:06:00,2023-06-06 13:06:59,7.131,7.123,7.118,7.132,7.133956246988797,7.1259999999999994,7.118,7.133956246988797,True,0.011585266501840332,0.00047117778009259917,0,7.1215834627023975,7.122186510792785,0.7438633821544869,0.0,7.0882959424706975,7.088374505613483,64.02427211355537,82.20619916772263,0,-2
2023-06-06 13:07:00,2023-06-06 13:07:59,7.123,7.124,7.118,7.124,7.129978123494398,7.12225,7.118,7.129978123494398,True,0.011186318894565976,-2.7439025285096478e-05,0,7.121884986747592,7.122417802654083,-1.6749235489433048,-0.0,7.088633793789397,7.088728988144692,30.69093878022203,61.00426428976152,0,-2
2023-06-06 13:08:00,2023-06-06 13:08:59,7.125,7.111,7.11,7.125,7.126114061747199,7.11775,7.11,7.126114061747199,True,0.01145872468781124,-0.0012517910620590148,0,7.122151394700838,7.122567874272813,-7.636048785387729,-7.636048785387729,7.088923507284029,7.088950590252705,5.4052244425105345,33.37347844542919,-1,-2
2023-06-06 13:09:00,2023-06-06 13:09:59,7.111,7.11,7.11,7.117,7.1219320308736,7.112,7.11,7.1219320308736,True,0.011140244352967557,-0.002065481351175204,0,7.122359634486826,7.122613519857557,-11.883551570808372,-11.883551570808372,7.089153124126974,7.089160037115862,-2.6290081223123707e-13,12.032054407577313,0,-2
2023-06-06 13:10:00,2023-06-06 13:10:59,7.111,7.11,7.105,7.113,7.1169660154368,7.10975,7.105,7.1169660154368,True,0.010915941184898446,-0.0025051895727403483,0,7.122486577172192,7.122561199521309,-14.71522009442213,-14.71522009442213,7.089358068165511,7.089367399930629,-2.6290081223123707e-13,1.8017414808365484,0,-2
2023-06-06 13:11:00,2023-06-06 13:11:59,7.111,7.112,7.11,7.118,7.1133580077184,7.11275,7.11,7.118,True,0.010707659671691416,-0.0025421319748513377,0,7.122523888346751,7.122452692090051,-14.913590798206044,-14.913590798206044,7.089590823706153,7.089592599931319,4.739133959414151,1.5797113198044206,0,-2
2023-06-06 13:12:00,2023-06-06 13:12:59,7.112,7.126,7.112,7.126,7.1130540038592,7.119000000000001,7.112,7.126,True,0.010942826837999188,-0.0014900077442503183,0,7.122488290218402,7.12234357428678,-6.840372145914898,-6.840372145914898,7.089883452325993,7.08995486261857,18.525946783031632,7.755026914148385,0,-1
2023-06-06 13:13:00,2023-06-06 13:13:59,7.126,7.135,7.125,7.136,7.1160270019296,7.1305,7.125,7.136,True,0.01094691063528497,-0.00012143130473931871,0,7.122415932252591,7.1223136268273475,1.597401252494251,0.0,7.0902875970789685,7.090403072940774,45.66449585419816,22.976525532214527,0,-1
2023-06-06 13:14:00,2023-06-06 13:14:59,7.134,7.15,7.134,7.15,7.1232635009648,7.1419999999999995,7.134,7.15,True,0.011307845589907472,0.0018019217126431092,0,7.12236477953997,7.122425118437659,10.48664191860091,10.48664191860091,7.090802148351814,7.090996077190119,74.25869522811708,46.14971262178218,1,-1
2023-06-06 13:15:00,2023-06-06 13:15:59,7.149,7.136,7.133,7.153,7.1326317504824,7.1427499999999995,7.133,7.153,True,0.011928713762056908,0.0020060868037344746,0,7.1223949489888145,7.122652346868846,9.679724171384684,9.679724171384684,7.091319042398065,7.091443877417083,93.80521573783294,71.24280227338261,0,2
2023-06-06 13:16:00,2023-06-06 13:16:59,7.136,7.141,7.136,7.146,7.1376908752412,7.13975,7.136,7.146,True,0.011790948493338543,0.0023891595754462445,0,7.122523647928831,7.1229485534939565,10.533893373105855,10.533893373105855,7.091800942473706,7.091936973164176,96.39265841522865,88.15218979372611,0,2
2023-06-06 13:17:00,2023-06-06 13:17:59,7.141,7.156,7.141,7.158,7.1387204376206,7.149000000000001,7.141,7.158,True,0.012163023600957243,0.0035525160707955833,1,7.1227361007113945,7.123360499680834,14.42492583519281,14.42492583519281,7.092370087324714,7.0925744162172695,96.39265841522865,95.53017752276331,0,2
2023-06-06 13:18:00,2023-06-06 13:18:59,7.156,7.154,7.154,7.161,7.143860218810301,7.15625,7.154,7.161,True,0.011794236200888845,0.00399660323531611,0,7.123048300196115,7.123910484759829,16.04378600875276,16.04378600875276,7.093005708346359,7.093185616055903,96.39265841522865,96.39265841522854,0,2
2023-06-06 13:19:00,2023-06-06 13:19:59,7.155,7.154,7.15,7.159,7.15005510940515,7.1545000000000005,7.15,7.159,True,0.011594647900825317,0.0040863399422571955,0,7.1234793924779725,7.1245533684857625,17.1230261244594,17.1230261244594,7.0936175918454,7.093790734304103,98.19994612129075,96.99508765058256,0,2
2023-06-06 13:20:00,2023-06-06 13:20:59,7.154,7.146,7.146,7.161,7.152277554702575,7.15175,7.146,7.161,True,0.011837887336480628,0.0033877062319168302,0,7.1240163804818675,7.125246113179177,13.472891510848825,13.472891510848825,7.094196023767337,7.094310229485157,93.54820001063852,96.04693484905253,0,1
2023-06-06 13:21:00,2023-06-06 13:21:59,7.146,7.136,7.136,7.15,7.1520137773512875,7.1419999999999995,7.136,7.1520137773512875,True,0.011992323955303457,0.0020680603347339403,0,7.124631246830522,7.1259064654288515,6.900046429641627,6.900046429641627,7.094671685222388,7.09472505307237,79.83431909898805,90.52748841030565,0,1
2023-06-06 13:22:00,2023-06-06 13:22:59,7.135,7.135,7.134,7.14,7.1470068886756435,7.136,7.134,7.1470068886756435,True,0.011564300815638877,0.001019926887915452,0,7.125268856129686,7.126495617780284,2.141232110909222,0.0,7.0950829122351005,7.095125798812943,63.1345637291307,78.83902761291897,0,1
2023-06-06 13:23:00,2023-06-06 13:23:59,7.134,7.134,7.131,7.137,7.141503444337822,7.134,7.131,7.141503444337822,True,0.01116685075737891,0.0001927284178217508,0,7.125882236954985,7.127010949612508,-1.4586697833996851,-0.0,7.0954701469392285,7.095512606784954,47.752137366636106,63.57367339825151,0,1
2023-06-06 13:24:00,2023-06-06 13:24:59,7.134,7.138,7.133,7.142,7.137751722168911,7.13675,7.133,7.142,True,0.011012075703280442,-0.00011194681914088612,0,7.126446593283746,7.127483494230931,-1.391743405153548,-0.0,7.095880891745804,7.095935366916447,41.53078056743562,50.80582722106737,0,1
2023-06-06 13:25:00,2023-06-06 13:25:59,7.138,7.146,7.137,7.15,7.137250861084455,7.1427499999999995,7.137,7.15,True,0.011154070295903323,0.00020935299068152932,0,7.126965043757338,7.127960276397196,2.6239697331096394,0.0,7.096347251031915,7.096433522469518,40.82780152927046,43.370239821113955,0,2
2023-06-06 13:26:00,2023-06-06 13:26:59,7.146,7.129,7.127,7.146,7.140000430542227,7.137,7.127,7.146,True,0.011714493846195951,-0.0007936883900835608,0,7.127462660077267,7.128397672467053,-2.2226343957682886,-0.0,7.096751755996771,7.09675756702206,30.370401031001517,37.57632770923576,0,-2
2023-06-06 13:27:00,2023-06-06 13:27:59,7.129,7.124,7.123,7.13,7.1385002152711134,7.1265,7.123,7.1385002152711134,True,0.01137774428575336,-0.0017837694200090607,0,7.127930166272161,7.128729017417648,-6.927438302737961,-6.927438302737961,7.097047758424664,7.097028636006915,16.972305408519137,29.390169322930262,0,-2
2023-06-06 13:28:00,2023-06-06 13:28:59,7.123,7.117,7.116,7.123,7.132500107635557,7.119750000000001,7.116,7.132500107635557,True,0.011136476836770978,-0.00285524914924048,0,7.128329591844904,7.128928282019109,-11.895263453569818,-11.895263453569818,7.097273651375662,7.097227356046647,2.841760361917302,16.72815560047921,0,-2
2023-06-06 13:29:00,2023-06-06 13:29:59,7.118,7.116,7.114,7.12,7.126125053817779,7.117,7.114,7.126125053817779,True,0.010769585634144497,-0.003515158173528006,0,7.128628936932006,7.129003323741226,-15.462697581115108,-15.462697581115108,7.097469933451526,7.097414148523795,-2.5934809855243657e-13,6.604688590145284,-1,-2
2023-06-06 13:30:00,2023-06-06 13:30:59,7.116,7.116,7.114,7.118,7.121562526908889,7.116,7.114,7.121562526908889,True,0.010286043803134208,-0.003805035107203928,0,7.128816130336616,7.128973187987344,-17.84098699947863,-17.84098699947863,7.097654312223153,7.097599082369329,-2.5934809855243657e-13,0.9472534539721522,0,-2
2023-06-06 13:31:00,2023-06-06 13:31:59,7.117,7.113,7.112,7.117,7.118781263454444,7.11475,7.112,7.118781263454444,True,0.00990846924576747,-0.004042162067549396,0,7.12889465916198,7.128851875700927,-20.387463992953627,-20.387463992953627,7.097824418569191,7.097752325330828,-2.5934809855243657e-13,-3.682979847023186e-13,0,-2
2023-06-06 13:32:00,2023-06-06 13:32:59,7.114,7.117,7.114,7.118,7.1167656317272225,7.11575,7.114,7.118,True,0.009557864299641214,-0.0037479385904807235,0,7.128873267431453,7.1286664728839995,-18.460166164594046,-18.460166164594046,7.098002782563527,7.097943844481765,1.1332870780922562,0.37776235936380353,0,-2
2023-06-06 13:33:00,2023-06-06 13:33:59,7.118,7.116,7.116,7.119,7.116257815863611,7.11725,7.116,7.119,True,0.009089445421095422,-0.003460128882903122,0,7.1287698701577265,7.128442174797368,-17.664118550668732,-17.664118550668732,7.098194297164885,7.098123507720753,4.314272788518014,1.8158532888698948,0,-2
2023-06-06 13:34:00,2023-06-06 13:34:59,7.117,7.121,7.115,7.122,7.116753907931805,7.11875,7.115,7.122,True,0.008940199319588584,-0.0027723101807027445,0,7.128606022477547,7.12819908470997,-12.748509243497047,-12.748509243497047,7.098398831521453,7.098351134509601,11.813355594950755,5.7536384871869,0,-1
2023-06-06 13:35:00,2023-06-06 13:35:59,7.122,7.129,7.121,7.129,7.117751953965903,7.125249999999999,7.121,7.129,True,0.008873042225332193,-0.001646514567905,0,7.128402553593759,7.1279874643172505,-4.593340002536351,-4.593340002536351,7.09866600732721,7.098656098345327,29.805099005637146,15.310909129701864,0,-1
2023-06-06 13:36:00,2023-06-06 13:36:59,7.128,7.138,7.126,7.139,7.121500976982951,7.13275,7.126,7.139,True,0.009167824923522744,-0.00021683978480116842,0,7.128195008955505,7.127853530153396,4.3125134971030405,4.3125134971030405,7.099005151532909,7.09904757995383,57.07124567586097,32.896566758816185,0,-1
2023-06-06 13:37:00,2023-06-06 13:37:59,7.138,7.124,7.123,7.14,7.127125488491475,7.1312500000000005,7.123,7.14,True,0.00972726600041394,-0.0002316761287335183,0,7.12802426955445,7.127771386239463,2.1567074253423755,0.0,7.099325995796263,7.09929586274036,77.53063354925528,54.802326076917694,0,-1
2023-06-06 13:38:00,2023-06-06 13:38:59,7.124,7.122,7.119,7.125,7.129187744245738,7.1225,7.119,7.129187744245738,True,0.009461032714670104,-0.0003565316248602302,0,7.127897827896956,7.127670546442801,-0.15062941941977925,-0.0,7.099556582902768,7.099521774553889,73.20368910823233,69.26852277778276,0,-2
2023-06-06 13:39:00,2023-06-06 13:39:59,7.123,7.127,7.122,7.13,7.125843872122869,7.1255,7.122,7.13,True,0.00935667323505081,-6.633002139692402e-05,0,7.127784187169879,7.127576262304828,0.8788325126682395,0.0,7.099814726356471,7.099795189732457,64.14742936937748,71.6272506756216,0,-1
2023-06-06 13:40:00,2023-06-06 13:40:59,7.128,7.126,7.124,7.131,7.125671936061434,7.12725,7.124,7.131,True,0.009188339432547222,6.786896551839593e-05,0,7.127680224737354,7.12749979323356,0.9889120897735921,0.0,7.100087714153919,7.100055934113228,60.59298523387946,65.98136790382965,0,-1
2023-06-06 13:41:00,2023-06-06 13:41:59,7.126,7.129,7.124,7.13,7.126460968030717,7.127249999999999,7.124,7.13,True,0.008960600901651008,0.000369357132418221,0,7.127590008985457,7.127437874748747,2.7731036449788817,0.0,7.100357985654876,7.1003439347688175,70.19892573045095,64.97978011123585,0,-1
2023-06-06 13:42:00,2023-06-06 13:42:59,7.129,7.145,7.129,7.148,7.126855484015358,7.13775,7.129,7.148,True,0.009677700837247375,0.0016562922112408768,0,7.127513941867102,7.127459878036012,9.817944200922454,9.817944200922454,7.100730045499106,7.100788273726342,82.14138642198955,70.97776579543988,1,-1
2023-06-06 13:43:00,2023-06-06 13:43:59,7.145,7.142,7.142,7.15,7.132302742007679,7.14475,7.142,7.15,True,0.009557865063158278,0.002217006833315528,0,7.127486909951557,7.127595830002925,12.469376661475614,12.469376661475614,7.101168054996627,7.101198340654438,91.07069321099384,81.13700178781134,0,2
2023-06-06 13:44:00,2023-06-06 13:44:59,7.142,7.142,7.134,7.145,7.13852637100384,7.14075,7.134,7.145,True,0.00966087470150406,0.0024851174393705927,0,7.127541369977242,7.127793117537748,14.23699830184438,14.23699830184438,7.101561905195665,7.101604327314593,94.81466938764243,89.34224967354184,0,2
2023-06-06 13:45:00,2023-06-06 13:45:59,7.142,7.142,7.14,7.149,7.139638185501919,7.14325,7.14,7.149,True,0.009613669365682365,0.002547955638159984,0,7.127667243757495,7.128054494052899,15.415412728756905,15.415412728756905,7.101976712109141,7.102006274306488,91.69586303628815,92.52707521164137,0,2
2023-06-06 13:46:00,2023-06-06 13:46:59,7.143,7.139,7.138,7.143,7.14144409275096,7.140750000000001,7.138,7.143,True,0.009284121553847903,0.002265383421631714,0,7.127860868905197,7.128347382293452,13.366954908446196,13.366954908446196,7.102362515968752,7.1023743710795575,84.6600732157192,90.39020187988315,0,2
2023-06-06 13:47:00,2023-06-06 13:47:59,7.138,7.13,7.13,7.141,7.14109704637548,7.13475,7.13,7.14109704637548,True,0.009406684300001633,0.0013570525570500334,0,7.128104125599324,7.128621904031428,5.854640272392075,5.854640272392075,7.102684779491451,7.102649252959363,73.37986392849459,83.24526672683388,0,1
2023-06-06 13:48:00,2023-06-06 13:48:59,7.13,7.136,7.129,7.136,7.13792352318774,7.13275,7.129,7.13792352318774,True,0.009234778278572985,0.0011112876052679448,0,7.128363014815376,7.128866360054765,4.777137089093472,4.777137089093472,7.102983935914422,7.1029811011886235,52.7340246207261,70.25798725497985,0,1
2023-06-06 13:49:00,2023-06-06 13:49:59,7.136,7.134,7.131,7.137,7.135336761593869,7.1345,7.131,7.137,True,0.009003722687246295,0.0007545403678325198,0,7.12861468743507,7.1290974747622995,2.763748284570447,0.0,7.10329752859189,7.103289746947941,38.96538301163681,55.026423853619065,0,1
2023-06-06 13:50:00,2023-06-06 13:50:59,7.134,7.145,7.133,7.146,7.134918380796934,7.1395,7.133,7.146,True,0.009289171066728694,0.0012322535769986823,0,7.128856081098685,7.129350805382726,7.020003269635026,7.020003269635026,7.10365775218799,7.103704774341494,42.69047792289181,44.79662851841814,0,2
2023-06-06 13:51:00,2023-06-06 13:51:59,7.146,7.145,7.14,7.148,7.137209190398467,7.14475,7.14,7.148,True,0.009197087419105215,0.001471725104571893,0,7.129103443240706,7.129655909213335,9.857506593011415,9.857506593011415,7.104066630275672,7.1041156721092396,61.30170055189267,47.65252049547366,0,2
2023-06-06 13:52:00,2023-06-06 13:52:59,7.145,7.144,7.144,7.149,7.140979595199234,7.1455,7.144,7.149,True,0.008897295460597693,0.0014754400639442945,0,7.129379676227021,7.130004826917275,10.850802872621252,10.850802872621252,7.104478902611238,7.104512531093227,77.26488178581694,60.41902008686704,0,2
2023-06-06 13:53:00,2023-06-06 13:53:59,7.144,7.155,7.142,7.155,7.143239797599617,7.149,7.142,7.155,True,0.009190345784840709,0.0021470126519622258,0,7.129692251572148,7.130409859367427,15.871637994452513,15.871637994452513,7.104921898605156,7.105014893967921,90.00532677414382,76.19063637061771,0,2
2023-06-06 13:54:00,2023-06-06 13:54:59,7.155,7.154,7.15,7.156,7.1461198987998085,7.1537500000000005,7.15,7.156,True,0.008962463943066325,0.0023938609332398676,0,7.130051055469788,7.130888882450018,18.283470913128752,18.283470913128752,7.105407750360328,7.1055023079582895,95.15874980426571,87.47631945474205,0,2
2023-06-06 13:55:00,2023-06-06 13:55:59,7.153,7.152,7.151,7.161,7.1499349493999045,7.154249999999999,7.151,7.161,True,0.009036573661418716,0.0022825491914346425,0,7.130469968959902,7.131426302801834,17.905580169270777,17.905580169270777,7.1058937428940565,7.105964971560694,99.9999999999997,95.05469219280297,0,2
2023-06-06 13:56:00,2023-06-06 13:56:59,7.151,7.143,7.14,7.153,7.152092474699952,7.14675,7.14,7.153,True,0.009319675542745943,0.001460947089740451,0,7.130948135880868,7.1319545544832685,10.813954694126444,10.813954694126444,7.106300272815509,7.106333479306359,81.47093547032325,92.20989509152945,0,1
2023-06-06 13:57:00,2023-06-06 13:57:59,7.143,7.14,7.136,7.147,7.149421237349976,7.141500000000001,7.136,7.149421237349976,True,0.009439698718264099,0.0006260521361133274,0,7.131451345182068,7.13243594265453,4.393259607153254,0.0,7.106650518857146,7.106668469562018,51.949850148092644,77.80692853947176,0,1
2023-06-06 13:58:00,2023-06-06 13:58:59,7.141,7.138,7.136,7.142,7.1454606186749885,7.13925,7.136,7.1454606186749885,True,0.009194005952673822,-0.00011240267102748114,0,7.131943643918299,7.13286169462707,-0.9973207613741906,-0.0,7.106974891803841,7.106980226083789,18.616516814759308,50.679100811058284,0,1
2023-06-06 13:59:00,2023-06-06 13:59:59,7.138,7.136,7.135,7.141,7.1423553093374945,7.137499999999999,7.135,7.1423553093374945,True,0.008965862670339993,-0.0007551673428606185,0,7.132402669272684,7.133228715856722,-5.708896963538976,-5.708896963538976,7.107278624223703,7.107268980053105,3.8122480111024117,24.792871657984673,0,1
2023-06-06 14:00:00,2023-06-06 14:00:59,7.135,7.141,7.13,7.144,7.139927654668747,7.137499999999999,7.13,7.144,True,0.009325443908172868,-0.0008259736646531925,0,7.132815692564703,7.133546979803521,-4.3260311247390035,-4.3260311247390035,7.107579334430432,7.107604612092377,-3.0612549532330985e-13,7.476254941953688,0,-2
2023-06-06 14:01:00,2023-06-06 14:01:59,7.141,7.136,7.134,7.143,7.138713827334373,7.1385000000000005,7.134,7.143,True,0.00930219791473191,-0.0012081781021517843,0,7.133181336184112,7.133831534232966,-6.633923787600374,-6.633923787600374,7.107887002744557,7.107887153265588,2.025529409705917,1.9459258069358916,0,-2
2023-06-06 14:02:00,2023-06-06 14:02:59,7.138,7.142,7.135,7.142,7.138606913667187,7.13925,7.135,7.142,True,0.009137755206536813,-0.0010182925048518084,0,7.133506435208539,7.134092742373933,-3.6067855559971704,-3.6067855559971704,7.10819907236899,7.108226584576378,5.62511461182628,2.550214673843848,0,-1
2023-06-06 14:03:00,2023-06-06 14:03:59,7.141,7.121,7.116,7.141,7.138928456833593,7.12975,7.116,7.141,True,0.010342201263212805,-0.0023168247159448137,-1,7.133799588791236,7.134268597549247,-10.056067099500638,-10.056067099500638,7.1084135094598455,7.1083536832373095,5.62511461182628,4.425252877786043,0,-2
2023-06-06 14:04:00,2023-06-06 14:04:59,7.121,7.118,7.117,7.127,7.134339228416796,7.12075,7.117,7.134339228416796,True,0.010317758315840446,-0.003281294872511576,0,7.134034093170241,7.134314297609748,-15.046718785756823,-15.046718785756823,7.108536260609498,7.10844966648868,3.599585202120057,4.94993814192409,-1,-2
2023-06-06 14:05:00,2023-06-06 14:05:59,7.117,7.13,7.114,7.13,7.127544614208398,7.12275,7.114,7.13,True,0.010723632721851842,-0.002952552298024332,0,7.134174195389995,7.134270934208944,-11.646365882906352,-11.646365882906352,7.10867769085219,7.108664097667897,2.511972487490243,3.912224100478744,0,-2
2023-06-06 14:06:00,2023-06-06 14:06:59,7.13,7.129,7.123,7.131,7.125147307104199,7.12825,7.123,7.131,True,0.010529087527433855,-0.002689076053338774,0,7.134222564799469,7.134195483886808,-9.77373844249201,-9.77373844249201,7.1088724401969445,7.108866444954783,11.480291282609606,5.863949657406519,0,-2
2023-06-06 14:07:00,2023-06-06 14:07:59,7.13,7.126,7.126,7.133,7.1266986535521,7.12875,7.126,7.133,True,0.010277009846902841,-0.002612378563390547,0,7.134209024343138,7.134098719507035,-9.788414408563945,-9.788414408563945,7.109070226861651,7.109036928089561,21.012807947758272,11.668357239285925,0,-2
2023-06-06 14:08:00,2023-06-06 14:08:59,7.127,7.137,7.127,7.137,7.12772432677605,7.132,7.127,7.137,True,0.010328652000695441,-0.0016956177090108931,0,7.134153871925086,7.134008136782604,-4.316335003549348,-4.316335003549348,7.1092983838083015,7.109315167611058,31.699138156342453,21.397412462236662,0,-1
2023-06-06 14:09:00,2023-06-06 14:09:59,7.136,7.144,7.132,7.146,7.129862163388025,7.1395,7.132,7.146,True,0.010590891143502926,-0.000548408223565437,0,7.1340810043538445,7.133974500388701,1.840310567734754,0.0,7.109598897402249,7.109660290321396,51.214711218859485,34.64221910765329,0,-1
2023-06-06 14:10:00,2023-06-06 14:10:59,7.145,7.153,7.144,7.168,7.134681081694012,7.1525,7.144,7.168,True,0.01154868463325272,0.0008343242092699267,0,7.1340277523712725,7.134075122847783,8.468047289130773,8.468047289130773,7.110025774045012,7.110091531213721,75.01552788704414,52.643125754081915,1,-1
2023-06-06 14:11:00,2023-06-06 14:11:59,7.152,7.157,7.144,7.157,7.143590540847006,7.152500000000001,7.144,7.157,True,0.011652350016591803,0.001963028268315665,0,7.134051437609528,7.134280757868927,13.84064904820265,13.84064904820265,7.110448403158992,7.1105582821469175,95.15055852430275,73.79359921006868,0,2
2023-06-06 14:12:00,2023-06-06 14:12:59,7.158,7.168,7.158,7.177,7.148045270423504,7.16525,7.158,7.177,True,0.012248610729692359,0.003353613754442396,1,7.134166097739227,7.13465513770294,19.54363178575838,19.54363178575838,7.1109936926797985,7.11112984152854,99.99999999999967,90.05536213711541,0,2
2023-06-06 14:13:00,2023-06-06 14:13:59,7.169,7.173,7.161,7.174,7.156647635211752,7.16925,7.161,7.174,True,0.012302281391857248,0.0044341752903675315,0,7.134410617721083,7.135187247124896,24.108713549556725,24.108713549556725,7.111573357429253,7.111745464995918,99.99999999999967,98.38351950810058,0,2
2023-06-06 14:14:00,2023-06-06 14:14:59,7.173,7.16,7.158,7.175,7.162948817605876,7.1665,7.158,7.175,True,0.012637832721010264,0.004024256660075074,0,7.1347989324229895,7.135821019399644,19.58596925172573,19.58596925172573,7.112119891186176,7.112225609622825,97.31271818715139,99.10423939571679,0,2
2023-06-06 14:15:00,2023-06-06 14:15:59,7.16,7.17,7.16,7.178,7.164724408802938,7.167000000000001,7.16,7.178,True,0.013020844669509516,0.004239674127497988,0,7.1353099759113165,7.136533913733281,19.215847258029342,19.215847258029342,7.1126659619206425,7.112800479178817,94.84915546139796,97.3872912161829,0,2
2023-06-06 14:16:00,2023-06-06 14:16:59,7.171,7.178,7.171,7.18,7.165862204401469,7.175,7.171,7.18,True,0.012805070050258821,0.004705653946290104,0,7.135921944822298,7.137359098714767,20.6694536181097,20.6694536181097,7.113286201105511,7.113449230629774,94.84915546139796,95.670343036649,0,2
2023-06-06 14:17:00,2023-06-06 14:17:59,7.178,7.18,7.178,7.191,7.170431102200734,7.18175,7.178,7.191,True,0.012818993618097472,0.004893597180885688,0,7.136640521768533,7.138313341444858,22.04629415411432,22.04629415411432,7.113967432935307,7.1141114273399255,97.53643727424624,95.74491606568061,0,2
2023-06-06 14:18:00,2023-06-06 14:18:59,7.18,7.171,7.17,7.184,7.176090551100367,7.1762500000000005,7.17,7.184,True,0.012903351216804812,0.004131067724094013,0,7.137476931606696,7.139324909279048,17.977501947125745,17.977501947125745,7.114587159970776,7.114677482789279,94.71946781295024,95.70168684953137,0,1
2023-06-06 14:19:00,2023-06-06 14:19:59,7.17,7.164,7.163,7.17,7.176170275550184,7.16675,7.163,7.176170275550184,True,0.012553111844175898,0.002918662849422318,0,7.138400920442872,7.140309489036812,12.127289157935515,12.127289157935515,7.115106193204898,7.115168254104809,79.09502189230447,90.45030899316687,0,1
2023-06-06 14:20:00,2023-06-06 14:20:59,7.164,7.178,7.162,7.181,7.171460137775092,7.17125,7.162,7.181,True,0.0130136038553062,0.0029050690861358065,0,7.139355204739842,7.141296940413599,12.755863042894212,12.755863042894212,7.11566483804863,7.115793445606253,65.77784476924668,79.86411149150037,0,2
2023-06-06 14:21:00,2023-06-06 14:21:59,7.178,7.186,7.178,7.189,7.1713550688875465,7.18275,7.178,7.189,True,0.012869775008498622,0.0032509821955242248,0,7.140326072576721,7.142358779899518,15.072609861859078,15.072609861859078,7.116332352097897,7.116492018286788,62.45088375642271,69.1079168059912,0,2
2023-06-06 14:22:00,2023-06-06 14:22:59,7.186,7.184,7.18,7.189,7.1770525344437734,7.18475,7.18,7.189,True,0.012593362507891602,0.00312277469899396,0,7.141342426238119,7.143485622445725,15.564331028215861,15.564331028215861,7.117013124713838,7.117163739497865,67.924640172254,65.38445623264103,0,2
2023-06-06 14:23:00,2023-06-06 14:23:59,7.184,7.18,7.179,7.186,7.180901267221887,7.18225,7.179,7.186,True,0.01219383661447075,0.0025515487069738205,0,7.142414024341922,7.144638758361551,13.71654202692418,13.71654202692418,7.1176622478510145,7.117788975920772,61.75423810968001,64.04325401278548,0,1
2023-06-06 14:24:00,2023-06-06 14:24:59,7.18,7.17,7.166,7.184,7.181575633610944,7.175,7.166,7.184,True,0.012608562570579967,0.0013039502118667497,0,7.143526391351736,7.145754940783365,7.9362841176915,0.0,7.118232772748019,7.118308488598177,37.028397976220084,55.56909208605126,0,1
2023-06-06 14:25:00,2023-06-06 14:25:59,7.17,7.166,7.164,7.17,7.178287816805472,7.1675,7.164,7.178287816805472,True,0.012136522386967127,8.437048766736684e-05,0,7.14464066606755,7.146782913285045,2.5618530685726313,0.0,7.118722993914705,7.118783031000185,13.845754147701228,37.542796744533675,0,1
2023-06-06 14:26:00,2023-06-06 14:26:59,7.166,7.16,7.151,7.166,7.172893908402736,7.16075,7.151,7.172893908402736,True,0.012341056502183801,-0.0011996182076217422,0,7.145711789676297,7.147688072333296,-3.1180528759370105,-3.1180528759370105,7.119141173079733,7.119193150094711,-3.1737575530617807e-13,16.958050707973566,0,1
2023-06-06 14:27:00,2023-06-06 14:27:59,7.159,7.173,7.156,7.173,7.166821954201368,7.16525,7.156,7.173,True,0.012673838180599268,-0.0011627850991942773,0,7.146699931004797,7.148521203917883,-0.8612858340054004,-0.0,7.119599967377447,7.119728541636057,3.7774797926956993,5.874411313465437,0,1
2023-06-06 14:28:00,2023-06-06 14:28:59,7.173,7.175,7.17,7.176,7.166035977100684,7.173500000000001,7.17,7.176,True,0.012197135453413622,-0.0010260412823760341,0,7.1476105674613395,7.149348515378696,1.4056314394709375,0.0,7.120136286110009,7.1202785063958975,13.841828737336337,5.873102843343806,0,1
2023-06-06 14:29:00,2023-06-06 14:29:59,7.174,7.178,7.174,7.179,7.169767988550342,7.17625,7.174,7.179,True,0.011683054349598357,-0.0007605950543861182,0,7.148479541420018,7.150184436303221,4.115085150337933,0.0,7.120694631521849,7.120852849615839,25.854824506191814,14.491377678741182,0,2
2023-06-06 14:30:00,2023-06-06 14:30:59,7.178,7.18,7.175,7.19,7.173008994275171,7.180750000000001,7.175,7.19,True,0.0119199790389128,-0.000491186412341655,0,7.14933198886162,7.151052274998152,6.747793273315828,0.0,7.121292197377353,7.121441378475383,37.20261994434913,25.633091062625663,0,2
2023-06-06 14:31:00,2023-06-06 14:31:59,7.18,7.191,7.18,7.195,7.176879497137586,7.1865,7.18,7.195,True,0.012139980536133355,0.00038663294761616916,0,7.150192131929886,7.151978739596746,12.148800757491209,12.148800757491209,7.121941031234295,7.122133504062693,51.7729310751405,38.27679184189372,0,2
2023-06-06 14:32:00,2023-06-06 14:32:59,7.191,7.188,7.185,7.192,7.181689748568793,7.189,7.185,7.192,True,0.011772839069266726,0.0006577649262626533,0,7.151085435763316,7.15296215690784,13.655365309394035,13.655365309394035,7.122608284654849,7.122788892081969,66.92939186073079,51.968314293406706,0,2
2023-06-06 14:33:00,2023-06-06 14:33:59,7.189,7.176,7.175,7.197,7.185344874284397,7.18425,7.175,7.197,True,0.012503350564319119,-9.37350907445969e-05,0,7.152023796335579,7.153951076149968,8.160285601651509,0.0,7.123221635056293,7.123318355842348,71.66655915698476,63.456294030951916,0,1
2023-06-06 14:34:00,2023-06-06 14:34:59,7.176,7.178,7.167,7.182,7.184797437142198,7.175750000000001,7.167,7.184797437142198,True,0.012681682666867795,-0.0005125041440303072,0,7.152987436242774,7.1548792230239595,5.470044540233765,0.0,7.12374430535424,7.123862451804116,55.21607591651222,64.60400897807583,0,1
2023-06-06 14:35:00,2023-06-06 14:35:59,7.177,7.178,7.172,7.18,7.180273718571099,7.17675,7.172,7.180273718571099,True,0.012347276762091524,-0.0008336566834495195,0,7.153933329633367,7.155760016373987,3.6765504992886022,0.0,7.124271725201462,7.1244011338757165,37.31392887392218,54.73218798247296,0,1
2023-06-06 14:36:00,2023-06-06 14:36:59,7.177,7.182,7.175,7.184,7.17851185928555,7.1795,7.175,7.184,True,0.012108185564799296,-0.0008016312783649549,0,7.154846673003678,7.156616352707035,4.765127468189199,0.0,7.124821260274084,7.124974256921729,31.477873995437903,41.33595959529067,0,1
2023-06-06 14:37:00,2023-06-06 14:37:59,7.182,7.179,7.177,7.182,7.179005929642775,7.18,7.177,7.182,True,0.011600458024456545,-0.0010213946101588333,0,7.155731512855357,7.157450989012422,3.4033409597714837,0.0,7.125370302460412,7.125511826504598,39.08373812622293,35.95851366519424,0,1
2023-06-06 14:38:00,2023-06-06 14:38:59,7.179,7.183,7.178,7.187,7.1795029648213875,7.18175,7.178,7.187,True,0.011414711022709674,-0.0009124125600247536,0,7.156591250933889,7.158274821101827,4.955523070400481,0.0,7.1259312944757305,7.126083848131418,48.131606048322965,39.56440605666117,0,1
2023-06-06 14:39:00,2023-06-06 14:39:59,7.183,7.186,7.183,7.187,7.180626482410694,7.18475,7.183,7.187,True,0.010885088806801873,-0.0006628614038916049,0,7.157433036017858,7.1591050777821525,7.649586150592121,0.0,7.126516555227216,7.1266800287470256,56.724188003394005,47.9798440593132,0,2
2023-06-06 14:40:00,2023-06-06 14:40:59,7.186,7.192,7.179,7.197,7.182688241205347,7.1885,7.179,7.197,True,0.011393296749173153,-0.0001268358468011349,0,7.158269056900005,7.159960425132308,12.177154050491062,12.177154050491062,7.127133305921473,7.127329978709741,67.4497348050739,57.43517628559687,0,2
2023-06-06 14:41:00,2023-06-06 14:41:59,7.191,7.187,7.184,7.192,7.185594120602674,7.1885,7.184,7.192,True,0.0111509184099465,-0.00018374090880378738,0,7.159114741016157,7.16082965795082,10.886711835623125,10.886711835623125,7.127743919792901,7.127923710264868,74.51776984275136,66.230564217073,0,1
2023-06-06 14:42:00,2023-06-06 14:42:59,7.186,7.189,7.186,7.196,7.187047060301337,7.1892499999999995,7.186,7.196,True,0.011068709952093162,-0.00014113886067858294,0,7.159972199483488,7.161709004832284,11.140010192999242,11.140010192999242,7.128355920590982,7.1285314345408395,78.8638441849837,73.61044961093624,0,1
2023-06-06 14:43:00,2023-06-06 14:43:59,7.19,7.189,7.186,7.194,7.188148530150668,7.18975,7.186,7.194,True,0.010849516384086507,-0.00017302759108793822,0,7.160840602157886,7.162593711863609,11.30887576458332,11.30887576458332,7.128966806953261,7.1291331118090895,80.42123035271504,77.93428146014996,0,1
2023-06-06 14:44:00,2023-06-06 14:44:59,7.189,7.17,7.169,7.19,7.188949265075334,7.1795,7.169,7.19,True,0.011574550928080385,-0.0015542198000638857,0,7.161717157010747,7.163406243047012,0.6758669994777335,0.0,7.129469624794522,7.1295397475124815,55.03801788108183,71.44103080626012,0,-2
2023-06-06 14:45:00,2023-06-06 14:45:59,7.17,7.176,7.164,7.178,7.184224632537667,7.172,7.164,7.184224632537667,True,0.011747797290360374,-0.002028942085718832,0,7.1625617000288795,7.16410491687376,-2.5212048683561648,-0.0,7.129892812607512,7.130002038582009,28.072973935155407,54.51074072298402,0,-2
2023-06-06 14:46:00,2023-06-06 14:46:59,7.177,7.177,7.174,7.185,7.178112316268834,7.178249999999999,7.174,7.185,True,0.011694383198191721,-0.0022358343394123723,0,7.163333308451319,7.16475203800409,-4.023790337789727,-4.023790337789727,7.130373978651218,7.130469679989153,10.091646436368816,31.06754608420194,0,-2
2023-06-06 14:47:00,2023-06-06 14:47:59,7.177,7.171,7.166,7.177,7.178181158134416,7.17275,7.166,7.178181158134416,True,0.011644784398320828,-0.0027366268968229187,0,7.164042673227704,7.165316395545779,-7.708978812184064,-7.708978812184064,7.130795630604937,7.13087296675543,12.001795319549283,16.722138563691093,0,-2
2023-06-06 14:48:00,2023-06-06 14:48:59,7.171,7.173,7.166,7.173,7.1754655790672075,7.17075,7.166,7.1754655790672075,True,0.01131301408415503,-0.0028519110428816986,0,7.1646795343867415,7.165797998512249,-8.653464235458927,-8.653464235458927,7.131193186519316,7.1312921412155745,12.001795319549283,11.365079025155717,0,-2
2023-06-06 14:49:00,2023-06-06 14:49:59,7.173,7.163,7.163,7.174,7.173107789533604,7.1682500000000005,7.163,7.174,True,0.011290655935286822,-0.003530977138401394,0,7.165238766449495,7.1661939912524915,-13.162084040101746,-13.162084040101746,7.131561911031562,7.131607642298007,1.910148883180155,8.637913174092832,0,-2
2023-06-06 14:50:00,2023-06-06 14:50:59,7.163,7.151,7.151,7.167,7.170678894766802,7.1579999999999995,7.151,7.170678894766802,True,0.011627037654194908,-0.004675434837547644,0,7.165716378850993,7.166449539627725,-18.932199612413203,-18.932199612413203,7.131824976593437,7.131800601081111,-3.1382304162737757e-13,4.637314734242966,-1,-2
2023-06-06 14:51:00,2023-06-06 14:51:59,7.15,7.149,7.146,7.154,7.164339447383401,7.14975,7.146,7.164339447383401,True,0.011367963536038129,-0.005376050991342859,-1,7.1660829592393585,7.166536158059493,-23.14517598437823,-23.14517598437823,7.132003335035294,7.131971739378812,-3.1382304162737757e-13,0.6367162943931002,0,-2
2023-06-06 14:52:00,2023-06-06 14:52:59,7.149,7.15,7.145,7.154,7.1570447236917,7.1495,7.145,7.1570447236917,True,0.011198823283464,-0.005543762251782966,0,7.166309558649425,7.166487467198333,-25.065899274934065,-25.065899274934065,7.132177431204097,7.132151125056635,-3.1382304162737757e-13,-3.89416893792966e-13,0,-2
2023-06-06 14:53:00,2023-06-06 14:53:59,7.149,7.141,7.141,7.152,7.1532723618458505,7.14575,7.141,7.1532723618458505,True,0.011184621620359438,-0.006036067537230918,0,7.166398512923879,7.166306851462372,-28.179538372863632,-28.179538372863632,7.132312481639877,7.1322391735635335,-3.1382304162737757e-13,-3.89416893792966e-13,0,-2
2023-06-06 14:54:00,2023-06-06 14:54:59,7.142,7.148,7.142,7.149,7.149511180922925,7.14525,7.142,7.149511180922925,True,0.010957148647476623,-0.0056091316325016845,0,7.166352682193126,7.166020179029,-24.748612347767107,-24.748612347767107,7.132441213165849,7.13239599770718,-3.1382304162737757e-13,-3.89416893792966e-13,0,-2
2023-06-06 14:55:00,2023-06-06 14:55:59,7.148,7.154,7.148,7.163,7.147380590461463,7.15325,7.148,7.163,True,0.011245923744085477,-0.004666460371751428,0,7.166186430611063,7.165706862797381,-18.66925546871818,-18.66925546871818,7.132648265771164,7.132610962904123,8.76817774092566,2.9227259136416017,0,-1
2023-06-06 14:56:00,2023-06-06 14:56:59,7.155,7.155,7.154,7.156,7.150315295230731,7.154999999999999,7.154,7.156,True,0.010585500619507927,-0.0037679128633511492,0,7.1659466467042225,7.165386726259641,-14.00550147875439,-14.00550147875439,7.132870671086874,7.132833739392639,19.284253402652347,9.350810381192488,0,-1
2023-06-06 14:57:00,2023-06-06 14:57:59,7.155,7.153,7.152,7.156,7.152657647615365,7.154,7.152,7.156,True,0.010115107718114472,-0.003137798252173371,0,7.165666686481932,7.1650565554605645,-11.98720843129005,-11.98720843129005,7.133080913165611,7.133034398702165,34.21345697620816,20.755296039928645,0,-1
2023-06-06 14:58:00,2023-06-06 14:58:59,7.153,7.15,7.146,7.153,7.153328823807683,7.1505,7.146,7.153328823807683,True,0.009892600023963416,-0.002772973079125725,0,7.1653616209712485,7.1646967362176515,-12.253919307174321,-12.253919307174321,7.13325423741272,7.1332032106553775,37.25619709125957,30.25130249003995,0,-1
2023-06-06 14:59:00,2023-06-06 14:59:59,7.15,7.155,7.149,7.157,7.151914411903841,7.15275,7.149,7.157,True,0.00975741430796603,-0.002042946823105579,0,7.16502917859445,7.1643314806818585,-8.517467993116348,-8.517467993116348,7.133448225100155,7.133420094131443,42.58852551339202,38.01939319361984,0,-1
2023-06-06 15:00:00,2023-06-06 15:00:59,7.154,7.166,7.154,7.17,7.152332205951921,7.161,7.154,7.17,True,0.010203313285968458,-0.0006948195815518017,0,7.164680329638154,7.164021054929446,-0.40238240306567263,-0.0,7.133722372114084,7.13374427229929,60.992655273169554,46.94579262594031,0,-1
2023-06-06 15:01:00,2023-06-06 15:01:59,7.166,7.167,7.166,7.17,7.15666610297596,7.167250000000001,7.166,7.17,True,0.009760219479827822,0.00030782082034505436,0,7.1643506922838,7.163798808548528,5.40411882742697,0.0,7.134055980351755,7.134075175062481,82.51507075052548,62.03208384569562,0,-1
2023-06-06 15:02:00,2023-06-06 15:02:59,7.167,7.162,7.161,7.167,7.16195805148798,7.164250000000001,7.161,7.167,True,0.009491632374125852,0.0006301457604022554,0,7.164074750416163,7.163626928063047,5.416049098659919,0.0,7.134356418358205,7.134353034017083,96.24192064021383,79.91654888796955,0,-1
2023-06-06 15:03:00,2023-06-06 15:03:59,7.162,7.169,7.161,7.17,7.163104025743991,7.1655,7.161,7.17,True,0.00945651577597403,0.0013199825298472762,0,7.163850839239605,7.163504456613496,8.76509504645498,8.76509504645498,7.134666304742701,7.1346977799472615,93.99403936228775,90.91701025100895,0,-1
2023-06-06 15:04:00,2023-06-06 15:04:59,7.168,7.168,7.165,7.17,7.164302012871995,7.16775,7.165,7.17,True,0.009138193220547307,0.0016657281821458548,0,7.1636776479265505,7.163437162922591,10.187594991379449,10.187594991379449,7.134995495740285,7.135029145320921,93.99403936228775,94.74333312159638,0,-1
2023-06-06 15:05:00,2023-06-06 15:05:59,7.167,7.164,7.159,7.175,7.166026006435997,7.16625,7.159,7.175,True,0.0096283222762225,0.0015650512776930379,0,7.16355740542457,7.163403481180197,7.957782976609913,7.957782976609913,7.135306485832421,7.135317412531658,95.63266919804973,94.54024930754167,0,-1
2023-06-06 15:06:00,2023-06-06 15:06:59,7.163,7.169,7.163,7.17,7.166138003217998,7.16625,7.163,7.17,True,0.009440584970778012,0.0017948563832337933,0,7.163480443302383,7.163396493453816,9.337816477821903,9.337816477821903,7.13561438149578,7.1356525626557215,95.76110095195197,95.12926983742973,0,-1
2023-06-06 15:07:00,2023-06-06 15:07:59,7.169,7.17,7.169,7.173,7.166194001608999,7.170249999999999,7.169,7.173,True,0.009051971758579616,0.001950794352728605,0,7.163438468378099,7.163438014311065,10.79475644449932,10.79475644449932,7.135959014515723,7.135994328201436,95.76110095195197,95.7182903673178,0,-1
2023-06-06 15:08:00,2023-06-06 15:08:59,7.171,7.172,7.17,7.176,7.1682220008045,7.17225,7.17,7.176,True,0.008833973775823945,0.002117360119140879,0,7.163438241344582,7.16353116356704,12.885692088785007,12.885692088785007,7.136320118848899,7.136352593592466,97.88055047597584,96.4675841266265,1,-1
2023-06-06 15:09:00,2023-06-06 15:09:59,7.173,7.175,7.172,7.177,7.17023600040225,7.17425,7.172,7.177,True,0.008560118506122228,0.0023484331327104273,0,7.16348470245581,7.163678043248384,15.84730661804511,15.84730661804511,7.136697530601646,7.136737144900004,99.9999999999997,97.88055047597577,0,2
2023-06-06 15:10:00,2023-06-06 15:10:59,7.174,7.164,7.159,7.177,7.172243000201124,7.1685,7.159,7.177,True,0.00923439575568491,0.0016470031730042947,0,7.163581372852097,7.163826766405749,8.590082765324247,8.590082765324247,7.137013973083222,7.137008417090054,89.60368857286143,95.82807968294559,0,-2
2023-06-06 15:11:00,2023-06-06 15:11:59,7.164,7.17,7.164,7.174,7.170371500100562,7.167999999999999,7.164,7.174,True,0.009289081773136035,0.0015371995697087766,0,7.163704069628923,7.163972490013995,7.510903722553451,7.510903722553451,7.13732229175901,7.137336691546869,78.35861343037853,89.32076733441313,0,-1
2023-06-06 15:12:00,2023-06-06 15:12:59,7.17,7.17,7.169,7.172,7.16918575005028,7.17025,7.169,7.172,True,0.00883986164648347,0.0014008921895301066,0,7.1638382798214595,7.1641302896299965,6.791451027372915,6.791451027372915,7.1376499306469805,7.137661699591178,69.64078576150585,79.20102925491518,0,-1
2023-06-06 15:13:00,2023-06-06 15:13:59,7.169,7.167,7.165,7.171,7.169717875025141,7.167999999999999,7.165,7.171,True,0.008637014386020382,0.0010455677728128212,0,7.1639842847257285,7.164281076705854,3.9726431932872686,0.0,7.1379519213868114,7.137953622978331,56.943460141222936,68.31428644436903,0,-2
2023-06-06 15:14:00,2023-06-06 15:14:59,7.167,7.168,7.167,7.17,7.16885893751257,7.168000000000001,7.167,7.17,True,0.00823437050130465,0.000837174143390204,0,7.164132680715792,7.164425308199842,2.9246224441448447,0.0,7.138250907243659,7.138252591903919,38.4190140571143,55.00108665328096,0,-2
2023-06-06 15:15:00,2023-06-06 15:15:59,7.169,7.157,7.155,7.172,7.168429468756285,7.163250000000001,7.155,7.172,True,0.008860486894068565,-9.109174328252988e-05,0,7.164278994457817,7.16453079880523,-4.367501507165713,-4.367501507165713,7.138499654435265,7.13843913327801,13.803508392653649,36.38866086366355,0,-2
2023-06-06 15:16:00,2023-06-06 15:16:59,7.156,7.157,7.152,7.157,7.165839734378142,7.1555,7.152,7.165839734378142,True,0.008584737830206517,-0.0006886654017832915,0,7.164404896631524,7.164551891416983,-9.22891747470608,-9.22891747470608,7.138668812102575,7.138623818519025,3.5638121067414943,18.59544485216974,-1,-2
2023-06-06 15:17:00,2023-06-06 15:17:59,7.157,7.159,7.153,7.161,7.160669867189071,7.157499999999999,7.153,7.161,True,0.008542970842334624,-0.0009073393649917322,0,7.164478394024254,7.164520114303993,-10.344603134646285,-10.344603134646285,7.13885618710653,7.138826566593463,4.174179257142787,7.180499918845903,0,-2
2023-06-06 15:18:00,2023-06-06 15:18:59,7.159,7.172,7.159,7.173,7.159084933594535,7.165749999999999,7.159,7.173,True,0.00893275863931074,-0.0001154579768700876,0,7.164499254164124,7.164503534283276,-2.348096650338263,-0.0,7.139123787234823,7.139156650507956,23.194987984684587,10.310993116189549,0,-1
2023-06-06 15:19:00,2023-06-06 15:19:59,7.171,7.175,7.17,7.178,7.162417466797267,7.1735,7.17,7.178,True,0.008866133022217117,0.0006086987401159622,0,7.1645013942236995,7.164552206038606,4.242888718321161,4.242888718321161,7.139465839103133,7.139513300751657,53.01409004281703,26.79441909488139,1,-1
2023-06-06 15:20:00,2023-06-06 15:20:59,7.175,7.17,7.162,7.175,7.167958733398633,7.1705,7.162,7.175,True,0.009161409234915888,0.0007069910028546534,0,7.164526800131153,7.164631333845711,4.7678545738583225,4.7678545738583225,7.139774636723997,7.139816650992935,73.68017198063622,49.96308333604586,0,-1
2023-06-06 15:21:00,2023-06-06 15:21:59,7.171,7.173,7.169,7.175,7.169229366699316,7.172000000000001,7.169,7.175,True,0.008935594289564768,0.0009436467723529259,0,7.1645790669884315,7.164744188610854,6.741942585428667,6.741942585428667,7.140095287104853,7.140146833570119,81.55277028304631,69.41567743549977,0,2
2023-06-06 15:22:00,2023-06-06 15:22:59,7.173,7.163,7.163,7.173,7.170614683349658,7.168000000000001,7.163,7.173,True,0.009011623268881556,0.00036616420428750167,0,7.164661627799642,7.164855378289682,1.865754558594901,0.0,7.140372945939631,7.1403742282609635,71.95390456347681,75.72894894238637,0,-2
2023-06-06 15:23:00,2023-06-06 15:23:59,7.163,7.167,7.163,7.167,7.16930734167483,7.165000000000001,7.163,7.16930734167483,True,0.008653650178247128,0.00024764624804760277,0,7.164758503044662,7.164943910964508,1.086772412301265,0.0,7.140617991253665,7.140639161313093,64.48230067071331,72.66299183907871,0,-2
2023-06-06 15:24:00,2023-06-06 15:24:59,7.167,7.164,7.159,7.168,7.167153670837415,7.164499999999999,7.159,7.168,True,0.0086783894512295,-4.9220142753568074e-05,0,7.164851207004585,7.165010567660713,-1.1392149094426571,-0.0,7.140855623181489,7.140871607469181,54.082300525626266,63.506168586605376,0,-2
2023-06-06 15:25:00,2023-06-06 15:25:59,7.163,7.174,7.16,7.175,7.165826835418708,7.168,7.16,7.175,True,0.009129933061855942,0.0004434433697980304,0,7.164930887332648,7.165083557631408,2.797574282052423,0.0,7.141125716483166,7.1412012432157566,56.918176439312056,58.49425921188379,0,-1
2023-06-06 15:26:00,2023-06-06 15:26:59,7.174,7.177,7.168,7.182,7.166913417709354,7.17525,7.168,7.182,True,0.009477794986009105,0.0009437185586972289,0,7.165007222482028,7.165210775754947,6.671163971945411,6.671163971945411,7.141465261592786,7.141557449750923,72.8828524704466,61.29444314512821,0,2
2023-06-06 15:27:00,2023-06-06 15:27:59,7.177,7.181,7.176,7.186,7.171081708854677,7.18,7.176,7.186,True,0.009515095344151295,0.001493484257929982,0,7.165108999118487,7.165412405284423,10.822470882562094,10.822470882562094,7.141848691825693,7.1419499129374815,89.72277891891508,73.17460260955782,0,2
2023-06-06 15:28:00,2023-06-06 15:28:59,7.18,7.186,7.174,7.187,7.1755408544273385,7.18175,7.174,7.187,True,0.00976401710528334,0.0021166968161113377,1,7.165260702201454,7.165683242905163,15.29397473570343,15.29397473570343,7.142245719767726,7.142388222261487,99.9999999999997,87.53521046312038,0,2
2023-06-06 15:29:00,2023-06-06 15:29:59,7.186,7.174,7.173,7.195,7.178645427213669,7.182,7.173,7.195,True,0.010638015883477403,0.001590243927725392,0,7.165471972553308,7.16600842557463,10.285180964420817,10.285180964420817,7.142641284745162,7.142702767313612,99.9999999999997,96.57425963963807,0,1
2023-06-06 15:30:00,2023-06-06 15:30:59,7.173,7.183,7.17,7.184,7.180322713606834,7.1775,7.17,7.184,True,0.010878157606086177,0.0017815374779715878,0,7.165740199063969,7.166343288598622,10.678567708172686,10.678567708172686,7.14298813763327,7.143103734803028,91.28764023624922,97.09588007874946,0,2
2023-06-06 15:31:00,2023-06-06 15:31:59,7.183,7.175,7.175,7.183,7.178911356803417,7.179,7.175,7.183,True,0.010672574919937164,0.0012596644642811254,0,7.166041743831295,7.1666937671125455,6.973046096128485,6.973046096128485,7.1433464646219935,7.143421110576132,81.66994120791337,90.98586048138735,0,1
2023-06-06 15:32:00,2023-06-06 15:32:59,7.175,7.178,7.174,7.182,7.178955678401708,7.177250000000001,7.174,7.182,True,0.010481676711370224,0.0010523675878858418,0,7.16636775547192,7.16704212829512,5.850417558385125,5.850417558385125,7.14368381323272,7.143765179127613,67.18514796272635,80.04757646896289,0,1
2023-06-06 15:33:00,2023-06-06 15:33:59,7.178,7.174,7.174,7.182,7.178102839200855,7.177,7.174,7.182,True,0.010304414089129493,0.0005760428696645662,0,7.16670494188352,7.167384717093784,3.0707646505236,0.0,7.1440153175786625,7.144066023116394,60.69727358647628,69.85078758570525,0,1
2023-06-06 15:34:00,2023-06-06 15:34:59,7.174,7.169,7.168,7.183,7.177551419600427,7.1735,7.168,7.183,True,0.010639813082763077,-0.00012234248281281675,0,7.167044829488652,7.167696397008384,-1.0894323975816036,-0.0,7.144308697503253,7.1443141223888675,45.273110851940565,57.718510800380976,0,1
2023-06-06 15:35:00,2023-06-06 15:35:59,7.169,7.166,7.166,7.171,7.175525709800214,7.168,7.166,7.175525709800214,True,0.010236969291137136,-0.0007955981560882077,0,7.167370613248518,7.167943867836459,-5.147304343732799,-5.147304343732799,7.144544431856454,7.144529902265595,26.424570763794254,44.13165173407028,0,-2
2023-06-06 15:36:00,2023-06-06 15:36:59,7.165,7.162,7.16,7.166,7.171762854900107,7.163250000000001,7.16,7.171762854900107,True,0.0099343286274845,-0.0014896514095524625,0,7.167657240542488,7.168106498434642,-9.467263060698087,-9.467263060698087,7.144730556912609,7.144703734083848,8.29147157046146,26.663051062065335,0,-2
2023-06-06 15:37:00,2023-06-06 15:37:59,7.161,7.152,7.152,7.161,7.1675064274500535,7.156499999999999,7.152,7.1675064274500535,True,0.00993901943980702,-0.002574985848118488,0,7.167881869488565,7.168154905725941,-15.360596156348628,-15.360596156348628,7.144847665799051,7.144776333744705,-3.1737575530617807e-13,11.572014111418374,-1,-2
2023-06-06 15:38:00,2023-06-06 15:38:59,7.153,7.151,7.149,7.158,7.1620032137250265,7.15275,7.149,7.1620032137250265,True,0.009871946622677971,-0.003243219333853404,0,7.168018387607253,7.168087323090954,-19.54006762805802,-19.54006762805802,7.144926295990105,7.144838260772121,-3.1737575530617807e-13,2.763823856820183,0,-2
2023-06-06 15:39:00,2023-06-06 15:39:59,7.15,7.137,7.134,7.15,7.157376606862513,7.1427499999999995,7.134,7.157376606862513,True,0.01038109329248665,-0.0044979154848745,-1,7.168052855349103,7.167860273825392,-24.94856340814327,-24.94856340814327,7.144904641303636,7.144760268127622,-3.1737575530617807e-13,-4.095489379728355e-13,0,-2
2023-06-06 15:40:00,2023-06-06 15:40:59,7.137,7.133,7.131,7.139,7.150063303431256,7.135,7.131,7.150063303431256,True,0.010211015200166176,-0.005382386584165172,0,7.1679565645872465,7.167456059917682,-29.070284942518718,-29.070284942518718,7.144806087658824,7.144643250534313,-3.1737575530617807e-13,-4.095489379728355e-13,0,-2
2023-06-06 15:41:00,2023-06-06 15:41:59,7.132,7.128,7.125,7.133,7.142531651715628,7.129499999999999,7.125,7.142531651715628,True,0.010053085543011448,-0.006047568765415829,0,7.167706312252464,7.166877400529501,-32.41122893379199,-32.41122893379199,7.144653788279134,7.144477646051384,-3.1737575530617807e-13,-4.095489379728355e-13,0,-2
2023-06-06 15:42:00,2023-06-06 15:42:59,7.127,7.124,7.121,7.129,7.136015825857814,7.125249999999999,7.121,7.136015825857814,True,0.009906436575653424,-0.006462663615574403,0,7.167291856390982,7.166136209686803,-35.069969860786344,-35.069969860786344,7.144460715758944,7.144273888379231,-3.1737575530617807e-13,-4.095489379728355e-13,0,-2
2023-06-06 15:43:00,2023-06-06 15:43:59,7.125,7.119,7.112,7.128,7.130632912928906,7.121,7.112,7.130632912928906,True,0.010341691105963894,-0.006755452579843844,0,7.166714033038892,7.1652429825246315,-37.32664355434815,-37.32664355434815,7.144227275801144,7.14402240690282,-3.1737575530617807e-13,-4.095489379728355e-13,0,-2
2023-06-06 15:44:00,2023-06-06 15:44:59,7.119,7.114,7.112,7.121,7.125816456464453,7.1165,7.112,7.125816456464453,True,0.010245856026966498,-0.006944992107526068,0,7.165978507781762,7.164205309801587,-39.24860432852328,-39.24860432852328,7.14395138250959,7.143723676485877,-3.1737575530617807e-13,-4.095489379728355e-13,0,-2
2023-06-06 15:45:00,2023-06-06 15:45:59,7.114,7.128,7.112,7.131,7.121158228232227,7.12125,7.112,7.131,True,0.010871152025040328,-0.005745071870298345,0,7.165091908791675,7.1630936236625065,-29.97135076360928,-29.97135076360928,7.143725498106509,7.14356722199348,5.350936578764763,1.7836455262546174,0,-1
2023-06-06 15:46:00,2023-06-06 15:46:59,7.129,7.131,7.126,7.131,7.1212041141161135,7.12925,7.126,7.131,True,0.010451784023251726,-0.004445603335518262,0,7.164092766227091,7.161986182097347,-22.139398220317258,-22.139398220317258,7.143581463299479,7.14344217500847,18.67633045696783,8.009089011910666,0,-1
2023-06-06 15:47:00,2023-06-06 15:47:59,7.131,7.122,7.12,7.133,7.125227057058057,7.1265,7.12,7.133,True,0.01063379945016231,-0.00395571627917112,0,7.163039474162219,7.16087081261742,-20.176495791705324,-20.176495791705324,7.143411498490529,7.143228820033261,32.41402777773198,18.813764937821432,0,-1
2023-06-06 15:48:00,2023-06-06 15:48:59,7.121,7.109,7.101,7.121,7.125863528529028,7.1129999999999995,7.101,7.125863528529028,True,0.01137424234657928,-0.004279070762791274,0,7.16195514338982,7.159664229698455,-22.02017104227406,-22.02017104227406,7.143108896515499,7.142888234759298,36.97016831970442,29.35350885146799,0,-2
2023-06-06 15:49:00,2023-06-06 15:49:59,7.109,7.107,7.105,7.112,7.1194317642645135,7.10825,7.105,7.1194317642645135,True,0.011061796464680737,-0.004352420888475941,0,7.1608096865441375,7.158361522187994,-23.647573490811315,-23.647573490811315,7.1427620418238025,7.142531137896022,33.116441762785094,34.166879286740404,0,-2
2023-06-06 15:50:00,2023-06-06 15:50:59,7.108,7.107,7.105,7.113,7.113840882132257,7.10825,7.105,7.113840882132257,True,0.010843096717203543,-0.004116593422181547,0,7.159585604366066,7.156992073069549,-24.732508456502817,-24.732508456502817,7.142418638422571,7.142177594235365,31.721252400192743,33.93595416089399,0,-2
2023-06-06 15:51:00,2023-06-06 15:51:59,7.107,7.118,7.107,7.121,7.111045441066128,7.113250000000001,7.107,7.121,True,0.011068589808831878,-0.002930454666870589,0,7.158288838717808,7.15561377900841,-18.26939025375605,-18.26939025375605,7.142128403214386,7.141937021158396,48.12113609081975,37.65294341793244,0,-1
2023-06-06 15:52:00,2023-06-06 15:52:59,7.118,7.124,7.118,7.124,7.1121477205330645,7.1209999999999996,7.118,7.124,True,0.010706547679629554,-0.0015212385085448896,0,7.156951308863109,7.1542911510665625,-11.10036832639252,-11.10036832639252,7.141918170346581,7.141758543335925,71.98280210286936,50.608396864627196,0,-1
2023-06-06 15:53:00,2023-06-06 15:53:59,7.124,7.125,7.122,7.126,7.1165738602665325,7.12425,7.122,7.126,True,0.010227508559656045,-0.00037144039797716924,0,7.155621229964836,7.153043722542422,-5.852198886947171,-0.0,7.1417423676565654,7.14159179166094,92.97362747803089,71.02585522390659,0,-1
2023-06-06 15:54:00,2023-06-06 15:54:59,7.125,7.127,7.125,7.129,7.120411930133266,7.1265,7.125,7.129,True,0.00978268651968058,0.0006281902765834374,0,7.154332476253629,7.151879495127757,-1.3355627856920194,-0.0,7.141590702306749,7.141446599704115,99.99999999999967,88.3188098602999,0,-1
2023-06-06 15:55:00,2023-06-06 15:55:59,7.126,7.11,7.104,7.126,7.123455965066633,7.1165,7.104,7.126,True,0.010726780339703373,0.00018196896994221445,0,7.153105985690693,7.150720149735231,-6.154638178303813,-0.0,7.141341043577328,7.141133698214522,92.10390088267714,95.02584278690249,0,-2
2023-06-06 15:56:00,2023-06-06 15:56:59,7.111,7.113,7.111,7.116,7.1199779825333165,7.11275,7.111,7.1199779825333165,True,0.010389153172581655,0.0001921260019238872,0,7.151913067712962,7.149546873347392,-7.626638251587842,-0.0,7.1410565555815335,7.140853760918855,81.61606541871065,91.23998876712908,0,-1
2023-06-06 15:57:00,2023-06-06 15:57:59,7.114,7.117,7.114,7.119,7.116363991266658,7.116,7.114,7.119,True,0.010075642231682919,0.0005651473240505921,0,7.150729970530176,7.1483929773689905,-6.332824537258908,-0.0,7.140807236620523,7.140616410063941,75.27015701138266,82.99670777092341,0,-1
2023-06-06 15:58:00,2023-06-06 15:58:59,7.117,7.122,7.117,7.124,7.116181995633329,7.12,7.117,7.124,True,0.009855953500848402,0.0012236723608132528,0,7.149561473949583,7.147289700930633,-2.8799635855264256,-0.0,7.140600199440219,7.140431172152857,81.25228529826065,79.3795025761179,0,-1
2023-06-06 15:59:00,2023-06-06 15:59:59,7.122,7.123,7.12,7.124,7.118090997816664,7.12225,7.12,7.124,True,0.009437671107930628,0.001760934312064347,0,7.148425587440108,7.146249284654599,-0.06410220658707289,-0.0,7.140417610391062,7.1402577276538235,91.74012076222714,82.7541876906234,0,-1
2023-06-06 16:00:00,2023-06-06 16:00:59,7.123,7.124,7.118,7.125,7.120170498908332,7.1225000000000005,7.118,7.125,True,0.009263551743078417,0.0021927990064435424,0,7.147337436047353,7.145267212254396,2.3861390926052977,0.0,7.140239325710554,7.140095959219457,98.0860291695551,90.35947841001422,0,-1
2023-06-06 16:01:00,2023-06-06 16:01:59,7.124,7.13,7.123,7.132,7.121335249454166,7.12725,7.123,7.132,True,0.009244726618572776,0.0028764083672338236,0,7.1463023241508745,7.144370402510466,7.121568694773629,7.121568694773629,7.140110078688559,7.139995501913791,99.99999999999966,96.60871664392722,0,-1
2023-06-06 16:02:00,2023-06-06 16:02:59,7.131,7.138,7.13,7.141,7.124292624727083,7.135,7.13,7.141,True,0.00937010328867473,0.0038245323763667523,0,7.14533636333067,7.14360004696586,13.15694760754593,13.15694760754593,7.140059232134444,7.1399756461733555,99.99999999999966,99.36200972318473,0,-1
2023-06-06 16:03:00,2023-06-06 16:03:59,7.137,7.133,7.131,7.144,7.129646312363541,7.13625,7.131,7.144,True,0.009629381625197957,0.004003431664056426,0,7.144468205148264,7.142943111489294,13.108652457106288,13.108652457106288,7.140021329327136,7.139906236758695,99.99999999999966,99.99999999999959,0,2
2023-06-06 16:04:00,2023-06-06 16:04:59,7.133,7.138,7.132,7.139,7.1329481561817705,7.1354999999999995,7.132,7.139,True,0.009441568651969571,0.004356149479473673,0,7.143705658318779,7.142374833908332,15.087131678304118,15.087131678304118,7.139976340975623,7.139887269228758,99.05764845200282,99.68588281733396,0,2
2023-06-06 16:05:00,2023-06-06 16:05:59,7.138,7.141,7.138,7.145,7.1342240780908845,7.1405,7.138,7.145,True,0.009267170891114578,0.00466115504603618,0,7.143040246113555,7.141914561617947,17.490399879579883,17.490399879579883,7.139981551513179,7.139898341176731,99.05764845200282,99.37176563466835,0,2
2023-06-06 16:06:00,2023-06-06 16:06:59,7.14,7.14,7.138,7.146,7.137362039045442,7.141,7.138,7.146,True,0.009176658684606395,0.0046397232923170596,0,7.142477403865751,7.141545911141517,18.120508704026463,18.120508704026463,7.139991685328968,7.139899352707311,99.05764845200282,99.05764845200274,0,2
2023-06-06 16:07:00,2023-06-06 16:07:59,7.14,7.142,7.136,7.146,7.139181019522721,7.141,7.136,7.146,True,0.009235468778563067,0.004606341287336825,0,7.142011657503634,7.141251924497867,19.441432846462178,19.441432846462178,7.140001718310769,7.139920254670423,99.99999999999966,99.37176563466835,1,2
2023-06-06 16:08:00,2023-06-06 16:08:59,7.143,7.148,7.143,7.152,7.140090509761361,7.1465000000000005,7.143,7.152,True,0.009290078151522833,0.004833497020072645,0,7.1416317910007505,7.141056474124923,22.56589492778504,22.56589492778504,7.140066377830065,7.140000650146339,99.99999999999966,99.68588281733396,0,2
2023-06-06 16:09:00,2023-06-06 16:09:59,7.146,7.152,7.146,7.16,7.14329525488068,7.151,7.146,7.16,True,0.009626501140699791,0.0050738652662203464,0,7.141344132562836,7.140970817833875,25.790815612672432,25.790815612672432,7.140175170090463,7.140120046662296,99.99999999999966,99.99999999999959,0,2
2023-06-06 16:10:00,2023-06-06 16:10:59,7.152,7.147,7.141,7.153,7.14714762744034,7.148249999999999,7.141,7.153,True,0.009796036773506918,0.004686557044246707,0,7.141157475198355,7.140953322964361,22.589299712878287,22.589299712878287,7.140255516656727,7.140188503909437,95.93286592241888,98.644288640806,0,2
2023-06-06 16:11:00,2023-06-06 16:11:59,7.147,7.152,7.147,7.159,7.14769881372017,7.151249999999999,7.147,7.159,True,0.009953462718256393,0.004588888883799321,0,7.141055399081358,7.141010195285176,22.594175995124758,22.594175995124758,7.140364914500939,7.140306031233721,94.16262830209348,96.69849807483727,0,2
2023-06-06 16:12:00,2023-06-06 16:12:59,7.153,7.155,7.152,7.16,7.149474406860085,7.155,7.152,7.16,True,0.009813929666952366,0.0045382320701142535,1,7.141032797183267,7.141150956201323,23.69530877513563,23.69530877513563,7.140510537242223,7.140452239878162,94.16262830209348,94.75270750886854,0,2
2023-06-06 16:13:00,2023-06-06 16:13:59,7.155,7.134,7.134,7.162,7.152237203430042,7.14625,7.134,7.162,True,0.011112934690741453,0.0028671202745917746,0,7.141091876692295,7.141296763123632,11.717647205669508,11.717647205669508,7.14056764632439,7.140388038486339,83.65422988005054,90.65982882807909,0,1
2023-06-06 16:14:00,2023-06-06 16:14:59,7.135,7.132,7.13,7.139,7.149243601715021,7.1339999999999995,7.13,7.149243601715021,True,0.010962010784259945,0.00152154036689714,0,7.141194319907964,7.141361494384087,3.048975622320441,0.0,7.14050229660972,7.140304575416823,52.091134167042604,76.6359974497288,0,1
2023-06-06 16:15:00,2023-06-06 16:15:59,7.132,7.138,7.13,7.141,7.141621800857511,7.135249999999999,7.13,7.141621800857511,True,0.010964724299669956,0.0009929278627529797,0,7.1412779071460255,7.141370526409838,0.7742003959557877,0.0,7.140450034951911,7.140281644318148,20.47516583985548,52.07350996231614,0,1
2023-06-06 16:16:00,2023-06-06 16:16:59,7.139,7.14,7.139,7.143,7.138435900428755,7.14025,7.139,7.143,True,0.010538672563979237,0.0007403365958453106,0,7.141324216777932,7.141369949384418,0.35820762870167044,0.0,7.14044804455438,7.140278841887121,10.09741971922867,27.55457324204218,0,1
2023-06-06 16:17:00,2023-06-06 16:17:59,7.141,7.148,7.141,7.149,7.1393429502143775,7.14475,7.141,7.149,True,0.010428767380837886,0.0010877621994505805,0,7.1413470830811745,7.141392685830035,3.910488700230303,3.910488700230303,7.140490850081202,7.14035566933103,23.98386105444197,18.185482204508634,0,2
2023-06-06 16:18:00,2023-06-06 16:18:59,7.15,7.132,7.13,7.15,7.142046475107189,7.140499999999999,7.13,7.15,True,0.011112426853635213,0.00016002815313764275,0,7.141369884455605,7.141404461619431,-0.9066534511214712,-0.0,7.14049094112517,7.140272528342662,30.213072603800526,21.431451125823653,0,1
2023-06-06 16:19:00,2023-06-06 16:19:59,7.133,7.121,7.121,7.134,7.1412732375535946,7.12725,7.121,7.1412732375535946,True,0.011247253506946978,-0.001207886404599727,0,7.141387173037518,7.141316618121755,-7.086520477457228,-0.0,7.1403591904672075,7.1400807618914905,21.83301789071773,25.34331718298667,0,1
2023-06-06 16:20:00,2023-06-06 16:20:59,7.122,7.12,7.118,7.131,7.134261618776797,7.12275,7.118,7.134261618776797,True,0.011372449685022186,-0.0021112882207562967,0,7.1413518955796365,7.141120071573007,-11.451152959484297,-11.451152959484297,7.140183974641663,7.139880953315456,7.946576555504433,19.997555683340824,-1,-2
2023-06-06 16:21:00,2023-06-06 16:21:59,7.121,7.121,7.118,7.124,7.128505809388399,7.1209999999999996,7.118,7.128505809388399,True,0.010988703278949127,-0.0025332175735154603,0,7.141235983576322,7.140827284004967,-13.705278013915951,-13.705278013915951,7.1399930893218455,7.139693083133213,-3.398762752719146e-13,9.92653148207387,0,-2
2023-06-06 16:22:00,2023-06-06 16:22:59,7.122,7.117,7.112,7.122,7.1247529046941995,7.11825,7.112,7.1247529046941995,True,0.01091808161616703,-0.002963637750306812,-1,7.141031633790645,7.1404418661151725,-16.46438209529184,-16.46438209529184,7.139776740174365,7.139467281310991,-3.398762752719146e-13,2.6488588518345124,0,-2
2023-06-06 16:23:00,2023-06-06 16:23:59,7.118,7.118,7.118,7.12,7.1215014523471,7.1185,7.118,7.1215014523471,True,0.010352504357869394,-0.0030325267821259584,0,7.140736749952909,7.139987879364098,-17.479574575079347,-17.479574575079347,7.139565031316908,7.139253676521827,0.28170216697247813,0.09390072232386094,0,-2
2023-06-06 16:24:00,2023-06-06 16:24:59,7.119,7.11,7.103,7.12,7.12000072617355,7.113,7.103,7.12000072617355,True,0.010827325475164462,-0.0034767736775111607,0,7.140362314658503,7.139445286849176,-20.67674508130714,-20.67674508130714,7.1393007026470885,7.138962595163401,0.28170216697247813,0.18780144464813361,0,-2
2023-06-06 16:25:00,2023-06-06 16:25:59,7.11,7.11,7.106,7.114,7.116500363086775,7.11,7.106,7.116500363086775,True,0.010625373655509859,-0.003589507349503196,0,7.13990380075384,7.138816073964534,-22.808192085458998,-22.808192085458998,7.139009153367018,7.1386744101368995,0.28170216697247813,0.28170216697240624,0,-2
2023-06-06 16:26:00,2023-06-06 16:26:59,7.11,7.116,7.109,7.117,7.113250181543387,7.113,7.109,7.117,True,0.010437846965830583,-0.0030655570708131297,0,7.139359937359187,7.138143564513577,-18.802117878388483,-18.802117878388483,7.138750355821078,7.138448794115637,4.571994545911477,1.7117996266187392,0,-1
2023-06-06 16:27:00,2023-06-06 16:27:59,7.117,7.119,7.116,7.119,7.113125090771694,7.11775,7.116,7.119,True,0.009906572182556977,-0.002354204720486486,0,7.1387517509363825,7.137474171552952,-13.85196516076924,-13.85196516076924,7.13854139705669,7.138255273776178,16.89937436302311,7.25102369196895,0,-1
2023-06-06 16:28:00,2023-06-06 16:28:59,7.119,7.126,7.118,7.128,7.115437545385847,7.12275,7.118,7.128,True,0.009913245598088606,-0.0012755001490100427,0,7.138112961244667,7.136846130291994,-6.244205280590336,-0.0,7.138384268727767,7.138133330753529,36.28111258629437,19.250827165076245,0,-1
2023-06-06 16:29:00,2023-06-06 16:29:59,7.126,7.131,7.126,7.134,7.119093772692923,7.129250000000001,7.126,7.134,True,0.009776585198225135,-0.00014278316282496928,0,7.137479545768331,7.136299551458465,1.1572184259383604,0.0,7.13829338048172,7.138062352338071,59.204580994195766,37.46168931450434,0,-1
2023-06-06 16:30:00,2023-06-06 16:30:59,7.131,7.126,7.118,7.132,7.124171886346462,7.1267499999999995,7.118,7.132,True,0.01007825768406615,0.00028851665155163984,0,7.136889548613398,7.135803706020345,2.3600286402556847,0.0,7.1381785209744395,7.1379423289317225,71.36620191073706,55.61729849707566,0,-1
2023-06-06 16:31:00,2023-06-06 16:31:59,7.127,7.139,7.127,7.153,7.1254609431732305,7.1365,7.127,7.153,True,0.011286953563775655,0.0014807789776295531,0,7.136346627316872,7.135418100737021,8.381889931998082,8.381889931998082,7.1381618192732015,7.137952853021954,85.31779702079913,71.96285997524392,0,2
2023-06-06 16:32:00,2023-06-06 16:32:59,7.14,7.144,7.139,7.15,7.130980471586615,7.14325,7.139,7.15,True,0.011266456880648831,0.0025605076901375626,0,7.135882364026946,7.135168246143549,13.754615210755254,13.754615210755254,7.13821244793715,7.138013023638651,91.15566740031926,82.61322211061841,0,2
2023-06-06 16:33:00,2023-06-06 16:33:59,7.144,7.146,7.142,7.147,7.137115235793308,7.14475,7.142,7.147,True,0.010818852817745335,0.003309107654469801,0,7.135525305085247,7.135037274886297,17.863665189422207,17.863665189422207,7.138277498206432,7.138092496040256,99.99999999999966,92.15782147370594,1,2
2023-06-06 16:34:00,2023-06-06 16:34:59,7.147,7.142,7.142,7.149,7.140932617896654,7.1450000000000005,7.142,7.149,True,0.010546077616477788,0.003393180939698768,0,7.135281289985772,7.135002515183683,17.316892346656402,17.316892346656402,7.138344388771542,7.138131376676672,99.99999999999966,97.05188913343943,0,2
2023-06-06 16:35:00,2023-06-06 16:35:59,7.143,7.149,7.141,7.152,7.142966308948328,7.14625,7.141,7.152,True,0.01057850064387224,0.0037925884923417715,0,7.135141902584728,7.13505231833251,19.360709067044624,19.360709067044624,7.138423051569835,7.138239522182376,99.99999999999966,99.99999999999956,0,2
2023-06-06 16:36:00,2023-06-06 16:36:59,7.15,7.149,7.147,7.15,7.144608154474164,7.148999999999999,7.147,7.15,True,0.010037179169309945,0.003891744736750275,0,7.135097110458618,7.135187224630934,20.723253547303443,20.723253547303443,7.138528294837797,7.138346591613397,99.99999999999966,99.99999999999956,0,2
2023-06-06 16:37:00,2023-06-06 16:37:59,7.149,7.15,7.146,7.152,7.146804077237082,7.14925,7.146,7.152,True,0.009748809228644965,0.003854544965617213,0,7.1351421675447755,7.135389922902722,22.00465527823171,22.00465527823171,7.138634978471251,7.138462545925702,99.99999999999966,99.99999999999956,0,2
2023-06-06 16:38:00,2023-06-06 16:38:59,7.151,7.158,7.151,7.16,7.148027038618541,7.155,7.151,7.16,True,0.009766751426598882,0.004204563915441018,1,7.135266045223749,7.13568405466111,25.301016675395402,25.301016675395402,7.138797814506363,7.1386569484538045,99.99999999999966,99.99999999999956,0,2
2023-06-06 16:39:00,2023-06-06 16:39:59,7.159,7.153,7.151,7.161,7.151513519309271,7.156000000000001,7.151,7.161,True,0.00978341203898466,0.003890923319899926,0,7.135475049942429,7.136055015653315,22.648689232962667,22.648689232962667,7.138968980531176,7.138799665384612,99.99999999999966,99.99999999999956,0,2
2023-06-06 16:40:00,2023-06-06 16:40:59,7.153,7.157,7.153,7.161,7.153756759654636,7.155999999999999,7.153,7.161,True,0.00965602546477147,0.0037730786641014336,0,7.135765032797872,7.136483919654703,22.46654213235786,22.46654213235786,7.139138443411462,7.138980763241482,99.99999999999666,99.99999999999856,0,2
2023-06-06 16:41:00,2023-06-06 16:41:59,7.158,7.164,7.158,7.164,7.154878379827317,7.161,7.158,7.164,True,0.009466309360144911,0.003986667218928869,0,7.136124476226287,7.136989805174459,24.52387544170945,24.52387544170945,7.139355971337716,7.13922971087092,99.99999999999666,99.99999999999756,0,2
2023-06-06 16:42:00,2023-06-06 16:42:59,7.164,7.166,7.161,7.171,7.157939189913659,7.1655,7.161,7.171,True,0.009504430120134608,0.004055581812827965,0,7.136557140700373,7.137583702657942,26.42488584281044,26.42488584281044,7.139616110926395,7.13949608190703,99.99999999999666,99.99999999999655,0,2
2023-06-06 16:43:00,2023-06-06 16:43:59,7.166,7.164,7.16,7.167,7.161719594956829,7.164250000000001,7.16,7.167,True,0.009325542254410683,0.0037469590652205263,0,7.137070421679157,7.138234241481761,25.50153777300747,25.50153777300747,7.139861224250511,7.139739901987557,97.47830973123332,99.15943657707544,0,2
2023-06-06 16:44:00,2023-06-06 16:44:59,7.165,7.156,7.154,7.165,7.1629847974784155,7.16,7.154,7.165,True,0.009445146379095644,0.00279055734497214,0,7.137652331580459,7.138895751523282,17.95671122554829,17.95671122554829,7.140061610078864,7.139901694007581,82.3024928216394,93.26026751762303,0,1
2023-06-06 16:45:00,2023-06-06 16:45:59,7.157,7.152,7.151,7.16,7.161492398739208,7.155,7.151,7.161492398739208,True,0.009413350209160263,0.0017280168766356015,0,7.13827404155187,7.139527055301952,10.374822427361522,0.0,7.140210250774596,7.140022075161735,48.96915948830607,76.2499873470595,0,1
2023-06-06 16:46:00,2023-06-06 16:46:59,7.153,7.15,7.149,7.154,7.158246199369604,7.1515,7.149,7.158246199369604,True,0.009098110908505949,0.0007788819621925612,0,7.138900548426911,7.140106232340033,4.115453188153161,0.0,7.140322586587785,7.140121357995946,18.15751642373907,49.809722911228086,0,1
2023-06-06 16:47:00,2023-06-06 16:47:59,7.151,7.149,7.149,7.152,7.154873099684802,7.150250000000001,7.149,7.154873099684802,True,0.00866253155789839,1.2981215140686966e-05,0,7.139503390383472,7.140631819528917,-0.6920961599453008,-0.0,7.140421366820743,7.140209702692504,-3.292181342355131e-13,22.375558637348178,0,1
2023-06-06 16:48:00,2023-06-06 16:48:59,7.15,7.146,7.145,7.15,7.152561549842401,7.14775,7.145,7.152561549842401,True,0.008400922160905704,-0.0007372297039682941,0,7.140067604956194,7.141094456306931,-5.7688387932076495,-5.7688387932076495,7.140494288543919,7.140267317591086,-3.292181342355131e-13,6.052505474579378,0,1
2023-06-06 16:49:00,2023-06-06 16:49:59,7.147,7.15,7.145,7.151,7.150155774921201,7.14825,7.145,7.151,True,0.008229427720841027,-0.0009624100894516496,0,7.140581030631562,7.1415077881352,-5.09762213060521,-5.09762213060521,7.140571459802189,7.14036416020212,0.7872139047242883,0.2624046349077835,0,1
2023-06-06 16:50:00,2023-06-06 16:50:59,7.151,7.16,7.151,7.164,7.1492028874606,7.156499999999999,7.151,7.164,True,0.00864161145506662,-0.0004250321696197641,0,7.1410444093833805,7.141936069707471,1.7355501895592909,0.0,7.1407299527394805,7.140559541692646,13.081856839168987,4.623023581297556,0,2
2023-06-06 16:51:00,2023-06-06 16:51:59,7.162,7.15,7.149,7.162,7.1528514437303,7.15575,7.149,7.162,True,0.008952924922561853,-0.0007894987750475552,0,7.141490239545425,7.142368037053686,-0.23936041998264557,-0.0,7.140879405946053,7.140653476601177,23.9981150250898,12.622395256327598,0,1
2023-06-06 16:52:00,2023-06-06 16:52:59,7.15,7.147,7.146,7.15,7.15430072186515,7.148250000000001,7.146,7.15430072186515,True,0.008599144570950323,-0.0012393826891741412,0,7.141929138299555,7.142748484504282,-3.0423861200434743,-3.0423861200434743,7.14095274519037,7.140716626087732,23.21090112036518,20.09695766154123,0,1
2023-06-06 16:53:00,2023-06-06 16:53:59,7.147,7.155,7.146,7.156,7.151275360932575,7.151,7.146,7.156,True,0.008699205673025285,-0.0009679834423483597,0,7.142338811401919,7.143104627629165,-0.2679010448901451,-0.0,7.141052717875043,7.140858749211238,14.665019021593912,20.624678389016204,0,2
2023-06-06 16:54:00,2023-06-06 16:54:59,7.156,7.159,7.154,7.161,7.151137680466288,7.157500000000001,7.154,7.161,True,0.00857783383923774,-0.0005151431573325888,0,7.142721719515541,7.143483789179429,3.441025972427745,0.0,7.14121637242355,7.141039259169335,15.399032376000783,17.758317505986533,0,2
2023-06-06 16:55:00,2023-06-06 16:55:59,7.159,7.147,7.145,7.159,7.154318840233144,7.1525,7.145,7.159,True,0.008965131422149346,-0.001061629098532092,0,7.143102754347485,7.143844166529093,-0.37273194831637824,-0.0,7.141328647324808,7.141098570023371,19.631625848077945,16.565225748557456,0,1
2023-06-06 16:56:00,2023-06-06 16:56:59,7.147,7.146,7.145,7.149,7.1534094201165725,7.14675,7.145,7.1534094201165725,True,0.008610479177710139,-0.001473654946834345,0,7.143473460438289,7.144147831258731,-3.336031082341833,-3.336031082341833,7.141382591132521,7.1411473404709,15.882865012404514,16.971174412160988,0,1
2023-06-06 16:57:00,2023-06-06 16:57:59,7.147,7.142,7.14,7.15,7.150079710058286,7.14475,7.14,7.150079710058286,True,0.008709730665016607,-0.0019835574276868047,0,7.14381064584851,7.1443910401538755,-7.023656356777437,-7.023656356777437,7.141416097688416,7.141155824645319,4.2325934720768315,13.249028110853004,0,1
2023-06-06 16:58:00,2023-06-06 16:58:59,7.143,7.139,7.131,7.143,7.147414855029143,7.139,7.131,7.147414855029143,True,0.008944749903229675,-0.002462036677256356,0,7.144100843001192,7.144545531958774,-10.691444985283077,-10.691444985283077,7.141392056915397,7.141134373653823,-3.327708479143136e-13,6.705152828160244,0,-2
2023-06-06 16:59:00,2023-06-06 16:59:59,7.14,7.135,7.133,7.141,7.143207427514572,7.13725,7.133,7.143207427514572,True,0.008877267767284699,-0.002963268880901676,0,7.144323187479983,7.144617109335469,-14.630803254227196,-14.630803254227196,7.141350842418726,7.141073335110003,-3.327708479143136e-13,1.410864490691962,-1,-2
2023-06-06 17:00:00,2023-06-06 17:00:59,7.135,7.144,7.135,7.144,7.140228713757286,7.1395,7.135,7.144,True,0.008886034355335816,-0.0025604407014170106,0,7.144470148407725,7.144638353895608,-10.62025062530386,-10.62025062530386,7.141332426076251,7.141102456153685,4.344068128695057,1.448022709564704,0,-1
2023-06-06 17:01:00,2023-06-06 17:01:59,7.144,7.133,7.131,7.144,7.139864356878643,7.138,7.131,7.144,True,0.009179889044240394,-0.0029584442321610106,0,7.144554251151667,7.144609533719831,-12.482894375194185,-12.482894375194185,7.14129926760783,7.141021834699419,6.545836605961621,3.629968244885356,0,-2
2023-06-06 17:02:00,2023-06-06 17:02:59,7.132,7.123,7.122,7.133,7.138932178439322,7.1274999999999995,7.122,7.138932178439322,True,0.009309896969651803,-0.0037829388909416508,-1,7.144581892435749,7.144469453796055,-16.41115960832351,-16.41115960832351,7.141161961462479,7.140842512961116,6.545836605961621,5.811913780206006,0,-2
2023-06-06 17:03:00,2023-06-06 17:03:59,7.123,7.119,7.119,7.129,7.13321608921966,7.1225000000000005,7.119,7.13321608921966,True,0.009359190043248089,-0.004428550194122881,0,7.1445256731159015,7.144208434070158,-19.91109777106562,-19.91109777106562,7.140976270303648,7.140625174523692,2.201768477266231,5.097813896396398,0,-2
2023-06-06 17:04:00,2023-06-06 17:04:59,7.119,7.111,7.109,7.121,7.12785804460983,7.115,7.109,7.12785804460983,True,0.009547819325873258,-0.0051965767302035,0,7.1443670535930295,7.143802530484452,-23.76653699867096,-23.76653699867096,7.140717799952368,7.140330396667736,-3.333629668607803e-13,2.9158683610757463,0,-2
2023-06-06 17:05:00,2023-06-06 17:05:59,7.112,7.104,7.101,7.113,7.121429022304915,7.1075,7.101,7.121429022304915,True,0.009722975088310914,-0.0059322100022126765,0,7.144084792038741,7.143233885771283,-27.398514916316305,-27.398514916316305,7.140387274579708,7.139968900183479,-3.333629668607803e-13,0.7339228257550947,0,-2
2023-06-06 17:06:00,2023-06-06 17:06:59,7.104,7.094,7.092,7.108,7.114464511152457,7.0995,7.092,7.114464511152457,True,0.01017133401057442,-0.006809900649641871,0,7.143659338905012,7.14248612682372,-30.983789709944975,-30.983789709944975,7.139980436026676,7.139511498191604,-3.333629668607803e-13,-4.2672038742037124e-13,0,-2
2023-06-06 17:07:00,2023-06-06 17:07:59,7.094,7.096,7.094,7.104,7.106982255576229,7.097,7.094,7.106982255576229,True,0.010159095866961945,-0.006906053872112002,0,7.143072732864367,7.141585327742715,-31.85156241614934,-31.85156241614934,7.139552769996559,7.139078547960842,-3.333629668607803e-13,-4.2672038742037124e-13,0,-2
2023-06-06 17:08:00,2023-06-06 17:08:59,7.095,7.108,7.095,7.109,7.101991127788114,7.101749999999999,7.095,7.109,True,0.010433446162178965,-0.005795612665563287,0,7.142329030303541,7.140602809579503,-24.860347932697373,-24.860347932697373,7.139176623031419,7.13876930867765,5.836920681104506,1.9456402270345199,0,-1
2023-06-06 17:09:00,2023-06-06 17:09:59,7.109,7.115,7.108,7.118,7.101870563894057,7.112500000000001,7.108,7.118,True,0.010402485722023373,-0.004288322686155251,0,7.141465919941522,7.139636450959894,-16.956986087891842,-16.956986087891842,7.138911183996281,7.138532798143544,26.26419371523816,10.700371465447352,0,-1
2023-06-06 17:10:00,2023-06-06 17:10:59,7.115,7.114,7.114,7.117,7.107185281947029,7.115,7.114,7.117,True,0.009873736741878855,-0.0031337021560448684,0,7.140551185450708,7.138706597769088,-12.122224614918451,-12.122224614918451,7.138673261767462,7.138288690699329,51.03658385067987,27.712566082340754,0,-1
2023-06-06 17:11:00,2023-06-06 17:11:59,7.114,7.118,7.114,7.123,7.1110926409735145,7.11725,7.114,7.123,True,0.009811326974601816,-0.0019109599350666771,0,7.139628891609898,7.137827302733656,-6.915321353332445,-0.0,7.138460094983706,7.138086813179933,76.91415949660713,51.40497902084163,0,-1
2023-06-06 17:12:00,2023-06-06 17:12:59,7.118,7.124,7.118,7.124,7.114171320486758,7.1209999999999996,7.118,7.124,True,0.009539089333558782,-0.0005588107941843813,0,7.138728097171777,7.137019574376541,-0.8153190723059183,-0.0,7.13828636269531,7.13794664588461,89.8202197958068,72.59032104769784,0,-1
2023-06-06 17:13:00,2023-06-06 17:13:59,7.124,7.119,7.118,7.124,7.117585660243378,7.121249999999999,7.118,7.124,True,0.009286297238304536,6.292177478297266e-05,0,7.137873835774159,7.136275448109952,0.28442956338417247,0.0,7.1381168466485905,7.137758122044962,98.38116299369845,88.37184742870403,0,-1
2023-06-06 17:14:00,2023-06-06 17:14:59,7.119,7.113,7.11,7.119,7.119417830121689,7.11525,7.11,7.119417830121689,True,0.00926584743556846,0.00011582898881209829,0,7.137074641942055,7.135545335333272,-2.0043059583615985,-0.0,7.1378893158361665,7.137511772571878,94.20231845064815,94.13456708005104,0,-1
2023-06-06 17:15:00,2023-06-06 17:15:59,7.114,7.104,7.104,7.115,7.117333915060844,7.109249999999999,7.104,7.117333915060844,True,0.009389715475885007,-0.0004073056223509626,0,7.136309988637664,7.134790098445057,-6.962724410823434,-6.962724410823434,7.137604347519389,7.137178322098526,83.29051735641288,91.95799960025306,0,-2
2023-06-06 17:16:00,2023-06-06 17:16:59,7.105,7.112,7.105,7.116,7.113291957530421,7.109500000000001,7.105,7.116,True,0.009576164370464617,-0.00011300195652980474,0,7.135550043541361,7.134021978161231,-5.767164712122714,-5.767164712122714,7.13732470227044,7.136927791530382,72.7328390077554,83.40855827160537,0,-1
2023-06-06 17:17:00,2023-06-06 17:17:59,7.113,7.119,7.113,7.12,7.111395978765211,7.11625,7.113,7.12,True,0.009463581201145719,0.000628200009426691,0,7.134786010851296,7.133295296989839,-1.857949545367802,-0.0,7.137115003740385,7.136749405545005,77.1125567651283,77.71197104309876,0,-1
2023-06-06 17:18:00,2023-06-06 17:18:59,7.119,7.12,7.116,7.122,7.113822989382605,7.11925,7.116,7.122,True,0.00921618254392104,0.0012126027472689656,0,7.134040653920568,7.132626810119122,1.1755717556633343,0.0,7.136937242509138,7.136582744793313,88.02435785936358,79.28991787741568,0,-1
2023-06-06 17:19:00,2023-06-06 17:19:59,7.12,7.122,7.115,7.122,7.116536494691303,7.11975,7.115,7.122,True,0.0090578837907838,0.0017359831628725696,0,7.133333732019845,7.13201215709316,4.128727254545218,0.0,7.136766225170739,7.136437642855071,98.58203620802105,87.9063169441709,0,-1
2023-06-06 17:20:00,2023-06-06 17:20:59,7.122,7.123,7.12,7.125,7.118143247345651,7.1225000000000005,7.12,7.125,True,0.00876803494858495,0.0021250063797847857,0,7.132672944556503,7.1314629729297145,6.5998247585815335,6.5998247585815335,7.136624272681478,7.136303934965966,99.99999999999967,95.535464689128,0,-1
2023-06-06 17:21:00,2023-06-06 17:21:59,7.123,7.125,7.123,7.127,7.120321623672826,7.1245,7.123,7.127,True,0.008427461023685993,0.0024747992366532905,0,7.132067958743109,7.130982822976471,9.311072227168076,9.311072227168076,7.136503633152309,7.1361914580011305,99.99999999999967,99.52734540267336,0,-1
2023-06-06 17:22:00,2023-06-06 17:22:59,7.126,7.124,7.124,7.129,7.122410811836414,7.12575,7.124,7.129,True,0.008182642379136986,0.0025737687051504117,0,7.131525390859791,7.130568894811043,10.095110726419925,10.095110726419925,7.13639663182741,7.136070149961318,99.99999999999967,99.99999999999956,0,2
2023-06-06 17:23:00,2023-06-06 17:23:59,7.125,7.122,7.122,7.126,7.124080405918207,7.12375,7.122,7.126,True,0.007883882209198662,0.0024333561477144694,0,7.131047142835418,7.130196221385356,8.517133129603536,8.517133129603536,7.136270794694799,7.135930148469166,95.533768921302,98.51125630710034,0,2
2023-06-06 17:24:00,2023-06-06 17:24:59,7.123,7.124,7.123,7.126,7.123915202959104,7.1240000000000006,7.123,7.126,True,0.007606462051398789,0.0024147929076858412,0,7.130621682110387,7.1298603003082865,9.09064092181655,9.09064092181655,7.13614869723515,7.135811440524199,91.62426790749542,95.71934560959893,0,2
2023-06-06 17:25:00,2023-06-06 17:25:59,7.123,7.114,7.113,7.124,7.123957601479552,7.1185,7.113,7.124,True,0.007848857619155963,0.0016490427711458137,0,7.130240991209337,7.12951788354052,1.5228628165319833,0.0,7.135973088307437,7.135594411265251,75.60638085011634,87.5881392263045,0,1
2023-06-06 17:26:00,2023-06-06 17:26:59,7.114,7.123,7.114,7.124,7.121228800739776,7.1187499999999995,7.114,7.124,True,0.008002510646359094,0.0017347588794461716,0,7.129879437374929,7.1291744172788265,2.8289772399947424,0.0,7.135801714294428,7.135469093740224,64.68773606445778,77.3061282740231,0,2
2023-06-06 17:27:00,2023-06-06 17:27:59,7.123,7.128,7.123,7.128,7.119989400369888,7.125500000000001,7.123,7.128,True,0.007788045600190579,0.0020900075283171726,0,7.129526927326878,7.128878793465391,6.171974864432244,6.171974864432244,7.135699209674583,7.135394774399526,68.59723707826436,69.63045133094607,0,2
2023-06-06 17:28:00,2023-06-06 17:28:59,7.128,7.13,7.128,7.135,7.122744700184944,7.13025,7.128,7.135,True,0.007731756628748371,0.002394440733423186,0,7.129202860396135,7.1286554546931304,9.316617697257485,9.316617697257485,7.135644988682796,7.135341095052267,84.61512413564343,72.6333657594551,0,2
2023-06-06 17:29:00,2023-06-06 17:29:59,7.131,7.134,7.129,7.134,7.126497350092472,7.132,7.129,7.134,True,0.007536631155266401,0.0027855853350916603,0,7.128929157544633,7.128502565644691,13.141789077143066,13.141789077143066,7.135608720138689,7.135327750822891,99.99999999999966,84.40412040463572,1,2
2023-06-06 17:30:00,2023-06-06 17:30:59,7.133,7.13,7.129,7.135,7.129248675046236,7.13175,7.129,7.135,True,0.007426871787033103,0.002662110591712178,0,7.128715861594662,7.128404475874858,12.076284152949128,12.076284152949128,7.135570324913428,7.135274738376892,99.27365258003897,94.62959223856059,0,2
2023-06-06 17:31:00,2023-06-06 17:31:59,7.131,7.134,7.131,7.136,7.130499337523118,7.133,7.131,7.136,True,0.007324952373673611,0.002755687577658608,0,7.12856016873476,7.12835877929192,13.439573120597025,13.439573120597025,7.135544749541155,7.135262054412943,99.27365258003897,99.51576838669244,0,2
2023-06-06 17:32:00,2023-06-06 17:32:59,7.134,7.136,7.133,7.139,7.131749668761559,7.1354999999999995,7.133,7.139,True,0.007230312918411226,0.0028437517964570724,0,7.12845947401334,7.128371798419303,15.309790799972106,15.309790799972106,7.135544304272089,7.135269397155103,99.27365258003897,99.27365258003887,0,2
2023-06-06 17:33:00,2023-06-06 17:33:59,7.136,7.125,7.122,7.136,7.133624834380779,7.12975,7.122,7.136,True,0.007713861995667585,0.0020282265073309435,0,7.128415636216321,7.128391504398362,8.269640469643043,8.269640469643043,7.135486649503212,7.135167214098833,84.52311427128446,94.3568064771207,0,1
2023-06-06 17:34:00,2023-06-06 17:34:59,7.126,7.125,7.123,7.127,7.131687417190389,7.12525,7.123,7.131687417190389,True,0.007448586138834154,0.0014160926856424184,0,7.128403570307341,7.128385464993207,3.576206916090335,3.576206916090335,7.135384792294225,7.135066047789392,58.76953022883012,80.85543236005108,0,1
2023-06-06 17:35:00,2023-06-06 17:35:59,7.124,7.119,7.118,7.124,7.128468708595195,7.121249999999999,7.118,7.128468708595195,True,0.007416544271774549,0.0005492006737756015,0,7.128394517650274,7.128331753248887,-2.799966268336746,-0.0,7.13524414759478,7.134906186617358,25.43619689549679,56.24294713187035,0,1
2023-06-06 17:36:00,2023-06-06 17:36:59,7.12,7.128,7.12,7.128,7.124859354297596,7.1240000000000006,7.12,7.128,True,0.007529648252362105,0.0005841961498140734,0,7.12836313544958,7.128259745180896,-0.8432641455154268,-0.0,7.13513226552916,7.134837468342559,13.827290049585242,32.67767239130395,0,2
2023-06-06 17:37:00,2023-06-06 17:37:59,7.129,7.13,7.128,7.131,7.1244296771487985,7.1295,7.128,7.131,True,0.0072061019486219634,0.0007197644804971652,0,7.128311440315237,7.128211562189589,1.5628238594967954,0.0,7.135076223086084,7.1347893343291995,23.723084832072463,20.99552392571806,0,2
2023-06-06 17:38:00,2023-06-06 17:38:59,7.13,7.128,7.125,7.132,7.126964838574399,7.12875,7.125,7.132,True,0.007191380380863228,0.0006388086591232337,0,7.128261501252412,7.128177321637672,1.7026213071766776,0.0,7.13501327559269,7.134721778763735,39.50675424093191,25.685709707529767,0,1
2023-06-06 17:39:00,2023-06-06 17:39:59,7.128,7.13,7.127,7.132,7.127857419287199,7.129249999999999,7.127,7.132,True,0.007034853210801562,0.0006947408576899578,0,7.128219411445041,7.1281577235246685,3.1644765962431194,3.1644765962431194,7.134955929566892,7.134674795890464,50.08330178671926,37.771046953241104,0,2
2023-06-06 17:40:00,2023-06-06 17:40:59,7.13,7.135,7.13,7.135,7.128553709643599,7.1325,7.13,7.135,True,0.006889506552887157,0.0010412441249562847,0,7.128188567484854,7.128172086426955,7.127337943369177,7.127337943369177,7.134931492456773,7.134678031752251,56.09006122168953,48.56003908311346,0,2
2023-06-06 17:41:00,2023-06-06 17:41:59,7.134,7.141,7.134,7.142,7.1305268548218,7.13775,7.134,7.142,True,0.006968827513395218,0.0016269246317823947,1,7.1281803269559045,7.128249109113819,12.415818721123998,12.415818721123998,7.1349595373079495,7.134740936908945,73.26493820630112,59.81276707156987,0,2
2023-06-06 17:42:00,2023-06-06 17:42:59,7.141,7.147,7.141,7.149,7.1341384274109,7.144500000000001,7.141,7.149,True,0.007042482691009847,0.0023382884827652848,0,7.128214718034862,7.128421248010586,17.870031693986263,17.870031693986263,7.135054467284985,7.1348629176362195,89.77418323514051,73.04306088771028,0,2
2023-06-06 17:43:00,2023-06-06 17:43:59,7.147,7.147,7.144,7.149,7.13931921370545,7.146750000000001,7.144,7.149,True,0.006896591070223422,0.002683725492770332,0,7.128317983022724,7.128682528905223,21.506173675894445,21.506173675894445,7.135170840744836,7.134983684624914,99.62521306013736,87.55477816719288,0,2
2023-06-06 17:44:00,2023-06-06 17:44:59,7.148,7.152,7.147,7.152,7.1430346068527255,7.149750000000001,7.147,7.152,True,0.00676112027949317,0.003115545731681587,0,7.128500255963973,7.129032782447278,25.37687663085913,25.37687663085913,7.135315907006081,7.13515300119581,99.99999999999966,96.46646543175906,0,2
2023-06-06 17:45:00,2023-06-06 17:45:59,7.151,7.15,7.149,7.155,7.146392303426364,7.15125,7.149,7.155,True,0.006706754545243674,0.0030987409197281816,0,7.128766519205626,7.129460973263768,25.480801479811035,25.480801479811035,7.135474455195076,7.135300732527195,99.99999999999966,99.87507102004544,0,2
2023-06-06 17:46:00,2023-06-06 17:46:59,7.15,7.151,7.148,7.154,7.148821151713182,7.1507499999999995,7.148,7.154,True,0.006656272077726284,0.002993295897597212,0,7.129113746234697,7.129944156268423,25.9625818192724,25.9625818192724,7.135626450665772,7.13545694414384,98.95724065570887,99.65241355190261,0,2
2023-06-06 17:47:00,2023-06-06 17:47:59,7.151,7.151,7.15,7.153,7.1497855758565905,7.151249999999999,7.15,7.153,True,0.006395109786460066,0.002761818090128621,0,7.129528951251561,7.13047075039203,26.283768712246655,26.283768712246655,7.135781908868102,7.1356116014160405,98.36253941019042,99.10659335529954,0,2
2023-06-06 17:48:00,2023-06-06 17:48:59,7.152,7.151,7.15,7.155,7.150517787928295,7.152000000000001,7.15,7.155,True,0.006295459087427196,0.002454740019185016,0,7.129999850821796,7.131033055196777,26.49789330756282,26.49789330756282,7.135943282909215,7.13576471980991,98.36253941019042,98.56077315869646,0,1
2023-06-06 17:49:00,2023-06-06 17:49:59,7.152,7.131,7.129,7.152,7.1512588939641475,7.141,7.129,7.152,True,0.007488640581182438,0.0007371349320715627,0,7.130516453009287,7.13154414556486,10.292000437334721,10.292000437334721,7.135993598502158,7.135717309662548,75.39887839906638,90.70798573981563,0,1
2023-06-06 17:50:00,2023-06-06 17:50:59,7.13,7.137,7.129,7.139,7.146129446982074,7.13375,7.129,7.146129446982074,True,0.0076680233968123125,-3.364843004560487e-05,0,7.131030299287073,7.131961665113214,3.9758050197437953,0.0,7.135971274138953,7.135730072750483,42.66024631125149,72.14055470683597,0,1
2023-06-06 17:51:00,2023-06-06 17:51:59,7.137,7.144,7.136,7.148,7.139939723491037,7.141249999999999,7.136,7.148,True,0.007977450297039975,-8.904959789912507e-05,0,7.131495982200144,7.132354109045018,3.816191739568019,0.0,7.136023798774386,7.135812360583811,19.131632600586162,45.730252436967895,0,1
2023-06-06 17:52:00,2023-06-06 17:52:59,7.144,7.152,7.144,7.152,7.140594861745518,7.148,7.144,7.152,True,0.007979060990108549,0.0003892699373366799,0,7.13192504562258,7.13277043036323,7.13983914520756,0.0,7.136142964955735,7.135973431622778,26.82750745492109,29.53979545558613,0,2
2023-06-06 17:53:00,2023-06-06 17:53:59,7.153,7.15,7.149,7.153,7.144297430872759,7.15125,7.149,7.153,True,0.007694842347957907,0.0005048308460700937,0,7.132347737992905,7.133224992564957,8.031991976731923,0.0,7.136293283712394,7.136112999467327,46.95928910748601,30.972809720997635,0,2
2023-06-06 17:54:00,2023-06-06 17:54:59,7.15,7.151,7.147,7.153,7.147773715436379,7.15025,7.147,7.153,True,0.007573782180246581,0.000585558821038462,0,7.132786365278931,7.133699682239627,9.109044898741814,9.109044898741814,7.136432156511276,7.136261128825861,55.73182844338232,43.17287500192969,0,2
2023-06-06 17:55:00,2023-06-06 17:55:59,7.151,7.148,7.147,7.153,7.14901185771819,7.149749999999999,7.147,7.153,True,0.007461369167371778,0.0003648999880007022,0,7.133243023759279,7.134183531007577,7.48381131294056,0.0,7.136564672366886,7.1363779335141615,56.473213626080046,53.05477705898267,0,1
2023-06-06 17:56:00,2023-06-06 17:56:59,7.148,7.157,7.148,7.158,7.149380928859094,7.15275,7.148,7.158,True,0.007642699941130984,0.0007815538765142561,0,7.133713277383428,7.134691854267369,10.860006446738062,10.860006446738062,7.136725720403036,7.1365831282055625,57.33053611903031,56.51185939616411,0,2
2023-06-06 17:57:00,2023-06-06 17:57:59,7.157,7.169,7.156,7.169,7.151065464429547,7.16275,7.156,7.169,True,0.008025364231050191,0.0017959813191885787,0,7.134202565825399,7.135284569463209,16.551189819281987,16.551189819281987,7.1369846684587275,7.136905684143816,68.66690528664311,60.823551677251054,0,2
2023-06-06 17:58:00,2023-06-06 17:58:59,7.169,7.159,7.159,7.173,7.156907732214774,7.164999999999999,7.159,7.173,True,0.008452123928832338,0.0016398382989326263,0,7.134743567644304,7.135955097760016,14.067406895295875,14.067406895295875,7.137263427976551,7.1371255280826835,82.51750963549408,69.50498368038906,0,1
2023-06-06 17:59:00,2023-06-06 17:59:59,7.159,7.154,7.151,7.16,7.160953866107386,7.156,7.151,7.160953866107386,True,0.008491257933915768,0.00107407599939095,0,7.135349332702161,7.136620538750058,9.91682479481149,0.0,7.137449861529023,7.13729343327589,78.82796078398277,76.67079190203988,0,1
2023-06-06 18:00:00,2023-06-06 18:00:59,7.155,7.156,7.152,7.163,7.158476933053693,7.1565,7.152,7.163,True,0.008670453795778936,0.0007471302755896886,0,7.13598493572611,7.137280839366573,8.073947172617302,0.0,7.13763941514565,7.13747956826817,66.69600361405301,76.01382467784319,0,1
2023-06-06 18:01:00,2023-06-06 18:01:59,7.156,7.15,7.15,7.16,7.157488466526846,7.154000000000001,7.15,7.16,True,0.008765421381794711,3.947474137556625e-05,0,7.136632887546342,7.137915409907764,3.7450424198694208,0.0,7.137802207034748,7.137604149678437,49.14442622420689,64.88946354074746,0,1
2023-06-06 18:02:00,2023-06-06 18:02:59,7.15,7.144,7.143,7.156,7.155744233263423,7.14825,7.143,7.156,True,0.009067891283095082,-0.0008826134989189521,0,7.1372741487270535,7.138485918036024,-1.6999098574041227,-0.0,7.137906165173706,7.137667789980144,38.36342628217492,51.401285373478174,0,1
2023-06-06 18:03:00,2023-06-06 18:03:59,7.144,7.144,7.142,7.148,7.151997116631712,7.1445,7.142,7.151997116631712,True,0.008848756191445385,-0.0014890695947243349,0,7.137880033381539,7.138976346095591,-5.329878042253149,-5.329878042253149,7.137971775470485,7.137730797045018,22.217359703291873,36.5750707365578,0,1
2023-06-06 18:04:00,2023-06-06 18:04:59,7.144,7.143,7.142,7.146,7.148248558315856,7.14375,7.142,7.148248558315856,True,0.008502416463484968,-0.0019303715004122864,0,7.1384281897385655,7.139395215898264,-8.23943953428357,-8.23943953428357,7.138029270241923,7.137783226925167,8.154159729335888,22.911648571600796,0,1
2023-06-06 18:05:00,2023-06-06 18:05:59,7.143,7.146,7.14,7.148,7.1459992791579285,7.1442499999999995,7.14,7.148,True,0.008466529573236042,-0.00196764527027458,0,7.138911702818415,7.139758304021479,-7.534903430493905,-7.534903430493905,7.138091168050461,7.137864985861235,2.4028719594178987,10.92479713068179,0,1
2023-06-06 18:06:00,2023-06-06 18:06:59,7.146,7.145,7.142,7.146,7.145124639578964,7.14475,7.142,7.146,True,0.008147491746576294,-0.0020131021981310082,0,7.139335003419947,7.140078414197242,-7.755447062219893,-7.755447062219893,7.138157425084785,7.137935981026795,2.3435698744798787,4.300200521077794,0,-2
2023-06-06 18:07:00,2023-06-06 18:07:59,7.146,7.141,7.14,7.146,7.1449373197894825,7.14325,7.14,7.146,True,0.007994099478963717,-0.0022642364530919565,0,7.139706708808594,7.1403521996413,-10.476179650646465,-10.476179650646465,7.138208097472001,7.137966468777772,2.3435698744798787,2.3633372361257905,0,-2
2023-06-06 18:08:00,2023-06-06 18:08:59,7.141,7.129,7.128,7.143,7.144093659894741,7.13525,7.128,7.144093659894741,True,0.008494520944752,-0.003181946696736949,-1,7.140029454224948,7.140532746331279,-16.8271679109739,-16.8271679109739,7.138178663666309,7.137877250182968,1.5763022924259484,2.0878140137951404,-1,-2
2023-06-06 18:09:00,2023-06-06 18:09:59,7.129,7.127,7.122,7.13,7.139671829947371,7.127,7.122,7.139671829947371,True,0.008459198020126858,-0.0037985061046628675,0,7.140281100278114,7.140582042978577,-21.56587711331528,-21.56587711331528,7.1380674331820675,7.137769018837864,-3.3454720475371385e-13,1.3066240556350692,0,-2
2023-06-06 18:10:00,2023-06-06 18:10:59,7.127,7.134,7.127,7.135,7.133335914973685,7.130749999999999,7.127,7.135,True,0.008426398161546368,-0.0035693355194979836,0,7.140431571628346,7.140553396304814,-18.32193593304555,-18.32193593304555,7.137994622901649,7.1377315161628605,4.145931016709992,1.907411103045107,0,-2
2023-06-06 18:11:00,2023-06-06 18:11:59,7.134,7.141,7.134,7.143,7.132042957486842,7.138,7.134,7.143,True,0.008467369721435873,-0.0027978364091238808,0,7.140492483966581,7.140513323563001,-11.595045821883488,-11.595045821883488,7.137994676405116,7.137764038390095,15.305662336321186,6.483864451010187,0,-1
2023-06-06 18:12:00,2023-06-06 18:12:59,7.142,7.142,7.142,7.146,7.135021478743421,7.143000000000001,7.142,7.146,True,0.008219700455619018,-0.002117204716126138,0,7.140502903764792,7.140498835256407,-6.523554956264398,-6.523554956264398,7.138044480619991,7.137806187261836,36.50550571883708,18.652366357289324,0,-1
2023-06-06 18:13:00,2023-06-06 18:13:59,7.142,7.148,7.141,7.148,7.139010739371711,7.144749999999999,7.141,7.148,True,0.008132578994503351,-0.0011795667604709928,0,7.1405008695106,7.1405165960218415,0.07996853376440782,0.0,7.138111202205861,7.137907618234355,55.47990659265252,35.76369154927016,0,-1
2023-06-06 18:14:00,2023-06-06 18:14:59,7.149,7.154,7.148,7.155,7.141880369685856,7.1515,7.148,7.155,True,0.008051680494896008,-0.00011593859584944715,0,7.140508732766221,7.140605937029126,6.93085670123714,0.0,7.138244424074459,7.138067741436003,77.65350860637466,56.54630697262132,1,-1
2023-06-06 18:15:00,2023-06-06 18:15:59,7.154,7.155,7.151,7.16,7.146690184842928,7.155,7.151,7.16,True,0.00811941760240346,0.0006387235064370905,0,7.140557334897673,7.1407750344120196,11.8747691125539,11.8747691125539,7.138411146222972,7.138236221620719,89.78699855719209,74.30680458540633,0,2
2023-06-06 18:16:00,2023-06-06 18:16:59,7.155,7.143,7.137,7.155,7.150845092421465,7.1475,7.137,7.155,True,0.00882517348794612,0.0002672754176975291,0,7.1406661846548465,7.140954306386463,6.642291756054384,0.0,7.138501582578963,7.138283622400612,90.86000778677823,86.10017165011489,0,1
2023-06-06 18:17:00,2023-06-06 18:17:59,7.143,7.164,7.143,7.168,7.149172546210732,7.1545,7.143,7.168,True,0.009980518238807136,0.0014468606536531833,1,7.140810245520655,7.141188386336245,10.835335491909596,10.835335491909596,7.138660770812008,7.138539506754835,88.15679011505011,89.60126548634004,0,2
2023-06-06 18:18:00,2023-06-06 18:18:59,7.165,7.166,7.161,7.166,7.151836273105365,7.164499999999999,7.161,7.166,True,0.009624766936035254,0.002271056080526092,0,7.14099931592845,7.141532621587713,14.109291170485903,14.109291170485903,7.138917877570098,7.138812745493593,88.15679011505011,89.05786267229273,0,2
2023-06-06 18:19:00,2023-06-06 18:19:59,7.166,7.169,7.166,7.17,7.158168136552682,7.16775,7.166,7.17,True,0.009222997869175562,0.002893340005821231,0,7.1412659687580815,7.1419835195192265,17.049590620255373,17.049590620255373,7.139204764360445,7.139113116185198,97.29678232827156,91.20345418612384,0,2
2023-06-06 18:20:00,2023-06-06 18:20:59,7.17,7.166,7.163,7.173,7.162959068276341,7.168000000000001,7.163,7.173,True,0.009278498021377294,0.002940990294256921,0,7.141624744138654,7.142517015355398,16.94222058342163,16.94222058342163,7.139491284118052,7.139380647367435,99.99999999999967,95.15119081444034,0,2
2023-06-06 18:21:00,2023-06-06 18:21:59,7.166,7.179,7.165,7.181,7.165479534138171,7.172750000000001,7.165,7.181,True,0.009758605305564631,0.003707324185268795,0,7.142070879747026,7.143144470805451,20.271575788750383,20.271575788750383,7.13982221661439,7.139774869781689,99.99999999999967,99.09892744275686,0,2
2023-06-06 18:22:00,2023-06-06 18:22:59,7.179,7.174,7.17,7.179,7.169114767069086,7.175500000000001,7.17,7.179,True,0.009704419212310038,0.0036635637096385258,0,7.142607675276238,7.143860464233157,19.31184660023598,19.31184660023598,7.140177219434148,7.140115418341075,99.99999999999967,99.99999999999956,0,2
2023-06-06 18:23:00,2023-06-06 18:23:59,7.174,7.176,7.174,7.18,7.172307383534544,7.176,7.174,7.18,True,0.00943981784000213,0.0035720358547109993,0,7.143234069754698,7.144644682288705,19.282531638332216,19.282531638332216,7.140533665011917,7.140472478855094,99.99999999999967,99.99999999999956,0,2
2023-06-06 18:24:00,2023-06-06 18:24:59,7.176,7.173,7.173,7.186,7.1741536917672715,7.177,7.173,7.186,True,0.009694116565716256,0.0031050453025646806,0,7.143939376021701,7.1454840945671645,17.14428306266784,17.14428306266784,7.140896514116276,7.140796135781909,99.99999999999967,99.99999999999956,0,1
2023-06-06 18:25:00,2023-06-06 18:25:59,7.174,7.164,7.157,7.176,7.1755768458836355,7.16775,7.157,7.176,True,0.010358822525307962,0.0019997755125130117,0,7.1447117352944325,7.146297737547514,10.51267000448054,0.0,7.1411637129807914,7.141027020002984,82.00162788999886,94.0005426299993,0,1
2023-06-06 18:26:00,2023-06-06 18:26:59,7.165,7.161,7.16,7.166,7.171663422941817,7.163,7.16,7.171663422941817,True,0.010047478059214552,0.0009396266457319495,0,7.145504736420974,7.147052919670655,4.667964132973985,0.0,7.141380989468545,7.141225756122358,54.10422313540903,78.70195034180243,0,1
2023-06-06 18:27:00,2023-06-06 18:27:59,7.161,7.154,7.152,7.164,7.167331711470909,7.15775,7.152,7.167331711470909,True,0.010186943912127768,-0.00031957144095681386,0,7.146278828045814,7.1477208732141175,-2.122030832844672,-0.0,7.141543865195226,7.141352863026613,20.770889802075697,52.29224694249444,0,1
2023-06-06 18:28:00,2023-06-06 18:28:59,7.154,7.152,7.152,7.157,7.162540855735454,7.1537500000000005,7.152,7.162540855735454,True,0.009816447918404348,-0.0013075466252110172,0,7.146999850629966,7.148288123957845,-7.389114727750112,-7.389114727750112,7.141665319272885,7.14145880468804,5.435928578743183,26.770347172075876,0,1
2023-06-06 18:29:00,2023-06-06 18:29:59,7.153,7.154,7.152,7.155,7.158145427867727,7.1535,7.152,7.158145427867727,True,0.009329558781375475,-0.0017993893465163575,0,7.147643987293905,7.148770483469919,-9.267807771371906,-9.267807771371906,7.141783077290071,7.141583592701094,-3.2448118266377907e-13,8.735606126939427,0,1
2023-06-06 18:30:00,2023-06-06 18:30:59,7.155,7.157,7.155,7.158,7.155822713933864,7.156250000000001,7.155,7.158,True,0.00894887601127726,-0.001876875301274607,0,7.1482072353819115,7.149201565943611,-8.106637099595368,-8.106637099595368,7.141927026769771,7.141736989788646,3.686754787048402,3.0408944552636616,0,-2
2023-06-06 18:31:00,2023-06-06 18:31:59,7.158,7.17,7.158,7.17,7.156036356966933,7.164,7.158,7.17,True,0.009238242010471734,-0.0009942093889146273,0,7.148704400662761,7.149642493202016,-0.3782382901015424,-0.0,7.142146658344202,7.142018213770848,16.61731219838641,6.768022328478072,0,2
2023-06-06 18:32:00,2023-06-06 18:32:59,7.171,7.173,7.17,7.175,7.160018178483466,7.172250000000001,7.17,7.175,True,0.008935510438295173,-0.00021449688687627706,0,7.149173446932388,7.150144749872342,5.866456456967676,0.0,7.14244619408207,7.14232649025074,37.55826193748249,19.287442974305677,0,2
2023-06-06 18:33:00,2023-06-06 18:33:59,7.173,7.16,7.159,7.174,7.166134089241734,7.1665,7.159,7.174,True,0.009368688264131274,-0.0006331470744825891,0,7.149659098402365,7.150652394490164,2.556926802522568,0.0,7.142685535434487,7.142502346069141,47.11718368195213,33.76425260594025,0,1
2023-06-06 18:34:00,2023-06-06 18:34:59,7.16,7.16,7.156,7.169,7.166317044620866,7.16125,7.156,7.169,True,0.009628067673836175,-0.0009153166055416951,0,7.150155746446265,7.15112477751181,0.3505736995591633,0.0,7.14287025647494,7.142676452078403,41.095524508177355,41.9236567092039,0,1
2023-06-06 18:35:00,2023-06-06 18:35:59,7.159,7.164,7.158,7.166,7.163783522310434,7.1617500000000005,7.158,7.166,True,0.00951177712570502,-0.0008207982693320317,0,7.150640261979037,7.151569588312647,1.1660506256509606,0.0,7.1430581146194685,7.142888626684588,27.616469231712344,38.60972580728052,0,1
2023-06-06 18:36:00,2023-06-06 18:36:59,7.164,7.161,7.161,7.167,7.162766761155217,7.16325,7.161,7.167,True,0.009260935902440393,-0.0009656432972658434,0,7.151104925145842,7.1519999310302005,-0.09393259019187639,-0.0,7.143259028901862,7.143068839354393,23.558930561011014,30.75697476696681,0,1
2023-06-06 18:37:00,2023-06-06 18:37:59,7.161,7.162,7.16,7.164,7.163008380577608,7.16175,7.16,7.164,True,0.008885154766551762,-0.0009828785466452087,0,7.151552428088021,7.1524056387201425,-0.24328177100743176,-0.0,7.1434430186640325,7.14325720911206,23.822035325163444,24.99914503929551,0,-2
2023-06-06 18:38:00,2023-06-06 18:38:59,7.163,7.161,7.161,7.163,7.162379190288804,7.162,7.161,7.163,True,0.008393357997512398,-0.0010523744977195219,0,7.151979033404081,7.1527908827592555,-1.0867508352535609,-0.0,7.14362766524449,7.143433754295025,28.292881077332282,25.224615654502156,0,-2
2023-06-06 18:39:00,2023-06-06 18:39:59,7.161,7.161,7.161,7.164,7.162189595144402,7.16175,7.161,7.164,True,0.008008118140547235,-0.0010822487748654644,0,7.152384958081668,7.153155657172491,-1.6490635447509803,-0.0,7.143807986983351,7.143608542809502,30.43727596911171,27.51739745720239,0,-2
2023-06-06 18:40:00,2023-06-06 18:40:59,7.162,7.173,7.161,7.173,7.161969797572201,7.167250000000001,7.161,7.173,True,0.008293252559079608,-0.0002605410531995537,0,7.152770307627079,7.153539548813974,5.683081396514147,0.0,7.144041240844213,7.143900995119855,46.28592506491915,35.00536070378762,0,2
2023-06-06 18:41:00,2023-06-06 18:41:59,7.172,7.177,7.171,7.181,7.164609898786101,7.17525,7.171,7.181,True,0.008415163090573908,0.0005267014443631575,0,7.153154928220526,7.153990746186504,12.04506140997389,12.04506140997389,7.144351775761185,7.144230338451996,67.68651818345258,48.13657307249438,0,2
2023-06-06 18:42:00,2023-06-06 18:42:59,7.177,7.177,7.17,7.178,7.169929949393051,7.1755,7.17,7.178,True,0.008385508584104343,0.0009811699029507927,0,7.153572837203514,7.154493553406478,16.28638141894706,16.28638141894706,7.144661708340676,7.144556404736055,89.68731876418946,67.8865873375203,0,2
2023-06-06 18:43:00,2023-06-06 18:43:59,7.177,7.172,7.171,7.177,7.172714974696525,7.17425,7.171,7.177,True,0.008215115113811127,0.0008556259991742959,0,7.154033195304996,7.15502496730072,13.839983922500693,13.839983922500693,7.144956119202958,7.144829475335697,96.15672851949371,84.51018848904515,0,1
2023-06-06 18:44:00,2023-06-06 18:44:59,7.172,7.171,7.168,7.174,7.173482487348263,7.17125,7.168,7.174,True,0.008056892605681777,0.0006336117865945335,0,7.154529081302858,7.15555467417594,11.259379932891669,11.259379932891669,7.145217749857655,7.145089878566187,80.72208774417979,88.85537834262088,0,1
2023-06-06 18:45:00,2023-06-06 18:45:59,7.171,7.172,7.17,7.176,7.172366243674132,7.17225,7.17,7.176,True,0.007909971705275952,0.0004953029401762689,0,7.155041877739399,7.156086263814058,10.341190239997204,10.341190239997204,7.145486727471011,7.145357640968514,67.86349065373334,81.58076897246883,0,1
2023-06-06 18:46:00,2023-06-06 18:46:59,7.173,7.181,7.173,7.19,7.172308121837066,7.179250000000001,7.173,7.19,True,0.008630688012042005,0.0009650847310413288,0,7.1555640707767285,7.156663715938654,14.872747040054321,14.872747040054321,7.145822680431499,7.145712291307135,71.7067621342393,73.43078017738402,0,2
2023-06-06 18:47:00,2023-06-06 18:47:59,7.182,7.185,7.179,7.189,7.175779060918533,7.18375,7.179,7.189,True,0.008728496011181848,0.0014624906988598748,0,7.156113893357691,7.157304188771304,19.331725100983817,19.331725100983817,7.146200066695862,7.146103213781691,87.14140290955322,75.57055189917517,0,2
2023-06-06 18:48:00,2023-06-06 18:48:59,7.185,7.181,7.179,7.196,7.179764530459266,7.18525,7.179,7.196,True,0.009319317724668819,0.0014044648613886586,0,7.156709041064498,7.15800017552105,17.982389151710976,17.982389151710976,7.146588623246152,7.146450445485356,99.99999999999967,86.28272168126394,0,2
2023-06-06 18:49:00,2023-06-06 18:49:59,7.182,7.19,7.182,7.19,7.182507265229633,7.186000000000001,7.182,7.19,True,0.009296509315763927,0.0018790761680387144,0,7.157354608292774,7.158740239356468,20.65977861942295,20.65977861942295,7.146980776248678,7.146883774385999,99.99999999999967,95.71380096985074,0,2
2023-06-06 18:50:00,2023-06-06 18:50:59,7.191,7.202,7.187,7.203,7.184253632614817,7.19575,7.187,7.203,True,0.009775330078923648,0.002879391020763921,0,7.1580474238246214,7.159576823135252,25.09035939535211,25.09035939535211,7.147466042156651,7.147432194541362,99.99999999999967,99.99999999999955,0,2
2023-06-06 18:51:00,2023-06-06 18:51:59,7.201,7.205,7.199,7.207,7.190001816307409,7.202999999999999,7.199,7.207,True,0.00964852078757196,0.003552833309856557,0,7.158812123479937,7.160533400599953,28.527177930003617,28.527177930003617,7.1480186188516095,7.148005008526025,99.99999999999967,99.99999999999955,0,2
2023-06-06 18:52:00,2023-06-06 18:52:59,7.204,7.198,7.192,7.204,7.196500908153704,7.1995000000000005,7.192,7.204,True,0.00988791215988824,0.003293191465956276,0,7.1596727620399445,7.161553873076622,25.073010107891847,25.073010107891847,7.148530871400349,7.148502471127756,93.75047508429105,97.91682502809668,0,2
2023-06-06 18:53:00,2023-06-06 18:53:59,7.198,7.184,7.183,7.2,7.198000454076852,7.19125,7.183,7.2,True,0.010395918434181962,0.0019565629160575044,0,7.160613317558283,7.16256104524555,15.355741732124159,15.355741732124159,7.148955937356565,7.148855680370266,69.99416315658429,87.91487941362489,0,1
2023-06-06 18:54:00,2023-06-06 18:54:59,7.183,7.168,7.166,7.185,7.194625227038426,7.1754999999999995,7.166,7.194625227038426,True,0.011010495688883196,-0.0001566958597508418,0,7.1615871814019165,7.1634427739669135,4.145150277757828,0.0,7.149220057382868,7.14904617111285,36.66082982325096,66.801822688042,0,1
2023-06-06 18:55:00,2023-06-06 18:55:59,7.168,7.159,7.156,7.169,7.185062613519213,7.163,7.156,7.185062613519213,True,0.011152603139677244,-0.0021969330147677355,-1,7.162514977684415,7.164133927289792,-5.154350936539842,-5.154350936539842,7.149357171239755,7.149145214186355,9.57702140562625,38.74400479515373,0,1
2023-06-06 18:56:00,2023-06-06 18:56:59,7.159,7.162,7.158,7.165,7.174031306759606,7.161,7.158,7.174031306759606,True,0.010855988629700275,-0.0032719129998067427,0,7.163324452487104,7.164656575087464,-9.765843998685263,-9.765843998685263,7.149473020282145,7.149273122502908,-3.1382304162737757e-13,15.412617076292193,0,-2
2023-06-06 18:57:00,2023-06-06 18:57:59,7.162,7.163,7.162,7.168,7.1675156533798035,7.163749999999999,7.162,7.168,True,0.010509132299007415,-0.0038063612266431204,0,7.163990513787284,7.1650618393049275,-12.260910177291777,-12.260910177291777,7.149615079781825,7.14940970834865,1.9881841560427775,3.855068520556133,0,-2
2023-06-06 18:58:00,2023-06-06 18:58:59,7.164,7.16,7.158,7.164,7.165632826689901,7.1615,7.158,7.165632826689901,True,0.010187051420506838,-0.004235414737213621,0,7.164526176546106,7.165356468667871,-14.831896112773222,-14.831896112773222,7.149733337694444,7.149515084384982,2.7692642736281656,1.5858161432234386,-1,-2
2023-06-06 18:59:00,2023-06-06 18:59:59,7.161,7.162,7.16,7.167,7.163566413344951,7.1625,7.16,7.167,True,0.009959404890470614,-0.004227291604650455,0,7.164941322606989,7.1655688340245085,-15.091230336500765,-15.091230336500765,7.149860369160171,7.149639312401051,4.3372579666820865,3.031568798784239,0,-2
2023-06-06 19:00:00,2023-06-06 19:00:59,7.161,7.163,7.159,7.168,7.163033206672475,7.16275,7.159,7.168,True,0.009890875969722738,-0.003998554829410177,0,7.165255078315749,7.165716690564128,-14.475276438454408,-14.475276438454408,7.149988624193403,7.149772254566215,4.124832707316359,3.743784982542099,0,-2
2023-06-06 19:01:00,2023-06-06 19:01:59,7.163,7.161,7.158,7.168,7.162891603336238,7.1625,7.158,7.168,True,0.009898670543313956,-0.0038366404280296557,0,7.1654858844399385,7.165811029139478,-15.040779648686325,-15.040779648686325,7.150113115494961,7.1498839734262525,4.956890716993905,4.472993796997346,0,-2
2023-06-06 19:02:00,2023-06-06 19:02:59,7.162,7.17,7.162,7.171,7.162695801668119,7.16625,7.162,7.171,True,0.009905908361648721,-0.002964648746091025,0,7.165648456789708,7.165888314370229,-8.782801122393181,-8.782801122393181,7.150273681509937,7.150084132894648,8.358869375580062,5.813530933296671,0,-1
2023-06-06 19:03:00,2023-06-06 19:03:59,7.17,7.158,7.157,7.17,7.16447290083406,7.16375,7.157,7.17,True,0.010126914907245235,-0.00310788076930705,0,7.165768385579969,7.165934490465313,-10.430355391564497,-10.430355391564497,7.150407774231231,7.150162897741467,9.727005472455284,7.680921855009646,0,-2
2023-06-06 19:04:00,2023-06-06 19:04:59,7.158,7.155,7.155,7.161,7.16411145041703,7.1572499999999994,7.155,7.16411145041703,True,0.009832135271013384,-0.003278838222453679,0,7.16585143802264,7.165911260389468,-12.602652949967883,-12.602652949967883,7.150475856079676,7.150211028112198,8.113867345192352,8.733247397742462,0,-2
2023-06-06 19:05:00,2023-06-06 19:05:59,7.155,7.164,7.155,7.164,7.160680725208515,7.1594999999999995,7.155,7.164,True,0.009772697037369533,-0.002631835025917178,0,7.165881349206054,7.165848983122965,-8.644302326692547,-8.644302326692547,7.150565648556495,7.150348231812575,5.526936982377982,7.789269933341768,0,-1
2023-06-06 19:06:00,2023-06-06 19:06:59,7.165,7.163,7.162,7.171,7.160090362604257,7.1652499999999995,7.162,7.171,True,0.009717504391843162,-0.0021664617650609622,0,7.16586516616451,7.165795842131856,-6.519353869873115,-6.519353869873115,7.150711761506182,7.150474120053246,13.796297409054025,9.145700578874683,0,-1
2023-06-06 19:07:00,2023-06-06 19:07:59,7.163,7.162,7.162,7.167,7.162670181302128,7.163499999999999,7.162,7.167,True,0.009380539792425785,-0.0018358750469596745,0,7.165830504148183,7.165738251937265,-5.6785418942956625,-5.6785418942956625,7.150839007660349,7.15058880542585,35.894355668220065,18.405863353217253,0,-1
2023-06-06 19:08:00,2023-06-06 19:08:59,7.161,7.165,7.16,7.167,7.163085090651064,7.16325,7.16,7.167,True,0.00921050123582392,-0.0013299915625435655,0,7.165784378042725,7.165675838717598,-3.0432216621031642,-3.0432216621031642,7.15096250012144,7.150732200396737,59.9549350380582,36.54852937177733,0,-1
2023-06-06 19:09:00,2023-06-06 19:09:59,7.165,7.173,7.165,7.176,7.163167545325532,7.1697500000000005,7.165,7.176,True,0.009338322576122219,-0.00038845793085988335,0,7.165730108380162,7.165654653429952,3.0047633945317145,0.0,7.151149440418739,7.150953770542043,81.8750129511629,59.241434552480285,0,-1
2023-06-06 19:10:00,2023-06-06 19:10:59,7.174,7.176,7.174,7.181,7.166458772662766,7.1762500000000005,7.174,7.181,True,0.009242728106399204,0.00045024099286946674,0,7.165692380905057,7.16571066944925,8.294844824578185,8.294844824578185,7.151399197230493,7.151202986755555,93.11028802533019,78.31341200485032,0,-1
2023-06-06 19:11:00,2023-06-06 19:11:59,7.175,7.179,7.174,7.181,7.171354386331384,7.17725,7.174,7.181,True,0.009082533241656381,0.001184063172524548,0,7.165701525177153,7.16583394333443,13.013338897269932,13.013338897269932,7.151656419148598,7.151479573952018,99.99999999999967,91.66176699216415,1,-1
2023-06-06 19:12:00,2023-06-06 19:12:59,7.18,7.171,7.169,7.182,7.174302193165692,7.1754999999999995,7.169,7.182,True,0.00936235229582384,0.0010609133297039153,0,7.165767734255791,7.165997317159405,9.667862331055488,9.667862331055488,7.151893668709308,7.151673807047023,96.6110897113861,96.57379257890523,0,-1
2023-06-06 19:13:00,2023-06-06 19:13:59,7.171,7.165,7.165,7.173,7.174901096582846,7.1685,7.165,7.174901096582846,True,0.00926504141755071,0.0005246447708790472,0,7.165882525707598,7.166143113586551,3.99783780821447,0.0,7.152058905836578,7.151806405981878,80.91158809014142,92.50755926717564,-1,-2
2023-06-06 19:14:00,2023-06-06 19:14:59,7.165,7.167,7.165,7.172,7.1717005482914225,7.16725,7.165,7.172,True,0.009103252744868492,0.00029307454521130367,0,7.166012819647075,7.1662654945568995,1.5994302396456277,0.0,7.152210061002384,7.151957586021859,63.195109964683176,80.23926258873682,0,-2
2023-06-06 19:15:00,2023-06-06 19:15:59,7.168,7.165,7.164,7.173,7.169475274145711,7.1675,7.164,7.173,True,0.009095877548806483,-5.86605336866966e-06,0,7.166139157101988,7.166370315975704,-1.2447016884008946,-0.0,7.152362199698877,7.152087361285323,49.32456915298951,64.47708906927129,0,-2
2023-06-06 19:16:00,2023-06-06 19:16:59,7.166,7.169,7.166,7.173,7.168487637072856,7.1685,7.166,7.173,True,0.009017600581034593,7.64963110574122e-05,0,7.166254736538846,7.166467454513145,-0.08989807169842123,-0.0,7.152522774826251,7.152255646247658,49.68104390259456,54.06690767342233,0,-1
2023-06-06 19:17:00,2023-06-06 19:17:59,7.169,7.166,7.164,7.171,7.168493818536428,7.1675,7.164,7.171,True,0.008873486253817876,-7.844008040624944e-05,0,7.166361095525996,7.166551016726924,-1.5201852496650332,-0.0,7.152671801942408,7.152392405986488,50.12914914371351,49.71158739976577,0,-2
2023-06-06 19:18:00,2023-06-06 19:18:59,7.166,7.177,7.166,7.177,7.167996909268214,7.1715,7.166,7.177,True,0.00902538009283083,0.0005802870114172804,0,7.16645605612646,7.1666507611338135,4.004651559612363,0.0,7.152859147196713,7.152637257668214,56.673412312991296,52.16120178643303,1,-1
2023-06-06 19:19:00,2023-06-06 19:19:59,7.177,7.177,7.174,7.178,7.169748454634107,7.1765,7.174,7.178,True,0.008666424371914309,0.000980263829518933,0,7.166553408630137,7.166796866859761,7.6878760991306265,7.6878760991306265,7.153094379562915,7.152879673014799,70.9773746765455,59.25997871108334,0,-1
2023-06-06 19:20:00,2023-06-06 19:20:59,7.178,7.186,7.177,7.188,7.173124227317054,7.18225,7.177,7.188,True,0.008833108345349009,0.001810534958278652,0,7.166675137744949,7.167017921852506,13.594879432631167,13.594879432631167,7.153384485238906,7.153209228507189,88.2457475608848,71.96551151680711,0,2
2023-06-06 19:21:00,2023-06-06 19:21:59,7.186,7.195,7.185,7.199,7.177687113658527,7.19125,7.185,7.199,True,0.009202172034966954,0.0028787710764619934,0,7.166846529798728,7.167358217828939,19.682968348217543,19.682968348217543,7.1537612565300615,7.153625057079257,98.96093549191427,86.0613525764481,0,2
2023-06-06 19:22:00,2023-06-06 19:22:59,7.196,7.173,7.173,7.2,7.184468556829263,7.1855,7.173,7.2,True,0.010473445461040754,0.0019224829031932692,0,7.167102373813834,7.167750607163187,11.876447299022509,11.876447299022509,7.154077064922797,7.153817842580955,88.83268861182597,92.01312388820827,0,1
2023-06-06 19:23:00,2023-06-06 19:23:59,7.173,7.159,7.157,7.173,7.184984278414632,7.1655,7.157,7.184984278414632,True,0.010868199356680703,0.0002456458686117735,0,7.167426490488511,7.168044096486973,2.827866366506207,0.0,7.154190725968341,7.153869406336368,55.49935527849264,81.09765979407754,0,-2
2023-06-06 19:24:00,2023-06-06 19:24:59,7.158,7.155,7.153,7.159,7.175242139207316,7.15625,7.153,7.175242139207316,True,0.010520470831203527,-0.0011364482704548555,0,7.167735293487742,7.168194242651072,-4.116073445208599,-4.116073445208599,7.154211216257213,7.153880656024564,22.166021945159304,55.49935527849255,0,-2
2023-06-06 19:25:00,2023-06-06 19:25:59,7.155,7.153,7.15,7.155,7.165746069603658,7.15325,7.15,7.165746069603658,True,0.010126151486117552,-0.0021269306156949477,0,7.167964768069408,7.168209920384721,-9.226502895711093,-9.226502895711093,7.154201651916345,7.15387189327805,-3.268496584496461e-13,25.888459074550454,-1,-2
2023-06-06 19:26:00,2023-06-06 19:26:59,7.152,7.154,7.15,7.156,7.159498034801829,7.1530000000000005,7.15,7.159498034801829,True,0.009831426379966252,-0.0026105664867065075,0,7.1680873442270645,7.168117907345623,-12.023385586929535,-12.023385586929535,7.154189695180859,7.153873167971801,-3.268496584496461e-13,7.388673981719466,0,-2
2023-06-06 19:27:00,2023-06-06 19:27:59,7.153,7.153,7.152,7.155,7.156249017400915,7.15325,7.152,7.156249017400915,True,0.009343467352825815,-0.0028776770406013933,0,7.168102625786344,7.167943455176964,-14.218875502619014,-14.218875502619014,7.1541803449800545,7.153864479733276,0.2580835319236988,0.08602784397426429,0,-2
2023-06-06 19:28:00,2023-06-06 19:28:59,7.153,7.155,7.15,7.157,7.154749508700458,7.15375,7.15,7.157,True,0.009176076827623947,-0.0027823920959642594,0,7.168023040481654,7.167708725560973,-14.115243337315,-14.115243337315,7.154176062940452,7.153875778442397,1.0652820457667984,0.44112185922997266,0,-2
2023-06-06 19:29:00,2023-06-06 19:29:59,7.156,7.151,7.151,7.156,7.154249754350229,7.153499999999999,7.151,7.156,True,0.0088777856256508,-0.0028639713577965245,0,7.167865883021314,7.167426434315718,-15.745401304127995,-15.745401304127995,7.154169335946019,7.153847163731528,1.6902016009684002,1.004522392886215,0,-2
2023-06-06 19:30:00,2023-06-06 19:30:59,7.152,7.143,7.134,7.154,7.153874877175114,7.1457500000000005,7.134,7.154,True,0.009672229509532854,-0.003325845843635058,0,7.167646158668516,7.167055461041559,-19.4477227126119,-19.4477227126119,7.154085561458994,7.153739231754099,1.4321180690443744,1.395867238593107,0,-2
2023-06-06 19:31:00,2023-06-06 19:31:59,7.143,7.142,7.142,7.149,7.149812438587557,7.144,7.142,7.149812438587557,True,0.009481355973137626,-0.00352742565927403,0,7.167350809855038,7.166605206192493,-22.19822501705981,-22.19822501705981,7.153985207613631,7.153622423477939,0.6249195552012748,1.2490797417379327,0,-2
2023-06-06 19:32:00,2023-06-06 19:32:59,7.143,7.142,7.14,7.148,7.146906219293779,7.14325,7.14,7.148,True,0.009375544832199224,-0.0034773359892162946,0,7.166978008023766,7.166090475831445,-24.031893220025083,-24.031893220025083,7.153878389627425,7.153506777473184,-3.269236733179544e-13,0.6856792080816904,0,-2
2023-06-06 19:33:00,2023-06-06 19:33:59,7.143,7.136,7.135,7.144,7.14507810964689,7.1395,7.135,7.14507810964689,True,0.009348720201327876,-0.003672534504631479,0,7.1665342419276055,7.165502786056064,-27.039721897278522,-27.039721897278522,7.153735321073919,7.153332580682406,-3.269236733179544e-13,0.20830651840012318,0,-2
2023-06-06 19:34:00,2023-06-06 19:34:59,7.137,7.128,7.125,7.137,7.142289054823445,7.13175,7.125,7.142289054823445,True,0.009538097329804426,-0.004148702208239928,0,7.166018513991835,7.16480851375568,-30.612912187005477,-30.612912187005477,7.153516561660248,7.153080515202979,-3.269236733179544e-13,-4.10733175865769e-13,0,-2
2023-06-06 19:35:00,2023-06-06 19:35:59,7.128,7.122,7.119,7.136,7.137019527411723,7.12625,7.119,7.137019527411723,True,0.010071090377675562,-0.004641229886488761,0,7.165413513873758,7.163997355881067,-33.810680367583004,-33.810680367583004,7.153245252589001,7.152771256345238,-3.269236733179544e-13,-4.10733175865769e-13,0,-2
2023-06-06 19:36:00,2023-06-06 19:36:59,7.123,7.107,7.105,7.123,7.131634763705861,7.1145000000000005,7.105,7.131634763705861,True,0.010637441064984435,-0.005731786640524133,0,7.164705434877413,7.163019121081803,-37.16636814804757,-37.16636814804757,7.152859727687618,7.1523158209587185,-3.269236733179544e-13,-4.10733175865769e-13,0,-2
2023-06-06 19:37:00,2023-06-06 19:37:59,7.108,7.114,7.1,7.115,7.12306738185293,7.109249999999999,7.1,7.12306738185293,True,0.010949052417485589,-0.0056420942788619165,0,7.163862277979608,7.161880036592627,-33.973944892389014,-33.973944892389014,7.152425800048936,7.151934569008881,-3.269236733179544e-13,-4.10733175865769e-13,0,-2
2023-06-06 19:38:00,2023-06-06 19:38:59,7.113,7.119,7.11,7.121,7.116158690926465,7.11575,7.11,7.121,True,0.01095269153052234,-0.0049212930124653085,0,7.1628711572861175,7.160666726254886,-28.497242122091016,-28.497242122091016,7.152060866715115,7.151606861854564,12.471020063813954,4.157006687937683,0,-1
2023-06-06 19:39:00,2023-06-06 19:39:59,7.12,7.12,7.116,7.122,7.115954345463233,7.1195,7.116,7.122,True,0.01059892784977076,-0.0040910739755197385,0,7.161768941770502,7.159429030971795,-24.16761109152268,-24.16761109152268,7.151736877991582,7.151292365716707,31.57080526898051,14.680608444264628,0,-1
2023-06-06 19:40:00,2023-06-06 19:40:59,7.119,7.114,7.114,7.122,7.117727172731616,7.11725,7.114,7.122,True,0.010413290146215707,-0.0037007088363750686,0,7.1605989863711486,7.158165191762831,-23.33105562909442,-23.33105562909442,7.1513937249767405,7.150921297401118,49.03004468763365,31.023956673475954,0,-1
2023-06-06 19:41:00,2023-06-06 19:41:59,7.114,7.119,7.113,7.119,7.117488586365808,7.11625,7.113,7.119,True,0.01009805513577168,-0.002851921617261414,0,7.15938208906699,7.156882579474725,-19.159064999544924,-19.159064999544924,7.151044036171002,7.150603672551356,53.272496594274706,44.624448850296204,0,-1
2023-06-06 19:42:00,2023-06-06 19:42:59,7.118,7.115,7.113,7.118,7.116869293182904,7.116,7.113,7.118,True,0.00980533691178794,-0.0023573459626228237,0,7.158132334270857,7.15559227182783,-18.034437445290305,-18.034437445290305,7.150695339293678,7.1502494071528355,50.826779601593124,51.04310696116708,0,-1
2023-06-06 19:43:00,2023-06-06 19:43:59,7.114,7.122,7.105,7.124,7.116434646591452,7.11625,7.105,7.124,True,0.01046209856094589,-0.0013558499227960923,0,7.156862303049344,7.154306473719363,-12.672404477587094,-0.0,7.150352599599214,7.149968318524449,56.01173406601138,53.370336753959656,0,-1
2023-06-06 19:44:00,2023-06-06 19:44:59,7.118,7.121,7.109,7.124,7.116342323295726,7.117999999999999,7.109,7.124,True,0.01078623437802116,-0.0006179372603374832,0,7.155584388384354,7.153045054805704,-9.655152556258109,-0.0,7.150030683185292,7.149680076549081,69.0787710098524,58.63909489248555,0,-1
2023-06-06 19:45:00,2023-06-06 19:45:59,7.122,7.14,7.118,7.14,7.117171161647862,7.130000000000001,7.118,7.14,True,0.011587217636733888,0.0012888673557629043,0,7.154314721595029,7.1518938172403645,0.26412397704731916,0.0,7.149831372904841,7.149583757379438,85.75803613070076,70.28284706885476,0,-1
2023-06-06 19:46:00,2023-06-06 19:46:59,7.14,7.142,7.139,7.148,7.1235855808239315,7.14225,7.139,7.148,True,0.011402416376967142,0.0026979662075255484,0,7.153104269417698,7.150921272966862,7.4044419642088215,7.4044419642088215,7.149755936358524,7.149508297107006,96.4471755809627,83.76132757383853,0,-1
2023-06-06 19:47:00,2023-06-06 19:47:59,7.142,7.142,7.141,7.15,7.132917790411966,7.143750000000001,7.141,7.15,True,0.0112308152071838,0.0035804696840909585,0,7.152012771192281,7.150106379461879,12.164653955649825,12.164653955649825,7.149696175797742,7.149433587683055,99.99999999999967,94.06840390388761,0,-1
2023-06-06 19:48:00,2023-06-06 19:48:59,7.142,7.135,7.134,7.146,7.138333895205983,7.1392500000000005,7.134,7.146,True,0.01128575697809921,0.003597044860462865,0,7.15105957532708,7.1493903217661074,10.306261387944453,10.306261387944453,7.1495922337500035,7.149289969895164,96.58256727961957,97.67658095352722,0,-1
2023-06-06 19:49:00,2023-06-06 19:49:59,7.135,7.117,7.114,7.137,7.138791947602992,7.12575,7.114,7.138791947602992,True,0.012122488622520673,0.0022928682505706476,0,7.150224948546595,7.14866436675852,1.6378017314728694,0.0,7.149354997593287,7.148968676662376,84.79049075725244,93.7910193456238,0,-2
2023-06-06 19:50:00,2023-06-06 19:50:59,7.116,7.108,7.103,7.117,7.132270973801496,7.111,7.103,7.132270973801496,True,0.012256596578054928,0.0008067394466549881,0,7.149444657652558,7.147834399665009,-6.326676430262303,-0.0,7.14897335582619,7.1485610281383725,66.39460189346481,82.58921997677885,0,-2
2023-06-06 19:51:00,2023-06-06 19:51:59,7.108,7.115,7.106,7.12,7.1216354869007485,7.11225,7.106,7.1216354869007485,True,0.012381125393908165,0.00036552286123460974,0,7.1486395286587845,7.14693681391101,-7.989957946340766,-0.0,7.148607949300556,7.1482270875598815,47.84747726054556,66.34418997042084,0,-2
2023-06-06 19:52:00,2023-06-06 19:52:59,7.116,7.106,7.105,7.118,7.116942743450375,7.11125,7.105,7.118,True,0.012425330722914716,-0.0004780558927387109,0,7.147788171284898,7.145985288839433,-11.540403429269823,-0.0,7.148236228411993,7.14780691753441,35.09619488456341,49.7794246795245,0,-2
2023-06-06 19:53:00,2023-06-06 19:53:59,7.107,7.112,7.106,7.114,7.1140963717251875,7.109750000000001,7.106,7.1140963717251875,True,0.012109235671277951,-0.0005145472134380803,0,7.146886730062166,7.1449875338425,-10.89737034693281,-0.0,7.147853280865605,7.147450629797749,28.037113258053576,36.99359513438743,0,-2
2023-06-06 19:54:00,2023-06-06 19:54:59,7.112,7.108,7.107,7.118,7.111923185862594,7.11125,7.107,7.118,True,0.012030004551900963,-0.0007124676245716909,0,7.1459371319523335,7.143970518955773,-11.750636502520592,-0.0,7.147489069115698,7.1470580862176725,26.32711370814056,29.82014061691909,0,-2
2023-06-06 19:55:00,2023-06-06 19:55:59,7.107,7.12,7.104,7.123,7.111586592931297,7.1135,7.104,7.123,True,0.012527861369622332,9.243540775425753e-05,0,7.144953825454054,7.142960755818842,-6.919579224967514,-0.0,7.147150869423005,7.14678885152894,29.907693668365066,28.09064021151964,0,-1
2023-06-06 19:56:00,2023-06-06 19:56:59,7.12,7.123,7.117,7.127,7.112543296465649,7.12175,7.117,7.127,True,0.012347299843220721,0.0008922622193668975,0,7.143957290636448,7.142020233858076,-2.5782805984693837,-0.0,7.146898124453622,7.146552146538602,43.32098814007071,33.18526517219202,0,-1
2023-06-06 19:57:00,2023-06-06 19:57:59,7.122,7.114,7.112,7.123,7.117146648232824,7.11775,7.112,7.123,True,0.012251064140133536,0.0008285826098510425,0,7.142988762247262,7.141113234689252,-3.496968981329303,-0.0,7.146608093364531,7.1462282445829945,50.10770905475267,41.11213028772939,0,-1
2023-06-06 19:58:00,2023-06-06 19:58:59,7.113,7.113,7.113,7.125,7.1174483241164115,7.1160000000000005,7.113,7.125,True,0.012233130987266824,0.0007566973903512832,0,7.142050998468257,7.140226844368073,-4.503451096495141,-0.0,7.1463035352216,7.145897615283661,49.30559553180987,47.57809757554433,0,-1
2023-06-06 19:59:00,2023-06-06 19:59:59,7.113,7.111,7.106,7.115,7.1167241620582065,7.11125,7.106,7.1167241620582065,True,0.012002193059604932,0.0006129276395736606,0,7.1411389214181655,7.13933017106637,-6.040086100795193,-0.0,7.14595474382636,7.14555037533059,34.681188151895306,44.69816424615252,0,-1
2023-06-06 20:00:00,2023-06-06 20:00:59,7.111,7.114,7.11,7.122,7.113987081029103,7.11425,7.11,7.122,True,0.012002036412490261,0.0007709937518507494,0,7.140234546242268,7.138452137224608,-5.1518847054077455,-0.0,7.145639273738536,7.1452364412476985,29.542305099512163,37.84302959440569,0,-1
2023-06-06 20:01:00,2023-06-06 20:01:59,7.114,7.1,7.097,7.117,7.114118540514552,7.107,7.097,7.117,True,0.012573319525883784,-4.986390741450186e-05,0,7.139343341733438,7.137545059896533,-10.032693443555772,-0.0,7.145254803353078,7.144786327404438,22.872972190204578,29.032155147203927,0,-2
2023-06-06 20:02:00,2023-06-06 20:02:59,7.1,7.09,7.089,7.101,7.110559270257276,7.095,7.089,7.110559270257276,True,0.012532368131177769,-0.001192403793609598,0,7.138444200814986,7.136539007180972,-15.621044724754789,-15.621044724754789,7.14475475555852,7.144241189818324,16.205722255377637,22.873666515031374,0,-2
2023-06-06 20:03:00,2023-06-06 20:03:59,7.09,7.106,7.09,7.106,7.102779635128638,7.098000000000001,7.09,7.106,True,0.012780056121807928,-0.0007068194531909718,0,7.1374916039979786,7.135482516228714,-11.461050420032024,-0.0,7.144289534110176,7.143860680466898,11.50240190021134,16.860365448597765,0,-1
2023-06-06 20:04:00,2023-06-06 20:04:59,7.105,7.086,7.084,7.108,7.100389817564319,7.09575,7.084,7.108,True,0.013581480684535935,-0.0016578221432540872,0,7.136487060113346,7.13437812615667,-13.624039733688655,-0.0,7.143806553671269,7.143284952303048,10.678034360583235,12.795386172057318,0,-2
2023-06-06 20:05:00,2023-06-06 20:05:59,7.086,7.084,7.084,7.099,7.0980699087821595,7.0882499999999995,7.084,7.099,True,0.013682803492783408,-0.0022579318830320116,0,7.135432593135008,7.133192144085152,-15.456382686694191,-15.456382686694191,7.143253752142202,7.142695052280133,10.678034360583235,10.952823540459184,0,-2
2023-06-06 20:06:00,2023-06-06 20:06:59,7.084,7.088,7.083,7.09,7.09315995439108,7.086250000000001,7.083,7.09315995439108,True,0.013205460386155998,-0.002189119895398571,0,7.134312368610081,7.131936339029977,-14.820386942900747,-14.820386942900747,7.1426865506283495,7.142150822904211,4.074740423329758,8.476936381498655,0,-2
2023-06-06 20:07:00,2023-06-06 20:07:59,7.087,7.084,7.08,7.094,7.08970497719554,7.08625,7.08,7.094,True,0.0132622132157163,-0.0022359164068814046,0,7.133124353820029,7.130634178006915,-15.468214057197933,-15.468214057197933,7.142124992910654,7.141572207750936,-3.333629668607803e-13,4.917591594637466,0,-2
2023-06-06 20:08:00,2023-06-06 20:08:59,7.084,7.09,7.083,7.093,7.08797748859777,7.0874999999999995,7.083,7.093,True,0.013029197986022265,-0.0016659915227369513,0,7.131879265913472,7.129313031143084,-12.85066455030504,-0.0,7.141581460642886,7.141059051454906,2.892789108195997,2.32250984384172,0,-1
2023-06-06 20:09:00,2023-06-06 20:09:59,7.09,7.092,7.089,7.094,7.087738744298885,7.0912500000000005,7.089,7.094,True,0.012455683844163524,-0.0009944915694050389,0,7.130596148528278,7.128011730053769,-10.1076939038661,-0.0,7.141080650089226,7.140570901689186,14.34943410222308,5.747407736806161,0,-1
2023-06-06 20:10:00,2023-06-06 20:10:59,7.091,7.064,7.057,7.092,7.089494372149442,7.0760000000000005,7.057,7.092,True,0.014065992141008935,-0.0023429883993358012,0,7.129303939291024,7.12663035077382,-15.329096551263817,-0.0,7.140433081431621,7.139809002169891,14.34943410222308,10.5305524375473,0,-2
2023-06-06 20:11:00,2023-06-06 20:11:59,7.064,7.032,7.021,7.067,7.082747186074721,7.046,7.021,7.082747186074721,True,0.01634699270236546,-0.005207390657757237,0,7.127967145032422,7.12498957119819,-21.959260336079847,-21.959260336079847,7.13949344878056,7.138736275780141,11.456644994026751,13.385171066157552,0,-2
2023-06-06 20:12:00,2023-06-06 20:12:59,7.033,7.058,7.033,7.065,7.064373593037361,7.047250000000001,7.033,7.065,True,0.017536493223625094,-0.004937621645839857,0,7.126478358115306,7.123164397767646,-18.55431678217548,-18.55431678217548,7.138575603519062,7.137932929752478,1.6317551402163988,9.145944745488658,0,-2
2023-06-06 20:13:00,2023-06-06 20:13:59,7.058,6.997,6.997,7.061,7.055811796518681,7.02825,6.997,7.061,True,0.020855315136223303,-0.008611279904334322,0,7.124821377941476,7.121076212183272,-21.854270452063844,-21.854270452063844,7.137477836319867,7.136530612043498,1.6317551402163988,4.906718424819764,0,-2
2023-06-06 20:14:00,2023-06-06 20:14:59,6.999,6.982,6.941,7.0,7.04203089825934,6.9805,6.941,7.04203089825934,True,0.023579935483635937,-0.011501199904985365,0,7.122948795062374,7.118467666673905,-24.874228960335934,-24.874228960335934,7.135915867799271,7.134992994013214,1.6317551402163988,1.6317551402163133,0,-2
2023-06-06 20:15:00,2023-06-06 20:15:59,6.982,7.047,6.982,7.064,7.01126544912967,7.01875,6.982,7.064,True,0.027752797234804786,-0.008250165864772483,0,7.12070823086814,7.115729771209935,-16.839864266808704,-0.0,7.134750038268931,7.134117441833978,28.08549331650019,10.449667865644244,0,-1
2023-06-06 20:16:00,2023-06-06 20:16:59,7.047,7.042,7.035,7.055,7.0150077245648355,7.04475,7.035,7.055,True,0.02719902600374727,-0.005961312183839267,0,7.118219001039038,7.113087210141663,-12.02914706458185,-0.0,7.133854515500086,7.133200850372943,61.41882664983353,30.37869170218329,0,-1
2023-06-06 20:17:00,2023-06-06 20:17:59,7.042,7.04,7.037,7.059,7.029878862282418,7.0445,7.037,7.059,True,0.026827667003479626,-0.004181855378525105,0,7.115653105590351,7.1105361220269065,-9.071173525799992,-0.0,7.132965415843368,7.132273478727441,94.68636224294936,61.39689406976095,0,-1
2023-06-06 20:18:00,2023-06-06 20:18:59,7.039,7.064,7.038,7.082,7.0371894311412095,7.05575,7.038,7.082,True,0.02805426221751677,-0.0010219485642528128,0,7.113094613808629,7.108151741353183,-3.830925993340209,-0.0,7.132197103247912,7.131594140630651,99.93420225978217,85.3464637175216,0,-1
2023-06-06 20:19:00,2023-06-06 20:19:59,7.065,7.066,7.052,7.067,7.046469715570605,7.0625,7.052,7.067,True,0.027121814916265613,0.0013816851311942505,0,7.110623177580906,7.1059612821856835,-0.07571367152764452,-0.0,7.131503599733008,7.130941462614426,99.93420225978217,98.18492225417116,0,-1
2023-06-06 20:20:00,2023-06-06 20:20:59,7.066,7.063,7.06,7.075,7.054484857785303,7.066,7.06,7.075,True,0.026255970993675253,0.0028433339012362384,0,7.108292229883295,7.103962541385298,1.8233284409885329,0.0,7.130851822621237,7.130265428160551,99.99999999999966,99.95613483985458,0,-1
2023-06-06 20:21:00,2023-06-06 20:21:59,7.063,7.081,7.06,7.083,7.060242428892652,7.07175,7.06,7.083,True,0.026023401636984207,0.00506569335611385,0,7.106127385634297,7.102167906406021,5.829186625308147,5.829186625308147,7.13026374478421,7.129775224895272,99.99999999999966,99.97806741992707,0,-1
2023-06-06 20:22:00,2023-06-06 20:22:59,7.081,7.061,7.06,7.085,7.065996214446326,7.07175,7.06,7.085,True,0.025950301520056788,0.00506611134622395,0,7.104147646020159,7.100546278479586,4.285330573528562,4.285330573528562,7.129681518467949,7.129090894299299,99.99999999999966,99.99999999999956,0,-1
2023-06-06 20:23:00,2023-06-06 20:23:59,7.062,7.051,7.047,7.063,7.068873107223163,7.05575,7.047,7.068873107223163,True,0.02523956569719559,0.0043074004773586035,0,7.1023469622498725,7.098962209299222,1.4435931656791112,0.0,7.128945881468268,7.128313870475425,95.37723946364076,98.45907982121327,0,-2
2023-06-06 20:24:00,2023-06-06 20:24:59,7.053,7.055,7.036,7.064,7.062311553611581,7.052,7.036,7.064,True,0.025436739575967367,0.004044921641575119,0,7.1006545857745476,7.097392849794961,0.42609071863851966,0.0,7.128180250806892,7.127584379226914,89.74311283113384,95.04011743159133,0,-1
2023-06-06 20:25:00,2023-06-06 20:25:59,7.056,7.066,7.043,7.076,7.05715577680579,7.06025,7.043,7.076,True,0.02597697246339823,0.004588452816310096,0,7.099023717784754,7.095902442570886,2.1214777533633153,0.0,7.127504327913291,7.126971599334109,87.00075944598643,90.70703724692025,0,2
2023-06-06 20:26:00,2023-06-06 20:26:59,7.065,7.052,7.047,7.067,7.058702888402895,7.05775,7.047,7.067,True,0.02555004585886982,0.003906913630300091,0,7.09746308017782,7.0944672681521315,0.03096083845403541,0.0,7.126810254998731,7.126225613271083,88.12404519559773,88.28930582423924,0,1
2023-06-06 20:27:00,2023-06-06 20:27:59,7.053,7.038,7.034,7.055,7.0582264442014475,7.045,7.034,7.0582264442014475,True,0.025225042583236258,0.0024575500379718923,0,7.095965174164976,7.0929979471730285,-4.003375234888367,-0.0,7.125996222610684,7.125347746472365,86.56799337599006,87.23093267252464,0,-2
2023-06-06 20:28:00,2023-06-06 20:28:59,7.037,7.034,7.03,7.046,7.051613222100723,7.03675,7.03,7.051613222100723,True,0.024566110970147957,0.00125853988866257,0,7.094481560669003,7.091455219697728,-7.399985918749884,-0.0,7.125108200495155,7.124438813671645,70.1009371840599,81.5976585852158,0,-2
2023-06-06 20:29:00,2023-06-06 20:29:59,7.033,7.014,7.014,7.033,7.0441816110503614,7.0235,7.014,7.0441816110503614,True,0.02423996018656593,-0.0008239736032543618,0,7.092968390183366,7.089774374431941,-12.663191379194124,-12.663191379194124,7.124097173624556,7.1233399200032705,40.26707863747415,65.64533639917461,0,-2
2023-06-06 20:30:00,2023-06-06 20:30:59,7.015,7.042,7.015,7.042,7.03384080552518,7.028499999999999,7.015,7.042,True,0.024508534458954047,-9.142461197404056e-05,0,7.091371382307654,7.088030625761745,-8.930783137846966,-0.0,7.1231459579666,7.122530567565427,19.689825947822374,43.35261392311872,0,-1
2023-06-06 20:31:00,2023-06-06 20:31:59,7.043,7.038,7.036,7.051,7.03117040276259,7.042,7.036,7.051,True,0.023829353426171655,0.00023412204575187778,0,7.0897010040346995,7.086341941125953,-7.2258277040039545,-0.0,7.122338535499271,7.121689467390646,25.15373801232769,28.37021419920798,0,-1
2023-06-06 20:32:00,2023-06-06 20:32:59,7.04,7.032,7.027,7.04,7.036585201381294,7.03475,7.027,7.04,True,0.023055828181445102,0.00014438775781104932,0,7.088021472580326,7.084658452254028,-7.323332327149359,-0.0,7.12146700778286,7.120797034879296,39.39119753448369,28.07825383154449,0,-2
2023-06-06 20:33:00,2023-06-06 20:33:59,7.032,7.013,7.012,7.037,7.035667600690648,7.023499999999999,7.012,7.037,True,0.023194697597056193,-0.0011014737943315298,0,7.086339962417178,7.082913417603548,-10.69484073287019,-10.69484073287019,7.120492211685518,7.119724427567064,40.31200748006669,34.952314342292595,0,-2
2023-06-06 20:34:00,2023-06-06 20:34:59,7.014,7.014,7.006,7.021,7.029583800345323,7.01375,7.006,7.029583800345323,True,0.0226093620544093,-0.0016656434773235154,0,7.084626690010363,7.081065004953489,-12.615818965602209,-12.615818965602209,7.119430100126458,7.118672443213163,21.057601933650187,33.5869356494001,0,-2
2023-06-06 20:35:00,2023-06-06 20:35:59,7.014,6.976,6.975,7.014,7.0216669001726615,6.99475,6.975,7.0216669001726615,True,0.023780121907665822,-0.004435314727755872,0,7.082845847481926,7.079017523948015,-18.35280409118322,-18.35280409118322,7.118189502115249,7.117252816912535,6.820142411494193,22.729917275070264,0,-2
2023-06-06 20:36:00,2023-06-06 20:36:59,6.976,6.971,6.961,6.99,7.008208450086331,6.974500000000001,6.961,7.008208450086331,True,0.024152970342832543,-0.006236459197112548,0,7.080931685714971,7.0766884263883165,-22.57558919081008,-22.57558919081008,7.116759755825545,7.115797565002957,0.3334302743442296,9.403724873162778,0,-2
2023-06-06 20:37:00,2023-06-06 20:37:59,6.971,6.952,6.95,6.973,6.991354225043166,6.9615,6.95,6.991354225043166,True,0.024070615318344483,-0.008280371768657237,0,7.078810056051644,7.074064396396112,-26.735663531710657,-26.735663531710657,7.115214882633252,7.114167738485515,-3.2026233517020347e-13,2.3845242286126083,0,-2
2023-06-06 20:38:00,2023-06-06 20:38:59,6.952,6.961,6.943,6.964,6.976427112521582,6.955,6.943,6.976427112521582,True,0.023851285652748504,-0.008455954872414025,0,7.076437226223878,7.071181570749447,-26.452392962255736,-26.452392962255736,7.1136207046966025,7.112643681386157,-3.2026233517020347e-13,0.11114342478110396,0,-2
2023-06-06 20:39:00,2023-06-06 20:39:59,6.962,6.953,6.95,6.977,6.965713556260791,6.9605,6.95,6.977,True,0.024076193820409337,-0.008567631103567935,0,7.073809398486662,7.068152508562796,-27.0925727220314,-27.0925727220314,7.112097115595144,7.1110551870440055,4.294425444539376,1.4314751481794863,0,-2
2023-06-06 20:40:00,2023-06-06 20:40:59,6.955,6.986,6.949,6.988,6.9631067781303955,6.9695,6.949,6.988,True,0.025142179976094425,-0.005807559009805705,0,7.070980953524729,7.065090845478879,-18.689821475856935,-18.689821475856935,7.110678238823053,7.109810856824662,16.500310281498148,6.931578575345642,0,-1
2023-06-06 20:41:00,2023-06-06 20:41:59,6.987,7.0,6.98,7.0,6.966303389065198,6.99175,6.98,7.0,True,0.02477488140637336,-0.002608110731393002,0,7.068035899501804,7.062177180406094,-10.549048498239316,-0.0,7.109494873262625,7.108718211483123,44.765910127465304,21.853548617834182,0,-1
2023-06-06 20:42:00,2023-06-06 20:42:59,7.0,7.008,7.0,7.022,6.979026694532599,7.0075,7.0,7.022,True,0.024576675591632423,0.00032458857101458,0,7.065106539953948,7.059508087798833,-3.7723164910495086,-0.0,7.108479998901802,7.1077160402245845,73.80481801625893,45.02367947507403,0,-1
2023-06-06 20:43:00,2023-06-06 20:43:59,7.009,6.987,6.983,7.01,6.9932633472663,6.997249999999999,6.983,7.01,True,0.024749770192230118,0.0009640529119760502,0,7.062307313876391,7.056979535726916,-3.7113743259821703,-0.0,7.1073732327435755,7.106514885595484,90.64999477395968,69.74024097256121,0,-1
2023-06-06 20:44:00,2023-06-06 20:44:59,6.987,6.983,6.979,6.995,6.99525667363315,6.986,6.979,6.99525667363315,True,0.024124786607070823,0.0012563003271894475,0,7.059643424801654,7.054501793799099,-4.423151219041692,-0.0,7.10616553888543,7.105285881758713,87.03113596668084,83.82864958563306,0,-1
2023-06-06 20:45:00,2023-06-06 20:45:59,6.982,6.984,6.979,6.996,6.990628336816575,6.985250000000001,6.979,6.996,True,0.02361587327799436,0.0016517460985788247,0,7.057072609300376,7.052075909202075,-4.629959981648177,-0.0,7.104962399195028,7.104079057064596,78.05205619977967,85.24439564680664,0,-1
2023-06-06 20:46:00,2023-06-06 20:46:59,6.985,6.987,6.982,6.995,6.987939168408287,6.98725,6.982,6.995,True,0.02285759661528047,0.002230604187085254,0,7.0545742592512255,7.049721218521385,-3.8646957582191064,-0.0,7.103791131541346,7.10291409132266,74.58431072680209,79.88916763108743,0,-1
2023-06-06 20:47:00,2023-06-06 20:47:59,6.987,6.969,6.967,6.993,6.978,6.978999999999999,6.967,6.993,True,0.023082053999903342,0.0014584126036844627,0,7.052147738886306,7.047382131220318,-7.51207252684295,-0.0,7.102549428739939,7.101581612802036,72.00554579698634,74.8806375745226,0,-2
2023-06-06 20:48:00,2023-06-06 20:48:59,6.968,6.965,6.965,6.975,6.9784999999999995,6.968249999999999,6.965,6.9784999999999995,True,0.022147621571338805,0.0008050147931246317,0,7.049764935053312,7.044997620763936,-10.708837677211584,-0.0,7.101213116016159,7.10022259177913,65.43670711158828,70.67552121179213,0,-2
2023-06-06 20:49:00,2023-06-06 20:49:59,6.965,6.967,6.962,6.973,6.973374999999999,6.966749999999999,6.962,6.973374999999999,True,0.021351362887671758,0.0006678712830421006,0,7.047381277908624,7.042583417020308,-11.997607027929163,-0.0,7.099875174563262,7.09889699385098,57.05160747936521,64.83128679597984,0,-1
2023-06-06 20:50:00,2023-06-06 20:50:59,6.968,6.952,6.95,6.97,6.970062499999999,6.96,6.95,6.970062499999999,True,0.021254836967123745,-0.0002961452421701219,0,7.044982347464465,7.040116087369524,-15.846072146027034,-15.846072146027034,7.098483381781538,7.097435332220622,49.51645516895592,57.334923253303025,0,-2
2023-06-06 20:51:00,2023-06-06 20:51:59,6.952,6.952,6.946,6.956,6.965031249999999,6.9515,6.946,6.965031249999999,True,0.020450920040900666,-0.0007224231784940319,0,7.042549217416995,7.037565540784297,-18.41171555809228,-18.41171555809228,7.097020860569781,7.095988214487083,43.06673321431193,49.878265287544245,0,-2
2023-06-06 20:52:00,2023-06-06 20:52:59,6.952,6.949,6.945,6.957,6.958265624999999,6.95075,6.945,6.958265624999999,True,0.019847282895122016,-0.0009864324656308418,0,7.040057379100646,7.034961830585743,-20.72142484780883,-20.72142484780883,7.095565429121326,7.094525645188704,33.74493879403149,42.10937572576634,0,-2
2023-06-06 20:53:00,2023-06-06 20:53:59,6.949,6.967,6.949,6.974,6.954507812499999,6.9597500000000005,6.949,6.974,True,0.02021533411689904,0.00030793387652302065,0,7.037509604843194,7.0323958780926406,-14.010721485867123,-14.010721485867123,7.094214031816636,7.093256733296279,30.674588318992438,35.828753442445176,0,-1
2023-06-06 20:54:00,2023-06-06 20:54:59,6.967,6.961,6.955,6.967,6.95712890625,6.9625,6.955,6.967,True,0.019628524537120506,0.0009055063262898636,0,7.034952741467917,7.0298961255940045,-11.44990081528676,-0.0,7.092903444435375,7.091940745900296,33.85601028181415,32.758512464945916,0,-1
2023-06-06 20:55:00,2023-06-06 20:55:59,6.96,6.95,6.95,6.962,6.959814453125,6.9555,6.95,6.962,True,0.01908362992732615,0.0006814148902117012,0,7.03242443353096,7.027417616332856,-12.70538674603214,-0.0,7.091536245983282,7.090528400169945,35.46139823293442,33.33066561124689,0,-2
2023-06-06 20:56:00,2023-06-06 20:56:59,6.95,6.948,6.946,6.957,6.9576572265625,6.9502500000000005,6.946,6.9576572265625,True,0.018506227789660008,0.0005521841901451781,0,7.029921024931908,7.024936816648124,-14.035337732051957,-14.035337732051957,7.090130412689916,7.089110207133428,31.23919858153616,33.5188690320948,0,-1
2023-06-06 20:57:00,2023-06-06 20:57:59,6.949,6.925,6.921,6.949,6.95395361328125,6.936,6.921,6.95395361328125,True,0.019184354376112833,-0.0009508154707010691,0,7.027428920790015,7.0223734644665035,-19.02703344903106,-19.02703344903106,7.088596776742753,7.087477269749016,16.72208369232433,27.807560168931527,0,-2
2023-06-06 20:58:00,2023-06-06 20:58:59,6.925,6.913,6.912,6.932,6.944976806640625,6.9205000000000005,6.912,6.944976806640625,True,0.019242614777819095,-0.002518679135342594,0,7.024901192628259,7.0196563589618215,-23.670097302623706,-23.670097302623706,7.086924171999044,7.085741177512707,7.240273672025629,18.400518648628594,0,-2
2023-06-06 20:59:00,2023-06-06 20:59:59,6.913,6.933,6.911,6.938,6.932738403320313,6.923749999999999,6.911,6.938,True,0.0197967137222606,-0.0018596876417644286,0,7.02227877579504,7.016859143074178,-19.209716927480912,-19.209716927480912,7.085300548397064,7.084221364801138,4.485397999610911,9.482585121320179,0,-1
2023-06-06 21:00:00,2023-06-06 21:00:59,6.933,6.95,6.923,6.95,6.928244201660156,6.938999999999999,6.923,6.95,True,0.020311234170670565,6.768446464668065e-06,0,7.019568959434609,7.014122678812213,-11.855916236395402,-0.0,7.083844821547342,7.082885828832968,32.88306300390673,14.869578225180978,0,-1
2023-06-06 21:01:00,2023-06-06 21:01:59,6.949,6.947,6.94,6.951,6.933622100830078,6.946750000000001,6.94,6.951,True,0.019646146015622614,0.0011986476671168866,0,7.016845819123411,7.0115059930292105,-7.730654981291714,-0.0,7.082480693969757,7.081533731033635,66.21639633724006,34.52828578025245,0,-1
2023-06-06 21:02:00,2023-06-06 21:02:59,6.947,6.963,6.943,6.964,6.94018605041504,6.95425,6.943,6.964,True,0.019742849871649627,0.003201779515040949,0,7.014175906076311,7.009053020908259,-1.3487588792824639,-0.0,7.081204766666575,7.0803542909238475,95.06433167096218,64.72126367070287,0,-1
2023-06-06 21:03:00,2023-06-06 21:03:59,6.962,6.963,6.956,6.975,6.94721802520752,6.964,6.956,6.975,True,0.019689789166531742,0.004537104236544014,0,7.011614463492284,7.006812667070951,2.9058385220570386,0.0,7.080038550082828,7.0791865865365455,99.9999999999997,87.09357600273387,0,2
2023-06-06 21:04:00,2023-06-06 21:04:59,6.962,6.951,6.95,6.962,6.955609012603761,6.95625,6.95,6.962,True,0.019211947083208038,0.0045504531929198185,0,7.009213565281618,7.004701907071624,1.809210562912149,0.0,7.078806823216333,7.077911098113296,95.50402696949165,96.85611954681774,0,2
2023-06-06 21:05:00,2023-06-06 21:05:59,6.95,6.926,6.926,6.952,6.95592950630188,6.9384999999999994,6.926,6.95592950630188,True,0.01969680800583602,0.002809647124831928,0,7.006957736176621,7.002585875394132,-4.2880333335867675,-0.0,7.077410735423135,7.076399544898239,82.02447031958069,92.50949909635723,0,1
2023-06-06 21:06:00,2023-06-06 21:06:59,6.926,6.911,6.9,6.926,6.94721475315094,6.915750000000001,6.9,6.94721475315094,True,0.020147036005419144,0.0006940118813317867,0,7.004771805785377,7.000324122321156,-10.468626796535744,-0.0,7.075802170891562,7.074753778282336,59.50605627041545,79.01151785316249,0,-2
2023-06-06 21:07:00,2023-06-06 21:07:59,6.91,6.922,6.91,6.93,6.93148237657547,6.918,6.91,6.93148237657547,True,0.02013653343360346,0.00021274986861011258,0,7.002547964053266,6.997978597192887,-11.121270787090538,-0.0,7.074232000036919,7.073233840189975,43.087201801303735,61.53924279709985,0,-2
2023-06-06 21:08:00,2023-06-06 21:08:59,6.92,6.917,6.912,6.927,6.924741188287735,6.919,6.912,6.927,True,0.019769638188346046,-0.00028772234024365684,0,7.000263280623077,6.99559007159658,-12.461669841461699,-0.0,7.072687403021627,7.071679274615945,36.400919370473105,46.33139248073066,0,-2
2023-06-06 21:09:00,2023-06-06 21:09:59,6.915,6.9,6.9,6.917,6.921870594143867,6.908000000000001,6.9,6.921870594143867,True,0.019571806889178433,-0.0016005317402551164,0,6.997926676109828,6.993108607556973,-16.001508455975838,-16.001508455975838,7.071048722394546,7.069971023127229,34.44517947233053,37.977766881369014,0,-2
2023-06-06 21:10:00,2023-06-06 21:10:59,6.901,6.908,6.891,6.908,6.914935297071934,6.902000000000001,6.891,6.914935297071934,True,0.019388106397094283,-0.0016627007116269236,0,6.9955176418334,6.990529831528829,-15.585420915347235,-15.585420915347235,7.069366645554799,7.068359371155814,28.67951016744523,33.17520300341618,0,-2
2023-06-06 21:11:00,2023-06-06 21:11:59,6.908,6.899,6.892,6.909,6.908467648535968,6.902,6.892,6.909,True,0.019217527368730367,-0.0020765007733401716,0,6.993023736681114,6.987892134233746,-16.87448635725346,-16.87448635725346,7.067701305798035,7.0666742032836165,22.16485244368143,28.429847361152287,0,-2
2023-06-06 21:12:00,2023-06-06 21:12:59,6.899,6.913,6.894,6.919,6.9052338242679845,6.906250000000001,6.894,6.919,True,0.01963056112810673,-0.0011185292584083122,0,6.99045793545743,6.985255304739101,-13.120320252928522,-0.0,7.066094825143328,7.065145106733531,21.524449587446213,24.122937399524186,0,-1
2023-06-06 21:13:00,2023-06-06 21:13:59,6.913,6.897,6.895,6.93,6.905741912133992,6.9087499999999995,6.895,6.93,True,0.02072837819038483,-0.0013719930790690206,0,6.987856620098265,6.982654402583014,-13.793348695963829,-0.0,7.064529204992649,7.063472021094391,22.464532584696823,22.051278205274716,0,-2
2023-06-06 21:14:00,2023-06-06 21:14:59,6.896,6.893,6.889,6.898,6.907245956066996,6.894,6.889,6.907245956066996,True,0.01989063689107159,-0.001572209789113925,0,6.98525551134064,6.979998430541889,-14.945013986523286,-14.945013986523286,7.062832396982772,7.061775782078526,15.811696055868879,19.933559409337203,0,-2
2023-06-06 21:15:00,2023-06-06 21:15:59,6.892,6.915,6.89,6.923,6.900622978033498,6.904999999999999,6.89,6.923,True,0.020827019970280792,5.641272552563831e-05,0,6.982626970941265,6.977392796083838,-9.316471582074747,-0.0,7.061261925371003,7.060315326535457,19.334563226278373,19.203597288947922,0,-1
2023-06-06 21:16:00,2023-06-06 21:16:59,6.915,6.911,6.907,6.92,6.902811489016749,6.91325,6.907,6.92,True,0.02026794711526073,0.0010113647113442828,0,6.980009883512552,6.974901273955912,-6.578826084429913,-0.0,7.059789169894675,7.058829601893312,31.475729025782652,22.207329435976533,0,-1
2023-06-06 21:17:00,2023-06-06 21:17:59,6.91,6.904,6.902,6.91,6.908030744508374,6.9065,6.902,6.91,True,0.019463093749884922,0.0012805271890246987,0,6.977455578734232,6.9724703755810555,-6.539906446428688,-0.0,7.058263904522589,7.057289008839647,49.981047866683355,33.59711337291469,0,-1
2023-06-06 21:18:00,2023-06-06 21:18:59,6.904,6.924,6.891,6.926,6.907265372254187,6.911250000000001,6.891,6.926,True,0.020572872767750296,0.002943558824994849,0,6.974962977157643,6.970136475312816,-1.3737326565387065,-0.0,7.056801079601966,7.055962750045222,71.57273749981691,51.00983813076087,0,2
2023-06-06 21:19:00,2023-06-06 21:19:59,6.923,6.91,6.902,6.938,6.909257686127094,6.91825,6.902,6.938,True,0.021674810427196677,0.0030968684329945144,0,6.97254972623523,6.96794298281818,-1.5969705669333436,-0.0,7.055422461894484,7.05451038437313,85.17198550756707,68.90859029135568,0,2
2023-06-06 21:20:00,2023-06-06 21:20:59,6.909,6.902,6.898,6.914,6.913753843063547,6.905749999999999,6.898,6.914,True,0.021269466825254057,0.0026735857051096365,0,6.970246354526704,6.965789320749035,-3.5592370429197757,-0.0,7.053933183666678,7.052992868110711,89.1241548610429,81.95629262280886,0,1
2023-06-06 21:21:00,2023-06-06 21:21:59,6.903,6.909,6.899,6.912,6.9097519215317735,6.905749999999999,6.899,6.912,True,0.020678790623450186,0.0029207293026151937,0,6.96801783763787,6.963681793866131,-2.8279538086486227,-0.0,7.052458724127706,7.051560103253888,78.2483097220861,84.18148336356525,0,2
2023-06-06 21:22:00,2023-06-06 21:22:59,6.909,6.906,6.897,6.91,6.9077509607658865,6.9055,6.897,6.91,True,0.020130305578918022,0.0028997449762357304,0,6.965849815752001,6.9616233341496345,-3.1817785680645727,-0.0,7.050996448265739,7.050111744017531,67.14798851645547,78.17348436652806,0,2
2023-06-06 21:23:00,2023-06-06 21:23:59,6.905,6.912,6.902,6.918,6.906625480382943,6.90925,6.902,6.918,True,0.01983528375185245,0.003318758472126985,0,6.9637365749508175,6.9596433575690675,-1.4280714503376402,-0.0,7.049586035845184,7.048737497808402,72.1323046439436,72.50953429416164,0,2
2023-06-06 21:24:00,2023-06-06 21:24:59,6.913,6.902,6.894,6.913,6.907937740191471,6.905500000000001,6.894,6.913,True,0.019775620626720142,0.002900869940280118,0,6.961689966259943,6.957713027070343,-3.4070823757013002,-0.0,7.048152343946227,7.047277423203343,73.31363518940218,70.864642783267,0,1
2023-06-06 21:25:00,2023-06-06 21:25:59,6.9,6.917,6.9,6.926,6.906718870095736,6.91075,6.9,6.926,True,0.020220219153382974,0.003670210570393774,0,6.959701496665143,6.955871047984243,-0.020689303539654702,-0.0,7.046785156444274,7.04598113043515,82.29492360191382,75.91362114508644,0,2
2023-06-06 21:26:00,2023-06-06 21:26:59,6.916,6.919,6.913,6.92,6.908734435047868,6.917,6.913,6.92,True,0.019275917785284168,0.004275168621303865,0,6.957786272324693,6.954154148168708,2.7830314100766174,0.0,7.045493761852789,7.044717636599975,88.18645261338249,81.26500380156607,0,2
2023-06-06 21:27:00,2023-06-06 21:27:59,6.92,6.925,6.92,6.935,6.912867217523933,6.925,6.92,6.935,True,0.01904192365776387,0.005013992767910858,0,6.955970210246701,6.952602392408837,6.316736526238742,6.316736526238742,7.0442948189487815,7.043526416335299,97.88096720688071,89.4541144740589,0,2
2023-06-06 21:28:00,2023-06-06 21:28:59,6.925,6.939,6.917,6.939,6.918933608761966,6.93,6.917,6.939,True,0.01925321482506647,0.006346579064878757,0,6.954286301327769,6.951225607737453,11.742376602245095,11.742376602245095,7.043157557068694,7.042486352491166,99.9999999999997,95.3558066067542,0,2
2023-06-06 21:29:00,2023-06-06 21:29:59,6.939,6.957,6.938,6.964,6.924466804380983,6.9495000000000005,6.938,6.964,True,0.019735128051847486,0.008267144315824978,0,6.952755954532611,6.950129815979109,17.913442977725026,17.913442977725026,7.042225641077961,7.0416357420186175,99.9999999999997,99.29365573562661,0,2
2023-06-06 21:30:00,2023-06-06 21:30:59,6.957,6.938,6.937,6.964,6.936983402190492,6.949,6.937,6.964,True,0.020254047476715532,0.007930986264008674,0,6.95144288525586,6.949259339682374,15.03154775612444,15.03154775612444,7.041298022758777,7.040604540605497,99.56085259716066,99.8536175323866,1,2
2023-06-06 21:31:00,2023-06-06 21:31:59,6.938,6.954,6.935,6.968,6.942991701095246,6.9487499999999995,6.935,6.968,True,0.02116447265695016,0.008537931775078176,0,6.950351112469117,6.948570512960366,15.948325181105787,15.948325181105787,7.040377146910432,7.039742803883055,98.84860815928833,99.46982025214947,0,2
2023-06-06 21:32:00,2023-06-06 21:32:59,6.954,6.947,6.939,6.955,6.945870850547623,6.94875,6.939,6.955,True,0.02079558175288229,0.008136289657695668,0,6.949460812714742,6.948029426309863,14.325256850680091,14.325256850680091,7.039465434005851,7.038819989914069,98.13636372141656,98.84860815928842,0,2
2023-06-06 21:33:00,2023-06-06 21:33:59,6.946,6.924,6.924,6.946,6.947310425273812,6.9350000000000005,6.924,6.947310425273812,True,0.020953040199104964,0.0059901710794208595,0,6.948745119512303,6.947514029263859,7.531849724228522,7.531849724228522,7.038425976951066,7.0376775024522376,84.44296004999397,93.8093106435662,0,1
2023-06-06 21:34:00,2023-06-06 21:34:59,6.924,6.915,6.912,6.934,6.941155212636906,6.921250000000001,6.912,6.941155212636906,True,0.021027823042026054,0.0037627715400193485,0,6.948129574388081,6.946928054373342,1.2979594902221834,0.0,7.03726004683215,7.0364568307860464,60.43144924079807,81.00359100406943,0,1
2023-06-06 21:35:00,2023-06-06 21:35:59,6.915,6.909,6.909,6.927,6.931202606318453,6.915,6.909,6.931202606318453,True,0.020811549967595606,0.0017823980499023133,0,6.9475288143807115,6.946247651813753,-3.960512563545983,-0.0,7.036043528953223,7.035188603614046,32.23732395563545,59.03724441547573,-1,1
2023-06-06 21:36:00,2023-06-06 21:36:59,6.91,6.913,6.9,6.92,6.923101303159227,6.91075,6.9,6.923101303159227,True,0.02075358211276732,0.0007334534388799977,0,6.946888233097233,6.945468414451649,-6.094980746627968,-0.0,7.034796827172594,7.033972796612911,13.846699340536631,35.50515751232329,0,1
2023-06-06 21:37:00,2023-06-06 21:37:59,6.915,6.933,6.915,6.938,6.916925651579613,6.925249999999999,6.915,6.938,True,0.021056897676141044,0.001429746965793578,0,6.946178323774441,6.944716195571697,-1.9479057416315726,-0.0,7.033706808991772,7.032968092169002,18.17614486525611,21.420056053809304,0,2
2023-06-06 21:38:00,2023-06-06 21:38:59,6.933,6.924,6.923,6.943,6.921087825789806,6.93075,6.923,6.943,True,0.02098140498498808,0.0012322225068569382,0,6.9454472596730685,6.944028145403284,-1.625705434670678,-0.0,7.0326823631311575,7.03188383254543,30.3086149324801,20.777153046090856,0,1
2023-06-06 21:39:00,2023-06-06 21:39:59,6.925,6.921,6.912,6.928,6.925918912894903,6.9215,6.912,6.928,True,0.02062559034320322,0.0008751025829678918,0,6.944737702538176,6.94333187163156,-2.218830273695602,-0.0,7.031576070960698,7.03078051082856,39.025287615387164,29.170015804374362,0,1
2023-06-06 21:40:00,2023-06-06 21:40:59,6.92,6.939,6.916,6.939,6.923709456447451,6.9285,6.916,6.939,True,0.020795191032974395,0.001869404522267565,0,6.944034787084868,6.942681927981908,2.059457847884218,0.0,7.030550438413825,7.029867271914843,40.982265685553806,36.77205607780693,1,2
2023-06-06 21:41:00,2023-06-06 21:41:59,6.938,6.954,6.938,6.954,6.926104728223725,6.946,6.938,6.954,True,0.02045267738776194,0.003484033563559472,0,6.943358357533388,6.942192988278446,7.641583429813743,7.641583429813743,7.02970914051916,7.029112373686835,50.70901124328296,43.57218818140789,0,2
2023-06-06 21:42:00,2023-06-06 21:42:59,6.952,6.968,6.951,6.968,6.9360523641118625,6.95975,6.951,6.968,True,0.020206057574350397,0.005352969870466627,0,6.942775672905917,6.941928502383073,13.327245712370733,13.327245712370733,7.029013029668223,7.028504290366568,74.51551424973634,55.40226372619096,0,2
2023-06-06 21:43:00,2023-06-06 21:43:59,6.967,6.992,6.962,6.998,6.947901182055931,6.97975,6.962,6.998,True,0.021334196319039687,0.007979386926554175,1,6.942352087644495,6.94197976647311,19.477911231702095,19.477911231702095,7.02852285026854,7.028141063596752,92.95284590191845,72.72579046497917,0,2
2023-06-06 21:44:00,2023-06-06 21:44:59,6.992,7.04,6.99,7.047,6.963825591027966,7.01725,6.99,7.047,True,0.02388175372482253,0.012610304424611909,0,6.942165927058802,6.942536560900956,26.018644861147763,26.018644861147763,7.028410682604176,7.028259062963948,99.9999999999997,89.15612005055141,0,2
2023-06-06 21:45:00,2023-06-06 21:45:59,7.04,7.035,7.02,7.053,6.990537795513983,7.037,7.02,7.053,True,0.024533057030192377,0.014674400109443778,0,6.942351243979879,6.943623048720472,28.958829119691003,28.958829119691003,7.028496148448911,7.028326136964306,99.9999999999997,97.65094863397253,0,2
2023-06-06 21:46:00,2023-06-06 21:46:59,7.034,7.071,7.026,7.084,7.013768897756991,7.05375,7.026,7.084,True,0.026923552956607196,0.01777376359920605,0,6.942987146350176,6.945234036223518,32.39650148150952,32.39650148150952,7.028747430553897,7.0287507525169,99.9999999999997,99.99999999999962,0,2
2023-06-06 21:47:00,2023-06-06 21:47:59,7.071,7.085,7.062,7.113,7.033759448878495,7.08275,7.062,7.113,True,0.028643299173992408,0.019865714503148207,0,6.944110591286847,6.947445883768979,35.11762604701822,35.11762604701822,7.02928476955336,7.029310446521707,99.9999999999997,99.99999999999962,0,2
2023-06-06 21:48:00,2023-06-06 21:48:59,7.085,7.127,7.082,7.156,7.058254724439248,7.1125,7.082,7.156,True,0.031883063518707226,0.02309998418530038,0,6.945778237527914,6.9503197336631315,37.881330305378,37.881330305378,7.0301127817966105,7.0302824818797,99.9999999999997,99.99999999999962,0,2
2023-06-06 21:49:00,2023-06-06 21:49:59,7.127,7.135,7.125,7.147,7.085377362219624,7.1335,7.125,7.147,True,0.031177130410228154,0.024558442987006247,0,6.9480489855955225,6.953839147328249,39.86557297355789,39.86557297355789,7.031141510335948,7.031324447234131,99.9999999999997,99.99999999999962,0,2
2023-06-06 21:50:00,2023-06-06 21:50:59,7.135,7.126,7.122,7.141,7.109438681109812,7.131,7.122,7.141,True,0.030307335380926153,0.023597494166360082,0,6.950944066461886,6.957825518311054,38.68203085457756,38.68203085457756,7.032135127148525,7.0322664925352845,99.08447359846166,99.69482453282028,0,2
2023-06-06 21:51:00,2023-06-06 21:51:59,7.123,7.089,7.085,7.125,7.120219340554906,7.1055,7.085,7.125,True,0.031071097139431455,0.01915694237420324,0,6.95438479238647,6.9619772202113355,29.74149254549168,29.74149254549168,7.032865125883365,7.032831005047371,89.4451606787009,96.17654475905401,0,1
2023-06-06 21:52:00,2023-06-06 21:52:59,7.089,7.092,7.078,7.112,7.112859670277453,7.0927500000000006,7.078,7.112859670277453,True,0.03128030448661491,0.015377672957870167,0,6.958181006298903,6.966143124656247,24.12218446724144,24.12218446724144,7.033460995277561,7.033419751265805,75.93244311022818,88.15402579579683,0,1
2023-06-06 21:53:00,2023-06-06 21:53:59,7.092,7.109,7.084,7.115,7.102804835138727,7.1,7.084,7.115,True,0.031260282737571025,0.013130517920014996,0,6.9621620654775755,6.970341371039763,22.284717206169432,22.284717206169432,7.03412307492654,7.034171793541767,62.962103404154696,76.11323573102784,0,1
2023-06-06 21:54:00,2023-06-06 21:54:59,7.109,7.1,7.084,7.114,7.101402417569363,7.10175,7.084,7.114,True,0.031170262542030255,0.010170519681340043,0,6.966251718258669,6.9745482828851735,19.018310441794767,19.018310441794767,7.034795979653639,7.034826800571202,55.40093196139162,64.76515949192475,0,1
2023-06-06 21:55:00,2023-06-06 21:55:59,7.101,7.103,7.091,7.112,7.101576208784682,7.101750000000001,7.091,7.112,True,0.030443815217599514,0.007688796584473204,0,6.970400000571922,6.978733153220513,17.271799212603327,17.271799212603327,7.035462188811314,7.035505140864026,48.32914409421458,55.56405981992021,0,1
2023-06-06 21:56:00,2023-06-06 21:56:59,7.102,7.118,7.1,7.122,7.101663104392341,7.1105,7.1,7.122,True,0.029840685559199564,0.0064380213157465005,0,6.974566576896217,6.9829319917643184,18.176813404694613,18.176813404694613,7.036208833698764,7.036325985233538,37.95115741359803,47.22707782306799,0,1
2023-06-06 21:57:00,2023-06-06 21:57:59,7.118,7.125,7.112,7.138,7.106081552196171,7.1232500000000005,7.112,7.138,True,0.02956635087639958,0.005480166273171119,0,6.978749284330268,6.987200497638331,19.656287000144985,19.656287000144985,7.037074914955492,7.037208313738677,31.26060345875942,39.18030165552392,0,1
2023-06-06 21:58:00,2023-06-06 21:58:59,7.124,7.131,7.121,7.133,7.114665776098086,7.127249999999999,7.121,7.133,True,0.02831161152808529,0.004677180221539921,0,6.9829748909843,6.991522010855515,21.3969019194068,21.3969019194068,7.037972179483298,7.038141564348243,29.156157427661444,32.78930610000621,0,1
2023-06-06 21:59:00,2023-06-06 21:59:59,7.132,7.129,7.128,7.137,7.120957888049043,7.1315,7.128,7.137,True,0.02693221070465059,0.003454166507234617,0,6.987248450919909,6.995884766470036,21.758716402581882,21.758716402581882,7.038902804563066,7.039045628384579,32.0360463203287,30.817602402249765,0,1
2023-06-06 22:00:00,2023-06-06 22:00:59,7.128,7.135,7.125,7.144,7.126228944024522,7.132999999999999,7.125,7.144,True,0.026365624225746984,0.002557434843896804,0,6.991566608694973,7.000260350966065,22.947338033528794,22.947338033528794,7.039839095064926,7.040000398251399,35.02060938411481,32.070937710701564,0,1
2023-06-06 22:01:00,2023-06-06 22:01:59,7.135,7.204,7.135,7.208,7.1296144720122605,7.170499999999999,7.135,7.208,True,0.029696651066765084,0.006227740532527899,0,6.99591347983052,7.0048733044477345,28.573600159031187,28.573600159031187,7.041139203571743,7.041632235084719,46.76704683200453,37.941234178815925,0,2
2023-06-06 22:02:00,2023-06-06 22:02:59,7.201,7.246,7.2,7.26,7.15005723600613,7.226749999999999,7.2,7.26,True,0.03186117599056755,0.010824390130399444,0,7.000393392139128,7.010027425254416,33.34299038273252,33.34299038273252,7.0429860771680435,7.043665745183378,66.54326685952641,49.443641025215165,0,2
2023-06-06 22:03:00,2023-06-06 22:03:59,7.245,7.276,7.232,7.31,7.188403618003065,7.26575,7.232,7.31,True,0.03515680627695554,0.014973039620495107,0,7.005210408696772,7.015839829627056,37.00835821997383,37.00835821997383,7.0452026336141325,7.045977528813394,87.44974211310273,66.92001860154447,0,2
2023-06-06 22:04:00,2023-06-06 22:04:59,7.276,7.219,7.215,7.281,7.227076809001533,7.24775,7.215,7.281,True,0.037359891542887276,0.012655617366464159,0,7.0105251191619145,7.022007126862962,29.444516855773315,29.444516855773315,7.047218030294589,7.047699145442116,85.82319696489598,79.9387353125083,0,1
2023-06-06 22:05:00,2023-06-06 22:05:59,7.219,7.197,7.191,7.222,7.237413404500766,7.20725,7.191,7.237413404500766,True,0.03690561357553823,0.008641067086222087,0,7.016266123012439,7.028133646457866,21.647908249916867,21.647908249916867,7.048810388202106,7.049184726084483,54.09760749960159,75.79018219253336,0,1
2023-06-06 22:06:00,2023-06-06 22:06:59,7.197,7.21,7.196,7.226,7.222331702250383,7.20725,7.196,7.226,True,0.036412355462999806,0.006095408834127847,0,7.022199884735153,7.034186027089478,17.673096715023945,0.0,7.050386901752334,7.050784878063742,20.76427416626825,53.561692876921875,0,1
2023-06-06 22:07:00,2023-06-06 22:07:59,7.209,7.229,7.209,7.239,7.2147908511251915,7.2215,7.209,7.239,True,0.03595433007278555,0.00501520598814853,0,7.028192955912316,7.040236281980648,16.737921301115904,0.0,7.052089519645345,7.052558162859127,3.0714264617929694,25.977769375887533,0,1
2023-06-06 22:08:00,2023-06-06 22:08:59,7.229,7.238,7.217,7.242,7.218145425562596,7.2315000000000005,7.217,7.242,True,0.035171877924729464,0.004237061449266832,0,7.034214618946482,7.04631196271328,16.907112969198693,0.0,7.053874698554346,7.054403355268489,8.234521213181914,10.690073947080975,0,1
2023-06-06 22:09:00,2023-06-06 22:09:59,7.238,7.27,7.219,7.271,7.2248227127812985,7.2495,7.219,7.271,True,0.03637388664439162,0.005259369160149421,0,7.040263290829881,7.052489474900972,19.466418509446953,0.0,7.055821218966741,7.056548595514574,16.98379064728972,9.429912774088132,0,2
2023-06-06 22:10:00,2023-06-06 22:10:59,7.271,7.308,7.261,7.318,7.237161356390649,7.2895,7.261,7.318,True,0.03784718045550647,0.007802666682782594,0,7.046376382865426,7.058979217944793,23.222999769532038,23.222999769532038,7.058146380967072,7.0590505995393045,29.36682177575459,18.195044545408674,0,2
2023-06-06 22:11:00,2023-06-06 22:11:59,7.309,7.286,7.274,7.312,7.263330678195325,7.29525,7.274,7.312,True,0.03785809613725603,0.007088117049331516,0,7.052677800405109,7.065709707113462,21.85360111818575,21.85360111818575,7.060505620957449,7.061308802528963,40.51559941027069,28.955403944438263,0,1
2023-06-06 22:12:00,2023-06-06 22:12:59,7.286,7.253,7.251,7.297,7.279290339097662,7.27175,7.251,7.297,True,0.03843966069888055,0.003533493169449259,0,7.059193753759286,7.072422324094535,16.199862947200657,0.0,7.062607555077276,7.063216177628177,35.32000317818282,35.0674747880693,0,1
2023-06-06 22:13:00,2023-06-06 22:13:59,7.252,7.225,7.221,7.267,7.275520169548831,7.24125,7.221,7.275520169548831,True,0.03897968493467482,-0.0013606421195092588,0,7.06580803892691,7.078865552049825,9.26109949613231,0.0,7.064385091842675,7.0648259669055085,19.865545587924647,31.90038272545932,0,1
2023-06-06 22:14:00,2023-06-06 22:14:59,7.225,7.236,7.206,7.246,7.258385084774416,7.228249999999999,7.206,7.258385084774416,True,0.039052564582198045,-0.004224568682636681,0,7.072336795488368,7.084963286909652,6.009741660828105,0.0,7.066015588441256,7.066529191115404,3.55367320201961,19.579740656042294,0,1
2023-06-06 22:15:00,2023-06-06 22:15:59,7.237,7.229,7.222,7.261,7.243317542387207,7.23725,7.222,7.261,True,0.039048809969183876,-0.006874707156624929,0,7.078650041199009,7.090808925251027,2.942617001655769,0.0,7.06771941343189,7.068145816079429,1.660248994801835,8.359822594915297,0,1
2023-06-06 22:16:00,2023-06-06 22:16:59,7.229,7.251,7.21,7.256,7.240283771193604,7.2365,7.21,7.256,True,0.039545323542813614,-0.007267843837159185,0,7.084729483225018,7.096410833137282,3.921380916279496,0.0,7.069398822253463,7.069965260695555,3.0886537373581664,2.7675253113931366,0,1
2023-06-06 22:17:00,2023-06-06 22:17:59,7.25,7.231,7.217,7.255,7.238391885596802,7.23825,7.217,7.255,True,0.03943494328975551,-0.009052242864208374,0,7.0905701581811496,7.101794422137698,1.6523616250449535,0.0,7.071078933474822,7.071567596410027,5.4149690864423405,3.3879572728673804,0,1
2023-06-06 22:18:00,2023-06-06 22:18:59,7.231,7.205,7.2,7.235,7.238320942798401,7.21775,7.2,7.238320942798401,True,0.03911816162620156,-0.012052669112664921,0,7.096182290159423,7.106828538197115,-2.947627450122468,-0.0,7.072538347072087,7.072895282017887,3.7547200916401784,4.086114305146828,0,1
2023-06-06 22:19:00,2023-06-06 22:19:59,7.205,7.17,7.153,7.207,7.228035471399201,7.18375,7.153,7.228035471399201,True,0.0401811500814729,-0.016302046199867276,0,7.101505414178269,7.111319696204806,-9.05535706193752,-9.05535706193752,7.073644930683311,7.073861498117211,2.326315349083847,3.8320015090553885,0,1
2023-06-06 22:20:00,2023-06-06 22:20:59,7.169,7.182,7.14,7.184,7.2058927356996,7.16875,7.14,7.2058927356996,True,0.04045392507565344,-0.017918647150001535,0,7.106412555191538,7.115249649447878,-10.983904998770242,-10.983904998770242,7.0745912497809895,7.07493750311107,-3.2655359897641273e-13,2.0270118135744997,0,-2
2023-06-06 22:21:00,2023-06-06 22:21:59,7.183,7.188,7.161,7.19,7.1873213678498,7.180499999999999,7.161,7.19,True,0.03963578757024967,-0.01814266928616389,0,7.110831102319708,7.11879141607014,-11.15973313147505,-11.15973313147505,7.075645068191129,7.076062503080115,2.705799965919772,1.6773717716676975,0,-2
2023-06-06 22:22:00,2023-06-06 22:22:59,7.188,7.198,7.186,7.201,7.1839106839249,7.19325,7.186,7.201,True,0.037876088458088965,-0.017152382053569296,0,7.114811259194925,7.122090738909484,-9.36731657769792,-9.36731657769792,7.076815266517586,7.077275811507178,8.24718942606713,3.6509964639954586,0,-2
2023-06-06 22:23:00,2023-06-06 22:23:59,7.198,7.207,7.192,7.215,7.188580341962449,7.203,7.192,7.215,True,0.03681351071108258,-0.015462036056591279,0,7.118450999052205,7.1252434425589195,-6.472985178259599,-6.472985178259599,7.078070836004973,7.0785665994523805,15.897310672565188,8.950100021517297,0,-2
2023-06-06 22:24:00,2023-06-06 22:24:59,7.206,7.229,7.202,7.231,7.195790170981224,7.2170000000000005,7.202,7.231,True,0.03625540280314811,-0.01247830101171872,0,7.121847220805562,7.128355135877711,-0.9716881299199542,-0.0,7.079453215746217,7.0800634492090735,23.76188841203393,15.968796170222015,0,-1
2023-06-06 22:25:00,2023-06-06 22:25:59,7.227,7.203,7.197,7.252,7.2063950854906125,7.2197499999999994,7.197,7.252,True,0.03759430260292323,-0.012063369803182643,0,7.1251011783416365,7.131432059873962,-1.9197798269886732,-0.0,7.08084920364924,7.081286698470675,32.449648343391665,24.03628247599686,0,-2
2023-06-06 22:26:00,2023-06-06 22:26:59,7.204,7.213,7.204,7.228,7.213072542745306,7.212249999999999,7.204,7.228,True,0.03669470955985724,-0.010839611749944897,0,7.128266619107799,7.134409040791257,-0.8258484159622128,-0.0,7.0821566742596955,7.082597278585395,41.596897966539395,32.60281157398826,0,-2
2023-06-06 22:27:00,2023-06-06 22:27:59,7.213,7.214,7.2,7.225,7.212661271372653,7.212999999999999,7.2,7.225,True,0.03585937316272454,-0.00974731215256467,0,7.131337829949528,7.137292056362224,0.08849341430546787,0.0,7.083458597898902,7.083904768350714,49.853750850887,41.300099053605955,0,-2
2023-06-06 22:28:00,2023-06-06 22:28:59,7.214,7.233,7.209,7.235,7.212830635686326,7.22275,7.209,7.235,True,0.03515513222252998,-0.007538846800563832,0,7.134314943155876,7.140148207171186,4.007794297271317,0.0,7.084844581999411,7.085388302993991,59.269960569245164,50.240203128890464,0,-1
2023-06-06 22:29:00,2023-06-06 22:29:59,7.234,7.215,7.212,7.235,7.217790317843162,7.224,7.212,7.235,True,0.03428690849234931,-0.007232736242929597,0,7.137231575163531,7.142972187261458,2.7011166130243254,0.0,7.086229213024292,7.086677971620916,66.74317889808839,58.62229677274013,0,-2
2023-06-06 22:30:00,2023-06-06 22:30:59,7.214,7.207,7.205,7.232,7.220895158921581,7.214499999999999,7.205,7.232,True,0.03376641502861009,-0.00747277719984446,0,7.140101881212495,7.145686283509124,0.2928836354302007,0.0,7.087505539262856,7.087875205734141,65.72822575035575,63.913788405896376,0,-2
2023-06-06 22:31:00,2023-06-06 22:31:59,7.207,7.203,7.192,7.209,7.21769757946079,7.20275,7.192,7.21769757946079,True,0.0325688139551379,-0.007768658313896681,0,7.14289408236081,7.148214628352421,-2.10613108747728,-0.0,7.088652250314967,7.089020726075095,56.17554827081627,62.88231763975341,0,-2
2023-06-06 22:32:00,2023-06-06 22:32:59,7.204,7.225,7.19,7.226,7.210223789730395,7.21125,7.19,7.226,True,0.032813898672628024,-0.006291816674113056,0,7.145554355356616,7.150637701713765,1.1651120134392627,0.0,7.089872128421286,7.090373753676338,53.01720617350867,58.30699339822684,0,-1
2023-06-06 22:33:00,2023-06-06 22:33:59,7.226,7.255,7.223,7.258,7.210736894865198,7.2405,7.223,7.258,True,0.03297004876744032,-0.003176318900290735,0,7.148096028535191,7.153161955343271,7.5168921712688785,0.0,7.0913709132131135,7.0920118257790605,68.5382620648382,59.24367216972098,0,-1
2023-06-06 22:34:00,2023-06-06 22:34:59,7.254,7.248,7.243,7.26,7.225618447432598,7.251249999999999,7.243,7.26,True,0.0318293309983374,-0.0016732162951220222,0,7.150628991939231,7.155822306277353,9.960685898555873,0.0,7.09296174989756,7.093563946915587,87.77891376784775,69.77812733539814,0,-1
2023-06-06 22:35:00,2023-06-06 22:35:59,7.249,7.257,7.241,7.257,7.238434223716299,7.2509999999999994,7.241,7.257,True,0.03069866449845616,-0.00018018812609060103,0,7.153225649108293,7.158569839473982,12.826917887748579,0.0,7.094534269799077,7.0951901762995115,99.74909100266443,85.35542227845006,0,-1
2023-06-06 22:36:00,2023-06-06 22:36:59,7.256,7.269,7.25,7.279,7.244717111858149,7.2635,7.25,7.279,True,0.030577331319995,0.0014453011641936409,0,7.1558977442911385,7.161452924172707,16.25221591928816,0.0,7.096215520845852,7.096919627281606,99.74909100266443,95.75903192439215,0,-1
2023-06-06 22:37:00,2023-06-06 22:37:59,7.269,7.271,7.253,7.278,7.254108555929074,7.2677499999999995,7.253,7.278,True,0.03017895051142389,0.0023953755114079593,0,7.158675334231924,7.1644521080149435,18.787593633785548,18.787593633785548,7.097922331583704,7.0986517702937295,99.74909100266443,99.74909100266437,0,2
2023-06-06 22:38:00,2023-06-06 22:38:59,7.27,7.257,7.257,7.273,7.260929277964537,7.26425,7.257,7.273,True,0.02916616833203647,0.0017650633483919792,0,7.161563721123434,7.1674981062165335,15.777778292546103,0.0,7.0995773332594885,7.100227374569414,96.83026522725292,98.7761490775272,0,1
2023-06-06 22:39:00,2023-06-06 22:39:59,7.258,7.267,7.234,7.267,7.262589638982268,7.2565,7.234,7.267,True,0.02944001345117675,0.0017841152067368145,0,7.164530913669984,7.170506889663641,15.657568248794206,0.0,7.101138752829046,7.101886803678176,86.6594280711443,94.41292810035382,0,2
2023-06-06 22:40:00,2023-06-06 22:40:59,7.267,7.286,7.258,7.293,7.2595448194911345,7.276,7.258,7.293,True,0.029837155347521276,0.0028363754098119573,0,7.167518901666813,7.17359952095621,18.376131389570205,18.376131389570205,7.1028786657362195,7.103718775780881,86.33979946117599,89.943164253191,0,2
2023-06-06 22:41:00,2023-06-06 22:41:59,7.286,7.284,7.275,7.3,7.267772409745567,7.28625,7.275,7.3,True,0.029491644251269718,0.003064761283938816,0,7.170559211311511,7.176807273408121,19.45640822735973,19.45640822735973,7.1047032561269035,7.105512618807937,89.50953423392275,87.5029205887476,0,2
2023-06-06 22:42:00,2023-06-06 22:42:59,7.283,7.245,7.244,7.284,7.2770112048727835,7.263999999999999,7.244,7.284,True,0.030242241090464743,0.00020808657506819067,0,7.173683242359816,7.179930994303138,10.3777639220135,0.0,7.106288298354497,7.106900552949152,82.98207615753294,86.27713661754382,0,1
2023-06-06 22:43:00,2023-06-06 22:43:59,7.245,7.26,7.244,7.263,7.270505602436391,7.253,7.244,7.270505602436391,True,0.029439223869717267,-0.0008123979671868578,0,7.176807118331477,7.182891652817032,7.392908713814933,0.0,7.107748116281318,7.108423930531747,59.39861196226274,77.29674078457275,0,-2
2023-06-06 22:44:00,2023-06-06 22:44:59,7.259,7.255,7.241,7.259,7.261752801218195,7.2535,7.241,7.261752801218195,True,0.028693565021880328,-0.00197001389089722,0,7.179849385574254,7.185707048437288,4.37636738025968,0.0,7.109198383781006,7.109882398884665,35.758763070500535,59.37981706343201,0,-2
2023-06-06 22:45:00,2023-06-06 22:45:59,7.254,7.264,7.254,7.281,7.257626400609098,7.263249999999999,7.254,7.281,True,0.02857259609174603,-0.0022010985089145098,0,7.182778217005771,7.188455656320561,4.3377740366731246,0.0,7.110731235683683,7.111415907353474,30.938397631075656,42.03192422127958,0,-2
2023-06-06 22:46:00,2023-06-06 22:46:59,7.265,7.244,7.24,7.267,7.260438200304549,7.2540000000000004,7.24,7.267,True,0.028460267799478467,-0.0038077548452031956,0,7.185616936663165,7.19106935853864,0.07987878356676958,0.0,7.112156795527627,7.112735152056425,21.50815710298083,29.401772601518942,0,-2
2023-06-06 22:47:00,2023-06-06 22:47:59,7.242,7.238,7.228,7.247,7.257219100152275,7.23875,7.228,7.257219100152275,True,0.027784534385230014,-0.005265408073479583,0,7.188343147600903,7.193454284583141,-3.835120917492695,-3.835120917492695,7.113416429402974,7.113981568453873,11.814672661409702,21.420409131821998,0,-2
2023-06-06 22:48:00,2023-06-06 22:48:59,7.239,7.231,7.217,7.243,7.247984550076137,7.2325,7.217,7.247984550076137,True,0.02765706764342792,-0.006621255419921156,0,7.190898716092022,7.195599848761688,-7.698658935792793,-7.698658935792793,7.114601340553193,7.11514593095682,-3.3158661002138007e-13,11.107609921463334,0,-2
2023-06-06 22:49:00,2023-06-06 22:49:59,7.23,7.252,7.23,7.253,7.240242275038069,7.24125,7.23,7.253,True,0.027324419954611618,-0.005919597155499508,0,7.193249282426855,7.197602275113157,-4.5825913228360164,-4.5825913228360164,7.11586152621933,7.1165076629871,4.874757101127968,5.563143254179046,0,-1
2023-06-06 22:50:00,2023-06-06 22:50:59,7.253,7.263,7.253,7.274,7.240746137519034,7.26075,7.253,7.274,True,0.026944104243567947,-0.004595251190202813,0,7.195425778770006,7.199612060010021,-0.23387444920222578,-0.0,7.117303202575357,7.117965298181258,19.410559783098897,8.095105628075444,0,-1
2023-06-06 22:51:00,2023-06-06 22:51:59,7.263,7.266,7.249,7.272,7.250748068759517,7.262499999999999,7.249,7.272,True,0.026662382511884564,-0.003468847973165483,0,7.1975189193900135,7.201625855940759,3.2757029221217877,0.0,7.118747946828338,7.119438280288907,34.75562184317068,19.68031290913245,0,-1
2023-06-06 22:52:00,2023-06-06 22:52:59,7.266,7.278,7.263,7.278,7.256624034379758,7.27125,7.263,7.278,True,0.025829355189607075,-0.0018981877256082982,0,7.199572387665387,7.203689027310306,7.927100704139413,0.0,7.1202653801932305,7.121016008843246,49.276115723235684,34.48076578316835,0,-1
2023-06-06 22:53:00,2023-06-06 22:53:59,7.278,7.266,7.265,7.286,7.263937017189879,7.27375,7.265,7.286,True,0.025484401247492277,-0.001753436351514065,0,7.201630707487847,7.205794069419021,7.14488271026007,0.0,7.1217925903405614,7.122458635620926,55.28657375653918,46.439437107648445,0,-1
2023-06-06 22:54:00,2023-06-06 22:54:59,7.266,7.276,7.266,7.279,7.268843508594939,7.27175,7.266,7.279,True,0.024592658301242822,-0.0010256435738733374,0,7.203712388453434,7.207903911700709,8.810133410130625,0.0,7.123284703869511,7.1239864103908666,59.022126293135706,54.52827192430345,0,-1
2023-06-06 22:55:00,2023-06-06 22:55:59,7.277,7.262,7.261,7.278,7.270296754297469,7.2695,7.261,7.278,True,0.024050325565439727,-0.0015976128566505057,0,7.205808150077072,7.209987620037745,5.802630531932763,0.0,7.124739582437973,7.1253596799392165,67.79700995871421,60.701903336129625,0,-2
2023-06-06 22:56:00,2023-06-06 22:56:59,7.262,7.256,7.25,7.266,7.269898377148735,7.2585,7.25,7.269898377148735,True,0.023475302310765462,-0.0024330580705185303,0,7.207897885057409,7.2119609847831105,2.2583141760411536,0.0,7.126070531866451,7.1266595836214135,62.277251771556216,63.03212934113531,0,-2
2023-06-06 22:57:00,2023-06-06 22:57:59,7.258,7.294,7.258,7.296,7.264199188574367,7.2764999999999995,7.258,7.296,True,0.024655637859996502,-0.0003802235574635708,0,7.2099294349202605,7.213957435004364,7.452201280996334,0.0,7.127567342494645,7.12832466239135,74.24770567913185,68.10732246980069,0,-1
2023-06-06 22:58:00,2023-06-06 22:58:59,7.294,7.27,7.267,7.298,7.270349594287183,7.2822499999999994,7.267,7.298,True,0.025108806584282443,-0.0008030036626789222,0,7.211943434962313,7.215997813926385,5.519369572435323,0.0,7.129106473415097,7.129734367243177,79.41090436569338,71.97862060546042,0,-2
2023-06-06 22:59:00,2023-06-06 22:59:59,7.27,7.274,7.265,7.283,7.276299797143592,7.273000000000001,7.265,7.283,True,0.024601034685405174,-0.0008860514124311332,0,7.213970624444349,7.217995314217125,4.96480181715382,0.0,7.130538249799026,7.131169846176081,87.27403757240309,80.31088253907603,0,-2
2023-06-06 23:00:00,2023-06-06 23:00:59,7.273,7.263,7.257,7.285,7.274649898571797,7.2695,7.257,7.285,True,0.02484381792216198,-0.0017728479339474655,0,7.215982969330738,7.2199213371615185,2.2494623088363284,0.0,7.131920953781125,7.1324815890002,75.26767789756728,80.65087327855451,0,-2
2023-06-06 23:01:00,2023-06-06 23:01:59,7.263,7.266,7.26,7.279,7.272074949285898,7.267,7.26,7.279,True,0.024426402356293276,-0.0021765828413305086,0,7.217952153246129,7.221760718264144,1.1661959971020153,0.0,7.133265023892756,7.133810130403183,58.164549910368144,73.56875512677944,0,-2
2023-06-06 23:02:00,2023-06-06 23:02:59,7.266,7.266,7.255,7.274,7.269537474642949,7.26525,7.255,7.274,True,0.024038802187986624,-0.0024520374352585417,0,7.219856435755137,7.223507258663884,0.4440184559458089,0.0,7.134578307237106,7.135125452488723,43.99595052817085,59.14272611203535,0,-2
2023-06-06 23:03:00,2023-06-06 23:03:59,7.266,7.272,7.262,7.278,7.267393737321474,7.2695,7.262,7.278,True,0.023464602031701864,-0.002216755632620405,0,7.221681847209511,7.225197881320531,1.7582736300353474,0.0,7.135920811642707,7.136487388284856,32.798350485180826,44.98628364123986,0,-1
2023-06-06 23:04:00,2023-06-06 23:04:59,7.272,7.281,7.266,7.281,7.268446868660737,7.275,7.266,7.281,True,0.022859987600865994,-0.0014524973090034449,0,7.223439864265021,7.226870615924509,5.063459416524971,0.0,7.137304684163675,7.137925324719832,34.1057522531899,36.96668442218044,0,-1
2023-06-06 23:05:00,2023-06-06 23:05:59,7.279,7.283,7.279,7.297,7.271723434330369,7.2845,7.279,7.297,True,0.022512845629375552,-0.0008581816862546117,0,7.225155240094765,7.228582970503458,7.788934305575609,7.788934305575609,7.138769314171997,7.139368853827098,58.51019602060146,41.804766252990646,0,-1
2023-06-06 23:06:00,2023-06-06 23:06:59,7.283,7.307,7.281,7.308,7.278111717165185,7.29475,7.281,7.308,True,0.022833356655848736,0.0011095497610099057,0,7.226869105299112,7.230385095494408,14.145009399634475,14.145009399634475,7.140321360797151,7.141036825430809,83.99642056751668,58.87078961376926,0,-1
2023-06-06 23:07:00,2023-06-06 23:07:59,7.308,7.308,7.297,7.317,7.286430858582593,7.3075,7.297,7.317,True,0.02263097403757386,0.0022979350890056406,0,7.228627100396761,7.232333011427287,18.522676889215376,18.522676889215376,7.141984829843946,7.1426981505509,99.79214678670674,80.76625445827487,0,-1
2023-06-06 23:08:00,2023-06-06 23:08:59,7.306,7.313,7.302,7.318,7.296965429291296,7.309749999999999,7.302,7.318,True,0.022157333034890012,0.0031996272009371628,0,7.230480055912024,7.234397782211992,22.1862222116347,22.1862222116347,7.143654135019628,7.1443926963165625,99.99999999999966,94.59618911807426,0,2
2023-06-06 23:09:00,2023-06-06 23:09:59,7.314,7.319,7.299,7.349,7.303357714645648,7.32025,7.299,7.349,True,0.024146094960969283,0.003938826784149738,0,7.232438919062008,7.236612428286316,25.475940486938327,25.475940486938327,7.145411307805502,7.146130082422865,99.99999999999966,99.93071559556859,0,2
2023-06-06 23:10:00,2023-06-06 23:10:59,7.319,7.302,7.286,7.322,7.311803857322824,7.307249999999999,7.286,7.322,True,0.02499280246375723,0.0029562078258183674,0,7.234525673674162,7.238840683577859,19.553588900048283,19.553588900048283,7.147021643051218,7.147681026876369,85.82068393657953,95.27356131219285,0,1
2023-06-06 23:11:00,2023-06-06 23:11:59,7.302,7.312,7.298,7.312,7.309526928661411,7.306,7.298,7.312,True,0.024207602287774584,0.00275110016720485,0,7.236683178626011,7.241055788971524,18.04656290222465,18.04656290222465,7.148603517249714,7.149316041534315,70.3509565104615,85.39054681568014,0,2
2023-06-06 23:12:00,2023-06-06 23:12:59,7.311,7.288,7.287,7.316,7.307763464330705,7.3004999999999995,7.287,7.316,True,0.024549916410076394,0.0007219661169718464,0,7.2388694837987675,7.243207607530368,9.82824640888073,9.82824640888073,7.150114925038274,7.150695981419546,49.14511682789139,68.43891909164405,0,-2
2023-06-06 23:13:00,2023-06-06 23:13:59,7.289,7.257,7.254,7.294,7.304131732165352,7.273499999999999,7.254,7.304131732165352,True,0.025653493809356658,-0.0028765315754113382,0,7.241038545664568,7.24510958744184,-0.5723948550528632,-0.0,7.151342637226947,7.151753732848207,29.991099557978192,49.82905763211028,0,-2
2023-06-06 23:14:00,2023-06-06 23:14:59,7.258,7.245,7.241,7.266,7.288815866082675,7.2524999999999995,7.241,7.288815866082675,True,0.02560681568011692,-0.006020552180734377,0,7.243074066553205,7.2466577356915804,-8.8085671280041,-8.8085671280041,7.152349178150062,7.152681556401957,12.127493650762887,30.421236678877406,0,-2
2023-06-06 23:15:00,2023-06-06 23:15:59,7.245,7.232,7.222,7.254,7.2706579330413375,7.238250000000001,7.222,7.2706579330413375,True,0.026063471702965652,-0.008788321283521578,0,7.244865901122393,7.247818917687917,-15.541058988125357,-15.541058988125357,7.153203912695832,7.153470794646713,-3.410605131648481e-13,14.039531069580162,0,-2
2023-06-06 23:16:00,2023-06-06 23:16:59,7.233,7.225,7.218,7.235,7.2544539665206695,7.2277499999999995,7.218,7.2544539665206695,True,0.02541608086703956,-0.010762788236734617,-1,7.2463424094051545,7.2485954303218225,-20.6503463536576,-20.6503463536576,7.153945664808312,7.154182528033314,-3.410605131648481e-13,4.042497883587317,-1,-2
2023-06-06 23:17:00,2023-06-06 23:17:59,7.225,7.205,7.197,7.23,7.241101983260334,7.21425,7.197,7.241101983260334,True,0.02595778937653676,-0.013009568201079982,0,7.247468919863488,7.248971138002226,-25.544072613192778,-25.544072613192778,7.154545707944547,7.154688174520544,-3.410605131648481e-13,-4.2514140356312663e-13,0,-2
2023-06-06 23:18:00,2023-06-06 23:18:59,7.204,7.223,7.201,7.223,7.227675991630167,7.21275,7.201,7.227675991630167,True,0.02567509013535558,-0.01270457663103792,0,7.248220028932857,7.249018419774604,-23.082784985346166,-23.082784985346166,7.155124855129179,7.155367894177056,-3.410605131648481e-13,-4.2514140356312663e-13,0,-2
2023-06-06 23:19:00,2023-06-06 23:19:59,7.222,7.221,7.213,7.227,7.220212995815084,7.220750000000001,7.213,7.227,True,0.024841155125687343,-0.012114166553123036,0,7.24861922435373,7.248861693624386,-21.71924764016933,-21.71924764016933,7.155777841645307,7.156020949956389,3.2554978427457133,1.085165947581593,0,-2
2023-06-06 23:20:00,2023-06-06 23:20:59,7.221,7.231,7.216,7.232,7.220481497907542,7.225,7.216,7.232,True,0.024209644045281108,-0.010523097506182393,0,7.248740458989058,7.248574585429793,-17.69338840750146,-17.69338840750146,7.156466619340378,7.156767010155828,8.206763970883218,3.8207539378761126,0,-1
2023-06-06 23:21:00,2023-06-06 23:21:59,7.231,7.21,7.209,7.236,7.222740748953771,7.2215,7.209,7.236,True,0.024408955184903897,-0.010465041274834594,0,7.248657522209426,7.248162782680158,-18.43436332824104,-18.43436332824104,7.157113717655399,7.157296691646814,12.347493908532813,7.936585240720497,0,-2
2023-06-06 23:22:00,2023-06-06 23:22:59,7.209,7.231,7.209,7.241,7.222120374476885,7.2225,7.209,7.241,True,0.024951172671696477,-0.008503645582362995,0,7.248410152444792,7.2476624934986775,-13.474607535601272,-13.474607535601272,7.157764327429972,7.158030057899085,13.671043403498176,11.408433760971318,0,-1
2023-06-06 23:23:00,2023-06-06 23:23:59,7.231,7.246,7.229,7.252,7.222310187238443,7.2395,7.229,7.252,True,0.024811803195146705,-0.005797290394962707,0,7.248036322971735,7.247212608921844,-7.185618470502128,-7.185618470502128,7.158577617704301,7.158905380706059,22.875025838065266,16.297854383365333,0,-1
2023-06-06 23:24:00,2023-06-06 23:24:59,7.241,7.248,7.241,7.256,7.230905093619221,7.2465,7.241,7.256,True,0.024110960109779124,-0.003612769521466071,0,7.247624465946789,7.24685352237561,-2.6058352132570732,-0.0,7.159452467279383,7.1597918943308745,36.339486088551645,24.29518511003828,0,-1
2023-06-06 23:25:00,2023-06-06 23:25:59,7.247,7.238,7.238,7.257,7.238702546809611,7.244999999999999,7.238,7.257,True,0.02374589153050913,-0.002680669779081427,0,7.247238994161199,7.246558093877799,-2.099569946717466,-0.0,7.160303686510434,7.160570084437035,50.581269081390154,36.59859366933561,0,-1
2023-06-06 23:26:00,2023-06-06 23:26:59,7.239,7.232,7.226,7.245,7.241851273404805,7.2355,7.226,7.245,True,0.023406899278329917,-0.0023214856955651557,0,7.246898544019499,7.24624963065995,-3.207482819861866,-3.207482819861866,7.161051908535206,7.161280829865523,61.35715521935904,49.42597012976686,0,-1
2023-06-06 23:27:00,2023-06-06 23:27:59,7.231,7.231,7.228,7.236,7.2386756367024025,7.2315,7.228,7.2386756367024025,True,0.022306406472734925,-0.002002188432477889,0,7.246574087339724,7.245905577247201,-4.204958014259212,-4.204958014259212,7.161752884569681,7.161974552951437,65.77562745897882,59.23801725324259,0,-1
2023-06-06 23:28:00,2023-06-06 23:28:59,7.232,7.238,7.232,7.254,7.235087818351201,7.239000000000001,7.232,7.254,True,0.02235594886753955,-0.001171174707664046,0,7.246239832293462,7.245587321972002,-2.4784494984675334,-0.0,7.162521512583913,7.162731025061373,76.33272384633322,67.82183550822361,0,-1
2023-06-06 23:29:00,2023-06-06 23:29:59,7.239,7.233,7.228,7.24,7.2370439091756005,7.234999999999999,7.228,7.24,True,0.0216162382341439,-0.0008675764667368836,0,7.245913577132732,7.245264117067707,-3.0033241291988304,-0.0,7.163242691563178,7.1634302188418575,77.58460028484244,73.23098386338474,0,-1
2023-06-06 23:30:00,2023-06-06 23:30:59,7.233,7.244,7.231,7.25,7.2360219545878,7.2395,7.231,7.25,True,0.021429364074562203,0.00017995988557195294,0,7.245588847100219,7.244970107600568,0.36905468789282025,0.0,7.164001470751604,7.164231908206615,86.28345311297018,80.06692574804852,0,-1
2023-06-06 23:31:00,2023-06-06 23:31:59,7.244,7.267,7.242,7.27,7.2377609772939,7.25575,7.242,7.27,True,0.021898695212093446,0.0024840060869158777,0,7.245279477350393,7.244812593405338,7.497653887926354,7.497653887926354,7.164914391440642,7.165254476284161,90.23885972839919,84.70230437540384,0,-1
2023-06-06 23:32:00,2023-06-06 23:32:59,7.267,7.268,7.267,7.279,7.24675548864695,7.27025,7.267,7.279,True,0.02119164555408674,0.003984350449228272,0,7.245046035377865,7.244863109032727,12.414817612611948,12.414817612611948,7.165962506948696,7.166276819803721,97.38918192254982,91.30383158797297,0,-1
2023-06-06 23:33:00,2023-06-06 23:33:59,7.268,7.253,7.246,7.274,7.258502744323475,7.260250000000001,7.246,7.274,True,0.021677956585937658,0.0037940666504493086,0,7.244954572205296,7.245008450776879,9.923959754349639,9.923959754349639,7.166900690959157,7.167139737019604,93.24702337355636,93.62502167483503,0,-1
2023-06-06 23:34:00,2023-06-06 23:34:59,7.254,7.268,7.254,7.271,7.2593763721617375,7.261749999999999,7.254,7.271,True,0.021415245401227807,0.00457023180844344,0,7.244981511491088,7.245237744185899,11.616781525285099,11.616781525285099,7.167844465178469,7.168143321725877,87.31236301404078,92.6495227700489,1,-1
2023-06-06 23:35:00,2023-06-06 23:35:59,7.267,7.255,7.254,7.271,7.260563186080868,7.26175,7.254,7.271,True,0.021099870729711562,0.0040089259676269265,0,7.245109627838493,7.245531560134435,8.662179796438217,8.662179796438217,7.168778848609529,7.169007567280843,81.23874984765008,87.26604541174898,0,-1
2023-06-06 23:36:00,2023-06-06 23:36:59,7.255,7.269,7.254,7.272,7.261156593040434,7.262499999999999,7.254,7.272,True,0.02087845139187507,0.00445298905599581,0,7.245320593986464,7.2458793050398205,9.776696639568272,9.776696639568272,7.169711397379583,7.170002516860138,80.55268159690151,83.03459815286402,0,-1
2023-06-06 23:37:00,2023-06-06 23:37:59,7.269,7.271,7.259,7.272,7.261828296520217,7.2677499999999995,7.259,7.272,True,0.020315704863883986,0.004696989078195135,0,7.245599949513142,7.2463031432755205,10.931080877783202,10.931080877783202,7.170686905863368,7.1710074669411314,83.52291891014953,81.7714501182336,0,-1
2023-06-06 23:38:00,2023-06-06 23:38:59,7.272,7.276,7.272,7.286,7.264789148260109,7.2765,7.272,7.286,True,0.01993601165932082,0.004998732832816248,0,7.245951546394331,7.246844016649592,12.788681677414594,12.788681677414594,7.1717397724716925,7.172052168762613,89.59653207654021,84.55737752786365,0,-1
2023-06-06 23:39:00,2023-06-06 23:39:59,7.278,7.294,7.276,7.294,7.2706445741300545,7.2855,7.276,7.294,True,0.019797725112226463,0.006207529374301387,0,7.246397781521962,7.247535071215803,17.122566646722248,17.122566646722248,7.172871715034163,7.173265580018706,97.03557695373208,90.0516759801405,0,2
2023-06-06 23:40:00,2023-06-06 23:40:59,7.293,7.322,7.29,7.325,7.278072287065028,7.3075,7.29,7.325,True,0.020883601889924584,0.00862407035551398,1,7.246966426368883,7.248490566517737,22.76387729176166,22.76387729176166,7.174211299959197,7.174745524496132,99.99999999999966,95.54403634342388,0,2
2023-06-06 23:41:00,2023-06-06 23:41:59,7.322,7.334,7.316,7.34,7.292786143532513,7.327999999999999,7.316,7.34,True,0.02110620175492997,0.01060173435842943,0,7.24772849644331,7.249788353957731,27.318253579084285,27.318253579084285,7.175741535780499,7.176330146142936,99.99999999999966,99.01185898457703,0,2
2023-06-06 23:42:00,2023-06-06 23:42:59,7.335,7.337,7.319,7.342,7.310393071766256,7.33325,7.319,7.342,True,0.021241473058149236,0.011572406070987242,0,7.248758425200521,7.251382746786422,30.548356644848937,30.548356644848937,7.177308784180693,7.177928851156439,99.99999999999966,99.99999999999956,0,2
2023-06-06 23:43:00,2023-06-06 23:43:59,7.338,7.31,7.298,7.342,7.321821535883128,7.321999999999999,7.298,7.342,True,0.02286708212542426,0.009772408681262272,0,7.2500705859934715,7.253122532929171,23.52661780903442,23.52661780903442,7.178748497770934,7.179242991940952,92.58717013477026,97.52905671158976,0,1
2023-06-06 23:44:00,2023-06-06 23:44:59,7.309,7.31,7.302,7.315,7.321910767941564,7.309,7.302,7.321910767941564,True,0.02216229054503687,0.008097378728324316,0,7.251596559461322,7.254875657642389,18.84545858515807,18.84545858515807,7.180044532618985,7.180544056697759,72.66434273051601,88.41717095509522,0,1
2023-06-06 23:45:00,2023-06-06 23:45:59,7.311,7.342,7.307,7.342,7.315455383970782,7.3255,7.307,7.342,True,0.023079269791819897,0.008759414979379297,0,7.253236108551855,7.256740463153189,20.4599053792102,20.4599053792102,7.181491850702378,7.182150583496786,58.652815407521835,74.63477609093594,0,2
2023-06-06 23:46:00,2023-06-06 23:46:59,7.341,7.331,7.326,7.365,7.320477691985391,7.34075,7.326,7.365,True,0.024216464806689948,0.007939839483327684,0,7.254988285852522,7.258785032410214,18.432603057892365,18.432603057892365,7.183076508904344,7.183631672218211,57.12554065231569,62.81423293011775,0,2
2023-06-06 23:47:00,2023-06-06 23:47:59,7.33,7.341,7.32,7.347,7.330613845992696,7.3345,7.32,7.347,True,0.024415288749069248,0.007626190901242343,0,7.256886659131368,7.260914221362758,18.519502752436196,18.519502752436196,7.184583210308281,7.18519752622599,63.015442436799184,59.59793283221214,0,2
2023-06-06 23:48:00,2023-06-06 23:48:59,7.343,7.364,7.343,7.366,7.332556922996348,7.354,7.343,7.366,True,0.024457053838421405,0.008532699385338433,0,7.2589004402470625,7.2632292142337125,21.192294291364547,21.192294291364547,7.186268949509193,7.1869766553182695,69.35781199147749,63.16626502686402,0,2
2023-06-06 23:49:00,2023-06-06 23:49:59,7.365,7.369,7.36,7.391,7.3432784614981745,7.37125,7.36,7.391,True,0.024924407135676997,0.008939159731492664,0,7.2610648272403875,7.265792961868075,23.454002083369076,23.454002083369076,7.188109556976763,7.188787832877292,75.26550853186971,69.21292098671536,0,2
2023-06-06 23:50:00,2023-06-06 23:50:59,7.368,7.376,7.36,7.376,7.357264230749087,7.37,7.36,7.376,True,0.024286949483128643,0.009126622719482162,0,7.263428894554231,7.268526389512501,25.6477795941355,25.6477795941355,7.189919412131223,7.190650640510354,84.76943115514347,76.46425055949679,0,2
2023-06-06 23:51:00,2023-06-06 23:51:59,7.376,7.414,7.374,7.426,7.363632115374544,7.397499999999999,7.374,7.426,True,0.02626645309147663,0.011274894183026692,0,7.2659776420333655,7.271563332446878,29.628458286209522,29.628458286209522,7.19198489061748,7.192873022196818,92.43858892345933,84.15784287015741,0,2
2023-06-06 23:52:00,2023-06-06 23:52:59,7.414,7.371,7.351,7.416,7.380566057687272,7.388,7.351,7.416,True,0.029033135013514042,0.009021741641491728,0,7.268770487240121,7.274753218342402,22.372382118587694,22.372382118587694,7.193935289715814,7.194645429936154,85.4518594426548,87.55329317375242,0,1
2023-06-06 23:53:00,2023-06-06 23:53:59,7.372,7.371,7.354,7.4,7.384283028843636,7.37425,7.354,7.4,True,0.0302450539411202,0.006957937748511792,0,7.271761852791261,7.277947291674609,17.5349980068398,17.5349980068398,7.195729465937547,7.196400201777585,66.50962994489517,81.46669277033631,0,1
2023-06-06 23:54:00,2023-06-06 23:54:59,7.372,7.362,7.361,7.391,7.379266514421818,7.371499999999999,7.361,7.391,True,0.03022755008818306,0.004480711380652168,0,7.274854572232935,7.281103879140791,12.520165070671958,0.0,7.197478426475482,7.198047960963878,40.433070777723394,64.131520055091,0,1
2023-06-06 23:55:00,2023-06-06 23:55:59,7.361,7.368,7.353,7.375,7.375383257210909,7.36425,7.353,7.375383257210909,True,0.029639867939027145,0.0028686731167638577,0,7.277979225686863,7.284159553463972,10.27145010011943,0.0,7.199137845117517,7.199739026028914,17.461492296412946,41.46806433967705,0,1
2023-06-06 23:56:00,2023-06-06 23:56:59,7.367,7.361,7.36,7.375,7.369816628605454,7.36575,7.36,7.375,True,0.02859416308623947,0.0009922705562447967,0,7.281069389575418,7.287125104579726,7.132143059769739,0.0,7.2007956775044075,7.201343612834597,8.77406215116777,22.222875075101246,0,1
2023-06-06 23:57:00,2023-06-06 23:57:59,7.362,7.344,7.34,7.367,7.367783314302727,7.35325,7.34,7.367783314302727,True,0.028480294294365233,-0.001658139288532326,0,7.284097247077572,7.2899135909327475,1.5724036755347157,0.0,7.2023126359372,7.202763079373556,1.5172879850062024,9.25094747752885,0,1
2023-06-06 23:58:00,2023-06-06 23:58:59,7.345,7.319,7.305,7.346,7.360516657151363,7.32875,7.305,7.360516657151363,True,0.029374558987624887,-0.005235834806038495,0,7.28700541900516,7.29237544491612,-5.710160657897724,-5.710160657897724,7.203570719161705,7.203919665648446,1.1746706938311513,3.822006943334919,0,1
2023-06-06 23:59:00,2023-06-06 23:59:59,7.319,7.329,7.3,7.331,7.344633328575682,7.31975,7.3,7.344633328575682,True,0.029490661917080295,-0.006843869368219027,0,7.289690431960641,7.294501498430191,-7.9199840349418125,-7.9199840349418125,7.204726731906365,7.205164246089755,-3.5778787340253376e-13,0.8973195596122094,0,1
