start_time,end_time,open,close,low,high,h_open,h_close,h_low,h_high,finish,atr_14,macd_13_34,st_signal,av2_open,av2_close,histo2,qqe,ema_h200,ema_200,fastk,fastd,xo_signal,macd_hists
2023-06-10 00:00:00,2023-06-10 00:04:59,0.754,0.754,0.752,0.755,0.7546730211799236,0.7537499999999999,0.752,0.755,True,0.002300129013304862,-0.0007645694899663612,0,0.7600029230704817,0.759775037286373,-17.71218806185817,-17.71218806185817,0.7589690895905468,0.7589621133224221,2.7944790418433887,3.148559563392615,0,-2
2023-06-10 00:05:00,2023-06-10 00:09:59,0.754,0.756,0.754,0.757,0.7542115105899618,0.7552500000000001,0.754,0.757,True,0.0023501197980688006,-0.0005686209962856479,0,0.7598889801784273,0.7596387822813888,-12.420072147799146,-12.420072147799146,0.7589320837239741,0.7589326395580199,20.81867750048204,7.871052180775227,0,-1
2023-06-10 00:10:00,2023-06-10 00:14:59,0.755,0.756,0.754,0.756,0.7547307552949809,0.75525,0.754,0.756,True,0.0023251112410638862,-0.00040722780961239104,0,0.759763881229908,0.7595013960439733,-8.891994871759799,-8.891994871759799,0.7588954460749794,0.7589034590649053,38.8428759591201,20.818677500481915,0,-1
2023-06-10 00:15:00,2023-06-10 00:19:59,0.755,0.755,0.754,0.756,0.7549903776474904,0.7550000000000001,0.754,0.756,True,0.002301889009559323,-0.0003433284782840694,0,0.7596326386369406,0.7593623465291368,-8.727608211814669,-8.727608211814669,0.7588566854175169,0.7588646186761998,52.71899543377727,37.460182964459875,0,-1
2023-06-10 00:20:00,2023-06-10 00:24:59,0.754,0.754,0.754,0.756,0.7549951888237453,0.7545,0.754,0.756,True,0.002280325508876514,-0.0003447703222208558,0,0.7594974925830387,0.7592195110001033,-10.566835259251853,-10.566835259251853,0.7588133353138601,0.7588162145102675,48.672515568334596,46.74479565374406,0,-2
2023-06-10 00:25:00,2023-06-10 00:29:59,0.755,0.755,0.753,0.755,0.7547475944118727,0.7545,0.753,0.755,True,0.002260302258242478,-0.000250686752891616,0,0.7593585017915709,0.7590746747190968,-8.702644971110367,-8.702644971110367,0.7587704165545182,0.7587782422265832,45.48797653028836,48.959829177466816,0,-1
2023-06-10 00:30:00,2023-06-10 00:34:59,0.755,0.756,0.755,0.757,0.7546237972059363,0.75575,0.755,0.757,True,0.002241709239796587,-9.865795539949957e-05,0,0.7592165882553339,0.7589378332922386,-4.754986031346633,-0.0,0.7587403626584533,0.7587505980253236,59.6914176360493,51.283969911557485,0,-1
2023-06-10 00:35:00,2023-06-10 00:39:59,0.756,0.753,0.753,0.756,0.7551868986029682,0.7545,0.753,0.756,True,0.0022958728655254022,-0.00019011621688399703,0,0.7590772107737862,0.758799648818659,-8.269720194387979,-8.269720194387979,0.7586981699951851,0.7586933781444747,69.61774334251858,58.26571250295215,0,-2
2023-06-10 00:40:00,2023-06-10 00:44:59,0.754,0.754,0.753,0.755,0.7548434493014841,0.754,0.753,0.755,True,0.002274739089416445,-0.00016029391828202523,0,0.7589384297962226,0.7586579245156614,-7.959951608135583,-7.959951608135583,0.758651422035034,0.7586466778644302,75.30380927495891,68.20432341784233,0,-1
2023-06-10 00:45:00,2023-06-10 00:49:59,0.755,0.754,0.753,0.755,0.7544217246507421,0.75425,0.753,0.755,True,0.0022551148687438424,-0.00012170870947437714,0,0.758798177155942,0.7585161009253722,-7.753439217300652,-7.753439217300652,0.7586076267909043,0.7586004422637891,68.14899891553515,71.02351717767095,0,-1
2023-06-10 00:50:00,2023-06-10 00:54:59,0.754,0.754,0.754,0.755,0.7543358623253711,0.75425,0.754,0.755,True,0.002165463806690711,-7.899169999935106e-05,0,0.7586571390406571,0.758375172226154,-7.615764290077365,-7.615764290077365,0.7585642673203481,0.7585546667188757,67.9641838787076,70.47233068973397,0,-1
2023-06-10 00:55:00,2023-06-10 00:59:59,0.754,0.754,0.752,0.755,0.7542929311626856,0.7537499999999999,0.752,0.755,True,0.002225073534784232,-3.5392295416325926e-05,0,0.7585161556334056,0.7582324844699863,-7.523981005261838,-7.523981005261838,0.7585163641629317,0.7585093466520212,67.29935648207366,67.80417975877224,0,-1
2023-06-10 01:00:00,2023-06-10 01:04:59,0.754,0.754,0.753,0.755,0.7540214655813428,0.754,0.753,0.755,True,0.0022089968537282153,6.877863668152805e-06,0,0.7583743200516959,0.7580911060515284,-7.462792148718151,-7.462792148718151,0.7584714252160368,0.7584644775311056,67.10450684172876,67.4560157341701,0,-1
2023-06-10 01:05:00,2023-06-10 01:09:59,0.753,0.754,0.753,0.755,0.7540107327906713,0.75375,0.753,0.755,True,0.002194068507033343,4.6379551804242745e-05,0,0.7582327130516122,0.757950013224293,-7.421999577689029,-0.0,0.7584244458606534,0.7584200548691046,63.45510042283985,65.95298791554751,0,-1
2023-06-10 01:10:00,2023-06-10 01:14:59,0.753,0.752,0.751,0.754,0.7538803663953357,0.7525,0.751,0.754,True,0.002251635042245247,-5.490078531856591e-05,0,0.7580913631379527,0.7578015369625465,-13.384976854970162,-13.384976854970162,0.7583654961505971,0.7583561737261284,43.59420246644163,58.05126991033683,0,-2
2023-06-10 01:15:00,2023-06-10 01:19:59,0.753,0.754,0.752,0.755,0.7531901831976678,0.7535000000000001,0.752,0.755,True,0.002305089682084872,3.172161723802693e-05,0,0.7579464500502496,0.7576551274394043,-8.931221599033805,-8.931221599033805,0.7583170832535763,0.7583128287139281,42.55248333148144,49.86726207358772,0,-1
2023-06-10 01:20:00,2023-06-10 01:24:59,0.755,0.754,0.753,0.756,0.753345091598834,0.7545,0.753,0.756,True,0.0023547261333645244,9.874507648928487e-05,0,0.757800788744827,0.757518210662595,-5.962051428409566,-0.0,0.75827910232568,0.7582699149953815,55.81599382086599,47.3208932062631,0,-1
2023-06-10 01:25:00,2023-06-10 01:29:59,0.755,0.753,0.753,0.755,0.753922545799417,0.754,0.753,0.755,True,0.0023293885524099155,8.135535736540937e-05,0,0.757659499703711,0.7573862764546947,-7.2258692432415685,-0.0,0.7582365241930862,0.7582174780302534,83.5805847773978,60.64968730991516,0,-1
2023-06-10 01:30:00,2023-06-10 01:34:59,0.754,0.755,0.753,0.756,0.7539612728997085,0.7545,0.753,0.756,True,0.0023772893700949216,0.0002157521578855983,0,0.7575228880792029,0.7572626007990428,-1.7255068195002679,-0.0,0.7581993448478813,0.7581854633234847,94.4312576231985,77.94261207382085,0,-1
2023-06-10 01:35:00,2023-06-10 01:39:59,0.755,0.755,0.754,0.756,0.7542306364498542,0.7550000000000001,0.754,0.756,True,0.002350340129373856,0.00030475434225367003,0,0.7573927444391229,0.7571497062379101,1.9414014629939302,0.0,0.758167510570788,0.7581537671710122,94.4312576231985,90.81436667459836,0,-1
2023-06-10 01:40:00,2023-06-10 01:44:59,0.755,0.755,0.755,0.756,0.7546153182249271,0.75525,0.755,0.756,True,0.002253887262990009,0.00035991394309749735,0,0.7572712253385165,0.7570477895509263,4.386006984656731,4.386006984656731,0.7581384806148598,0.7581223864031414,100.00000000000001,96.28750508213243,0,-1
2023-06-10 01:45:00,2023-06-10 01:49:59,0.755,0.756,0.754,0.756,0.7549326591124635,0.75525,0.754,0.756,True,0.002235752458490723,0.0004587005381586336,0,0.7571595074447215,0.7569552150783204,8.944871603792087,8.944871603792087,0.7581097395142145,0.7581012681304734,100.00000000000001,98.14375254106625,0,-1
2023-06-10 01:50:00,2023-06-10 01:54:59,0.755,0.754,0.754,0.755,0.7550913295562318,0.7545,0.754,0.7550913295562318,True,0.0022189129971699573,0.0003747948194364292,0,0.757057361261521,0.7568654851585273,4.243637974372149,4.243637974372149,0.7580738217081029,0.7580604594923592,92.24658015386439,97.41552671795488,0,-2
2023-06-10 01:55:00,2023-06-10 01:59:59,0.755,0.754,0.754,0.755,0.7547956647781159,0.7545,0.754,0.755,True,0.002131847783086389,0.00031307106999950126,0,0.7569614232100242,0.7567786104178426,1.109482221425523,0.0,0.7580382612930969,0.7580200569103457,84.49316030772876,92.24658015386446,0,-2
2023-06-10 02:00:00,2023-06-10 02:04:59,0.755,0.754,0.754,0.755,0.754647832389058,0.7545,0.754,0.755,True,0.0020510015128659327,0.0002679487766874076,0,0.7568700168139335,0.7566945796328586,-0.9799549472055631,-0.0,0.7580030547130661,0.7579800563440736,76.73974046159312,84.49316030772883,0,-2
2023-06-10 02:05:00,2023-06-10 02:09:59,0.755,0.755,0.754,0.756,0.754573916194529,0.7550000000000001,0.754,0.756,True,0.0020473585476612232,0.00030371969303214083,0,0.7567822982233962,0.7566167949864794,1.8130254474171181,0.0,0.7579731735716425,0.7579504040421425,83.34173881022372,81.52487985984861,0,2
2023-06-10 02:10:00,2023-06-10 02:14:59,0.756,0.753,0.752,0.756,0.7547869580972646,0.7542500000000001,0.752,0.756,True,0.0021868329371139933,0.00018397434999999464,0,0.7566995466049379,0.756539315856747,-3.0853747290990086,-0.0,0.757936127068442,0.7579011462904794,81.38988871013764,80.4904559939849,0,-2
2023-06-10 02:15:00,2023-06-10 02:19:59,0.754,0.752,0.752,0.754,0.7545184790486323,0.753,0.752,0.7545184790486323,True,0.002173487727320137,3.733036838843599e-05,0,0.7566194312308425,0.7564540325223146,-8.515176850340964,-8.515176850340964,0.7578870113762187,0.7578424284169424,67.84417258202085,77.52526670079415,0,-2
2023-06-10 02:20:00,2023-06-10 02:24:59,0.753,0.754,0.751,0.754,0.7537592395243162,0.753,0.751,0.754,True,0.0022325243182258416,8.553294718258967e-05,0,0.7565367318765787,0.7563631900170079,-5.297512596119837,-0.0,0.7578383843973509,0.7578041952983658,35.662260746192544,61.632107346117095,0,-1
2023-06-10 02:25:00,2023-06-10 02:29:59,0.753,0.754,0.753,0.756,0.7533796197621581,0.754,0.753,0.756,True,0.0022873440097811388,0.0001202630917834411,0,0.7564499609467934,0.7562754550770358,-3.1524030933057503,-0.0,0.7578001915177752,0.7577663426088299,33.05005795803799,45.51883042875054,0,-1
2023-06-10 02:30:00,2023-06-10 02:34:59,0.754,0.754,0.753,0.755,0.753689809881079,0.754,0.753,0.755,True,0.002266819437653914,0.00014452723473722682,0,0.7563627080119146,0.7561907687000968,-1.722330091429697,-0.0,0.757762378666852,0.7577288665629709,42.03172119791415,36.914679967381645,0,-1
2023-06-10 02:35:00,2023-06-10 02:39:59,0.754,0.753,0.753,0.755,0.7538449049405396,0.75375,0.753,0.755,True,0.0022477609063929205,9.212798533474913e-05,0,0.7562767383560058,0.756107348251014,-4.237504799179604,-0.0,0.7577224545010127,0.7576818131643344,58.837390844333385,44.639723333428584,0,-2
2023-06-10 02:40:00,2023-06-10 02:44:59,0.753,0.754,0.752,0.754,0.7537974524702697,0.7532500000000001,0.752,0.754,True,0.0022300636987934263,0.0001295085694018763,0,0.75619204330351,0.7560220662970979,-2.0370357704159545,-0.0,0.7576779524661768,0.7576451782074753,46.504734384520134,49.1246154755893,0,-1
2023-06-10 02:45:00,2023-06-10 02:49:59,0.754,0.752,0.752,0.755,0.7535237262351349,0.75325,0.752,0.755,True,0.00228505914887961,1.7330523955130447e-05,0,0.7561070548003039,0.7559359038922335,-6.159005519749904,-0.0,0.7576338932376576,0.7575890072800378,34.17207792470506,46.5047343845196,0,-2
2023-06-10 02:50:00,2023-06-10 02:54:59,0.752,0.753,0.751,0.754,0.7533868631175674,0.7525,0.751,0.754,True,0.002336126352531067,1.918080248931994e-05,0,0.7560214793462687,0.7558444936702753,-5.447309072461543,-0.0,0.7575828097228551,0.7575433455160573,17.366408278285824,32.68107352917042,0,-1
2023-06-10 02:55:00,2023-06-10 02:59:59,0.753,0.753,0.752,0.754,0.7529434315587837,0.753,0.752,0.754,True,0.0023121173273502765,2.6068065242691426e-05,0,0.755932986508272,0.7557530095080799,-4.972844774269298,-0.0,0.7575372096261103,0.757498138097987,20.583031563345326,24.04050592211215,0,-1
2023-06-10 03:00:00,2023-06-10 03:04:59,0.752,0.753,0.752,0.755,0.7529717157793918,0.7529999999999999,0.752,0.755,True,0.002361251803968114,3.5860108338737475e-05,0,0.7558429980081759,0.7556620948108586,-4.656535242141139,-0.0,0.7574920632616714,0.7574533805049722,23.799654848404817,20.583031563345404,0,-1
2023-06-10 03:05:00,2023-06-10 03:09:59,0.753,0.753,0.751,0.754,0.7529858578896959,0.75275,0.751,0.754,True,0.002406876675113249,4.7031990981204e-05,0,0.7557525464095172,0.7555705369630575,-4.445662220722362,-0.0,0.7574448785526,0.7574090682611416,31.501944180207868,25.294876863986087,0,-1
2023-06-10 03:10:00,2023-06-10 03:14:59,0.752,0.752,0.75,0.752,0.7528679289448479,0.7515000000000001,0.75,0.7528679289448479,True,0.0024492426268908738,-1.0053828096011786e-05,0,0.7556615416862873,0.7554705246131554,-8.143684923833945,-8.143684923833945,0.7573857255321761,0.7573552466864039,19.602116756004566,24.967905261539162,0,-2
2023-06-10 03:15:00,2023-06-10 03:19:59,0.751,0.75,0.75,0.753,0.752183964472424,0.751,0.75,0.753,True,0.0024885824392558114,-0.00017726231823968512,0,0.7555660331497214,0.7553611116336397,-14.921668026738331,-14.921668026738331,0.757322185974642,0.7572820601522108,7.70228933180308,19.602116756005252,0,-2
2023-06-10 03:20:00,2023-06-10 03:24:59,0.751,0.751,0.75,0.752,0.751591982236212,0.7509999999999999,0.75,0.752,True,0.0024536836935946825,-0.0002021574727836175,0,0.7554635723916805,0.7552450481617147,-14.630926647978647,-14.630926647978647,0.7572592786515112,0.7572195520909948,3.197442310920451e-14,9.101468695935973,0,-2
2023-06-10 03:25:00,2023-06-10 03:29:59,0.751,0.752,0.749,0.752,0.751295991118106,0.7510000000000001,0.749,0.752,True,0.002492706286909348,-0.00013359490468224785,0,0.7553543102766975,0.7551245450291925,-10.578226706467838,-10.578226706467838,0.7571969972718942,0.7571676162492933,5.664951230167295e-12,2.567429777269673,0,-1
2023-06-10 03:30:00,2023-06-10 03:34:59,0.751,0.752,0.751,0.753,0.751147995559053,0.75175,0.751,0.753,True,0.002457512980701538,-7.604069176548982e-05,0,0.7552394276529449,0.7550065190978984,-7.876426745460634,-0.0,0.7571427982940644,0.7571161971821362,18.060054439082617,6.020018146362851,0,-1
2023-06-10 03:35:00,2023-06-10 03:39:59,0.752,0.752,0.75,0.753,0.7514489977795265,0.75175,0.75,0.753,True,0.0024962620535085712,-2.806363610022701e-05,0,0.7551229733754217,0.7548912532679575,-6.0752267714558315,-0.0,0.7570891386095463,0.7570652897474881,36.12010887815955,18.06005443908269,0,-1
2023-06-10 03:40:00,2023-06-10 03:44:59,0.752,0.75,0.75,0.753,0.7515994988897632,0.75125,0.75,0.753,True,0.002532243335400816,-0.00012552961662477867,0,0.7550071133216895,0.7547755207996646,-10.965582283765904,-10.965582283765904,0.7570310377278593,0.7569949883569659,48.56382817652897,34.24799716459046,0,-2
2023-06-10 03:45:00,2023-06-10 03:49:59,0.751,0.749,0.748,0.751,0.7514247494448816,0.74975,0.748,0.7514247494448816,True,0.002565654525729329,-0.00024387657388432772,0,0.7548913170606769,0.7546499233963282,-16.053670810805386,-16.053670810805386,0.7569585895912637,0.756915436234011,30.50377373745202,38.39590359738026,0,-2
2023-06-10 03:50:00,2023-06-10 03:54:59,0.749,0.749,0.748,0.75,0.7505873747224407,0.749,0.748,0.7505873747224407,True,0.0025252506310343772,-0.00030144059055367675,0,0.7547706202285025,0.7545122751944128,-19.445729828831702,-19.445729828831702,0.756879399645082,0.7568366756744687,12.443719298375084,30.503773737452107,0,-2
2023-06-10 03:55:00,2023-06-10 03:59:59,0.75,0.748,0.747,0.75,0.7497936873612203,0.74875,0.747,0.75,True,0.0025591613002462076,-0.00038520134922677245,0,0.7546414477114576,0.7543643684612107,-23.391234996728627,-23.391234996728627,0.7567985100963747,0.7567487485533296,3.315866100213801e-14,14.315831011942462,0,-2
2023-06-10 04:00:00,2023-06-10 04:04:59,0.748,0.751,0.746,0.751,0.7492718436806102,0.749,0.746,0.751,True,0.002733506921657193,-0.0002072238019746749,0,0.754502908086334,0.7542111151775321,-14.276611194373466,-14.276611194373466,0.7567209129809879,0.756691547075187,5.558741713130273,6.000820337168547,0,-1
2023-06-10 04:05:00,2023-06-10 04:09:59,0.75,0.749,0.748,0.751,0.7491359218403051,0.7494999999999999,0.748,0.751,True,0.002752542141538822,-0.0002105340744793416,0,0.754357011631933,0.7540581345293013,-12.831021783728922,-12.831021783728922,0.75664906310058,0.7566150142684688,21.794413694374512,9.117718469168357,0,-2
2023-06-10 04:10:00,2023-06-10 04:14:59,0.749,0.752,0.749,0.753,0.7493179609201526,0.75075,0.749,0.753,True,0.0028416462742860494,1.2297024354265438e-05,0,0.754207573080617,0.7539149944681431,-5.539616702515154,-0.0,0.7565903659553006,0.756569093728484,55.12774702770785,27.49363414507096,0,-1
2023-06-10 04:15:00,2023-06-10 04:19:59,0.753,0.754,0.752,0.755,0.7500339804600763,0.7535000000000001,0.752,0.755,True,0.002852957254694189,0.0003027392755268884,0,0.75406128377438,0.7537994519879645,2.0810631496289105,0.0,0.7565596160452976,0.7565435306068076,82.90233864791095,53.274833123331184,0,2
2023-06-10 04:20:00,2023-06-10 04:24:59,0.755,0.758,0.754,0.758,0.7517669902300381,0.75625,0.754,0.758,True,0.00293488887935889,0.0007605025310154384,0,0.7539303678811722,0.7537252979461911,10.719743462580453,10.719743462580453,0.756556535288628,0.7565580228395756,100.00000000000004,79.34336189187303,0,2
2023-06-10 04:25:00,2023-06-10 04:29:59,0.758,0.758,0.755,0.758,0.754008495115019,0.75725,0.755,0.758,True,0.002939539673690398,0.001030363950833903,0,0.7538278329136816,0.7536910991520939,16.478863671214825,16.478863671214825,0.7565634354350098,0.7565723708710226,100.00000000000004,94.30077954930375,1,2
2023-06-10 04:30:00,2023-06-10 04:34:59,0.757,0.757,0.756,0.758,0.7556292475575095,0.757,0.756,0.758,True,0.0028724296969982266,0.001096371199352585,0,0.7537594660328877,0.7536868767797112,17.582514771976747,17.582514771976747,0.7565677793610296,0.7565766258872313,98.9015143059632,99.63383810198785,0,2
2023-06-10 04:35:00,2023-06-10 04:39:59,0.757,0.756,0.755,0.757,0.7563146237787548,0.75625,0.755,0.757,True,0.0028101132900697824,0.0010258269011474833,0,0.7537231714062994,0.7537011382273229,15.710144965959557,15.710144965959557,0.7565646173773377,0.7565708883162141,94.56279607113997,97.82143679236782,0,2
2023-06-10 04:40:00,2023-06-10 04:44:59,0.757,0.755,0.754,0.757,0.7562823118893773,0.75575,0.754,0.757,True,0.0028236766264933696,0.000868490323426918,0,0.7537121548168111,0.7537264237359754,12.012551210400893,12.012551210400893,0.7565565117317921,0.7565552575866995,88.15115254415237,93.87182097375192,0,1
2023-06-10 04:45:00,2023-06-10 04:49:59,0.756,0.756,0.755,0.757,0.7560161559446887,0.756,0.755,0.757,True,0.002764842581743843,0.0007978288850954928,0,0.7537192892763932,0.7537619303457997,11.43197080674397,11.43197080674397,0.756550974301625,0.7565497326355881,83.47024255587432,88.7280637237223,0,2
2023-06-10 04:50:00,2023-06-10 04:54:59,0.755,0.758,0.755,0.76,0.7560080779723444,0.7569999999999999,0.755,0.76,True,0.0029244966830478543,0.0008536469828736201,0,0.7537406098110965,0.7538121015508189,14.09296992535738,14.09296992535738,0.7565554422190217,0.756564163156627,84.43955741674388,85.3536508389236,0,2
2023-06-10 04:55:00,2023-06-10 04:59:59,0.758,0.759,0.758,0.76,0.7565040389861721,0.75875,0.758,0.76,True,0.0028584612056872932,0.0009187667159621753,1,0.7537763556809577,0.7538854809280068,17.104037267510066,17.104037267510066,0.7565772786148524,0.7565884003391481,90.85120094373148,86.25366697211665,0,2
2023-06-10 05:00:00,2023-06-10 05:04:59,0.758,0.76,0.758,0.76,0.7576270194930861,0.7589999999999999,0.758,0.76,True,0.002797142548138201,0.000985476470613141,0,0.7538309183044822,0.753978344067659,20.249983867011835,20.249983867011835,0.7566013852953016,0.7566223466044302,96.63059662604637,90.64045166217399,0,2
2023-06-10 05:05:00,2023-06-10 05:09:59,0.759,0.759,0.758,0.76,0.758313509746543,0.7589999999999999,0.758,0.76,True,0.002740203794699758,0.0009114672927176019,0,0.7539046311860707,0.7540859097706258,18.970828157454648,18.970828157454648,0.7566252521082837,0.7566460048471721,100.00000000000006,95.82726585659272,0,2
2023-06-10 05:10:00,2023-06-10 05:14:59,0.759,0.76,0.759,0.76,0.7586567548732714,0.7595000000000001,0.759,0.76,True,0.002615903523649775,0.000885456625533789,0,0.7539952704783482,0.7542077434217053,19.652356705123665,19.652356705123665,0.7566538565649177,0.7566793779332699,100.00000000000006,98.87686554201558,0,2
2023-06-10 05:15:00,2023-06-10 05:19:59,0.76,0.759,0.759,0.76,0.7590783774366358,0.7595000000000001,0.759,0.76,True,0.002500481843389077,0.0007530577901277463,0,0.7541015069500268,0.7543399744202621,16.763639590456876,16.763639590456876,0.7566821764000926,0.756702468700103,100.00000000000004,100.00000000000013,0,1
2023-06-10 05:20:00,2023-06-10 05:24:59,0.76,0.758,0.758,0.76,0.759289188718318,0.7589999999999999,0.758,0.76,True,0.002464733140289857,0.0005565907025870706,0,0.7542207406851444,0.7544760535466026,11.891940408041357,11.891940408041357,0.7567052393214847,0.756715379459306,90.67964694112796,96.89321564704277,0,1
2023-06-10 05:25:00,2023-06-10 05:29:59,0.759,0.758,0.758,0.76,0.7591445943591589,0.75875,0.758,0.76,True,0.002431537915983439,0.00039518520910269105,0,0.7543483971158735,0.7546125134176214,8.644140953097676,8.644140953097676,0.7567255851988829,0.7567281617532433,73.15242563417438,87.94402419176754,0,1
2023-06-10 05:30:00,2023-06-10 05:34:59,0.759,0.758,0.758,0.759,0.7589472971795794,0.7585,0.758,0.759,True,0.0023292852076989075,0.0002630496864068396,0,0.7544804552667475,0.7547466215259011,6.478941316468557,6.478941316468557,0.7567432410675508,0.7567408168601762,49.736800819369584,71.18962446489071,0,1
2023-06-10 05:35:00,2023-06-10 05:39:59,0.759,0.758,0.758,0.759,0.7587236485897897,0.7585,0.758,0.759,True,0.0022343362642918427,0.00015534124227421287,0,0.7546135383963243,0.7548779579505954,5.035474892049145,5.035474892049145,0.7567607212559333,0.7567533460456471,35.64152906343684,52.84358517232701,0,1
2023-06-10 05:40:00,2023-06-10 05:44:59,0.759,0.759,0.758,0.76,0.7586118242948948,0.7589999999999999,0.758,0.76,True,0.0022175979596995685,0.00013657935174558747,0,0.7547457481734599,0.7550096416334982,7.7586735063485435,7.7586735063485435,0.7567830026364712,0.7567757008113621,36.26062553794856,40.546318473585075,0,1
2023-06-10 05:45:00,2023-06-10 05:49:59,0.76,0.759,0.759,0.76,0.7588059121474473,0.7595000000000001,0.759,0.76,True,0.0021306266768638853,0.0001073720863026806,0,0.754877694903479,0.7551441257568573,9.57413924921481,9.57413924921481,0.7568100374361083,0.7567978331415973,48.89767294809561,40.26660918316042,0,1
2023-06-10 05:50:00,2023-06-10 05:54:59,0.759,0.76,0.759,0.76,0.7591529560737237,0.7595000000000001,0.759,0.76,True,0.002049867628516465,0.00014111904003901625,0,0.7550109103301682,0.7552798919825767,13.846498615539858,13.846498615539858,0.7568368032327639,0.7568296954983973,60.60417328857369,48.587490591539364,0,2
2023-06-10 05:55:00,2023-06-10 05:59:59,0.759,0.758,0.758,0.76,0.7593264780368618,0.75875,0.758,0.76,True,0.0020463056550510035,8.10797014622641e-06,0,0.7551454011563725,0.7554105903182112,7.6535779376559745,7.6535779376559745,0.7568558400165175,0.7568413403193087,44.178964787682226,51.226937008117254,0,1
2023-06-10 06:00:00,2023-06-10 06:04:59,0.759,0.758,0.757,0.759,0.7590382390184309,0.75825,0.757,0.7590382390184309,True,0.002042998108261646,-8.961572163256959e-05,0,0.7552779957372919,0.7555329714070335,3.5249641524000523,0.0,0.7568697122551591,0.7568528692713554,21.62420885900666,42.13578231175426,0,1
2023-06-10 06:05:00,2023-06-10 06:09:59,0.758,0.757,0.756,0.758,0.7586441195092155,0.75725,0.756,0.7586441195092155,True,0.0020399268148143857,-0.0002285625660991958,0,0.7554054835721628,0.7556411035410666,-2.4332333742420573,-0.0,0.7568734962128192,0.7568543332587051,5.210646728907401e-14,21.934391215563053,0,1
2023-06-10 06:10:00,2023-06-10 06:14:59,0.757,0.756,0.756,0.757,0.7579470597546077,0.7565000000000001,0.756,0.7579470597546077,True,0.0019656463280419297,-0.00038754984758696464,0,0.7555232935566147,0.7557321296737544,-8.81952622070613,-8.81952622070613,0.7568697798325922,0.7568458324302603,5.210646728907401e-14,7.208069619668996,0,1
2023-06-10 06:15:00,2023-06-10 06:19:59,0.757,0.755,0.755,0.758,0.7572235298773039,0.75625,0.755,0.758,True,0.0020395287331817923,-0.0005517229461717659,0,0.7556277116151846,0.7558073483293437,-14.93305287432753,-14.93305287432753,0.7568636128690838,0.7568274659384169,5.210646728907401e-14,1.2631870857957337e-13,0,1
2023-06-10 06:20:00,2023-06-10 06:24:59,0.754,0.754,0.754,0.756,0.7567367649386519,0.7545,0.754,0.7567367649386519,True,0.002036705252240236,-0.0007109770250229483,0,0.7557175299722642,0.755857598706013,-20.458429850216678,-20.458429850216678,0.756840094333073,0.7567993319489799,5.210646728907401e-14,1.2631870857957337e-13,0,-2
2023-06-10 06:25:00,2023-06-10 06:29:59,0.755,0.755,0.754,0.756,0.7556183824693259,0.7550000000000001,0.754,0.756,True,0.0020340834485087908,-0.000721596987942667,0,0.7557875643391386,0.7558912771418057,-19.08848502926736,-19.08848502926736,0.756821784936724,0.7567814281484925,3.5902058850499414,1.196735295016756,0,-2
2023-06-10 06:30:00,2023-06-10 06:34:59,0.756,0.756,0.755,0.758,0.755309191234663,0.75625,0.755,0.758,True,0.0021030774879010204,-0.0006344655126958841,0,0.7558394207404722,0.7559202536314482,-14.139623067631398,-14.139623067631398,0.7568160955343686,0.7567736527440299,15.081009769066142,6.2237385513721195,-1,-2
2023-06-10 06:35:00,2023-06-10 06:39:59,0.756,0.757,0.756,0.757,0.7557795956173314,0.7565000000000001,0.756,0.757,True,0.0020242862387652334,-0.00048701090364107,0,0.7558798371859602,0.7559470447021518,-7.592520470660176,-7.592520470660176,0.7568129503051709,0.756775904955532,28.005737915209167,15.558984523108492,1,-1
2023-06-10 06:40:00,2023-06-10 06:44:59,0.758,0.757,0.756,0.758,0.7561397978086657,0.75725,0.756,0.758,True,0.0020225515074248595,-0.0003749522617003527,0,0.755913440944056,0.7559770771595177,-3.2277854060127,-0.0,0.7568172990583533,0.7567781347569695,41.47159467352711,28.186114119267547,0,-1
2023-06-10 06:45:00,2023-06-10 06:49:59,0.757,0.757,0.756,0.759,0.7566948989043328,0.75725,0.756,0.759,True,0.0020923692568945123,-0.0002901972334231277,0,0.7559452590517868,0.7560094555288022,-0.3179620295810466,-0.0,0.7568216045403597,0.7567803423713281,47.036853432878736,38.83806200720508,0,-1
2023-06-10 06:50:00,2023-06-10 06:54:59,0.757,0.757,0.755,0.757,0.7569724494521664,0.7565000000000001,0.755,0.757,True,0.0020857714528306186,-0.00022642636360294447,0,0.7559773572902945,0.7560383129033929,1.6219202213733936,0.0,0.756818404495182,0.7567825280193745,46.58571033217123,45.03138614619244,0,-1
2023-06-10 06:55:00,2023-06-10 06:59:59,0.756,0.757,0.755,0.757,0.7567362247260832,0.75625,0.755,0.757,True,0.0020796449204855748,-0.0001787159008120791,0,0.7560078350968437,0.7560624849159547,2.9151750553430134,0.0,0.7568127487290608,0.7567846919196792,40.54780695911416,44.72345690805479,0,-1
2023-06-10 07:00:00,2023-06-10 07:04:59,0.757,0.754,0.754,0.757,0.7564931123630416,0.7555000000000001,0.754,0.757,True,0.0021453845690223195,-0.0003489535898734285,0,0.7560351600063991,0.7560776564667301,-6.820189101566328,-6.820189101566328,0.7567996865526522,0.756756983542369,32.176854837017544,39.770124042767726,-1,-2
2023-06-10 07:05:00,2023-06-10 07:09:59,0.755,0.755,0.754,0.756,0.7559965561815208,0.7550000000000001,0.754,0.756,True,0.002134999956949297,-0.00037760267174206236,0,0.7560564082365646,0.7560822072659393,-8.569823848470385,-8.569823848470385,0.7567817792237701,0.7567395011190619,26.19766049830686,32.9741074314796,0,-2
2023-06-10 07:10:00,2023-06-10 07:14:59,0.755,0.754,0.754,0.755,0.7554982780907604,0.7545,0.754,0.7554982780907604,True,0.0020539285314529186,-0.0004499504623919847,0,0.756069307751252,0.7560749345176946,-12.047572643360127,-12.047572643360127,0.7567590749528869,0.7567122424014593,18.884847026059322,25.753120787127994,0,-2
2023-06-10 07:15:00,2023-06-10 07:19:59,0.755,0.753,0.752,0.755,0.7549991390453802,0.7537499999999999,0.752,0.755,True,0.0021215050649205673,-0.0005465679248331811,0,0.7560721211344733,0.7560532571085777,-16.224875668730405,-16.224875668730405,0.7567291339085795,0.7566753046661214,10.199736504788108,18.427414676384846,0,-2
2023-06-10 07:20:00,2023-06-10 07:24:59,0.754,0.754,0.753,0.755,0.75437456952269,0.754,0.753,0.755,True,0.0021128261317119555,-0.0005165033332128707,0,0.7560626891215255,0.7560221028046001,-14.595830132829434,-14.595830132829434,0.7567019783473001,0.7566486847191949,7.326335919094807,12.13697314998083,0,-2
2023-06-10 07:25:00,2023-06-10 07:29:59,0.754,0.754,0.753,0.755,0.754187284761345,0.754,0.753,0.755,True,0.0021047671223039586,-0.0004736129122505168,0,0.7560423959630628,0.7559837010263083,-13.509799775562122,-13.509799775562122,0.7566750929906105,0.7566223296473621,7.2419802420631,8.256017555315422,0,-2
2023-06-10 07:30:00,2023-06-10 07:34:59,0.754,0.753,0.752,0.755,0.7540936423806726,0.7535000000000001,0.752,0.755,True,0.002168712327853676,-0.0004921540753613455,0,0.7560130484946855,0.755936426205826,-15.40985921485678,-15.40985921485678,0.7566435000255298,0.7565862865662938,7.2419802420631,7.270098801073753,0,-2
2023-06-10 07:35:00,2023-06-10 07:39:59,0.754,0.755,0.753,0.755,0.7537968211903363,0.75425,0.753,0.755,True,0.0021566614472926992,-0.00034306237517757877,0,0.7559747373502558,0.755887635729969,-9.10354514774636,-9.10354514774636,0.7566196841048778,0.7565705026203605,14.849353679490939,9.777771387872464,0,-1
2023-06-10 07:40:00,2023-06-10 07:44:59,0.754,0.755,0.753,0.756,0.7540234105951682,0.7545,0.753,0.756,True,0.002216899915343221,-0.00022886756563088913,0,0.7559311865401124,0.7558397019883939,-4.899335769672739,-0.0,0.7565985927207497,0.7565548757286157,25.966933323443502,16.019422414999266,0,-1
2023-06-10 07:45:00,2023-06-10 07:49:59,0.755,0.756,0.754,0.757,0.7542617052975841,0.7555000000000001,0.754,0.757,True,0.0022728356356758483,-7.341668814805842e-05,0,0.7558854442642531,0.755799632699652,0.8659807503244892,0.0,0.7565876614498964,0.7565493545770872,53.439529887388176,31.418605630107624,0,-1
2023-06-10 07:50:00,2023-06-10 07:54:59,0.756,0.757,0.755,0.757,0.754880852648792,0.75625,0.755,0.757,True,0.002253347375984716,0.00010184793702461335,0,0.7558425384819525,0.7557711758654648,7.0483978128237865,7.0483978128237865,0.7565843016344745,0.756553838611146,75.54449966226214,51.65032095769802,0,-1
2023-06-10 07:55:00,2023-06-10 07:59:59,0.757,0.757,0.756,0.759,0.755565426324396,0.75725,0.756,0.759,True,0.0023066797062715225,0.0002133160217171697,0,0.7558068571737085,0.7557589179060243,11.170009187823318,11.170009187823318,0.7565909254988081,0.7565582780279505,94.13926323061139,74.37443092675399,0,2
2023-06-10 08:00:00,2023-06-10 08:04:59,0.757,0.757,0.756,0.758,0.756407713162198,0.757,0.756,0.758,True,0.002284774012966414,0.0002781847294612131,0,0.7557828875398664,0.7557577822713635,13.917750104489677,13.917750104489677,0.7565949958918549,0.7565626732714534,97.61289198966585,89.09888496084655,1,2
2023-06-10 08:05:00,2023-06-10 08:09:59,0.757,0.756,0.755,0.758,0.7567038565810991,0.7565,0.755,0.758,True,0.002335861583468813,0.00024098743318251467,0,0.755770334905615,0.7557619805811494,10.108127881009004,10.108127881009004,0.7565940506591001,0.756557074532434,90.55496541870025,94.10237354632592,0,1
2023-06-10 08:10:00,2023-06-10 08:14:59,0.756,0.755,0.755,0.757,0.7566019282905495,0.75575,0.755,0.757,True,0.0023118714703638976,0.0001390779746529783,0,0.7557661577433822,0.7557652037404413,3.6079878595199446,0.0,0.7565856521450792,0.7565415812535043,77.072349743184,88.41340238385014,-1,1
2023-06-10 08:15:00,2023-06-10 08:19:59,0.756,0.755,0.754,0.757,0.7561759641452748,0.7555000000000001,0.754,0.757,True,0.0023610235081950484,6.825001144374388e-05,0,0.7557656807419117,0.7557659217767247,-0.7254388214727641,-0.0,0.7565748496361729,0.7565262421365541,63.94885604378195,77.1920570685555,0,-2
2023-06-10 08:20:00,2023-06-10 08:24:59,0.756,0.753,0.752,0.756,0.7558379820726374,0.7542500000000001,0.752,0.756,True,0.002478093257609688,-0.00011655706829837039,0,0.7557658012593182,0.7557560862562225,-8.95617760252837,-8.95617760252837,0.7565517168039723,0.7564911551501207,46.47308816301713,62.498097983327796,0,-2
2023-06-10 08:25:00,2023-06-10 08:29:59,0.754,0.753,0.753,0.755,0.7550439910363187,0.75375,0.753,0.7550439910363187,True,0.002443943739208996,-0.00022942452091533354,0,0.7557609437577704,0.755734578796642,-14.443336789898773,-14.443336789898773,0.7565238390248282,0.7564564172879304,32.30147975190739,47.57447465290226,0,-2
2023-06-10 08:30:00,2023-06-10 08:34:59,0.754,0.755,0.753,0.755,0.7543969955181593,0.75425,0.753,0.755,True,0.0024122334721226393,-0.00015319585629231203,0,0.7557477612772061,0.7557074600331187,-8.992033270122064,-8.992033270122064,0.7565012137608996,0.7564419255736227,24.905736362995146,34.56010142597332,0,-1
2023-06-10 08:35:00,2023-06-10 08:39:59,0.755,0.752,0.751,0.755,0.7543234977590796,0.75325,0.751,0.755,True,0.0025256453669710226,-0.0003007403018632467,-1,0.7557276106551624,0.7556692484506322,-12.18862216319031,-12.18862216319031,0.756468863375219,0.7563977273092085,20.32292701342956,25.843381042777466,0,-2
2023-06-10 08:40:00,2023-06-10 08:44:59,0.752,0.753,0.751,0.754,0.7537867488795398,0.7525,0.751,0.754,True,0.0025595278407588066,-0.00031155975001670704,0,0.7556984295528972,0.7556174197882586,-11.202148491553615,-11.202148491553615,0.7564293721973562,0.7563639190772761,14.643817766722208,19.957493714382405,0,-2
2023-06-10 08:45:00,2023-06-10 08:49:59,0.754,0.753,0.751,0.755,0.7531433744397699,0.75325,0.751,0.755,True,0.0026624187092760348,-0.00030155929033080157,0,0.7556579246705779,0.755560371700467,-10.544499377129156,-10.544499377129156,0.7563977366531038,0.7563304472456613,11.317206932757971,15.427983904303346,0,-2
2023-06-10 08:50:00,2023-06-10 08:54:59,0.753,0.751,0.749,0.753,0.753196687219885,0.7515000000000001,0.749,0.753196687219885,True,0.002757960230042032,-0.00041519763855795756,0,0.7556091481855224,0.755487598871825,-13.938466282161507,-13.938466282161507,0.756349002955063,0.7562774079695851,7.100377400720645,11.020467366733707,0,-2
2023-06-10 08:55:00,2023-06-10 08:59:59,0.751,0.75,0.75,0.752,0.7523483436099425,0.75075,0.75,0.7523483436099425,True,0.0027038202136104583,-0.0005344208287748357,0,0.7555483735286737,0.7553977993455233,-17.613196590166382,-17.613196590166382,0.7562932914828734,0.7562149461987434,7.100377400720645,8.505987244733186,0,-2
2023-06-10 09:00:00,2023-06-10 09:04:59,0.75,0.751,0.746,0.751,0.7515491718049713,0.7494999999999999,0.746,0.7515491718049713,True,0.0028678330554954257,-0.0005138865314295206,0,0.7554730864370984,0.7552866343713301,-16.365836162469073,-16.365836162469073,0.7562256965427453,0.7561630561868156,4.263256414560601e-14,4.733584933813877,0,-2
2023-06-10 09:05:00,2023-06-10 09:09:59,0.75,0.753,0.749,0.753,0.7505245859024856,0.7512500000000001,0.749,0.753,True,0.0029487021229600385,-0.0003345062611388814,0,0.7553798604042142,0.7551714178007641,-9.955111461754427,-9.955111461754427,0.7561761871244095,0.7561315829909269,11.709326138207247,6.269901179642744,0,-1
2023-06-10 09:10:00,2023-06-10 09:14:59,0.752,0.754,0.752,0.756,0.7508872929512429,0.7535000000000001,0.752,0.756,True,0.003023794828462893,-0.0001285063106611986,0,0.7552756391024891,0.7550692392808793,-3.5466469701289753,-0.0,0.7561495583968034,0.7561103732099226,37.846860316916185,16.51872881837459,0,-1
2023-06-10 09:15:00,2023-06-10 09:19:59,0.755,0.751,0.751,0.755,0.7521936464756215,0.753,0.751,0.755,True,0.003093523769286972,-0.00018862080748709978,0,0.7551724391916841,0.7549745962315643,-5.763725655865976,-0.0,0.756118219507283,0.7560595237252468,66.91486135434634,38.82368260315669,0,-2
2023-06-10 09:20:00,2023-06-10 09:24:59,0.752,0.751,0.75,0.753,0.7525968232378107,0.7515000000000001,0.75,0.753,True,0.0030868435000521886,-0.00021206518457747678,0,0.7550735177116241,0.7548762436679933,-7.241778113023976,-0.0,0.7560722670743747,0.7560091802055926,77.47615544818301,60.74595903981528,0,-2
2023-06-10 09:25:00,2023-06-10 09:29:59,0.75,0.751,0.75,0.752,0.7520484116189055,0.75075,0.75,0.7520484116189055,True,0.0030092118214770326,-0.00021040237314575794,0,0.7549748806898087,0.7547704995833432,-8.227146417795971,-8.227146417795971,0.7560193091930376,0.7559593376164823,69.95960779107547,71.45020819786838,0,-2
2023-06-10 09:30:00,2023-06-10 09:34:59,0.752,0.752,0.751,0.753,0.7513992058094527,0.752,0.751,0.753,True,0.002937125262800102,-0.00012366670993683884,0,0.7548726901365759,0.7546682379483727,-5.691658911317965,-0.0,0.7559793160667387,0.7559199412222884,68.28443625434885,71.90673316453588,0,-1
2023-06-10 09:35:00,2023-06-10 09:39:59,0.752,0.751,0.751,0.753,0.7516996029047264,0.75175,0.751,0.753,True,0.002870187744028666,-0.00012276405035981292,0,0.7547704640424743,0.754567704428227,-6.639984205994907,-0.0,0.755937233319806,0.7558709865832607,72.05190886663837,70.09865097068767,0,-2
2023-06-10 09:40:00,2023-06-10 09:44:59,0.752,0.749,0.748,0.752,0.7517248014523632,0.7502499999999999,0.748,0.752,True,0.0029508886194551903,-0.00024576658021339287,0,0.7546690842353506,0.7544589296367008,-11.112312115571854,-11.112312115571854,0.7558806439335393,0.7558026185575566,71.86096826006171,70.73243779368308,0,-2
2023-06-10 09:45:00,2023-06-10 09:49:59,0.748,0.744,0.743,0.75,0.7509874007261815,0.74625,0.743,0.7509874007261815,True,0.0032401108609226774,-0.0006486680796397083,0,0.7545640069360257,0.7543169684911479,-18.63127395416366,-18.63127395416366,0.755784816630718,0.7556851795669342,48.282643511222396,64.06517354597426,0,-2
2023-06-10 09:50:00,2023-06-10 09:54:59,0.744,0.748,0.74,0.749,0.7486187003630907,0.7452500000000001,0.74,0.749,True,0.003651531513713915,-0.0005962414690855278,0,0.7544404877135867,0.7541429924366482,-15.170322032652273,-15.170322032652273,0.7556799925846411,0.7556087101185069,23.274434741305495,47.80601550419664,0,-2
2023-06-10 09:55:00,2023-06-10 09:59:59,0.749,0.752,0.748,0.754,0.7469343501815454,0.7507499999999999,0.748,0.754,True,0.00381927926273435,-0.00025081168917447626,0,0.7542917400751175,0.7539827403289947,-7.675435251422826,-0.0,0.7556309379320576,0.7555728025551387,35.74833335940109,35.76847053730976,0,-1
2023-06-10 10:00:00,2023-06-10 10:04:59,0.753,0.751,0.751,0.754,0.7488421750907727,0.75225,0.751,0.754,True,0.0037607593153961825,-7.390313733367931e-05,0,0.7541372402020561,0.7538446842762864,-4.096530247031616,-0.0,0.7555972967586043,0.755527302032202,65.26716194087022,41.429976680525705,0,-1
2023-06-10 10:05:00,2023-06-10 10:09:59,0.751,0.751,0.749,0.753,0.7505460875453863,0.751,0.749,0.753,True,0.003777847935725027,5.4800535561577756e-05,0,0.7539909622391713,0.7537164742157405,-1.7105935774374714,-0.0,0.75555155251225,0.7554822542507871,93.22872455979693,64.74807328668952,0,-1
2023-06-10 10:10:00,2023-06-10 10:14:59,0.752,0.751,0.75,0.753,0.7507730437726932,0.7515000000000001,0.75,0.753,True,0.0037222873688875255,0.00014647027604445476,0,0.753853718227456,0.7536003261631615,-0.11996913104137263,-0.0,0.7555112385569043,0.7554376547060031,93.1197793449773,83.87188861521491,0,-1
2023-06-10 10:15:00,2023-06-10 10:19:59,0.751,0.749,0.749,0.752,0.7511365218863466,0.7502500000000001,0.749,0.752,True,0.003670695413966988,7.269866897695104e-05,0,0.7537270221953087,0.7534858951841111,-2.6696692592606723,-0.0,0.7554588879244972,0.7553735984402717,86.02840606267347,90.79230332248267,0,-2
2023-06-10 10:20:00,2023-06-10 10:24:59,0.75,0.75,0.748,0.752,0.7506932609431733,0.75,0.748,0.752,True,0.003694217170112204,0.00010087195479993984,0,0.75360645868971,0.7533718859214686,-2.268513788051564,-0.0,0.7554045706317162,0.755320129799075,82.37472854091938,87.17430464952348,0,-1
2023-06-10 10:25:00,2023-06-10 10:29:59,0.749,0.75,0.749,0.751,0.7503466304715867,0.74975,0.749,0.751,True,0.0035732016579613324,0.00012495469412441597,0,0.7534891723055893,0.7532572756380402,-2.0010768072454894,-0.0,0.755348306247321,0.7552671931841589,75.97128971754236,81.4581414403785,0,-1
2023-06-10 10:30:00,2023-06-10 10:34:59,0.75,0.746,0.745,0.75,0.7500483152357933,0.74775,0.745,0.7500483152357933,True,0.003675115825249809,-0.00012917821787993694,0,0.7533732239718148,0.7531292563882189,-8.066110457760246,-0.0,0.7552727012100342,0.7551749823067045,66.98934935480307,75.1117892044217,0,-2
2023-06-10 10:35:00,2023-06-10 10:39:59,0.745,0.744,0.743,0.747,0.7488991576178967,0.7447499999999999,0.743,0.7488991576178967,True,0.0036983218377319655,-0.0004144222558080501,0,0.7532512401800169,0.75297097532266,-13.977320330036683,-13.977320330036683,0.755167997715407,0.7550637884529064,50.2523157513534,64.40431827456636,0,-2
2023-06-10 10:40:00,2023-06-10 10:44:59,0.743,0.735,0.727,0.744,0.7468245788089483,0.73725,0.727,0.7468245788089483,True,0.004648441706465397,-0.0011862971060902037,0,0.7531111077513385,0.7527384969172017,-21.982085712273353,-21.982085712273353,0.7549897091809253,0.7548641487668079,25.860755256429684,47.70080678752881,0,-2
2023-06-10 10:45:00,2023-06-10 10:49:59,0.736,0.743,0.735,0.744,0.7420372894044741,0.7395,0.735,0.744,True,0.004959267298860727,-0.0010704869705820811,0,0.7529248023342702,0.7524646348661311,-17.066354018156446,-17.066354018156446,0.7548355827214136,0.7547460975352973,16.689526411214963,30.934199139666106,0,-1
2023-06-10 10:50:00,2023-06-10 10:54:59,0.743,0.744,0.741,0.744,0.740768644702237,0.7430000000000001,0.741,0.744,True,0.00481931963465639,-0.0008642132226379098,0,0.7526947186002007,0.7521840838868756,-12.838734970836981,-12.838734970836981,0.7547178157291607,0.7546391711916625,26.99539674713343,23.181892804926118,0,-1
2023-06-10 10:55:00,2023-06-10 10:59:59,0.743,0.744,0.739,0.745,0.7418843223511186,0.74275,0.739,0.745,True,0.004903653946466648,-0.000675873718483321,0,0.7524394012435381,0.7518984762796274,-10.020322272624,-10.020322272624,0.754598732985587,0.7545333087917454,45.43982383823904,29.70824899886257,0,-1
2023-06-10 11:00:00,2023-06-10 11:04:59,0.744,0.74,0.74,0.744,0.7423171611755592,0.742,0.74,0.744,True,0.004839107236004745,-0.0007807675583066491,0,0.7521689387615828,0.7516057013279198,-11.531812749423437,-11.531812749423437,0.7544733724583672,0.7543886987540166,54.36121112615391,42.26547723717555,0,-2
2023-06-10 11:05:00,2023-06-10 11:09:59,0.741,0.74,0.739,0.742,0.7421585805877796,0.7404999999999999,0.739,0.7421585805877796,True,0.004707742433432978,-0.0007949757753737603,0,0.7518873200447513,0.7512990006278419,-12.539473067289734,-12.539473067289734,0.7543343339264431,0.7542455276221358,49.651416995968646,49.817483986787295,0,-2
2023-06-10 11:10:00,2023-06-10 11:14:59,0.74,0.74,0.738,0.741,0.7413292902938897,0.73975,0.738,0.7413292902938897,True,0.004585760831044908,-0.0007486171216551864,0,0.7515931603362966,0.7509782945835072,-13.211246612533927,-13.211246612533927,0.7541892161759313,0.754103781078632,44.9263038401678,49.64631065409688,0,-2
2023-06-10 11:15:00,2023-06-10 11:19:59,0.74,0.738,0.737,0.741,0.7405396451469448,0.739,0.737,0.741,True,0.004543920771684557,-0.0008011021659358468,0,0.751285727459902,0.7506436166200704,-15.567592603275045,-15.567592603275045,0.7540380796965688,0.7539435444509839,40.14939234033536,44.9090377254907,0,-2
2023-06-10 11:20:00,2023-06-10 11:24:59,0.738,0.736,0.735,0.74,0.7397698225734723,0.73725,0.735,0.74,True,0.004576497859421375,-0.0009138282935210245,0,0.7509646720399862,0.7502882278521497,-18.746966937094577,-18.746966937094577,0.7538710341274487,0.7537650017201283,36.13442110232634,40.40337242760993,0,-2
2023-06-10 11:25:00,2023-06-10 11:29:59,0.736,0.734,0.733,0.737,0.7385099112867362,0.735,0.733,0.7385099112867362,True,0.004535319440891277,-0.001058948987941193,0,0.750626449946068,0.7499035342743037,-22.219688267967655,-22.219688267967655,0.7536832626435935,0.7535683350363459,28.360709923649683,34.881507788770556,0,-2
2023-06-10 11:30:00,2023-06-10 11:34:59,0.734,0.733,0.732,0.737,0.7367549556433681,0.734,0.732,0.737,True,0.004568510909399043,-0.001148197813597619,0,0.7502649921101858,0.7494915471571021,-25.15377173344365,-25.15377173344365,0.7534874092839557,0.753363674986233,20.326262724583803,28.273797916853372,0,-2
2023-06-10 11:35:00,2023-06-10 11:39:59,0.733,0.734,0.729,0.736,0.7353774778216841,0.7330000000000001,0.729,0.736,True,0.004742188701584826,-0.00105829920978537,0,0.749878269633644,0.7490540372507145,-24.500593327435045,-24.500593327435045,0.7532835544652099,0.7531710016032854,13.163867791395978,20.616946813209918,0,-2
2023-06-10 11:40:00,2023-06-10 11:44:59,0.735,0.736,0.734,0.737,0.7341887389108421,0.7355,0.734,0.737,True,0.004617746651471625,-0.0007863133085452183,0,0.7494661534421794,0.7486165875148059,-19.47280176895541,-19.47280176895541,0.7531066036745113,0.7530001458659393,27.930617688045924,20.473582734675333,0,-1
2023-06-10 11:45:00,2023-06-10 11:49:59,0.736,0.736,0.733,0.737,0.7348443694554211,0.7355,0.733,0.737,True,0.004573621890652223,-0.0005446730876220423,0,0.7490413704784927,0.7481821865219391,-16.120940729968986,-16.120940729968986,0.7529314135881978,0.7528309901856812,44.4441509092319,28.512878796224697,0,-1
2023-06-10 11:50:00,2023-06-10 11:54:59,0.735,0.732,0.732,0.736,0.7351721847277106,0.7337499999999999,0.732,0.736,True,0.004532648898462778,-0.0006068978828510417,0,0.748611778500216,0.7477411594176276,-18.641709812627873,-18.641709812627873,0.7527405537514993,0.7526237166514953,54.400147284285914,42.258305293854676,0,-2
2023-06-10 11:55:00,2023-06-10 11:59:59,0.732,0.73,0.73,0.733,0.7344610923638553,0.7312500000000001,0.73,0.7344610923638553,True,0.004423173977144009,-0.0007246532358672819,0,0.7481764689589219,0.7472807887854673,-21.85017218350674,-21.85017218350674,0.7525267173957629,0.7523986050430227,38.57006987912073,45.80478935754628,0,-2
2023-06-10 12:00:00,2023-06-10 12:04:59,0.73,0.731,0.729,0.733,0.7328555461819277,0.73075,0.729,0.733,True,0.004392947264490865,-0.0006661264263363824,0,0.7477286288721947,0.7468049169581887,-21.520617203526907,-21.520617203526907,0.7523100336405812,0.7521856835998085,21.3193895256659,38.09653556302428,0,-1
2023-06-10 12:05:00,2023-06-10 12:09:59,0.732,0.733,0.731,0.733,0.7318027730909639,0.73225,0.731,0.733,True,0.004222022459884375,-0.000426596554711031,0,0.7472667729151917,0.7463303975129852,-16.929664834048282,-16.929664834048282,0.7521104313157994,0.7519947812754323,25.947988626024586,28.612482676937173,0,-1
2023-06-10 12:10:00,2023-06-10 12:14:59,0.732,0.731,0.73,0.733,0.7320263865454819,0.7315,0.73,0.733,True,0.004134735141321206,-0.00035438629504576293,0,0.7467985852140885,0.7458550527181305,-16.428373860261466,-16.428373860261466,0.7519053523972342,0.7517858779791593,38.859451826339274,28.70894332601002,0,-1
2023-06-10 12:15:00,2023-06-10 12:19:59,0.732,0.723,0.72,0.732,0.731763193272741,0.72675,0.72,0.732,True,0.004696539774083978,-0.000804445361391847,0,0.7463268189661094,0.745349729439038,-21.463364716390593,-21.463364716390593,0.7516550503833314,0.7514994513326005,35.397779526516075,33.40173999296008,0,-2
2023-06-10 12:20:00,2023-06-10 12:24:59,0.722,0.634,0.624,0.723,0.7292565966363704,0.67575,0.624,0.7292565966363704,True,0.011432501218792263,-0.007124933135353605,0,0.7458382742025736,0.7444743567068604,-30.122953362145758,-30.122953362145758,0.7508997762501639,0.7503303025631219,17.79373844842758,30.683656600427742,0,-2
2023-06-10 12:25:00,2023-06-10 12:29:59,0.638,0.636,0.6,0.647,0.7025032983181851,0.63025,0.6,0.7025032983181851,True,0.01397303684602139,-0.010705423229799517,0,0.7451563154547169,0.7430014690380834,-35.15858075697163,-35.15858075697163,0.7496992809640927,0.7491926876122451,3.0790185216271006e-14,17.730505991647995,0,-2
2023-06-10 12:30:00,2023-06-10 12:34:59,0.635,0.634,0.63,0.644,0.6663766491590926,0.63575,0.63,0.6663766491590926,True,0.013974962785591292,-0.012610471721118274,0,0.7440788922464001,0.7411059950824728,-38.55783687531129,-38.55783687531129,0.7485654572729077,0.7480464917156059,5.482231382609363,7.758656610345757,0,-2
2023-06-10 12:35:00,2023-06-10 12:39:59,0.634,0.652,0.634,0.654,0.6510633245795463,0.6435,0.634,0.654,True,0.014405322586620486,-0.011954746040892937,0,0.7425924436644364,0.7389439941803199,-33.74670613288206,-33.74670613288206,0.7475200298373563,0.7470908052308735,18.317484895855163,7.933238759488286,0,-2
2023-06-10 12:40:00,2023-06-10 12:44:59,0.653,0.657,0.641,0.659,0.6472816622897731,0.6525000000000001,0.641,0.659,True,0.014662085259004738,-0.010544752831253463,0,0.7407682189223781,0.7366487379353637,-28.83216094686956,-28.83216094686956,0.7465745569036513,0.7461943793081782,39.016365303008776,20.9386938604912,0,-1
2023-06-10 12:45:00,2023-06-10 12:49:59,0.657,0.664,0.654,0.665,0.6498908311448865,0.66,0.654,0.665,True,0.0144005077405044,-0.008556049611468466,0,0.7387084784288709,0.7343157746966392,-23.16364663545516,-23.16364663545516,0.7457131185265005,0.7453765247876989,60.284794632058464,39.2062149436409,0,-1
2023-06-10 12:50:00,2023-06-10 12:54:59,0.663,0.654,0.652,0.665,0.6549454155724432,0.6585000000000001,0.652,0.665,True,0.014300471473325515,-0.007434226595626356,0,0.736512126562755,0.7319588394901879,-21.30999804277121,-21.30999804277121,0.7448453263023562,0.7444673056355825,73.74393817486227,57.681699369976606,0,-1
2023-06-10 12:55:00,2023-06-10 12:59:59,0.655,0.65,0.648,0.657,0.6567227077862217,0.6525000000000001,0.648,0.657,True,0.013921866368087978,-0.006499669648521101,0,0.7342354830264715,0.7295580356862053,-20.80545854515651,-20.80545854515651,0.7439264673341736,0.7435273324451787,78.92610149827144,70.9849447683975,0,-1
2023-06-10 13:00:00,2023-06-10 13:04:59,0.651,0.658,0.645,0.661,0.6546113538931109,0.65375,0.645,0.661,True,0.014070304484653124,-0.0048946767987493,0,0.7318967593563384,0.7271477422234731,-17.216795545227377,-0.0,0.7430291890522415,0.7426763142118933,79.22644635902687,77.29882867738696,0,-1
2023-06-10 13:05:00,2023-06-10 13:09:59,0.658,0.655,0.65,0.658,0.6541806769465555,0.65525,0.65,0.658,True,0.013636711307177902,-0.0036745819230411952,0,0.7295222507899057,0.7247568062572846,-15.61268173670532,-0.0,0.7421557642855525,0.7418039130754566,81.45118001096978,79.86790928942281,0,-1
2023-06-10 13:10:00,2023-06-10 13:14:59,0.656,0.657,0.653,0.659,0.6547153384732778,0.65625,0.653,0.659,True,0.013091231928093767,-0.0024092586798034957,0,0.7271395285235951,0.7224043760111273,-13.602919258720547,-0.0,0.7413009805613182,0.740960093044855,85.11405837059819,81.9305615801984,0,-1
2023-06-10 13:15:00,2023-06-10 13:19:59,0.657,0.655,0.655,0.659,0.6554826692366389,0.6565000000000001,0.655,0.659,True,0.012441858218944212,-0.0014418565744719822,0,0.7247719522673611,0.7201001170282273,-12.956302335721361,-0.0,0.7404571897099618,0.740104768735951,89.19447952574247,85.25323930243694,0,-1
2023-06-10 13:20:00,2023-06-10 13:24:59,0.656,0.658,0.651,0.659,0.6559913346183195,0.656,0.651,0.659,True,0.012124582631876768,-0.0003652927906637009,0,0.7224360346477942,0.7178461627550472,-10.78284618089613,-0.0,0.7396168196630964,0.7392878058629565,93.74620509727568,89.35158099787223,0,-1
2023-06-10 13:25:00,2023-06-10 13:29:59,0.658,0.655,0.655,0.661,0.6559956673091598,0.6572500000000001,0.655,0.661,True,0.01168711244388557,0.0003226796681040575,0,0.7201410987014206,0.715655854586248,-10.67464600856998,-0.0,0.73879724931819,0.7384491212275042,97.53561634041785,93.49210032114546,0,-1
2023-06-10 13:30:00,2023-06-10 13:34:59,0.655,0.651,0.648,0.656,0.65662283365458,0.6525000000000001,0.648,0.65662283365458,True,0.011423747269322316,0.000659429127687787,0,0.7178984766438343,0.7134980932349207,-12.299046025029561,-0.0,0.7379385702204966,0.7375789807177777,97.10466680762015,96.12882941510469,0,-1
2023-06-10 13:35:00,2023-06-10 13:39:59,0.651,0.652,0.649,0.655,0.65456141682729,0.65175,0.649,0.655,True,0.011036336750085007,0.0010957633269562395,0,0.7156982849393775,0.7113756149618523,-12.569650574971668,-0.0,0.7370809725068598,0.7367274485713322,93.62392341843731,96.0880688554919,0,-1
2023-06-10 13:40:00,2023-06-10 13:44:59,0.653,0.651,0.649,0.654,0.653155708413645,0.65175,0.649,0.654,True,0.010605169839364648,0.001437959735381144,0,0.7135369499506149,0.7092954777625627,-13.275220281103358,-0.0,0.7362319081038065,0.7358744391328115,88.22126040425013,92.983283543436,0,-1
2023-06-10 13:45:00,2023-06-10 13:49:59,0.651,0.646,0.645,0.651,0.6524528542068225,0.64825,0.645,0.6524528542068225,True,0.010276229136552888,0.001427295856228701,0,0.7114162138565888,0.7072389342196397,-16.14672530008584,-0.0,0.7353564662321268,0.7349801661066143,73.55838348539784,85.13452243602855,0,-1
2023-06-10 13:50:00,2023-06-10 13:54:59,0.645,0.642,0.636,0.646,0.6503514271034112,0.64225,0.636,0.6503514271034112,True,0.01025649848394197,0.0012552169353453428,0,0.7093275740381143,0.7051739098232757,-19.595471919854415,-19.595471919854415,0.7344300337323046,0.734054990324459,43.96827059505494,68.58263816156777,0,-1
2023-06-10 13:55:00,2023-06-10 13:59:59,0.643,0.64,0.638,0.645,0.6463007135517056,0.6415,0.638,0.6463007135517056,True,0.010023891449374685,0.0011215977644431913,0,0.707250741930695,0.7031112308571964,-22.59564419664586,-22.59564419664586,0.7335053567797444,0.7331191197739668,16.03760027590879,44.521418118787324,0,-1
2023-06-10 14:00:00,2023-06-10 14:04:59,0.641,0.647,0.64,0.648,0.6439003567758528,0.644,0.64,0.648,True,0.009879327774419352,0.0016341549044438866,0,0.7051809863939458,0.7010817032948308,-17.44032275269624,-0.0,0.7326147562147718,0.7322622131095492,16.740420663021766,25.582097177995298,0,-1
2023-06-10 14:05:00,2023-06-10 14:09:59,0.647,0.645,0.643,0.649,0.6439501783879265,0.646,0.643,0.649,True,0.009602232933389397,0.0019216611756494757,0,0.7031313448443883,0.6991059229100878,-15.227016599499386,-0.0,0.7317529178444756,0.731393932382091,46.76837502443288,26.51546532112128,0,-1
2023-06-10 14:10:00,2023-06-10 14:14:59,0.644,0.642,0.641,0.646,0.6449750891939632,0.64325,0.641,0.646,True,0.009273502009575869,0.001979047891464584,0,0.701118633877238,0.697167146086353,-15.49640022045891,-0.0,0.7308722917962719,0.7305044405175927,69.36973666711485,44.29284411818997,0,-1
2023-06-10 14:15:00,2023-06-10 14:19:59,0.643,0.646,0.64,0.647,0.6441125445969815,0.6440000000000001,0.64,0.647,True,0.009111109008891878,0.002361847625221049,0,0.6991428899817955,0.6952759502948613,-11.800823633799915,-0.0,0.7300078908828761,0.7296636003134375,80.54589201948427,65.56133457034413,0,-1
2023-06-10 14:20:00,2023-06-10 14:24:59,0.647,0.644,0.643,0.648,0.6440562722984908,0.6455,0.643,0.648,True,0.008817458365399601,0.0025225652606937037,0,0.6972094201383284,0.6934454825942196,-10.78898060858463,-0.0,0.7291670163467281,0.7288112261809655,83.85127099140648,77.92229989266866,0,-1
2023-06-10 14:25:00,2023-06-10 14:29:59,0.645,0.641,0.64,0.645,0.6447781361492454,0.64275,0.64,0.645,True,0.00854478276787106,0.0024597942248903645,0,0.6953274513662739,0.6916565175771159,-12.131278268792741,-0.0,0.7283071455373079,0.7279374826368763,86.98608030843918,83.79441443977676,0,-1
2023-06-10 14:30:00,2023-06-10 14:34:59,0.641,0.638,0.638,0.642,0.6437640680746227,0.6397499999999999,0.638,0.6437640680746227,True,0.008220155427308841,0.0022513332224492963,0,0.6934919844716949,0.6898919189267573,-14.782057019051969,-0.0,0.727425979910071,0.7270425823121313,76.92601835915796,82.58778988633468,0,-1
2023-06-10 14:35:00,2023-06-10 14:39:59,0.638,0.643,0.636,0.643,0.6417570340373113,0.6400000000000001,0.636,0.643,True,0.008133001468215353,0.0025029344527529966,0,0.691691951699226,0.688160326377492,-11.165960730513063,-0.0,0.7265560696622095,0.7262063377120106,63.19749249112417,75.70319705290724,0,-1
2023-06-10 14:40:00,2023-06-10 14:44:59,0.642,0.644,0.641,0.646,0.6408785170186557,0.64325,0.641,0.646,True,0.007909215649057114,0.0027623114804130253,0,0.689926139038359,0.6864888987863724,-7.813069737715892,-0.0,0.7257271535461677,0.7253883642024384,70.79465486474284,70.30605523834178,0,-1
2023-06-10 14:45:00,2023-06-10 14:49:59,0.643,0.639,0.634,0.645,0.6420642585093279,0.64025,0.634,0.645,True,0.00812998595983875,0.0025991318321744103,0,0.6882075189123656,0.6848557240703015,-9.476500741108282,-0.0,0.7248766346054097,0.7245287784889812,78.70637754283193,70.89950829956643,0,-1
2023-06-10 14:50:00,2023-06-10 14:54:59,0.639,0.644,0.638,0.645,0.641157129254664,0.6415,0.638,0.645,True,0.008049272676993124,0.0028515535959170828,0,0.6865316214913335,0.6832724477564803,-5.9162911627320085,-0.0,0.7240470163506295,0.7237274971109814,91.76150768203958,80.42084669653825,0,-1
2023-06-10 14:55:00,2023-06-10 14:59:59,0.644,0.646,0.643,0.646,0.6413285646273319,0.64475,0.643,0.646,True,0.007688610342922187,0.0031509712895303778,0,0.6849020346239069,0.6817616182211975,-1.9698852693724191,-0.0,0.7232579913123148,0.7229540891795289,91.76150768203958,87.40979763563716,0,2
2023-06-10 15:00:00,2023-06-10 15:04:59,0.646,0.646,0.643,0.647,0.6430392823136659,0.6455,0.643,0.647,True,0.007425138175570603,0.0033250427470046043,0,0.6833318264225522,0.6803233382390713,0.6610519928673071,0.0,0.7224842799559734,0.7221883768493843,99.32660427117393,94.2832065450845,0,2
2023-06-10 15:05:00,2023-06-10 15:09:59,0.645,0.642,0.64,0.647,0.6442696411568329,0.6435,0.64,0.647,True,0.007394771163029846,0.0031305442169872674,0,0.6818275823308118,0.6789383230336644,-1.6457312553945798,-0.0,0.7216983667225807,0.7213904825523755,94.73953255304743,95.2758815020871,0,2
2023-06-10 15:10:00,2023-06-10 15:14:59,0.643,0.647,0.641,0.648,0.6438848205784165,0.64475,0.641,0.648,True,0.007366573222813429,0.003318518258907714,0,0.680382952682238,0.6776133225681131,1.4349974942236159,0.0,0.7209327113323063,0.7206502787458842,94.73953255304743,96.26855645908972,0,2
2023-06-10 15:15:00,2023-06-10 15:19:59,0.647,0.642,0.642,0.648,0.6443174102892082,0.64475,0.642,0.648,True,0.0072689608497553265,0.0030542006013596305,0,0.6789981376251756,0.6763446630415942,-0.8908449375422478,-0.0,0.7201746744036266,0.7198676889076167,94.73953255304743,94.73953255304754,0,2
2023-06-10 15:20:00,2023-06-10 15:24:59,0.642,0.648,0.641,0.649,0.6445337051446041,0.645,0.641,0.649,True,0.007321177931915661,0.003258629102165407,0,0.6776714003333849,0.6751307807519913,2.136564884889431,0.0,0.7194266676931428,0.7191525875254513,100.00000000000007,96.49302170203175,0,2
2023-06-10 15:25:00,2023-06-10 15:29:59,0.648,0.649,0.647,0.651,0.644766852572302,0.64875,0.647,0.651,True,0.0070839509367788284,0.003408760567597785,0,0.676401090542688,0.673994082477659,4.811557621696096,4.811557621696096,0.7187234172683354,0.7184545518286807,100.00000000000007,98.24651085101597,0,2
2023-06-10 15:30:00,2023-06-10 15:34:59,0.648,0.645,0.644,0.649,0.646758426286151,0.6465000000000001,0.644,0.649,True,0.006935097298437484,0.003168624274867171,0,0.6751975865101735,0.6729105132875575,2.8956165522841744,0.0,0.7180047763004913,0.7177236607657087,94.61481171363994,98.20493723788015,0,2
2023-06-10 15:35:00,2023-06-10 15:39:59,0.646,0.644,0.643,0.646,0.6466292131430755,0.64475,0.643,0.6466292131430755,True,0.006654018919977664,0.0028874905805735193,0,0.6740540498988654,0.6718642005750243,0.76071919533657,0.0,0.7172758730537202,0.7169900920018708,85.23804740918695,93.28428637427578,0,2
2023-06-10 15:40:00,2023-06-10 15:44:59,0.645,0.643,0.642,0.646,0.6456896065715378,0.644,0.642,0.646,True,0.006464446139979259,0.0025877588699428633,0,0.6729591252369448,0.6708492531696164,-1.5799744709662846,-0.0,0.7165467598890066,0.7162538721809567,73.9116746629786,84.58817792860197,0,1
2023-06-10 15:45:00,2023-06-10 15:49:59,0.643,0.641,0.641,0.644,0.644844803285769,0.64225,0.641,0.644844803285769,True,0.006216985701409312,0.0022166639735210717,0,0.6719041892032805,0.669853956648586,-4.954213032746274,-0.0,0.7158074886463299,0.7155050774328875,60.91402600864769,73.35458269360454,0,1
2023-06-10 15:50:00,2023-06-10 15:54:59,0.641,0.638,0.638,0.643,0.6435474016428845,0.6399999999999999,0.638,0.6435474016428845,True,0.006130058151308647,0.0017439015246172047,0,0.6708790729259333,0.668865522806824,-9.539327816960622,-0.0,0.7150531852767147,0.7147338826325602,46.052232426680824,60.29264436610251,0,1
2023-06-10 15:55:00,2023-06-10 15:59:59,0.638,0.638,0.636,0.64,0.6417737008214421,0.638,0.636,0.6417737008214421,True,0.005977911140500887,0.001429501059447948,0,0.6698722978663786,0.6678755515811018,-12.596071006436851,-0.0,0.7142864869157524,0.7139703614123357,24.04527183955585,43.67051009162825,0,1
2023-06-10 16:00:00,2023-06-10 16:04:59,0.638,0.636,0.632,0.64,0.6398868504107211,0.6365000000000001,0.632,0.64,True,0.0061223460590365385,0.0010921256674077291,0,0.6688739247237402,0.6668808706223867,-16.19216882779108,-0.0,0.7135124920210683,0.7131945369206707,9.094775446913546,26.397426571050207,0,1
2023-06-10 16:05:00,2023-06-10 16:09:59,0.636,0.634,0.63,0.637,0.6381934252053606,0.63425,0.63,0.6381934252053606,True,0.006185035626248214,0.0007532606860986141,0,0.6678773976730634,0.6658738688341538,-19.938318049489524,-19.938318049489524,0.7127238105084208,0.7124065315781765,6.868579779014301e-14,11.04668242882329,0,1
2023-06-10 16:10:00,2023-06-10 16:14:59,0.634,0.638,0.631,0.639,0.6362217126026803,0.6355,0.631,0.639,True,0.006314675938659056,0.0008388457438906483,0,0.6668756332536085,0.6648726522027034,-15.536047830064938,-0.0,0.7119554143839589,0.7116661680798861,5.765645243676398,4.9534735635301415,0,2
2023-06-10 16:15:00,2023-06-10 16:19:59,0.638,0.633,0.632,0.638,0.6358608563013401,0.63525,0.632,0.638,True,0.006292199085897696,0.0005764957496841479,0,0.6658741427281559,0.6638811444108569,-16.729266984983347,-0.0,0.7111921764298896,0.7108834201387928,10.979975385537168,5.581873543071349,0,1
2023-06-10 16:20:00,2023-06-10 16:24:59,0.634,0.631,0.63,0.635,0.6355554281506701,0.6325000000000001,0.63,0.6355554281506701,True,0.006199899151190719,0.0003057471407829672,0,0.6648776435695064,0.6628852153300662,-18.76824853963799,-18.76824853963799,0.710409169699244,0.7100885602369142,10.979975385537168,9.241865338250383,0,1
2023-06-10 16:25:00,2023-06-10 16:29:59,0.631,0.633,0.63,0.635,0.6340277140753351,0.63225,0.63,0.635,True,0.006114192068962811,0.0003155111656531172,0,0.6638814294497863,0.6618909232041602,-17.053516172194904,-17.053516172194904,0.7096314665181569,0.7093215098862982,5.214330141860839,9.058093637645195,0,1
2023-06-10 16:30:00,2023-06-10 16:34:59,0.633,0.629,0.629,0.634,0.6331388570376675,0.63125,0.629,0.634,True,0.006034606921179754,9.425311888879538e-05,0,0.6628861763269733,0.6608978807022606,-18.73594103107865,-18.73594103107865,0.708851551428424,0.7085222908824544,6.868579779014301e-14,5.398101842466162,0,1
2023-06-10 16:35:00,2023-06-10 16:39:59,0.63,0.631,0.629,0.633,0.6321944285188337,0.63075,0.629,0.633,True,0.0058892778553812,0.00014484095424666457,0,0.6618920285146169,0.6599092048340257,-16.90941364990764,-16.90941364990764,0.7080744215634646,0.707750924804022,6.868579779014301e-14,1.7381100472871294,0,2
2023-06-10 16:40:00,2023-06-10 16:44:59,0.632,0.634,0.631,0.634,0.6314722142594169,0.63275,0.631,0.634,True,0.005682900865711114,0.0004372491371862821,0,0.6609006166743213,0.6589444723419915,-11.878084053746022,-0.0,0.7073249248314898,0.7070170847562208,13.817483539389059,4.605827846463202,0,2
2023-06-10 16:45:00,2023-06-10 16:49:59,0.633,0.632,0.631,0.634,0.6321111071297085,0.6325000000000001,0.631,0.634,True,0.005491265089588892,0.0005293020278390893,0,0.6599225445081565,0.6580034944634123,-10.554093483789359,-0.0,0.7065803982162511,0.70627064610193,27.757773214642583,13.858418918010708,0,2
2023-06-10 16:50:00,2023-06-10 16:54:59,0.632,0.634,0.631,0.635,0.6323055535648543,0.633,0.631,0.635,True,0.005384746154618258,0.0007611076494856601,0,0.6589630194857844,0.6570911053997391,-7.129235056025379,-0.0,0.7058482549504177,0.7055515351954431,49.10353322021402,30.22626332474869,0,2
2023-06-10 16:55:00,2023-06-10 16:59:59,0.634,0.635,0.632,0.635,0.6326527767824272,0.6340000000000001,0.632,0.635,True,0.005214407143574096,0.0010030460372198492,0,0.6580270624427618,0.6562143455338301,-3.6185672234786637,-0.0,0.7051333469409609,0.7048495298701153,68.61938301415836,48.493563149671786,0,2
2023-06-10 17:00:00,2023-06-10 17:04:59,0.635,0.634,0.632,0.635,0.6333263883912137,0.6340000000000001,0.632,0.635,True,0.005056235204747375,0.001101892545232944,0,0.6571207039882959,0.6553716522909697,-2.716151606959137,-0.0,0.7044255524440359,0.7041445594236465,88.01242667223816,68.57844763553697,0,2
2023-06-10 17:05:00,2023-06-10 17:09:59,0.633,0.634,0.632,0.635,0.6336631941956069,0.6335,0.632,0.635,True,0.004909361261551135,0.0011705601864948033,0,0.6562461781396328,0.6545581311801005,-2.114541195946117,-0.0,0.7037198255540456,0.7034466036084859,96.83757735055997,84.48979567898563,0,2
2023-06-10 17:10:00,2023-06-10 17:14:59,0.633,0.635,0.633,0.635,0.6335815970978034,0.634,0.633,0.635,True,0.0047015497428689115,0.0012832935395041354,0,0.6554021546598666,0.6537765896456076,0.05496586140000659,0.0,0.7030260959465426,0.7027655428760631,96.83757735055997,93.89586045778617,0,2
2023-06-10 17:15:00,2023-06-10 17:19:59,0.634,0.631,0.63,0.635,0.6337907985489017,0.6325000000000001,0.63,0.635,True,0.004722867618378275,0.0010745029106436002,0,0.654589372152737,0.6530152964673662,-4.54401969346474,-0.0,0.7023243437480696,0.7020514578723211,87.5285514301353,93.73456871041854,0,1
2023-06-10 17:20:00,2023-06-10 17:24:59,0.631,0.631,0.63,0.632,0.6331453992744509,0.631,0.63,0.6331453992744509,True,0.004528377074208398,0.0009397428818853247,0,0.6538023343100516,0.6522648766480142,-7.610010063374567,-0.0,0.7016146487854023,0.7013444781919995,72.92484749841029,85.76365875970198,0,1
2023-06-10 17:25:00,2023-06-10 17:29:59,0.631,0.63,0.63,0.634,0.6320726996372255,0.63125,0.63,0.634,True,0.004490635854622084,0.0007887906499423857,0,0.6530336054790329,0.6515298814444557,-10.949228678301836,-0.0,0.7009145030263435,0.7006345828866065,58.112766897168946,72.85538860857164,0,1
2023-06-10 17:30:00,2023-06-10 17:34:59,0.63,0.634,0.63,0.634,0.6316613498186128,0.632,0.63,0.634,True,0.0044555904364347925,0.0009757164314971615,0,0.6522817434617443,0.650817218795723,-5.518256125234245,-0.0,0.7002287865783202,0.6999715522111178,61.59989233699789,64.2125022441925,0,2
2023-06-10 17:35:00,2023-06-10 17:39:59,0.633,0.633,0.632,0.634,0.6318306749093063,0.633,0.632,0.634,True,0.004280191119546593,0.001028247956596286,0,0.6515494811287336,0.6501338894115871,-3.603640158609359,-0.0,0.6995598434282871,0.6993051686070271,79.36601891816298,66.35955938411007,0,2
2023-06-10 17:40:00,2023-06-10 17:44:59,0.634,0.635,0.633,0.635,0.6324153374546532,0.63425,0.633,0.635,True,0.004117320325293265,0.0011955664360573173,0,0.6508416852701603,0.6494869190085601,0.6863573557861002,0.0,0.6989099942399459,0.6986653161830766,94.17809951940433,78.3813369248552,0,2
2023-06-10 17:45:00,2023-06-10 17:49:59,0.635,0.636,0.634,0.637,0.6333326687273266,0.6355,0.634,0.637,True,0.004037511730629461,0.0013590625633650268,0,0.6501643021393602,0.6488815895213841,4.880669944442587,4.880669944442587,0.698279049023628,0.6980417806986678,100.00000000000006,91.18137281252258,0,2
2023-06-10 17:50:00,2023-06-10 17:54:59,0.637,0.634,0.634,0.638,0.6344163343636633,0.6357499999999999,0.634,0.638,True,0.004034832321298786,0.0013048136171755912,0,0.6495229458303721,0.6483149126899959,3.6520902166481974,3.6520902166481974,0.6976568694313531,0.6974045490499249,100.00000000000006,98.05936650646828,0,2
2023-06-10 17:55:00,2023-06-10 17:59:59,0.634,0.636,0.634,0.637,0.6350831671818316,0.63525,0.634,0.637,True,0.0039609157269203015,0.0013843768886156911,0,0.6489189292601839,0.6477791248403094,5.864422410139873,5.864422410139873,0.6970359055564143,0.6967935585121147,96.89641877644088,98.96547292548047,0,2
2023-06-10 18:00:00,2023-06-10 18:04:59,0.636,0.635,0.635,0.637,0.6351665835909157,0.63575,0.635,0.637,True,0.003820850317854566,0.001338907133652781,0,0.6483490270502467,0.6472747627093192,5.318438549090118,5.318438549090118,0.6964260955508778,0.6961786972333871,96.89641877644088,97.93094585096075,0,2
2023-06-10 18:05:00,2023-06-10 18:09:59,0.636,0.636,0.635,0.636,0.6354582917954579,0.63575,0.635,0.636,True,0.003619361009436383,0.0013495980850934267,0,0.647811894879783,0.6467986027282526,6.597373948022167,6.597373948022167,0.6958223533065904,0.6955799042260897,96.89641877644088,96.89641877644102,0,2
2023-06-10 18:10:00,2023-06-10 18:14:59,0.635,0.637,0.635,0.638,0.635604145897729,0.63625,0.635,0.638,True,0.003575120937333784,0.0013939152250827987,0,0.6473052488040179,0.6463513439937371,9.007916901945947,9.007916901945947,0.6952295935721964,0.6949970196069246,100.00000000000006,97.93094585096075,0,2
2023-06-10 18:15:00,2023-06-10 18:19:59,0.636,0.639,0.636,0.64,0.6359270729488644,0.63775,0.636,0.64,True,0.003605469441809943,0.001524278624811784,0,0.6468282963988775,0.6459401996796418,13.212697782367691,13.212697782367691,0.6946576573177466,0.6944398353322289,100.00000000000006,98.96547292548047,0,2
2023-06-10 18:20:00,2023-06-10 18:24:59,0.639,0.637,0.635,0.639,0.6368385364744322,0.6375,0.635,0.639,True,0.003633650195966376,0.0014276461824829067,0,0.6463842480392596,0.6455585941240872,11.111359253777458,11.111359253777458,0.6940889244091123,0.6938682946821569,98.53262755044112,99.51087585014722,0,1
2023-06-10 18:25:00,2023-06-10 18:29:59,0.637,0.637,0.636,0.639,0.6371692682372161,0.6372500000000001,0.636,0.639,True,0.0035883894676830637,0.0013234045850955543,0,0.6459714210816735,0.6452011475949347,9.710466901383967,9.710466901383967,0.6935233629722057,0.6933024410037275,95.54699220716945,98.02653991920369,0,1
2023-06-10 18:30:00,2023-06-10 18:34:59,0.638,0.637,0.636,0.638,0.6372096341186081,0.63725,0.636,0.638,True,0.0034749330771342737,0.0012167630104670912,0,0.6455862843383041,0.6448651741004909,8.776538666454975,8.776538666454975,0.6929634290122832,0.6927422177101581,92.43835373028536,95.50599116263213,0,1
2023-06-10 18:35:00,2023-06-10 18:39:59,0.637,0.64,0.637,0.641,0.637229817059304,0.63875,0.637,0.641,True,0.0035124378573389687,0.00131708550000896,0,0.6452257292193976,0.6445587032079495,13.144813105710249,13.144813105710249,0.6924239919076834,0.6922174195239874,93.9057261798443,93.96369070576651,1,2
2023-06-10 18:40:00,2023-06-10 18:44:59,0.639,0.644,0.638,0.645,0.6379899085296521,0.6415,0.638,0.645,True,0.003761549438957614,0.0016131334025289651,0,0.6448922162136735,0.6442964305621376,19.405950768175686,19.405950768175686,0.6919172855205423,0.6917376442053408,96.89136152311596,94.41181381108201,0,2
2023-06-10 18:45:00,2023-06-10 18:49:59,0.645,0.644,0.642,0.645,0.639744954264826,0.644,0.642,0.645,True,0.0037071530504606417,0.0017455124280162776,0,0.6445943233879056,0.6440879076347341,23.580042543152643,23.580042543152643,0.6914404966098902,0.6912626427704618,100.00000000000006,96.93236256765357,0,2
2023-06-10 18:50:00,2023-06-10 18:54:59,0.644,0.646,0.643,0.646,0.641872477132413,0.64475,0.643,0.646,True,0.0036566421182848813,0.0019004240070809569,0,0.6443411155113199,0.6439282787252708,27.59537530915948,27.59537530915948,0.6909759145540704,0.6908122682155318,100.00000000000006,98.96378717437216,0,2
2023-06-10 18:55:00,2023-06-10 18:59:59,0.645,0.645,0.644,0.646,0.6433112385662065,0.645,0.644,0.646,True,0.00353831053840739,0.0018541313392645517,0,0.6441346971182954,0.6438099549099282,27.151297674772508,27.151297674772508,0.6905184427674627,0.6903564247507006,100.00000000000006,100.00000000000018,0,2
2023-06-10 19:00:00,2023-06-10 19:04:59,0.645,0.644,0.643,0.646,0.6441556192831033,0.6445000000000001,0.643,0.646,True,0.003499859785664005,0.001676805259628863,0,0.6439723260141119,0.6437215321811427,23.906524633379377,23.906524633379377,0.6900605478145526,0.6898951667929821,96.69494663701205,98.89831554567085,0,1
2023-06-10 19:05:00,2023-06-10 19:09:59,0.643,0.644,0.643,0.645,0.6443278096415517,0.64375,0.643,0.645,True,0.003392726943830862,0.0014885574344421278,0,0.6438469290976273,0.6436521116644409,21.74334260578395,21.74334260578395,0.6895997463437611,0.6894384984666838,87.95719510737534,94.88404724812928,0,1
2023-06-10 19:10:00,2023-06-10 19:14:59,0.645,0.644,0.641,0.645,0.6440389048207759,0.64375,0.641,0.645,True,0.0034361035907000863,0.0012992700117369345,0,0.6437495203810342,0.6435981280215183,20.301221254053672,20.301221254053672,0.6891435299622312,0.6889863741038312,79.21944357773862,87.95719510737547,0,1
2023-06-10 19:15:00,2023-06-10 19:19:59,0.643,0.643,0.641,0.644,0.643894452410388,0.64275,0.641,0.644,True,0.003404953334221509,0.0010471163906567538,0,0.6436738242012763,0.6435498072596186,15.587557978149022,15.587557978149022,0.6886819027984279,0.6885287982421016,65.50294375200983,77.55986081237474,0,1
2023-06-10 19:20:00,2023-06-10 19:24:59,0.643,0.642,0.64,0.644,0.6433222262051941,0.6422500000000001,0.64,0.644,True,0.0034474566674914013,0.0007639294530583731,0,0.6436118157304475,0.6435028459238545,9.320341314475485,9.320341314475485,0.688219893815359,0.6880658251252647,50.46897559320738,65.06378764098541,0,1
2023-06-10 19:25:00,2023-06-10 19:29:59,0.642,0.641,0.641,0.643,0.6427861131025971,0.64175,0.641,0.643,True,0.0033440669055277298,0.00047214581013702104,0,0.643557330827151,0.64345384654682,2.5396749291034695,0.0,0.687757506812221,0.6875975084573517,31.326667486055552,49.099528943757726,0,1
2023-06-10 19:30:00,2023-06-10 19:34:59,0.642,0.642,0.639,0.642,0.6422680565512986,0.64125,0.639,0.6422680565512986,True,0.003319490697990035,0.0003242766309908391,0,0.6435055886869856,0.6434001482616637,1.4129140202761192,0.0,0.6872947455504079,0.6871438019055373,16.413308912122375,32.73631733046191,0,1
2023-06-10 19:35:00,2023-06-10 19:39:59,0.641,0.642,0.641,0.643,0.6417590282756493,0.64175,0.641,0.643,True,0.0032252413624193183,0.00020699072278423762,0,0.6434528684743247,0.6433465494521724,0.6617400810578857,0.0,0.6868415640026426,0.6866946098467757,11.49636883898755,19.745448412388633,0,1
2023-06-10 19:40:00,2023-06-10 19:44:59,0.642,0.643,0.641,0.644,0.6417545141378247,0.6425000000000001,0.641,0.644,True,0.0032091526936750816,0.00018297721791635658,0,0.6433997089632486,0.643298542503004,3.443798240662332,0.0,0.6864003544105766,0.6862598376094943,14.31002680742373,14.073234852844692,0,1
2023-06-10 19:45:00,2023-06-10 19:49:59,0.644,0.642,0.641,0.644,0.6421272570689124,0.64275,0.641,0.644,True,0.003194213215555433,8.290373898825259e-05,0,0.6433491257331263,0.6432569827093843,1.5886308794403448,0.0,0.6859660225258942,0.68581944121537,22.773760991686107,16.1933855460326,0,1
2023-06-10 19:50:00,2023-06-10 19:54:59,0.642,0.644,0.641,0.645,0.6424386285344562,0.643,0.641,0.645,True,0.0032517694144443307,0.00014372718610691044,0,0.6433030542212553,0.643222499216916,5.765771913435103,5.765771913435103,0.6855384999136963,0.6854033273724309,29.62727422412682,22.23702067441236,0,1
2023-06-10 19:55:00,2023-06-10 19:59:59,0.644,0.644,0.642,0.645,0.6427193142672281,0.64375,0.642,0.645,True,0.0032337858848411646,0.00016846705891159744,0,0.6432627767190857,0.6431989693371379,8.550532602764946,8.550532602764946,0.6851226939444058,0.6849913539657401,37.63224767541508,30.01109429707614,0,1
2023-06-10 20:00:00,2023-06-10 20:04:59,0.643,0.642,0.641,0.644,0.643234657133614,0.6425000000000001,0.641,0.644,True,0.003217086893066796,3.1349121121322134e-05,0,0.6432308730281119,0.6431756484243306,3.786938576210943,0.0,0.6846985875369989,0.6845635792994142,31.177641237868926,32.81238771247042,0,1
2023-06-10 20:05:00,2023-06-10 20:09:59,0.642,0.641,0.641,0.643,0.6428673285668071,0.64175,0.641,0.643,True,0.0031301521149905967,-0.00013573828414232755,0,0.6432032607262212,0.6431475062413531,-1.7008780689047498,-0.0,0.6842712384072774,0.6841301108486738,19.67945443366887,29.496447782317762,0,1
2023-06-10 20:10:00,2023-06-10 20:14:59,0.642,0.642,0.64,0.642,0.6423086642834035,0.6415,0.64,0.6423086642834035,True,0.00304942696391984,-0.0001773355133905946,0,0.6431753834837872,0.6431140460579018,-2.052357420720277,-0.0,0.6838456539455134,0.6837109057656025,3.40754931739964,18.08821499631262,0,1
2023-06-10 20:15:00,2023-06-10 20:19:59,0.641,0.64,0.638,0.642,0.6419043321417017,0.64025,0.638,0.642,True,0.0031173250379255657,-0.00034135662995352653,0,0.6431447147708446,0.6430680522183894,-6.622326725753098,-6.622326725753098,0.6834118663440656,0.6832759713798751,5.565918096787451e-14,7.695667917022995,0,1
2023-06-10 20:20:00,2023-06-10 20:24:59,0.64,0.639,0.638,0.641,0.6410771660708509,0.6395,0.638,0.6410771660708509,True,0.0031089446780737397,-0.0005080355784203672,0,0.643106383494617,0.6430073603123693,-11.286912080851813,-11.286912080851813,0.6829749323505923,0.682835414450722,5.565918096787451e-14,1.1358497724667234,0,1
2023-06-10 20:25:00,2023-06-10 20:29:59,0.639,0.639,0.639,0.64,0.6402885830354255,0.63925,0.639,0.6402885830354255,True,0.002958305772497044,-0.0005995484775365014,0,0.6430568719034931,0.6429337976603748,-14.396635650917624,-14.396635650917624,0.682539858396855,0.6823992411726054,5.565918096787451e-14,1.9530056584294976e-13,0,1
2023-06-10 20:30:00,2023-06-10 20:34:59,0.639,0.641,0.639,0.642,0.6397692915177127,0.64025,0.639,0.642,True,0.0029612839316043977,-0.0005002337705365064,0,0.642995334781934,0.6428574675610491,-9.645446350199848,-9.645446350199848,0.6821190637859411,0.6819873084246193,8.046631897712794,2.6822106325711084,0,1
2023-06-10 20:35:00,2023-06-10 20:39:59,0.642,0.639,0.638,0.642,0.6400096457588563,0.64025,0.638,0.642,True,0.003035477936489798,-0.0005554712082712585,0,0.6429264011714916,0.6427794823366327,-10.767467956182358,-10.767467956182358,0.681702456186081,0.681559574012434,16.093263795425525,8.046631897712933,-1,1
2023-06-10 20:40:00,2023-06-10 20:44:59,0.639,0.639,0.638,0.64,0.6401298228794281,0.639,0.638,0.6401298228794281,True,0.002961515226740527,-0.0005701015416287943,0,0.6428529417540622,0.6426921527528358,-11.5154823601707,-11.5154823601707,0.681277556124528,0.6811360956640516,16.093263795425525,13.411053162854756,0,1
2023-06-10 20:45:00,2023-06-10 20:49:59,0.639,0.638,0.638,0.64,0.6385000000000001,0.63875,0.638,0.64,True,0.0028928355676876324,-0.0006254619173661494,0,0.642772547253449,0.642596350197134,-13.946363519071383,-13.946363519071383,0.6808543963620949,0.6807068807818223,8.046631897712784,13.411053162854754,0,1
2023-06-10 20:50:00,2023-06-10 20:54:59,0.638,0.638,0.638,0.64,0.638625,0.6385000000000001,0.638,0.64,True,0.0028290615985670877,-0.0006350773535643175,0,0.6426844487252915,0.6424928188526131,-15.566950958338502,-15.566950958338502,0.6804329595823726,0.6802819366944409,5.565918096787451e-14,8.046631897712931,0,1
2023-06-10 20:55:00,2023-06-10 20:59:59,0.638,0.638,0.636,0.64,0.6385625,0.638,0.636,0.64,True,0.002912700055812296,-0.0006136487115478675,0,0.6425886337889524,0.6423804823816945,-16.64734258451658,-16.64734258451658,0.6800107410790655,0.6798612209064365,5.565918096787451e-14,2.682210632571108,0,1
2023-06-10 21:00:00,2023-06-10 21:04:59,0.637,0.638,0.637,0.64,0.63828125,0.638,0.637,0.64,True,0.002918935766111418,-0.0005721093494837711,0,0.6424845580853235,0.6422619843204966,-17.367603668635297,-17.367603668635297,0.6795927237548957,0.6794446913451785,6.421468127260319e-14,2.0140905348342642e-13,0,1
2023-06-10 21:05:00,2023-06-10 21:09:59,0.639,0.638,0.638,0.641,0.638140625,0.639,0.638,0.641,True,0.002924726068532031,-0.0005184987677763944,0,0.64237327120291,0.642146309282123,-17.84777772471444,-17.84777772471444,0.6791888160558419,0.6790323063566692,11.751814488937534,3.917271496312694,0,1
2023-06-10 21:10:00,2023-06-10 21:14:59,0.639,0.638,0.636,0.64,0.6385703125,0.6382500000000001,0.636,0.64,True,0.0030015313493511717,-0.00045864425015131104,0,0.6422597902425164,0.642028504685653,-18.16789376210054,-18.16789376210054,0.6787814646523012,0.678624024701379,18.814659146383136,10.188824545107055,0,1
2023-06-10 21:15:00,2023-06-10 21:19:59,0.638,0.64,0.638,0.641,0.63841015625,0.63925,0.638,0.641,True,0.0030014219672546594,-0.00025954851842194856,0,0.6421441474640847,0.6419166928013951,-7.293058082184949,-7.293058082184949,0.6783881167453131,0.6782397060476338,40.871050342869445,23.81250799273018,0,2
2023-06-10 21:20:00,2023-06-10 21:24:59,0.641,0.64,0.638,0.641,0.638830078125,0.64,0.638,0.641,True,0.003001320398165041,-0.00011608717578453424,0,0.6420304201327398,0.6418155119676388,-0.043167628907887945,-0.0,0.6780061454344144,0.6778592114600952,62.452569187265304,40.71275955883944,0,2
2023-06-10 21:25:00,2023-06-10 21:29:59,0.641,0.64,0.639,0.642,0.6394150390625,0.6405000000000001,0.639,0.642,True,0.0030012260840103955,-1.4846760211945586e-05,0,0.6419229660501893,0.6417268257745603,4.790092673276824,0.0,0.677632949957455,0.677482502888353,88.72305786315303,64.01555913109607,0,2
2023-06-10 21:30:00,2023-06-10 21:34:59,0.641,0.642,0.639,0.642,0.63995751953125,0.641,0.639,0.642,True,0.0030011385065810818,0.0001917181422411614,0,0.6418248959123748,0.6416520157132889,13.404861663911156,13.404861663911156,0.6772684429927043,0.6771294431581206,100.00000000000004,83.72520901680628,0,2
2023-06-10 21:35:00,2023-06-10 21:39:59,0.642,0.641,0.64,0.643,0.640478759765625,0.6415,0.64,0.643,True,0.0030010571846824335,0.0002510769121962501,0,0.6417384558128318,0.6415920742364849,13.382364068845753,13.382364068845753,0.6769125380873042,0.6767699462112736,100.00000000000004,96.24101928771785,0,2
2023-06-10 21:40:00,2023-06-10 21:44:59,0.641,0.642,0.639,0.642,0.6409893798828125,0.641,0.639,0.642,True,0.0030009816714908315,0.00034933025920424874,0,0.6416652650246584,0.6415408196313409,15.869188045711667,15.869188045711667,0.6765551993998684,0.6764239765972311,94.86707131141759,98.2890237704727,1,2
2023-06-10 21:45:00,2023-06-10 21:49:59,0.642,0.642,0.64,0.643,0.6409946899414063,0.64175,0.64,0.643,True,0.0030009115520986296,0.00039917700247498074,0,0.6416030423279996,0.6415019017200434,17.52707069695562,17.52707069695562,0.6762088790078299,0.6760814494669104,94.86707131141759,96.5780475409452,0,2
2023-06-10 21:50:00,2023-06-10 21:54:59,0.642,0.642,0.641,0.644,0.6413723449707032,0.64225,0.641,0.644,True,0.003000846441234442,0.00041483765999496123,0,0.6415524720240214,0.6414763941245618,18.632325797784915,18.632325797784915,0.6758709797142196,0.6757423305667422,94.86707131141759,94.86707131141772,0,2
2023-06-10 21:55:00,2023-06-10 21:59:59,0.643,0.647,0.642,0.647,0.6418111724853516,0.6447499999999999,0.642,0.647,True,0.0031436431240034106,0.0007498726918838116,1,0.6415144330742916,0.6414787722329249,25.57795630986878,25.57795630986878,0.6755613182245259,0.6754563372277695,100.00000000000004,96.5780475409452,0,2
2023-06-10 22:00:00,2023-06-10 22:04:59,0.647,0.647,0.644,0.648,0.6432805862426758,0.6465000000000001,0.644,0.648,True,0.0032048114722888813,0.0009322692195787398,0,0.6414966026536082,0.6415150954967448,30.208376651258035,30.208376651258035,0.6752721508790083,0.6751731895936623,100.00000000000004,98.2890237704727,0,2
2023-06-10 22:05:00,2023-06-10 22:09:59,0.648,0.644,0.643,0.648,0.6448902931213379,0.64575,0.643,0.648,True,0.003333039224268247,0.0008005546919398113,0,0.6415058490751765,0.6415727490063612,22.688811208157915,22.688811208157915,0.6749783981339436,0.6748630086026807,95.72379407206593,98.57459802402214,0,1
2023-06-10 22:10:00,2023-06-10 22:14:59,0.644,0.644,0.643,0.646,0.645320146560669,0.64425,0.643,0.646,True,0.0033092507082490867,0.000676078722514599,0,0.6415392990407688,0.6416365088089143,17.6757675794245,17.6757675794245,0.6746726429286307,0.6745559139897187,82.7189052870861,92.81423311971749,0,1
2023-06-10 22:15:00,2023-06-10 22:19:59,0.645,0.647,0.644,0.648,0.6447850732803345,0.646,0.644,0.648,True,0.003358589943374152,0.0007664819032761495,0,0.6415879039248414,0.6417166455398512,19.11484231238849,19.11484231238849,0.6743873429989926,0.674281725790816,74.68865243956607,84.3771172662395,0,2
2023-06-10 22:20:00,2023-06-10 22:24:59,0.647,0.646,0.645,0.648,0.6453925366401673,0.6465000000000001,0.645,0.648,True,0.0033329763759902846,0.000716215000935118,0,0.6416522747323463,0.6418125566502125,17.211070300005147,17.211070300005147,0.6741098569990026,0.6740003155839422,70.67747977688383,76.02834583451214,0,1
2023-06-10 22:25:00,2023-06-10 22:29:59,0.647,0.645,0.645,0.647,0.6459462683200836,0.646,0.645,0.647,True,0.0032377637777052646,0.0005760881343570214,0,0.6417324156912794,0.6419167984564818,13.294986974709985,13.294986974709985,0.6738301569293608,0.6737117552298731,70.06018372579639,71.80877198074889,0,1
2023-06-10 22:30:00,2023-06-10 22:34:59,0.646,0.645,0.644,0.646,0.6459731341600419,0.64525,0.644,0.646,True,0.003149352079297746,0.00045178633693596136,0,0.6418246070738806,0.6420217380709786,10.684264757846549,0.0,0.6735457772584219,0.6734260661231083,56.449278717388154,65.72898074002292,0,1
2023-06-10 22:35:00,2023-06-10 22:39:59,0.644,0.646,0.644,0.648,0.6456115670800209,0.6455000000000001,0.644,0.648,True,0.003210112645062193,0.00041113064641835656,0,0.6419231725724296,0.6421282223433116,11.212081028147573,11.212081028147573,0.6732667147981392,0.6731531699427789,42.696563649527015,56.40200869757066,0,1
2023-06-10 22:40:00,2023-06-10 22:44:59,0.647,0.647,0.645,0.648,0.6455557835400105,0.64675,0.645,0.648,True,0.0031951045989863226,0.00042570884843394583,0,0.6420256974578706,0.6422437684696025,13.512719938938979,13.512719938938979,0.6730028668897,0.6728929393960845,41.05551070647451,46.73378435779669,0,2
2023-06-10 22:45:00,2023-06-10 22:49:59,0.648,0.647,0.646,0.648,0.6461528917700052,0.64725,0.646,0.648,True,0.003109739984773014,0.0004060764578605609,0,0.6421347329637366,0.6423690868196696,15.046479212799923,15.046479212799923,0.6727466194579617,0.6726352982080638,49.9349316244305,44.5623353268108,0,1
2023-06-10 22:50:00,2023-06-10 22:54:59,0.648,0.649,0.646,0.65,0.6467014458850027,0.64825,0.646,0.65,True,0.003173329985860656,0.0005016872013567934,0,0.6422519098917031,0.6425081001565515,19.348432103911307,19.348432103911307,0.6725028720006685,0.6724001211114662,62.02282023658936,51.00442085583159,0,2
2023-06-10 22:55:00,2023-06-10 22:59:59,0.649,0.652,0.648,0.652,0.6474757229425013,0.6502500000000001,0.648,0.652,True,0.003232377844013467,0.0007352657790475451,0,0.6423800050241273,0.6426706640004667,24.84060477803071,24.84060477803071,0.6722814503887216,0.6721971348317501,77.02634778859989,62.994699883206714,0,2
2023-06-10 23:00:00,2023-06-10 23:04:59,0.652,0.65,0.649,0.652,0.6488628614712507,0.65075,0.649,0.652,True,0.0032157794265839337,0.0007035000068206544,0,0.642525334512297,0.6428540844950725,22.145624651109188,22.145624651109188,0.6720672071012715,0.671976267818499,89.7880847265722,76.27908425058727,0,2
2023-06-10 23:05:00,2023-06-10 23:09:59,0.65,0.652,0.648,0.652,0.6498064307356254,0.6505000000000001,0.648,0.652,True,0.0032717951818279386,0.0007747443507767821,0,0.6426897095036848,0.643050951851923,22.68162455078763,22.68162455078763,0.671852608025637,0.671777498984484,96.1111584273624,87.64186364751163,0,2
2023-06-10 23:10:00,2023-06-10 23:14:59,0.651,0.65,0.65,0.652,0.6501532153678127,0.65075,0.65,0.652,True,0.003180952668840229,0.0006338385595472773,0,0.6428703306778039,0.6432587705644215,18.081210318311335,18.081210318311335,0.6716426318263768,0.6715608074523001,94.04211509847603,93.313786084137,0,1
2023-06-10 23:15:00,2023-06-10 23:19:59,0.651,0.653,0.65,0.653,0.6504516076839064,0.65175,0.65,0.653,True,0.0031680274782087845,0.000703919898384372,0,0.6430645506211127,0.6434806465623274,18.664578852211235,18.664578852211235,0.6714446951912885,0.6713761228010334,94.04211509847603,94.73179620810494,0,2
2023-06-10 23:20:00,2023-06-10 23:24:59,0.652,0.651,0.65,0.652,0.6511008038419532,0.65125,0.65,0.652,True,0.003156025515479586,0.0005632579666744303,0,0.64327259859172,0.6437086371228583,14.965212488741884,14.965212488741884,0.6712437529505791,0.6711733753104758,90.40546743190293,92.82989920961846,0,1
2023-06-10 23:25:00,2023-06-10 23:29:59,0.651,0.651,0.651,0.652,0.6511754019209766,0.65125,0.651,0.652,True,0.0030020236929453295,0.0004288827451992866,0,0.6434906178572891,0.6439398774638398,12.498968246428994,12.498968246428994,0.6710448101351505,0.670972645207884,85.46844197579703,89.97200816872545,0,1
2023-06-10 23:30:00,2023-06-10 23:34:59,0.651,0.651,0.65,0.653,0.6512127009604882,0.65125,0.65,0.653,True,0.0030018791434492345,0.00030390503082336224,0,0.6437152476605644,0.6441720898251695,10.854805418220394,10.854805418220394,0.6708478468502236,0.6707739124197458,78.20266296369553,84.69219079046529,0,1
2023-06-10 23:35:00,2023-06-10 23:39:59,0.65,0.651,0.65,0.652,0.651231350480244,0.65075,0.65,0.652,True,0.002930316347488575,0.00019011816530591693,0,0.6439436687428669,0.6444000437094741,9.758696866081337,0.0,0.6706478682745994,0.6705771570722857,69.99485482053778,77.88865325334358,0,1
2023-06-10 23:40:00,2023-06-10 23:44:59,0.652,0.652,0.65,0.652,0.650990675240122,0.6515000000000001,0.65,0.652,True,0.0028638651798108196,0.00015693635576303133,0,0.6441718562261705,0.6446282266564003,11.206874553898011,11.206874553898011,0.6704573422221158,0.6703923097382332,66.24659193290798,71.48136990571389,0,1
2023-06-10 23:45:00,2023-06-10 23:49:59,0.651,0.651,0.65,0.653,0.6512453376200611,0.65125,0.65,0.653,True,0.0028735890955386184,3.995889817534452e-05,0,0.6444000414412854,0.6448533091023926,8.838622042898145,0.0,0.6702662243890599,0.6701993514323801,52.528452313638184,62.923299689028106,0,1
2023-06-10 23:50:00,2023-06-10 23:54:59,0.651,0.649,0.648,0.651,0.6512476688100306,0.64975,0.648,0.6512476688100306,True,0.0028826184458572886,-0.0001945796295188774,0,0.6446266752718389,0.645064114602051,2.3467778016135696,0.0,0.6700620828528504,0.6699884126121574,34.6687061355641,51.14791679403688,0,1
2023-06-10 23:55:00,2023-06-10 23:59:59,0.649,0.65,0.649,0.651,0.6504988344050153,0.64975,0.649,0.651,True,0.0028195742711531963,-0.0002885627198597274,0,0.6448453949369449,0.6452622334115451,0.8585719398794183,0.0,0.6698599725757076,0.6697895229344244,12.349414701962095,33.18219105038825,0,1
