start_time,end_time,open,close,low,high,h_open,h_close,h_low,h_high,finish,atr_14,macd_13_34,st_signal,av2_open,av2_close,histo2,qqe,ema_h200,ema_200,fastk,fastd,xo_signal,macd_hists
2023-06-28 00:00:00,2023-06-28 00:04:59,7.284,7.327,7.264,7.332,7.28859287261742,7.30175,7.264,7.332,True,0.036985392530338466,-0.0007773351863991432,0,7.406054842322766,7.39880645856799,-10.518801504022903,-0.0,7.386490938537382,7.386311090545005,56.36514370919284,35.282923246404614,0,-1
2023-06-28 00:05:00,2023-06-28 00:09:59,7.328,7.327,7.31,7.33,7.29517143630871,7.32375,7.31,7.33,True,0.035772150206742896,0.00207995179444162,0,7.402430650445378,7.395448201728791,-4.254943217631499,-0.0,7.385866650591737,7.38572093044008,76.9032675959149,54.34199950836247,0,-1
2023-06-28 00:10:00,2023-06-28 00:14:59,7.326,7.325,7.311,7.331,7.309460718154355,7.32325,7.311,7.331,True,0.03464556804911843,0.003975098363414253,0,7.398939426087085,7.392308866057937,-0.5875825989881491,-0.0,7.3852435993420675,7.385116742077492,99.75201082203809,77.673474042382,0,-1
2023-06-28 00:15:00,2023-06-28 00:19:59,7.324,7.319,7.299,7.328,7.3163553590771775,7.3175,7.299,7.328,True,0.03424231318846711,0.004882327818738028,0,7.395624146072511,7.389323976628858,0.2280546502384624,0.0,7.384569533676973,7.38445886404687,96.55632020963309,91.07053287586207,0,-1
2023-06-28 00:20:00,2023-06-28 00:24:59,7.32,7.349,7.32,7.356,7.316927679538589,7.33625,7.32,7.356,True,0.03443929081786231,0.0075707061477844895,0,7.3924740613506845,7.386609808267858,6.2392580360195,6.2392580360195,7.384088742297102,7.384106039528991,96.55632020963309,97.62155041376815,0,-1
2023-06-28 00:25:00,2023-06-28 00:29:59,7.348,7.358,7.342,7.36,7.326588839769294,7.351999999999999,7.342,7.36,True,0.03326505575944362,0.009837588711602362,0,7.389541934809271,7.384235464338578,11.40260350351123,11.40260350351123,7.3837694513289716,7.383846277941638,96.80430938759496,96.63898326895378,0,-1
2023-06-28 00:30:00,2023-06-28 00:34:59,7.358,7.375,7.355,7.388,7.339294419884647,7.369,7.355,7.388,True,0.03324612320519761,0.012262693018689777,0,7.386888699573924,7.382261595177525,16.715340487754347,16.715340487754347,7.383622491614255,7.383758255275552,99.99999999999996,97.7868765324094,0,2
2023-06-28 00:35:00,2023-06-28 00:39:59,7.375,7.36,7.352,7.375,7.354147209942323,7.3655,7.352,7.375,True,0.03251425726196919,0.012466903854547351,0,7.384575147375724,7.38059255173733,15.779938033867538,15.779938033867538,7.383442168314611,7.383521854725546,98.73443673283924,98.51291537347811,0,2
2023-06-28 00:40:00,2023-06-28 00:44:59,7.361,7.401,7.359,7.405,7.359823604971162,7.381500000000001,7.359,7.405,True,0.03347752460039998,0.015045716296204725,0,7.382583849556527,7.379284728159288,19.522231495070685,19.522231495070685,7.383422843256754,7.383695766618825,98.73443673283924,99.1562911552262,0,2
2023-06-28 00:45:00,2023-06-28 00:49:59,7.402,7.396,7.386,7.41,7.370661802485581,7.3985,7.386,7.41,True,0.03280055855751427,0.015865147803093612,0,7.380934288857907,7.378386906658501,20.7226016890952,20.7226016890952,7.383572864716886,7.383818196801722,98.73443673283924,98.7344367328393,1,2
2023-06-28 00:50:00,2023-06-28 00:54:59,7.396,7.422,7.392,7.43,7.38458090124279,7.41,7.392,7.43,True,0.03317194723197749,0.017610106878292384,1,7.379660597758204,7.377896944916657,23.66726116505889,23.66726116505889,7.383835821286867,7.384198115241506,99.99999999999996,99.1562911552262,0,2
2023-06-28 00:55:00,2023-06-28 00:59:59,7.421,7.428,7.414,7.441,7.397290450621395,7.425999999999999,7.414,7.441,True,0.03273109385826482,0.018474922991212173,0,7.378778771337431,7.377841232705382,26.053983730161136,26.053983730161136,7.384255365353664,7.384633954890844,99.99999999999996,99.5781455776131,0,2
2023-06-28 01:00:00,2023-06-28 01:04:59,7.427,7.414,7.414,7.444,7.411645225310697,7.4247499999999995,7.414,7.444,True,0.03253601572553164,0.017330279546321093,0,7.378310002021407,7.378119214119111,23.650786328962596,23.650786328962596,7.384658297041687,7.384926154344666,99.58188695579157,99.86062898526387,0,2
2023-06-28 01:05:00,2023-06-28 01:09:59,7.414,7.413,7.408,7.436,7.418197612655348,7.41775,7.408,7.436,True,0.032212014602279355,0.01580098537538145,0,7.378214608070259,7.378609980178158,21.76069972550144,21.76069972550144,7.384987567717889,7.38520549609248,96.20837956326865,98.59675550635343,0,2
2023-06-28 01:10:00,2023-06-28 01:14:59,7.412,7.404,7.399,7.419,7.417973806327674,7.4085,7.399,7.419,True,0.03133972784497366,0.013517295966581345,0,7.3784122941242085,7.379201441070766,17.796248818722972,17.796248818722972,7.38522152226796,7.38539250608161,87.52051170826746,94.43692607577594,0,1
2023-06-28 01:15:00,2023-06-28 01:19:59,7.404,7.403,7.39,7.416,7.4132369031638365,7.40325,7.39,7.416,True,0.030958318713189874,0.011374902310568383,0,7.378806867597487,7.379832101080069,14.840704097083645,14.840704097083645,7.38540091010609,7.385567705026071,76.73512491873777,86.82133873009134,0,1
2023-06-28 01:20:00,2023-06-28 01:24:59,7.401,7.387,7.377,7.405,7.408243451581918,7.3925,7.377,7.408243451581918,True,0.030747010233676344,0.008372907089386594,0,7.379319484338778,7.3804155393990225,8.328706081374307,8.328706081374307,7.3854715478164765,7.385581956717354,63.931715014609274,76.06245054720489,0,1
2023-06-28 01:25:00,2023-06-28 01:29:59,7.388,7.378,7.374,7.408,7.40037172579096,7.3870000000000005,7.374,7.408,True,0.030979366645556655,0.005416266548508241,0,7.3798675118689,7.380920060892683,1.9487190440507547,0.0,7.385486756295915,7.385506514361958,48.19914527853759,62.9553284039616,0,1
2023-06-28 01:30:00,2023-06-28 01:34:59,7.379,7.371,7.365,7.386,7.39368586289548,7.37525,7.365,7.39368586289548,True,0.030266554742302602,0.002749996296162926,0,7.380393786380791,7.3812783715651,-3.7663165474430684,-0.0,7.385384898024314,7.385362170935471,26.069311778942335,46.06672402402979,0,1
2023-06-28 01:35:00,2023-06-28 01:39:59,7.37,7.397,7.37,7.403,7.38446793144774,7.385,7.37,7.403,True,0.030461800832138092,0.00264953677018795,0,7.380836078972945,7.38158600640623,-0.3444358862968784,-0.0,7.385381068193226,7.385477970229645,14.43341038971488,29.567289149064994,0,1
2023-06-28 01:40:00,2023-06-28 01:44:59,7.398,7.416,7.393,7.422,7.3847339657238695,7.40725,7.393,7.422,True,0.030357386486985365,0.0037281370774157946,0,7.381211042689587,7.382004291768929,5.212376249401096,5.212376249401096,7.385598669504736,7.385781672018405,21.922435655361042,20.808385941339477,0,2
2023-06-28 01:45:00,2023-06-28 01:49:59,7.416,7.405,7.404,7.437,7.3959919828619345,7.415500000000001,7.404,7.437,True,0.030546144595057865,0.003457379096353446,0,7.381607667229258,7.382563426956585,5.91787240005732,5.91787240005732,7.385896195181306,7.385972899162501,41.859398902109625,26.071748315728573,0,1
2023-06-28 01:50:00,2023-06-28 01:54:59,7.405,7.412,7.396,7.421,7.405745991430967,7.4085,7.396,7.421,True,0.030149991409696614,0.0035550171695277154,0,7.382085547092922,7.383181590495706,7.7233015335285415,7.7233015335285415,7.386121108662088,7.386231875290237,51.59164497983166,38.45782651243417,0,2
2023-06-28 01:55:00,2023-06-28 01:59:59,7.413,7.407,7.402,7.421,7.407122995715484,7.41075,7.402,7.421,True,0.029353563451861152,0.0030577895664508394,0,7.382633568794314,7.383857423604581,7.404523753512002,7.404523753512002,7.386366172257491,7.3864385232973,51.51009257656383,48.32037881950176,0,1
2023-06-28 02:00:00,2023-06-28 02:04:59,7.408,7.413,7.395,7.415,7.408936497857741,7.40775,7.395,7.415,True,0.028685451776728245,0.002947581002919966,0,7.383245496199447,7.384553440247043,8.587623275288976,8.587623275288976,7.386578946662889,7.386702816597825,45.73302895346771,49.61158883662112,0,1
2023-06-28 02:05:00,2023-06-28 02:09:59,7.414,7.416,7.408,7.421,7.408343248928871,7.41475,7.408,7.421,True,0.027565062364104793,0.0028820135727035835,0,7.383899468223245,7.385308599557337,10.091101658614583,10.091101658614583,7.386859255651317,7.386994330860532,48.74405013305488,48.66239055436219,0,2
2023-06-28 02:10:00,2023-06-28 02:14:59,7.415,7.415,7.405,7.418,7.411546624464435,7.41325,7.405,7.418,True,0.02652470076666873,0.0025692608029779813,0,7.384604033890291,7.386094849514792,10.641343700669346,10.641343700669346,7.3871218501224485,7.387272994235055,52.564632619979214,49.01390390216732,0,1
2023-06-28 02:15:00,2023-06-28 02:19:59,7.415,7.395,7.391,7.42,7.4123983122322175,7.4052500000000006,7.391,7.42,True,0.026701507854763818,0.0008036852510793675,0,7.385349441702541,7.386845294338826,4.004448555564387,4.004448555564387,7.38730222972322,7.387349879864557,54.666343266887075,51.991675339973774,0,1
2023-06-28 02:20:00,2023-06-28 02:24:59,7.392,7.405,7.387,7.407,7.4088241561161094,7.39775,7.387,7.4088241561161094,True,0.02622282872228072,0.00023391675336061069,0,7.386097368020684,7.387510942703966,2.9297988453872392,0.0,7.387406187636421,7.387525502950481,44.22670282805206,50.485892904972836,0,1
2023-06-28 02:25:00,2023-06-28 02:29:59,7.404,7.428,7.4,7.438,7.403287078058055,7.4174999999999995,7.4,7.438,True,0.027064055242117767,0.0013539022317876296,0,7.386804155362325,7.388240769168432,7.44371286478232,7.44371286478232,7.387705628555462,7.387928234264407,51.257721255907505,50.0502557836156,0,2
2023-06-28 02:30:00,2023-06-28 02:34:59,7.428,7.422,7.416,7.432,7.410393539029027,7.4245,7.416,7.432,True,0.0262737655819665,0.0015252984394640463,0,7.387522462265379,7.389064143560398,8.442410391482348,8.442410391482348,7.388071741704164,7.38826725680904,68.12336233746545,54.535928807141715,0,2
2023-06-28 02:35:00,2023-06-28 02:39:59,7.423,7.437,7.423,7.441,7.417446769514513,7.431,7.423,7.441,True,0.02575421089754033,0.0025132170220500214,0,7.3882933029128885,7.390000116582131,11.92984533059667,11.92984533059667,7.388498888552879,7.388752159726363,93.63255420487013,71.00454593274775,0,2
2023-06-28 02:40:00,2023-06-28 02:44:59,7.438,7.443,7.432,7.449,7.424223384757257,7.4405,7.432,7.449,True,0.025128910119144553,0.003363440718792828,0,7.38914670974751,7.391083497629554,15.220225372704576,15.220225372704576,7.389016312547377,7.3892919392315735,99.79391801878491,87.18327818704022,0,2
2023-06-28 02:45:00,2023-06-28 02:49:59,7.441,7.442,7.438,7.455,7.432361692378628,7.443999999999999,7.438,7.455,True,0.024548273682062825,0.0036009758160698863,0,7.390115103688532,7.392299514628265,16.976120753276632,16.976120753276632,7.389563413915065,7.389816397547677,99.99999999999996,97.80882407455171,0,2
2023-06-28 02:50:00,2023-06-28 02:54:59,7.443,7.439,7.424,7.444,7.438180846189313,7.4375,7.424,7.444,True,0.024223396990486878,0.0032887021355837674,0,7.391207309158399,7.393567016761876,16.69539354544017,16.69539354544017,7.390040394871134,7.390305786626805,91.8619205782182,97.21861286566774,0,1
2023-06-28 02:55:00,2023-06-28 02:59:59,7.438,7.42,7.418,7.438,7.437840423094657,7.4285,7.418,7.438,True,0.023993154348309235,0.0015324685336010925,0,7.392387162960138,7.394804607520504,9.465618890951873,9.465618890951873,7.390423077509232,7.390601251436489,73.09868737448228,88.32020265090019,0,1
2023-06-28 03:00:00,2023-06-28 03:04:59,7.421,7.432,7.416,7.433,7.433170211547328,7.4255,7.416,7.433170211547328,True,0.023493643323429965,0.001044734240367065,0,7.393595885240321,7.39598957446412,8.219059394255346,8.219059394255346,7.390772101613618,7.391013179282892,50.897251096148885,71.95261968294984,0,1
2023-06-28 03:05:00,2023-06-28 03:09:59,7.431,7.443,7.421,7.443,7.429335105773664,7.4345,7.421,7.443,True,0.023386954514613496,0.0013287447391132738,0,7.394792729852221,7.397186729745876,9.993730877954007,9.993730877954007,7.391207205080149,7.3915304610810715,44.27633176970437,56.09075674677856,0,2
2023-06-28 03:10:00,2023-06-28 03:14:59,7.443,7.429,7.427,7.444,7.431917552886832,7.43575,7.427,7.444,True,0.022930743477855415,0.00038250528548378765,0,7.395989729799049,7.398393843562929,6.6782731910889055,0.0,7.391650416969899,7.391903292314096,49.29559676308779,48.15639320964706,0,1
2023-06-28 03:15:00,2023-06-28 03:19:59,7.429,7.437,7.426,7.442,7.433833776443416,7.4335,7.426,7.442,True,0.022435690372294315,0.00019130272744334945,0,7.397191786680989,7.399585078327553,6.584677236740411,0.0,7.392066830731393,7.392352015773657,54.771064918293405,49.44766448369523,0,1
2023-06-28 03:20:00,2023-06-28 03:24:59,7.437,7.418,7.412,7.438,7.433666888221708,7.42625,7.412,7.438,True,0.022690283917130422,-0.0013549016619903362,0,7.398388432504271,7.400705895555087,1.522689423542154,0.0,7.3924069617688914,7.392607219596805,43.39196479988323,49.15287549375484,0,1
2023-06-28 03:25:00,2023-06-28 03:29:59,7.418,7.416,7.408,7.421,7.429958444110854,7.41575,7.408,7.429958444110854,True,0.021998120780192528,-0.0025398084234395206,0,7.399547164029679,7.401691541395941,-2.300476369765647,-0.0,7.392639230806017,7.392839983580916,23.802599676902418,40.65520979835972,0,1
2023-06-28 03:30:00,2023-06-28 03:34:59,7.417,7.431,7.416,7.435,7.422854222055427,7.4247499999999995,7.416,7.435,True,0.021783969295893008,-0.002268064401142786,0,7.40061935271281,7.402625752845972,-0.3269886655654872,-0.0,7.39295874094725,7.3932196852368275,15.314269766422584,27.502944747736112,0,1
2023-06-28 03:35:00,2023-06-28 03:39:59,7.43,7.421,7.421,7.433,7.4238021110277135,7.42625,7.421,7.433,True,0.021085114346186335,-0.0027773345598225314,0,7.401622552779391,7.40352335154954,-1.7512505268262757,-0.0,7.393289997256233,7.3934961062792475,17.55396114791819,18.89027686374777,0,1
2023-06-28 03:40:00,2023-06-28 03:44:59,7.422,7.437,7.422,7.44,7.4250260555138565,7.43025,7.422,7.44,True,0.020936177607173034,-0.0019812975376751665,0,7.402572952164466,7.404413410552524,1.4378894306960746,0.0,7.3936577584775645,7.393928980843633,30.560640602972352,21.142957172437747,0,2
2023-06-28 03:45:00,2023-06-28 03:49:59,7.437,7.434,7.426,7.44,7.427638027756928,7.4342500000000005,7.426,7.44,True,0.020440736349517836,-0.001676702273837087,0,7.4034931813584945,7.405318870998768,2.625926994605315,0.0,7.394061661378285,7.3943276974521535,38.98350476435787,29.03270217174951,0,1
2023-06-28 03:50:00,2023-06-28 03:54:59,7.433,7.425,7.422,7.434,7.430944013878465,7.4285000000000005,7.422,7.434,True,0.019837826610266594,-0.002112205954932018,0,7.404406026178631,7.40619079357309,0.6843312812894098,0.0,7.394404331414322,7.394632894492431,39.137632350499736,36.22725923927669,0,1
2023-06-28 03:55:00,2023-06-28 03:59:59,7.425,7.417,7.408,7.425,7.429722006939233,7.41875,7.408,7.429722006939233,True,0.019635124709533224,-0.002934633105428755,0,7.4052984098758605,7.406963433860092,-2.7507176661653574,-0.0,7.394646576872886,7.394855452756188,26.130952895445574,34.7506966701011,0,1
2023-06-28 04:00:00,2023-06-28 04:04:59,7.416,7.418,7.405,7.42,7.424236003469616,7.41475,7.405,7.424236003469616,True,0.019304044373137968,-0.0033483587279892757,0,7.406130921867977,7.40762516311617,-4.639947656593776,-4.639947656593776,7.394846610933852,7.395085746758614,9.58905343433433,24.952546226759917,0,1
2023-06-28 04:05:00,2023-06-28 04:09:59,7.417,7.437,7.417,7.438,7.419493001734808,7.42725,7.417,7.438,True,0.019425184060770963,-0.0022395184429390806,0,7.406878042492074,7.408280794464497,0.23419645592913696,0.0,7.3951690327156046,7.3955028040047965,16.01442764754594,17.244811325775316,0,2
2023-06-28 04:10:00,2023-06-28 04:14:59,7.436,7.44,7.436,7.449,7.423371500867404,7.440250000000001,7.436,7.449,True,0.018966242342144456,-0.0012895638558201826,0,7.407579418478286,7.409016320383921,4.234888301857211,0.0,7.395617599554256,7.395945562173903,45.799137991182135,23.80087302435417,0,2
2023-06-28 04:15:00,2023-06-28 04:19:59,7.44,7.435,7.426,7.451,7.431810750433702,7.438000000000001,7.426,7.451,True,0.019397225031991244,-0.0010314507767337187,0,7.408297869431104,7.409794263978227,4.801817256832123,0.0,7.396039314981577,7.3963341635453075,72.33748392456808,44.71701652109875,0,2
2023-06-28 04:20:00,2023-06-28 04:24:59,7.436,7.446,7.43,7.446,7.434905375216852,7.439499999999999,7.43,7.446,True,0.019154566101134727,-0.0001333963034911151,0,7.409046066704666,7.410610557381097,8.27747791727613,0.0,7.396471759608626,7.396828350972718,87.4941178959923,68.54357993724754,0,2
2023-06-28 04:25:00,2023-06-28 04:29:59,7.446,7.411,7.405,7.446,7.437202687608425,7.427,7.405,7.446,True,0.020714954236767922,-0.002015988866371143,0,7.409828312042882,7.4113656799237955,0.8959240418017984,0.0,7.396775523194609,7.396969362405825,69.25772243250924,76.36310808435657,0,1
2023-06-28 04:30:00,2023-06-28 04:34:59,7.412,7.413,7.406,7.422,7.432101343804213,7.41325,7.406,7.432101343804213,True,0.0203781717912845,-0.003071396028367727,0,7.410596995983339,7.41197312165176,-3.393269572206762,-3.393269572206762,7.396939448336951,7.397128871237608,42.71937649912329,66.49040560920831,0,-2
2023-06-28 04:35:00,2023-06-28 04:39:59,7.412,7.407,7.401,7.416,7.422675671902106,7.409,7.401,7.422675671902106,True,0.019994016663335647,-0.004088173783452496,0,7.41128505881755,7.412430966019734,-7.476372880695067,-7.476372880695067,7.397059453826136,7.397227091424298,11.548314880153072,41.1751379372619,0,-2
2023-06-28 04:40:00,2023-06-28 04:44:59,7.407,7.416,7.404,7.421,7.415837835951053,7.412,7.404,7.421,True,0.019780158330240268,-0.003999079200275889,0,7.411858012418643,7.412788473225259,-6.959323376306749,-6.959323376306749,7.39720811597712,7.397413886534505,3.4776862129175132,19.248459197397995,0,-2
2023-06-28 04:45:00,2023-06-28 04:49:59,7.415,7.414,7.411,7.426,7.4139189179755265,7.416500000000001,7.411,7.426,True,0.01943871844950886,-0.00394676106752449,0,7.412323242821951,7.413095406183123,-7.172561309316485,-7.172561309316485,7.397400075022124,7.3975789224893855,12.150328172762341,9.058776421944344,-1,-2
2023-06-28 04:50:00,2023-06-28 04:54:59,7.415,7.438,7.415,7.439,7.415209458987764,7.42675,7.415,7.439,True,0.01983595284597254,-0.002131268178776167,0,7.412709324502537,7.413430741694147,-0.5270435387250387,-0.0,7.39769211407663,7.397981122265611,31.7299161320375,15.785976839239154,1,-1
2023-06-28 04:55:00,2023-06-28 04:59:59,7.438,7.442,7.436,7.446,7.420979729493882,7.4405,7.436,7.446,True,0.019133384785545913,-0.0006252897110675341,0,7.413070033098342,7.413880477599436,4.72295216531392,0.0,7.398118063190296,7.398419121049037,60.153481064316054,34.677908456372,0,2
2023-06-28 05:00:00,2023-06-28 05:04:59,7.441,7.428,7.421,7.441,7.430739864746942,7.4327499999999995,7.421,7.441,True,0.019266714443721196,-0.00062030198439131,0,7.41347525534889,7.41436402283122,3.502279257623023,0.0,7.398462659576462,7.3987134581530265,74.7273921128117,55.53692976972179,0,1
2023-06-28 05:05:00,2023-06-28 05:09:59,7.428,7.423,7.418,7.434,7.431744932373471,7.42575,7.418,7.434,True,0.019033377697741112,-0.0009678190641611694,0,7.4139196390900555,7.414822841304743,1.2394835288480763,0.0,7.398734175401572,7.398955115285832,71.10099179740399,68.66062165817729,0,-2
2023-06-28 05:10:00,2023-06-28 05:14:59,7.424,7.415,7.412,7.427,7.428747466186735,7.4195,7.412,7.428747466186735,True,0.01874527929075958,-0.001731772657555251,0,7.4143712401974,7.4152161625982735,-2.4567094969774033,-0.0,7.398940800521954,7.399114765880003,48.992561829137834,64.94031524645122,0,-2
2023-06-28 05:15:00,2023-06-28 05:19:59,7.415,7.408,7.394,7.416,7.424123733093367,7.40825,7.394,7.424123733093367,True,0.01897775934141963,-0.0026592664353075153,0,7.414793701397837,7.415478031935044,-6.641356995818903,-6.641356995818903,7.399033429372482,7.399203176169754,25.746008820797357,48.61318748244643,-1,-2
2023-06-28 05:20:00,2023-06-28 05:24:59,7.409,7.399,7.393,7.41,7.416186866546683,7.40275,7.393,7.416186866546683,True,0.018836490817032536,-0.0037836525684592803,0,7.415135866666441,7.415596875670615,-11.36151385613789,-11.36151385613789,7.399070410174746,7.399201154516324,9.792821176929907,28.177130608955068,0,-2
2023-06-28 05:25:00,2023-06-28 05:29:59,7.398,7.41,7.392,7.412,7.409468433273341,7.403,7.392,7.412,True,0.018919598615815898,-0.0036072470306046673,0,7.4153663711685285,7.415604014215974,-9.898282742643616,-9.898282742643616,7.399109510571017,7.3993086057151665,0.2747670396967793,11.937865679141382,0,-2
2023-06-28 05:30:00,2023-06-28 05:34:59,7.411,7.418,7.401,7.419,7.406234216636671,7.41225,7.401,7.419,True,0.01885391300040046,-0.002797585008735927,0,7.415485192692252,7.41558662233854,-6.156912387927015,-6.156912387927015,7.399240261709614,7.399494589737901,10.491226146828359,6.852938121151716,0,-1
2023-06-28 05:35:00,2023-06-28 05:39:59,7.417,7.417,7.414,7.432,7.4092421083183355,7.42,7.414,7.432,True,0.01879291921465762,-0.002227430828374183,0,7.415535907515396,7.415603210055356,-4.02844145460778,-4.02844145460778,7.399446826269717,7.3996687729245885,28.23683051626404,13.000941234263093,0,-1
2023-06-28 05:40:00,2023-06-28 05:44:59,7.417,7.419,7.413,7.419,7.414621054159168,7.417,7.413,7.419,True,0.017879139270753457,-0.0016283736510629022,0,7.415569558785377,7.415625853145917,-1.7997314417207804,-0.0,7.399621484714794,7.399861123442752,42.849715778866305,27.19259081398627,0,-1
2023-06-28 05:45:00,2023-06-28 05:49:59,7.42,7.432,7.42,7.433,7.415810527079584,7.42625,7.42,7.433,True,0.017602057894271085,-0.00028058196262229634,0,7.415597705965647,7.415716573156181,4.037245470766727,0.0,7.399886445065891,7.400180913259241,56.252377781332484,42.446308025487646,0,-1
2023-06-28 05:50:00,2023-06-28 05:54:59,7.433,7.444,7.433,7.448,7.421030263539792,7.4395,7.433,7.448,True,0.017487625187537437,0.0014226630759209768,0,7.415657139560914,7.415951177259245,10.60266497748524,10.60266497748524,7.400280609791603,7.400616924072582,71.84010674523013,56.98073343514301,1,2
2023-06-28 05:55:00,2023-06-28 05:59:59,7.444,7.438,7.438,7.446,7.430265131769896,7.4415,7.438,7.446,True,0.016809937674141906,0.0020426389307991633,0,7.415804158410079,7.416311174813738,11.954140193280544,11.954140193280544,7.400690752977757,7.400988894977333,90.28578777626437,72.7927574342757,0,2
2023-06-28 06:00:00,2023-06-28 06:04:59,7.438,7.445,7.438,7.453,7.435882565884947,7.443499999999999,7.438,7.453,True,0.01668065641170324,0.0028225060972338375,0,7.416057666611908,7.416781147675243,14.586957270588172,14.586957270588172,7.401116715634695,7.4014268164203445,99.99999999999994,87.37529817383152,0,2
2023-06-28 06:05:00,2023-06-28 06:09:59,7.446,7.433,7.428,7.451,7.439691282942473,7.4395,7.428,7.451,True,0.017132038096581557,0.0023632681309374817,0,7.416419407143575,7.417307036101881,10.93581260728871,10.93581260728871,7.40149863886221,7.401740977450988,95.65239251406847,95.3127267634443,0,1
2023-06-28 06:10:00,2023-06-28 06:14:59,7.434,7.421,7.417,7.434,7.439595641471236,7.4265,7.417,7.439595641471236,True,0.017122606803968616,0.0011196712150590236,0,7.4168632216227275,7.417784145267265,4.6059263863779805,0.0,7.401747408624775,7.401932609516153,78.663521968128,91.43863816073218,0,1
2023-06-28 06:15:00,2023-06-28 06:19:59,7.421,7.417,7.412,7.423,7.433047820735618,7.4182500000000005,7.412,7.433047820735618,True,0.016685277746542295,-2.845941520823042e-05,0,7.417323683444996,7.418162972927372,-0.7350245684828707,-0.0,7.401911613514081,7.402082533799574,54.79169401766762,76.36920283328807,0,-2
2023-06-28 06:20:00,2023-06-28 06:24:59,7.418,7.417,7.415,7.421,7.425648910367809,7.41775,7.415,7.425648910367809,True,0.01592204362178929,-0.0007889872685785393,0,7.417743328186184,7.41845839317485,-4.2956585383901,-4.2956585383901,7.402069209399513,7.402230966299081,34.85752424526241,56.104246743686055,0,-2
2023-06-28 06:25:00,2023-06-28 06:29:59,7.417,7.409,7.408,7.417,7.421699455183905,7.412750000000001,7.408,7.421699455183905,True,0.015427611934518587,-0.0018120551988670243,0,7.418100860680517,7.418651813965404,-9.082028418505061,-9.082028418505061,7.402175485922901,7.402298319868245,23.413002237543832,37.68740683349134,-1,-2
2023-06-28 06:30:00,2023-06-28 06:34:59,7.41,7.414,7.41,7.423,7.417224727591953,7.414250000000001,7.41,7.423,True,0.01532563965348156,-0.0020645426347514297,0,7.41837633732296,7.418773894389079,-9.450310913888053,-9.450310913888053,7.402295630341579,7.402414754496421,20.253419322005225,26.174648601603874,0,-2
2023-06-28 06:35:00,2023-06-28 06:39:59,7.415,7.409,7.401,7.42,7.4157373637959765,7.411250000000001,7.401,7.42,True,0.015588093963947173,-0.002489833625076628,0,7.41857511585602,7.418818387248274,-11.40681625600066,-11.40681625600066,7.402384728547135,7.402480279327302,11.20186324700858,18.289428268852596,0,-2
2023-06-28 06:40:00,2023-06-28 06:44:59,7.409,7.403,7.396,7.409,7.413493681897989,7.404249999999999,7.396,7.413493681897989,True,0.015403230109379511,-0.0030722590998091505,0,7.4186967515521465,7.418753462159728,-14.52126551939611,-14.52126551939611,7.402403288462089,7.402485450677279,6.301922467334286,12.58573501211608,0,-2
2023-06-28 06:45:00,2023-06-28 06:49:59,7.403,7.402,7.394,7.406,7.4088718409489935,7.401249999999999,7.394,7.4088718409489935,True,0.0151601422444238,-0.0033822540376757548,0,7.418725106855937,7.418582253816191,-16.893629077156113,-16.893629077156113,7.4023918129550035,7.402480620322281,-6.276460832547552e-14,5.834595238114317,0,-2
2023-06-28 06:50:00,2023-06-28 06:54:59,7.401,7.407,7.395,7.414,7.405060920474496,7.404249999999999,7.395,7.414,True,0.015434417798393538,-0.0030852455348446177,0,7.418653680336064,7.41834912578026,-14.79501473018459,-14.79501473018459,7.402410302378337,7.4025255892742985,3.429357658887513,3.2437600420739607,0,-2
2023-06-28 06:55:00,2023-06-28 06:59:59,7.406,7.407,7.397,7.418,7.404655460237247,7.407,7.397,7.418,True,0.015831959384222567,-0.002746945808791549,0,7.418501403058162,7.418087715365829,-13.395938498870244,-13.395938498870244,7.402455971011388,7.4025701107740565,9.99668722583457,4.475348294907389,0,-1
2023-06-28 07:00:00,2023-06-28 07:04:59,7.407,7.421,7.395,7.422,7.405827730118624,7.41125,7.395,7.422,True,0.01662967657106382,-0.0014326542007169546,0,7.418294559211995,7.417834991109075,-4.7219263170179175,-4.7219263170179175,7.402543473787395,7.402753492756404,21.31024330483378,11.578762729852002,0,-1
2023-06-28 07:05:00,2023-06-28 07:09:59,7.421,7.42,7.417,7.428,7.408538865059311,7.421500000000001,7.417,7.428,True,0.016227556815987844,-0.0005725953758932527,0,7.418064775160535,7.417661165383026,0.39680931418125454,0.0,7.402732095938764,7.402925099793654,39.320616197831704,23.542515576166732,0,-1
2023-06-28 07:10:00,2023-06-28 07:14:59,7.421,7.402,7.395,7.421,7.415019432529656,7.40975,7.395,7.421,True,0.016925588471988762,-0.0012096062726589668,0,7.417862970271781,7.41747003215869,-4.421336561340837,-4.421336561340837,7.4028019258299205,7.402915894820583,45.07512476848191,35.23532809038252,0,-2
2023-06-28 07:15:00,2023-06-28 07:19:59,7.402,7.4,7.397,7.411,7.412384716264828,7.4025,7.397,7.412384716264828,True,0.01671661786684666,-0.0016868003593280777,0,7.417666501215235,7.417216841286296,-8.250451640144242,-8.250451640144242,7.402798921592807,7.402886880941772,42.10655222305874,42.16743106312417,0,-2
2023-06-28 07:20:00,2023-06-28 07:24:59,7.401,7.399,7.39,7.406,7.407442358132414,7.399,7.39,7.407442358132414,True,0.016665430876357613,-0.0019679175569511554,0,7.417441671250765,7.41689251542768,-11.143814392560024,-11.143814392560024,7.402761121377953,7.402848205509515,25.082474829785497,37.4213839404421,0,-2
2023-06-28 07:25:00,2023-06-28 07:29:59,7.398,7.396,7.39,7.402,7.4032211790662075,7.3965000000000005,7.39,7.4032211790662075,True,0.016332185813760672,-0.002243573385506373,0,7.417167093339223,7.4164972570557826,-14.146346057660239,-14.146346057660239,7.402698821662749,7.402780064161162,14.369573653866793,27.186200235570393,0,-2
2023-06-28 07:30:00,2023-06-28 07:34:59,7.396,7.391,7.39,7.401,7.3998605895331035,7.3945,7.39,7.401,True,0.015951315398492063,-0.0026368017678217483,0,7.416832175197502,7.416035142783186,-17.770163206420634,-17.770163206420634,7.402617241347697,7.402662849592394,6.024590120290757,15.15887953464773,0,-2
2023-06-28 07:35:00,2023-06-28 07:39:59,7.391,7.39,7.388,7.396,7.397180294766551,7.391249999999999,7.388,7.397180294766551,True,0.015383364298599772,-0.0028097985566816223,0,7.416433658990344,7.41550126452889,-20.4996111802355,-20.4996111802355,7.402504134468615,7.402536851088987,1.608936961678502,7.334366911945398,0,-2
2023-06-28 07:40:00,2023-06-28 07:44:59,7.391,7.404,7.388,7.407,7.394215147383275,7.3975,7.388,7.407,True,0.015641695420128367,-0.0017994828210357939,0,7.4159674617596165,7.414957430606356,-12.508371435213306,-12.508371435213306,7.402454342085843,7.4025514097846195,10.545420901947319,6.059649327972239,0,-1
2023-06-28 07:45:00,2023-06-28 07:49:59,7.405,7.421,7.401,7.423,7.395857573691638,7.4125,7.401,7.423,True,0.016095860032976358,0.00013917178774384628,0,7.4154624461829854,7.414512405747233,-1.58433648963981,-0.0,7.402554298881008,7.402734977846464,41.681415997374216,17.945257953666726,0,-1
2023-06-28 07:50:00,2023-06-28 07:54:59,7.422,7.437,7.419,7.442,7.404178786845819,7.43,7.419,7.442,True,0.0165890128877638,0.002522185613228997,0,7.4149874259651085,7.414268295913054,8.568438967072787,8.568438967072787,7.402827390434431,7.403075923340529,75.01474933070755,42.4138620766764,0,-1
2023-06-28 07:55:00,2023-06-28 07:59:59,7.437,7.429,7.42,7.437,7.417089393422909,7.430750000000001,7.42,7.437,True,0.016618369110066412,0.0034356666778999553,0,7.414627860939081,7.41418918854163,11.445390408156136,11.445390408156136,7.403105227345531,7.403333874352066,97.8026617620935,71.49960903005847,1,2
2023-06-28 08:00:00,2023-06-28 08:04:59,7.43,7.428,7.393,7.441,7.4239196967114545,7.423,7.393,7.441,True,0.018859914173633103,0.0038324271397313704,0,7.414408524740355,7.414187358288371,12.876828132343725,12.876828132343725,7.403303185282391,7.403579308438116,93.0539631074078,88.62379140006965,0,2
2023-06-28 08:05:00,2023-06-28 08:09:59,7.427,7.415,7.403,7.427,7.423459848355727,7.417999999999999,7.403,7.427,True,0.019298491732659333,0.003048184012070503,0,7.414297941514363,7.41421207609386,8.285252282896877,8.285252282896877,7.403449422244756,7.403692947160124,81.93516144517393,90.93059543822511,0,1
2023-06-28 08:10:00,2023-06-28 08:14:59,7.415,7.393,7.361,7.415,7.420729924177863,7.396,7.361,7.420729924177863,True,0.021777170894612258,0.0009134773424657929,0,7.414255008804111,7.4141065823860455,-0.33215284846605897,-0.0,7.403375298640331,7.403586549675944,56.029360281725076,77.00616161143563,-1,-2
2023-06-28 08:15:00,2023-06-28 08:19:59,7.393,7.317,7.308,7.398,7.408364962088932,7.354,7.308,7.408364962088932,True,0.02665023011642566,-0.005702849909241732,-1,7.414180795595078,7.413611131371584,-12.397152822499827,-12.397152822499827,7.402884002136447,7.402724991967725,29.642063840983884,55.86886185596099,0,-2
2023-06-28 08:20:00,2023-06-28 08:24:59,7.317,7.3,7.28,7.336,7.3811824810444655,7.308250000000001,7.28,7.3811824810444655,True,0.028746642250966688,-0.010864597407776509,0,7.413895963483331,7.412498169894527,-21.04961242525037,-21.04961242525037,7.4019423702743925,7.401702852744165,7.427532169884415,31.032985430864485,0,-2
2023-06-28 08:25:00,2023-06-28 08:29:59,7.3,7.307,7.286,7.329,7.344716240522233,7.3055,7.286,7.344716240522233,True,0.02976473923304051,-0.01319071023549667,0,7.413197066688929,7.410887806262371,-24.968075723259936,-24.968075723259936,7.400982744699523,7.400760535801437,-6.750155989720952e-14,12.35653200362277,0,-2
2023-06-28 08:30:00,2023-06-28 08:34:59,7.308,7.298,7.294,7.316,7.325108120261117,7.303999999999999,7.294,7.325108120261117,True,0.02921011500210906,-0.014654667728293267,0,7.41204243647565,7.408886591627364,-28.086750290547595,-28.086750290547595,7.400017742264702,7.399738042907891,-6.750155989720952e-14,2.4758440566281195,0,-2
2023-06-28 08:35:00,2023-06-28 08:39:59,7.3,7.281,7.266,7.308,7.314554060130558,7.28875,7.266,7.314554060130558,True,0.030123678216244117,-0.016020132141237296,0,7.410464514051506,7.406486756491896,-31.037654586780498,-31.037654586780498,7.398910600550626,7.39855656984413,-6.750155989720952e-14,-4.144832625267251e-14,0,-2
2023-06-28 08:40:00,2023-06-28 08:44:59,7.281,7.25,7.235,7.294,7.301652030065279,7.265,7.235,7.301652030065279,True,0.03218627262936948,-0.01819445587970179,0,7.408475635271701,7.403626599796961,-34.16924797584723,-34.16924797584723,7.397578156764053,7.39707839501981,-6.750155989720952e-14,-4.144832625267251e-14,0,-2
2023-06-28 08:45:00,2023-06-28 08:49:59,7.249,7.243,7.207,7.259,7.283326015032639,7.2395000000000005,7.207,7.283326015032639,True,0.03360153887012884,-0.019118689714850118,0,7.40605111753433,7.400248695299254,-36.47247681038667,-36.47247681038667,7.396005239781326,7.395545276661404,-6.750155989720952e-14,-4.144832625267251e-14,0,-2
2023-06-28 08:50:00,2023-06-28 08:54:59,7.243,7.288,7.241,7.297,7.261413007516319,7.26725,7.241,7.297,True,0.035201428950833925,-0.015596277473435394,0,7.403149906416792,7.396676734843603,-27.605095567695344,-27.605095567695344,7.394724093116835,7.394475174406067,8.508425056521206,2.83614168550705,0,-1
2023-06-28 08:55:00,2023-06-28 08:59:59,7.287,7.29,7.276,7.296,7.264331503758159,7.28725,7.276,7.296,True,0.034115612597202964,-0.012280229661157181,0,7.399913320630198,7.393113721484223,-21.335345276003554,-21.335345276003554,7.393654699155474,7.393435620431878,22.15060912216508,10.2196780595621,0,-1
2023-06-28 09:00:00,2023-06-28 09:04:59,7.289,7.304,7.268,7.315,7.27579075187908,7.2940000000000005,7.268,7.315,True,0.035035925983117076,-0.008403580051515216,0,7.39651352105721,7.3896285104758315,-14.588001650864769,-14.588001650864769,7.392663110109151,7.392545713760914,37.41967440975964,22.692902862815334,0,-1
2023-06-28 09:05:00,2023-06-28 09:09:59,7.305,7.325,7.304,7.331,7.28489537593954,7.316249999999999,7.304,7.331,True,0.03446193127003729,-0.0038448177438450554,0,7.393071015766521,7.3863811247215345,-6.840015014839054,-0.0,7.391902780655329,7.391873617106576,51.66116644201312,37.07714999131264,0,-1
2023-06-28 09:10:00,2023-06-28 09:14:59,7.326,7.299,7.29,7.327,7.300572687969769,7.310499999999999,7.29,7.327,True,0.03464322189360605,-0.0022663077093149422,0,7.389726070244029,7.383303809867146,-5.993266639612351,-0.0,7.391092802738361,7.390949501513476,61.5209029688905,50.20058127355444,0,-1
2023-06-28 09:15:00,2023-06-28 09:19:59,7.298,7.265,7.248,7.298,7.305536343984884,7.27725,7.248,7.305536343984884,True,0.035811563186919915,-0.0032303652150356826,0,7.386514940055588,7.380153376320607,-9.34973288312679,-0.0,7.389960038532009,7.389696272642695,70.66374774211566,61.281939051006454,0,-2
2023-06-28 09:20:00,2023-06-28 09:24:59,7.266,7.246,7.237,7.275,7.291393171992443,7.256,7.237,7.291393171992443,True,0.035967880102139936,-0.004761140760456563,0,7.383334158188098,7.376821193639398,-13.252540035617656,-13.252540035617656,7.388627102825223,7.388266458984559,68.39639736307855,66.86034935802826,0,-2
2023-06-28 09:25:00,2023-06-28 09:29:59,7.246,7.255,7.231,7.26,7.2736965859962215,7.247999999999999,7.231,7.2736965859962215,True,0.03547017438055851,-0.0046618148780607285,0,7.380077675913749,7.373313892395433,-14.025612389035018,-14.025612389035018,7.3872278281702455,7.386940424566802,63.990415125468594,67.68352007688762,0,-2
2023-06-28 09:30:00,2023-06-28 09:34:59,7.255,7.258,7.245,7.269,7.26084829299811,7.25675,7.245,7.269,True,0.034650876210518614,-0.003916855496027785,0,7.376695784154592,7.369752817197213,-13.886178244798742,-13.886178244798742,7.38592954132278,7.38565743526763,62.12475885372438,64.83719044742386,0,-1
2023-06-28 09:35:00,2023-06-28 09:39:59,7.258,7.265,7.232,7.265,7.258799146499055,7.255,7.232,7.265,True,0.034532956481195816,-0.0025072408677144914,0,7.373224300675903,7.366161831288514,-12.152313748718704,-0.0,7.384626759817081,7.38445686377243,63.835953081197566,63.317042353463535,0,-1
2023-06-28 09:40:00,2023-06-28 09:44:59,7.264,7.245,7.24,7.272,7.256899573249528,7.25525,7.24,7.272,True,0.03435203101825326,-0.002578530213089722,0,7.36969306598221,7.362573649715192,-13.884379552990907,-13.884379552990907,7.383339428873628,7.383069233287132,67.0426352888468,64.3344490745896,0,-1
2023-06-28 09:45:00,2023-06-28 09:49:59,7.245,7.276,7.24,7.282,7.2560747866247635,7.260750000000001,7.24,7.282,True,0.03489831451694944,-0.00010271586274200606,0,7.366133357848701,7.359050030605388,-8.73977662986345,-0.0,7.3821196335614525,7.382003867781787,69.29285340984748,66.72381392663063,0,-1
2023-06-28 09:50:00,2023-06-28 09:54:59,7.276,7.275,7.275,7.291,7.258412393312382,7.27925,7.275,7.291,True,0.033548434908595916,0.0017146019728866077,0,7.362591694227045,7.3557283474255915,-5.494677526355652,-0.0,7.381096055118055,7.38093915267948,79.74094415600602,72.02547761823344,0,-1
2023-06-28 09:55:00,2023-06-28 09:59:59,7.274,7.262,7.243,7.274,7.2688311966561905,7.26325,7.243,7.274,True,0.03343783241512478,0.0021989312986677653,0,7.359160020826319,7.352478663087291,-5.77159478565283,-0.0,7.379923457554692,7.379755678523465,82.13632957138454,77.05670904574602,0,-1
2023-06-28 10:00:00,2023-06-28 10:04:59,7.262,7.28,7.254,7.284,7.266040598328095,7.27,7.254,7.284,True,0.0331922729569016,0.003921821542559462,0,7.355819341956805,7.349354272412112,-2.3402598088488844,-0.0,7.378829691807879,7.378763084707312,85.45683462638972,82.44470278459345,0,-1
2023-06-28 10:05:00,2023-06-28 10:09:59,7.281,7.286,7.278,7.292,7.268020299164047,7.28425,7.278,7.292,True,0.031821396317122934,0.0055388649624874345,0,7.352586807184459,7.346447733116134,1.0315840592168612,0.0,7.377888600347104,7.377840068939079,86.14831627635368,84.58049349137599,0,-1
2023-06-28 10:10:00,2023-06-28 10:14:59,7.286,7.289,7.278,7.291,7.276135149582023,7.286,7.278,7.291,True,0.030477010865899924,0.006800115890497324,0,7.349517270150297,7.343744658554696,3.8586627939430187,3.8586627939430187,7.376974285915789,7.376956088153616,94.78364363174796,88.79626484483047,0,-1
2023-06-28 10:15:00,2023-06-28 10:19:59,7.289,7.296,7.282,7.296,7.281067574791011,7.29075,7.282,7.296,True,0.02930008151833566,0.008037891972448807,0,7.346630964352497,7.34125290922722,7.137706245708301,7.137706245708301,7.3761163328221,7.376150554938157,99.99999999999993,93.64398663603389,0,-1
2023-06-28 10:20:00,2023-06-28 10:24:59,7.296,7.286,7.271,7.299,7.285908787395506,7.288,7.271,7.299,True,0.029207218552740288,0.008026079853151333,0,7.343941936789858,7.338925765868351,6.129094477277015,6.129094477277015,7.375239553391035,7.375253534491011,98.31974832128098,97.70113065100965,0,-1
2023-06-28 10:25:00,2023-06-28 10:29:59,7.286,7.291,7.279,7.299,7.286954393697753,7.28875,7.279,7.299,True,0.028549560084687443,0.008222368673825677,0,7.341433851329104,7.336749330422048,6.723245775803555,6.723245775803555,7.37437896081998,7.3744151908642355,97.19015233880214,98.50330022002771,0,2
2023-06-28 10:30:00,2023-06-28 10:34:59,7.291,7.284,7.274,7.291,7.287852196848877,7.285,7.274,7.291,True,0.027724591507209795,0.0077081067369271054,0,7.339091590875576,7.334680752048907,4.761941392313567,4.761941392313567,7.373489617926249,7.3735155372237955,93.52231405619496,96.34407157209272,0,2
2023-06-28 10:35:00,2023-06-28 10:39:59,7.284,7.268,7.263,7.286,7.286426098424439,7.27525,7.263,7.286426098424439,True,0.027387120685266216,0.006127813773953668,0,7.3368861714622415,7.332644387586699,-0.7976971614205013,-0.0,7.372512109290167,7.372465631380773,83.29460517183351,91.33569052227688,0,1
2023-06-28 10:40:00,2023-06-28 10:44:59,7.266,7.265,7.253,7.269,7.280838049212219,7.263249999999999,7.253,7.280838049212219,True,0.026573754922032917,0.004810675025480566,0,7.33476527952447,7.33056502422735,-5.182492726581991,-0.0,7.3714249241231,7.37139632161579,64.0166711070709,80.27786344503313,0,1
2023-06-28 10:45:00,2023-06-28 10:49:59,7.265,7.235,7.226,7.265,7.272044024606109,7.24775,7.226,7.272044024606109,True,0.027461343856173402,0.0018635276394574213,0,7.3326651518759105,7.328359727694159,-12.800497128792301,-0.0,7.370194327863168,7.370039144286279,37.46404807842113,61.59177478577519,0,-2
2023-06-28 10:50:00,2023-06-28 10:54:59,7.235,7.226,7.167,7.244,7.259897012303055,7.218,7.167,7.259897012303055,True,0.030999819295018157,-0.0005681918200254425,0,7.330512439785035,7.325866297128959,-18.781956173914487,-18.781956173914487,7.368679956441644,7.3686059189699975,16.038675308168184,39.17313149788675,0,-2
2023-06-28 10:55:00,2023-06-28 10:59:59,7.225,7.169,7.15,7.225,7.2389485061515275,7.19225,7.15,7.2389485061515275,True,0.034214117916802546,-0.0058479930168704106,0,7.328189368456997,7.322986451815164,-25.874702227398586,-25.874702227398586,7.366924434487001,7.366619790423032,3.1128720220763006,18.871865136221885,0,-2
2023-06-28 11:00:00,2023-06-28 11:04:59,7.17,7.198,7.162,7.199,7.215599253075764,7.18225,7.162,7.215599253075764,True,0.03441310949417379,-0.006825423343617638,0,7.325587910136081,7.319753527619122,-23.758159257774008,-23.758159257774008,7.365086877924941,7.364941981563101,-7.756758198714427e-14,6.383849110081482,0,-2
2023-06-28 11:05:00,2023-06-28 11:09:59,7.198,7.195,7.192,7.212,7.198924626537882,7.19925,7.192,7.212,True,0.033383601673161345,-0.007160496736670699,0,7.3226707188776015,7.316381441313016,-22.626750590592504,-22.626750590592504,7.363436759736634,7.363251016572423,9.864826373678177,4.325899465251481,0,-2
2023-06-28 11:10:00,2023-06-28 11:14:59,7.195,7.201,7.194,7.208,7.199087313268941,7.1995000000000005,7.194,7.208,True,0.03199905869650698,-0.00643638913251824,0,7.319526080095309,7.312924643063008,-20.41901499623635,-20.41901499623635,7.3618055481969655,7.3616365785965785,19.87080063078781,9.911875668155316,0,-1
2023-06-28 11:15:00,2023-06-28 11:19:59,7.202,7.221,7.197,7.223,7.19929365663447,7.21075,7.197,7.223,True,0.031570554503899326,-0.004089491152999017,0,7.316225361579159,7.309502054779979,-14.576907927123706,-0.0,7.360302507916399,7.360237209655319,36.242425349009224,21.992684117825082,0,-1
2023-06-28 11:20:00,2023-06-28 11:24:59,7.221,7.205,7.198,7.225,7.205021828317236,7.212250000000001,7.198,7.225,True,0.03124408632504932,-0.0032606751565632877,0,7.312863708179569,7.306140174435159,-13.196961655009801,-0.0,7.358829348633648,7.358692560803027,43.59289424244148,33.23537340741285,0,-1
2023-06-28 11:25:00,2023-06-28 11:29:59,7.205,7.218,7.199,7.223,7.208635914158618,7.21125,7.199,7.223,True,0.0307266515875458,-0.001456662801020532,0,7.3095019413073645,7.3028422948879665,-9.556126757235091,-0.0,7.3573608974034626,7.357292634824887,50.8783131582511,43.57121091656728,0,-1
2023-06-28 11:30:00,2023-06-28 11:34:59,7.218,7.226,7.209,7.227,7.209942957079309,7.22,7.209,7.227,True,0.02981760504557829,0.0005563684626536253,0,7.306172118097666,7.299677464885028,-5.548626103844249,-0.0,7.355994122304921,7.35598624044852,57.21590116893152,50.56236952320805,0,-1
2023-06-28 11:35:00,2023-06-28 11:39:59,7.226,7.233,7.222,7.236,7.214971478539654,7.22925,7.222,7.236,True,0.028687776113751225,0.0025446760682156996,0,7.302924791491347,7.296702564660519,-1.4993359938084296,-0.0,7.354732986759598,7.354762496762466,69.72400940799247,59.27274124505838,0,-1
2023-06-28 11:40:00,2023-06-28 11:44:59,7.233,7.24,7.229,7.246,7.222110739269827,7.237,7.229,7.246,True,0.02785293496276902,0.004423573545069608,0,7.2998136780759335,7.29395078170736,2.566997048391748,0.0,7.353561514254527,7.3536205813717945,85.76594956840655,70.90195338177686,0,-1
2023-06-28 11:45:00,2023-06-28 11:49:59,7.241,7.234,7.223,7.242,7.229555369634914,7.235,7.223,7.242,True,0.027220582465428383,0.005248724629879839,0,7.296882229891647,7.29137981858158,3.4858215846270753,3.4858215846270753,7.352381797694781,7.352430326830782,95.4010808274707,83.63034660128993,0,-1
2023-06-28 11:50:00,2023-06-28 11:54:59,7.234,7.244,7.233,7.247,7.232277684817458,7.2395,7.233,7.247,True,0.026276255146469227,0.006444122325772593,0,7.294131024236614,7.288999730504292,6.339404502941974,6.339404502941974,7.351258595727669,7.3513514181060975,99.01101065463256,93.39268035016995,0,2
2023-06-28 11:55:00,2023-06-28 11:59:59,7.244,7.254,7.239,7.262,7.235888842408729,7.24975,7.239,7.262,True,0.0260422369217214,0.007814703856810351,0,7.291565377370453,7.286856575530892,10.176902219337158,10.176902219337158,7.350248559949284,7.350382747279171,99.01101065463256,97.8077007122453,0,2
2023-06-28 12:00:00,2023-06-28 12:04:59,7.253,7.254,7.244,7.26,7.242819421204365,7.252749999999999,7.244,7.26,True,0.025324934284455588,0.008538537800512436,0,7.289210976450673,7.284935247169117,12.735234030267279,12.735234030267279,7.349278425024416,7.349423714967935,99.99999999999993,99.34067376975504,0,2
2023-06-28 12:05:00,2023-06-28 12:09:59,7.254,7.227,7.223,7.261,7.247784710602182,7.24125,7.223,7.261,True,0.026230296121280205,0.006946361922439463,0,7.287073111809895,7.283122844584673,6.006233130185095,6.006233130185095,7.34820351532268,7.348205568550344,94.6304020811229,97.8804709119185,0,1
2023-06-28 12:10:00,2023-06-28 12:14:59,7.228,7.211,7.198,7.239,7.244517355301091,7.219,7.198,7.244517355301091,True,0.027285274969760152,0.004671244959144432,0,7.285097978197284,7.281255976377815,-1.4525494006764816,-0.0,7.346917908205041,7.346840339012529,76.26912982795191,90.29984396969161,0,1
2023-06-28 12:15:00,2023-06-28 12:19:59,7.211,7.207,7.199,7.22,7.231758677650546,7.209249999999999,7.199,7.231758677650546,True,0.02683632675763442,0.002871964406924686,0,7.28317697728755,7.279292140335861,-7.088269180102031,-0.0,7.345548078272653,7.3454488928532005,53.65854686528531,74.85269292478672,0,1
2023-06-28 12:20:00,2023-06-28 12:24:59,7.208,7.199,7.186,7.21,7.220504338825272,7.20075,7.186,7.220504338825272,True,0.026633731989231964,0.0011821360499132787,0,7.281234558811705,7.277207115799668,-12.156734267033784,-0.0,7.344107301374418,7.343991689939238,26.15460615205717,52.027427615098155,0,1
2023-06-28 12:25:00,2023-06-28 12:29:59,7.199,7.181,7.171,7.203,7.210627169412636,7.1884999999999994,7.171,7.210627169412636,True,0.027017036847143967,-0.0010487025714733499,0,7.279220837305687,7.274956936167916,-17.856850854111514,-17.856850854111514,7.342558970017459,7.342369882079146,11.182545071894815,30.331899363079117,0,-2
2023-06-28 12:30:00,2023-06-28 12:34:59,7.181,7.204,7.166,7.21,7.1995635847063175,7.190250000000001,7.166,7.21,True,0.028230105643776513,-0.0007160200500567725,0,7.277088886736801,7.272604174254287,-14.30789027979619,-14.30789027979619,7.341043457877982,7.34099306733209,1.9095685032048368,13.082239909052293,0,-1
2023-06-28 12:35:00,2023-06-28 12:39:59,7.204,7.196,7.186,7.209,7.194906792353159,7.1987499999999995,7.186,7.209,True,0.027856526669221025,-0.0008654246743357227,0,7.2748465304955445,7.270245110076975,-13.42570753451917,-0.0,7.339627602575713,7.339550350244209,9.89310891679242,7.66174083063071,0,-2
2023-06-28 12:40:00,2023-06-28 12:44:59,7.197,7.189,7.186,7.201,7.1968283961765795,7.19325,7.186,7.201,True,0.026938203335705214,-0.0012498210665383876,0,7.27254582028626,7.267859533923126,-14.09603246266309,-14.09603246266309,7.338171109017746,7.338052336808943,15.741676798921782,9.181451406306365,0,-2
2023-06-28 12:45:00,2023-06-28 12:49:59,7.189,7.199,7.189,7.21,7.19503919808829,7.19675,7.189,7.21,True,0.026514045954583405,-0.0006011334068976165,0,7.2702026771046935,7.2654934660152195,-11.392572403348545,-0.0,7.336763933803639,7.33666873146756,23.114964328040827,16.249916681251694,0,-1
2023-06-28 12:50:00,2023-06-28 12:54:59,7.201,7.193,7.182,7.213,7.195894599044145,7.19725,7.182,7.213,True,0.026834471243541713,-0.00040981144962942695,0,7.267848071559957,7.263162421360349,-10.97223487599343,-0.0,7.335375735457334,7.335239191850968,23.93707980616905,20.931240311043904,0,-1
2023-06-28 12:55:00,2023-06-28 12:59:59,7.193,7.192,7.19,7.208,7.196572299522073,7.19575,7.19,7.208,True,0.02620343758328872,-0.0001792541625894803,0,7.265505246460154,7.2608646526090155,-10.937739649729451,-0.0,7.333986424656763,7.333813926260411,26.499970768977008,24.517338301062313,0,-1
2023-06-28 13:00:00,2023-06-28 13:04:59,7.192,7.179,7.176,7.201,7.1961611497610365,7.187,7.176,7.201,True,0.026117477755910914,-0.0007562460684345136,0,7.263184949534585,7.2585488130424665,-13.83491500919336,-13.83491500919336,7.332523873167641,7.332273489183192,21.230540697548637,23.88919709089825,0,-2
2023-06-28 13:05:00,2023-06-28 13:09:59,7.178,7.159,7.148,7.18,7.191580574880518,7.16625,7.148,7.191580574880518,True,0.026537657916202995,-0.0023082028018752386,0,7.260866881288527,7.256092268251359,-18.72690621445012,-18.72690621445012,7.330869406767963,7.3305493748629615,11.96509010460467,19.898533857043457,0,-2
2023-06-28 13:10:00,2023-06-28 13:14:59,7.158,7.165,7.148,7.168,7.178915287440259,7.15975,7.148,7.178915287440259,True,0.026070682350759957,-0.002634198814919282,0,7.258479574769943,7.2534972028446285,-19.49549663441087,-19.49549663441087,7.3291667261036055,7.328902117401639,3.553631259667347,12.249754020606902,0,-2
2023-06-28 13:15:00,2023-06-28 13:19:59,7.165,7.185,7.161,7.187,7.1693326437201295,7.1745,7.161,7.187,True,0.02606563361142001,-0.001188636404369399,0,7.255988388807286,7.2509120847776165,-13.475527575999344,-13.475527575999344,7.327627753704565,7.327470255536946,21.38855561037799,12.302425658216686,0,-1
2023-06-28 13:20:00,2023-06-28 13:24:59,7.184,7.206,7.183,7.214,7.171916321860065,7.19675,7.183,7.214,True,0.02641808835346148,0.0014079020157430067,0,7.253450236792452,7.248505193642336,-5.039599796590792,-0.0,7.32632548749855,7.326261596277872,54.72188894371132,26.554691937918903,0,-1
2023-06-28 13:25:00,2023-06-28 13:29:59,7.206,7.21,7.202,7.218,7.1843331609300325,7.2090000000000005,7.202,7.218,True,0.02567393918535709,0.003463989482741847,0,7.250977715217394,7.246339183684079,1.2927123952286124,0.0,7.3251580697124945,7.325104764474112,88.05522227704466,54.72188894371135,0,2
2023-06-28 13:30:00,2023-06-28 13:34:59,7.209,7.196,7.182,7.21,7.196666580465017,7.19925,7.182,7.21,True,0.02584008638640298,0.003838403525646239,0,7.248658449450738,7.244310786933521,1.4737384992830087,0.0,7.32390525309844,7.323820139951982,95.066752183782,79.28128780151269,0,2
2023-06-28 13:35:00,2023-06-28 13:39:59,7.196,7.201,7.19,7.202,7.197958290232508,7.19725,7.19,7.202,True,0.024851508787374164,0.004405344155248868,0,7.24648461819213,7.242390928861067,2.800507456174337,0.0,7.322645001823829,7.322598049007186,89.13492079530693,90.75229841871123,0,2
2023-06-28 13:40:00,2023-06-28 13:44:59,7.201,7.214,7.195,7.217,7.197604145116254,7.2067499999999995,7.195,7.217,True,0.024647829588275962,0.005612683669526601,0,7.244437773526599,7.2406348764241875,6.50447900148265,6.50447900148265,7.321491817726079,7.321517471405125,88.60461602055129,90.93542966654678,0,2
2023-06-28 13:45:00,2023-06-28 13:49:59,7.213,7.225,7.21,7.227,7.202177072558127,7.21875,7.21,7.227,True,0.024101556046256276,0.007033547164243797,0,7.242536324975394,7.239102170464969,10.918158430887367,10.918158430887367,7.320469511082038,7.320557098555322,93.5378638367692,90.42580021754252,0,2
2023-06-28 13:50:00,2023-06-28 13:54:59,7.224,7.218,7.218,7.228,7.210463536279064,7.2219999999999995,7.218,7.228,True,0.02309430204295224,0.007282897520976869,0,7.240819247720181,7.2377781212074375,11.306286304979501,11.306286304979501,7.319489714951868,7.319536629912981,99.46969522524428,93.87072502752163,0,2
2023-06-28 13:55:00,2023-06-28 13:59:59,7.218,7.217,7.206,7.218,7.216231768139531,7.2147499999999996,7.206,7.218,True,0.022301851897027047,0.007163171575713702,0,7.23929868446381,7.236577690514407,11.182470139402533,11.182470139402533,7.318447528733442,7.318516364938723,96.32152850227385,96.4430291880958,0,2
2023-06-28 14:00:00,2023-06-28 14:04:59,7.217,7.179,7.171,7.219,7.215490884069766,7.1965,7.171,7.219,True,0.02413743390438226,0.0042613641224156056,0,7.237938187489108,7.235357607409504,1.8092903247662306,0.0,7.317234120487338,7.3171281424020185,84.5078759378409,93.43303322178637,0,1
2023-06-28 14:05:00,2023-06-28 14:09:59,7.179,7.144,7.104,7.179,7.205995442034883,7.1515,7.104,7.205995442034883,True,0.02777047433978354,-0.00011010200245619405,0,7.236647897449306,7.233821675034223,-8.140254793980375,-0.0,7.315585024761096,7.315405474318417,58.91998920264742,79.91646454758742,0,1
2023-06-28 14:10:00,2023-06-28 14:14:59,7.145,7.131,7.124,7.153,7.178747721017442,7.138249999999999,7.124,7.178747721017442,True,0.02785829760122757,-0.0037267263534599346,0,7.235234786241764,7.231956701345731,-15.7262544433218,-15.7262544433218,7.313820497151533,7.31357059397694,34.04052752680655,59.15613088909833,0,-2
2023-06-28 14:15:00,2023-06-28 14:19:59,7.131,7.161,7.128,7.164,7.15849886050872,7.146000000000001,7.128,7.164,True,0.028439847772568427,-0.003738287458002882,0,7.233595743793748,7.229898640062025,-13.63811193059184,-13.63811193059184,7.312150641458483,7.312052478613985,20.969102455170827,37.9765397282083,0,-2
2023-06-28 14:20:00,2023-06-28 14:24:59,7.162,7.132,7.12,7.162,7.15224943025436,7.144,7.12,7.162,True,0.02940843007452781,-0.005458156703882645,0,7.231747191927886,7.227688957918853,-15.422988622271546,-15.422988622271546,7.310477500747453,7.310260911662603,16.928824740610185,23.979484907529226,0,-2
2023-06-28 14:25:00,2023-06-28 14:29:59,7.132,7.132,7.126,7.148,7.14812471512718,7.1345,7.126,7.14812471512718,True,0.028879256497775778,-0.006207798134258209,0,7.22971807492337,7.225309884273242,-16.612906416724684,-16.612906416724684,7.3087264808395185,7.308487171248049,13.099235191132747,16.99905412897129,0,-2
2023-06-28 14:30:00,2023-06-28 14:34:59,7.132,7.147,7.119,7.158,7.14131235756359,7.139,7.119,7.158,True,0.029602166747934693,-0.005257793601516264,0,7.227513979598306,7.222844645267362,-13.979078923280646,-13.979078923280646,7.307037660134648,7.306880333723193,8.363547984715341,12.797202638819464,0,-1
2023-06-28 14:35:00,2023-06-28 14:39:59,7.146,7.144,7.129,7.151,7.140156178781796,7.142499999999999,7.129,7.151,True,0.029059154837367946,-0.004477270749843786,0,7.225179312432833,7.2203524955507765,-12.698424208631018,-12.698424208631018,7.305400469486542,7.305259633885151,10.563057187364832,10.675280121071012,0,-1
2023-06-28 14:40:00,2023-06-28 14:44:59,7.144,7.154,7.144,7.158,7.141328089390898,7.15,7.144,7.158,True,0.02798350092041311,-0.002942628475108452,0,7.222765903991805,7.217907715615759,-9.411952688524892,-0.0,7.303854196158317,7.3037545629012195,20.190320058646503,13.038975076908931,0,-1
2023-06-28 14:45:00,2023-06-28 14:49:59,7.155,7.149,7.143,7.157,7.145664044695449,7.151,7.143,7.157,True,0.0269846794260979,-0.0020130943514701446,0,7.220336809803782,7.2155238650966576,-8.287950358843005,-0.0,7.3023332588831105,7.302214716504192,27.68020914511338,19.477862130374945,0,-1
2023-06-28 14:50:00,2023-06-28 14:54:59,7.146,7.145,7.133,7.15,7.1483320223477245,7.1434999999999995,7.133,7.15,True,0.026271488038519503,-0.001444657243152854,0,7.21793033745022,7.213152882508914,-8.434987705764684,-0.0,7.300752828446463,7.300650390966837,29.901608458521483,25.92404588742716,0,-1
2023-06-28 14:55:00,2023-06-28 14:59:59,7.145,7.135,7.131,7.149,7.1459160111738615,7.140000000000001,7.131,7.149,True,0.025680667464339526,-0.0015442720226753574,0,7.215541609979566,7.210784284673906,-10.666164714780315,-0.0,7.299153297815154,7.299002128370152,26.040198226002214,27.87400527654573,0,-2
2023-06-28 15:00:00,2023-06-28 15:04:59,7.135,7.124,7.118,7.148,7.142958005586931,7.1312500000000005,7.118,7.148,True,0.02598919121688666,-0.002137380466075353,0,7.213162947326736,7.208373781166248,-14.12854093280442,-14.12854093280442,7.297482618234904,7.297260813660001,18.597634594574917,24.84648042636624,0,-2
2023-06-28 15:05:00,2023-06-28 15:09:59,7.123,7.115,7.105,7.129,7.137104002793466,7.118,7.105,7.137104002793466,True,0.025847106129966123,-0.002882285853534571,0,7.2107683642464915,7.205855914554447,-17.816250696402257,-17.816250696402257,7.295696721536049,7.295447273225573,10.471557194938109,18.36979667183845,0,-2
2023-06-28 15:10:00,2023-06-28 15:14:59,7.116,7.13,7.11,7.135,7.127552001396733,7.12275,7.11,7.135,True,0.02578659854925422,-0.002041467821954787,0,7.208312139400469,7.203303385509791,-14.701688929915669,-14.701688929915669,7.293975858635193,7.293801031700941,13.374214100364071,14.147801963292403,0,-1
2023-06-28 15:15:00,2023-06-28 15:19:59,7.131,7.125,7.116,7.139,7.1251510006983665,7.12775,7.116,7.139,True,0.025587555795736103,-0.0015812776338145138,0,7.20580776245513,7.200775384869077,-13.755924034537948,-13.755924034537948,7.2923218699920564,7.29212141944521,29.26699066681634,17.70425398737288,0,-1
2023-06-28 15:20:00,2023-06-28 15:24:59,7.127,7.129,7.121,7.138,7.126450500349183,7.12875,7.121,7.138,True,0.024974158953183483,-0.0007681120637031483,0,7.203291573662104,7.198290901449585,-11.626054642652562,-11.626054642652562,7.290694289196115,7.290498320744263,50.97252527781262,31.20457668166439,0,-1
2023-06-28 15:25:00,2023-06-28 15:29:59,7.129,7.091,7.055,7.135,7.127600250174591,7.102499999999999,7.055,7.135,True,0.02890457617081324,-0.0026419925178423898,0,7.200791237555844,7.195677622726866,-16.646911188341406,-16.646911188341406,7.2888217092041145,7.2885132628264095,41.35820512333532,40.532573689321474,0,-2
2023-06-28 15:30:00,2023-06-28 15:34:59,7.09,6.987,6.915,7.106,7.115050125087295,7.0245,6.915,7.115050125087295,True,0.04048282073004085,-0.010690397903567583,0,7.198234430141355,7.192445709477062,-24.642009979276104,-24.642009979276104,7.286191642445865,7.2855131308579875,21.70553461099621,38.01208833738143,0,-2
2023-06-28 15:35:00,2023-06-28 15:39:59,6.986,7.014,6.958,7.048,7.0697750625436475,7.0015,6.958,7.0697750625436475,True,0.0440197621064665,-0.013369154843411002,0,7.195340069809208,7.18859111081571,-25.226724248505434,-25.226724248505434,7.283358889784712,7.282811507665371,-7.105427357601002e-14,21.02124657811053,0,-2
2023-06-28 15:40:00,2023-06-28 15:44:59,7.014,7.028,6.984,7.031,7.035637531271824,7.01425,6.984,7.035637531271824,True,0.04423263624171887,-0.013325600346097886,0,7.191965590312459,7.184360192755979,-23.34925400656854,-23.34925400656854,7.280681189388845,7.280276069778153,7.350307285809952,9.685280632268741,0,-2
2023-06-28 15:45:00,2023-06-28 15:49:59,7.029,7.044,6.993,7.048,7.024943765635912,7.028500000000001,6.993,7.048,True,0.04500173365302464,-0.011365044737300885,0,7.188162891534219,7.1799597945391,-19.57326829160049,-19.57326829160049,7.278171923822787,7.277925064108718,22.421624446838948,9.92397724421632,0,-1
2023-06-28 15:50:00,2023-06-28 15:54:59,7.044,7.015,7.012,7.053,7.026721882817957,7.031,7.012,7.053,True,0.04471589553495148,-0.011320273282555832,0,7.184061343036659,7.175473307472712,-19.478743136867106,-19.478743136867106,7.275712501695197,7.275308894316591,38.83269888008442,22.868210204244487,0,-2
2023-06-28 15:55:00,2023-06-28 15:59:59,7.014,7.007,7.0,7.037,7.028860941408978,7.0145,7.0,7.037,True,0.044164760139597796,-0.011057642997977735,0,7.179767325254685,7.170836616575006,-20.025623876723877,-20.025623876723877,7.273113372325096,7.272639154074636,46.07995377249222,35.7780923664719,0,-2
2023-06-28 16:00:00,2023-06-28 16:04:59,7.007,6.988,6.983,7.035,7.021680470704489,7.00325,6.983,7.035,True,0.04472442012962656,-0.011402184294157625,0,7.175301970914846,7.166036294811117,-21.787583595872707,-21.787583595872707,7.270428164640268,7.269806923685834,43.93919927164885,42.95061730807521,0,-2
2023-06-28 16:05:00,2023-06-28 16:09:59,6.988,7.011,6.984,7.024,7.012465235352245,7.00175,6.984,7.024,True,0.04438696154893895,-0.00922519559203714,0,7.170669132862981,7.16112978903261,-18.59072144741177,-18.59072144741177,7.267754750066733,7.267231730415328,40.14156468008912,43.38690590807678,0,-1
2023-06-28 16:10:00,2023-06-28 16:14:59,7.011,7.027,6.996,7.045,7.007107617676123,7.01975,6.996,7.045,True,0.04471646429544328,-0.005980641362389322,0,7.165899460947796,7.15629684682255,-13.828195940376482,-0.0,7.265287041110845,7.264841364938558,50.24710473536465,44.77595622903425,0,-1
2023-06-28 16:15:00,2023-06-28 16:19:59,7.026,7.046,7.017,7.056,7.013428808838062,7.03625,7.017,7.056,True,0.044308145417197305,-0.0019760686038468728,0,7.161098153885173,7.151668188397665,-7.8808740320448365,-0.0,7.263008065577404,7.262663838919269,70.64987540851234,53.67951494132208,0,-1
2023-06-28 16:20:00,2023-06-28 16:24:59,7.047,7.03,7.023,7.05,7.024839404419031,7.0375000000000005,7.023,7.05,True,0.043071849315968934,-5.669151030632952e-05,0,7.156383171141419,7.147240697882035,-6.329079250182062,-0.0,7.2607642042283755,7.260348775845445,91.36976890015994,70.75558301467902,0,-1
2023-06-28 16:25:00,2023-06-28 16:29:59,7.03,7.033,7.025,7.042,7.031169702209516,7.032500000000001,7.025,7.042,True,0.04120957436482826,0.0017313163393107359,0,7.151811934511727,7.142967660252185,-4.7751904309007145,-0.0,7.258492918614163,7.258086598971361,98.3083532022866,86.77599917031966,0,-1
2023-06-28 16:30:00,2023-06-28 16:34:59,7.034,7.024,7.018,7.035,7.031834851104758,7.02775,7.018,7.035,True,0.03948031905305483,0.0025284282659932475,0,7.147389797381956,7.138812951996422,-5.275216461985899,-0.0,7.256196969175216,7.255757379081099,94.98653656546371,94.88821955597012,0,-1
2023-06-28 16:35:00,2023-06-28 16:39:59,7.023,7.018,7.011,7.029,7.02979242555238,7.02025,7.011,7.02979242555238,True,0.037946010549265184,0.0028506931857677775,0,7.143101374689188,7.134728453030073,-6.641409001358625,-0.0,7.253849238138646,7.253391634015616,89.10216202734757,94.13235059836599,0,-1
2023-06-28 16:40:00,2023-06-28 16:44:59,7.019,7.015,7.009,7.034,7.02502121277619,7.0192499999999995,7.009,7.034,True,0.03702129551003192,0.003052546034986281,0,7.13891491385963,7.1307203932742,-8.104510803339785,-0.0,7.251514917361147,7.251019577955759,84.56135683060336,89.55001847447159,0,-1
2023-06-28 16:45:00,2023-06-28 16:49:59,7.017,7.022,7.008,7.027,7.022135606388095,7.0185,7.008,7.027,True,0.03573406011645822,0.003848216550606673,0,7.134817653566915,7.126794868401056,-6.994851127222304,-0.0,7.249196360969494,7.248740776185055,79.29801785152085,84.32051223649063,0,-1
2023-06-28 16:50:00,2023-06-28 16:54:59,7.022,7.019,7.017,7.032,7.020317803194048,7.0225,7.017,7.032,True,0.03425305582242547,0.004300087295067312,0,7.130806260983985,7.122988701350667,-7.009890916406469,-0.0,7.2469406757857175,7.246454798312566,79.9124590518524,81.25727791132557,0,-1
2023-06-28 16:55:00,2023-06-28 16:59:59,7.02,7.033,7.019,7.04,7.021408901597024,7.0280000000000005,7.019,7.04,True,0.0333064089779665,0.005668086623778691,0,7.126897481167326,7.1193403557562736,-2.8561340093674943,-0.0,7.244762161598795,7.244330869971147,86.14491104630993,81.7851293165611,0,-1
2023-06-28 17:00:00,2023-06-28 17:04:59,7.034,7.045,7.03,7.054,7.024704450798512,7.040750000000001,7.03,7.054,True,0.032641665479540324,0.007420573872816298,0,7.1231189184618,7.115928774193921,2.6429759209369195,0.0,7.242732189841593,7.2423474782301405,94.73006666221534,86.92914558679259,0,2
2023-06-28 17:05:00,2023-06-28 17:09:59,7.046,7.049,7.04,7.055,7.032727225399256,7.0475,7.04,7.055,True,0.03138154651671599,0.008782274580184206,0,7.11952384632786,7.11277331787506,7.1392279533630685,7.1392279533630685,7.240789580987448,7.240423622725363,99.99999999999993,93.62499256950844,0,2
2023-06-28 17:10:00,2023-06-28 17:14:59,7.048,7.046,7.043,7.057,7.040113612699628,7.048500000000001,7.043,7.057,True,0.030140007479807725,0.009335843835253668,0,7.11614858210146,7.109848021611154,8.856659999210763,8.856659999210763,7.238876251823394,7.23848905931516,99.99999999999993,98.24335555407178,0,2
2023-06-28 17:15:00,2023-06-28 17:19:59,7.047,7.065,7.046,7.07,7.044306806349814,7.057,7.046,7.07,True,0.02970143551696432,0.0108354064724277,0,7.112998301856307,7.107182321659907,13.850316551670026,13.850316551670026,7.237066537874902,7.236762800018492,99.99999999999993,99.99999999999999,0,2
2023-06-28 17:20:00,2023-06-28 17:24:59,7.065,7.078,7.055,7.081,7.050653403174907,7.06975,7.055,7.081,True,0.029437047265752633,0.012450136457061459,0,7.110090311758107,7.1048267718069695,18.931391341627446,18.931391341627446,7.235401696702017,7.235183070665074,99.99999999999993,99.99999999999999,0,2
2023-06-28 17:25:00,2023-06-28 17:29:59,7.079,7.088,7.078,7.096,7.060201701587454,7.08525,7.078,7.096,True,0.028620115318198858,0.013840786537302883,0,7.107458541782538,7.102837913368331,23.408927984366443,23.408927984366443,7.233907649968664,7.233718562499252,99.99999999999993,99.99999999999999,0,2
2023-06-28 17:30:00,2023-06-28 17:34:59,7.089,7.075,7.073,7.093,7.072725850793727,7.0825000000000005,7.073,7.093,True,0.02800439279547034,0.013424384689570672,0,7.105148227575435,7.101132531418402,21.008323661349635,21.008323661349635,7.232401106187881,7.232139273320155,98.40367516541501,99.467891721805,0,2
2023-06-28 17:35:00,2023-06-28 17:39:59,7.076,7.072,7.066,7.076,7.077612925396863,7.0725,7.066,7.077612925396863,True,0.026718364738651013,0.012522160968608038,0,7.103140379496919,7.099593422600751,18.27084519912202,18.27084519912202,7.230810050404917,7.230545847714979,91.18011451705297,96.527929894156,0,2
2023-06-28 17:40:00,2023-06-28 17:44:59,7.072,7.074,7.069,7.084,7.075056462698432,7.07475,7.069,7.084,True,0.025881338685890206,0.011668759336718987,0,7.101366901048835,7.098211219105545,16.936794079675877,16.936794079675877,7.229257214082479,7.228988177588462,84.96170557251482,91.5151650849943,1,2
2023-06-28 17:45:00,2023-06-28 17:49:59,7.074,7.06,7.057,7.078,7.074903231349216,7.0672500000000005,7.057,7.078,True,0.02553267163689804,0.009769044778812418,0,7.099789060077191,7.096910573684068,10.701367029652445,10.701367029652445,7.227645202002057,7.227306703184597,76.13641066275595,84.09274358410795,0,1
2023-06-28 17:50:00,2023-06-28 17:54:59,7.059,7.043,7.037,7.062,7.071076615674608,7.05025,7.037,7.071076615674608,True,0.02549462366283392,0.007056486444351383,0,7.098349816880629,7.09556642523948,2.2573283136757283,0.0,7.2258800756139765,7.225472805640472,64.6206574224824,75.2395912192511,-1,1
2023-06-28 17:55:00,2023-06-28 17:59:59,7.043,7.055,7.043,7.062,7.060663307837304,7.05075,7.043,7.062,True,0.02503072197263151,0.005917238693135447,0,7.096958121060054,7.094200679378376,0.5975597237016075,0.0,7.224137487796922,7.223776558818178,50.937288933946384,63.89811900639495,0,1
2023-06-28 18:00:00,2023-06-28 18:04:59,7.056,7.047,7.04,7.062,7.0557066539186515,7.0512500000000005,7.04,7.062,True,0.024814241831729276,0.0044652449262960435,0,7.095579400219215,7.092830730720125,-2.5335486162448078,-0.0,7.222417214286505,7.222017588083669,39.42813596333982,51.6620274399229,0,1
2023-06-28 18:05:00,2023-06-28 18:09:59,7.047,7.039,7.022,7.047,7.0534783269593255,7.038749999999999,7.022,7.0534783269593255,True,0.024827510272320004,0.002868952647578891,0,7.09420506546967,7.0913811091815,-6.455526436045645,-0.0,7.220589679815992,7.220196517555474,24.834116518642077,38.3998471386428,0,1
2023-06-28 18:10:00,2023-06-28 18:14:59,7.038,7.043,7.034,7.049,7.046114163479663,7.0409999999999995,7.034,7.049,True,0.024125545252868617,0.0020692103677404615,0,7.092793087325585,7.089894143962025,-7.479909844894564,-0.0,7.218802717827773,7.218433368127061,13.407405452351385,25.889885978111135,0,1
2023-06-28 18:15:00,2023-06-28 18:19:59,7.043,7.051,7.043,7.066,7.043557081739831,7.05075,7.043,7.066,True,0.024045149163377976,0.0020912762542428555,0,7.091343615643805,7.088454875331514,-5.163471844088143,-0.0,7.217130551481229,7.216767364464106,12.36570675479519,16.86907624192959,0,2
2023-06-28 18:20:00,2023-06-28 18:24:59,7.051,7.06,7.05,7.064,7.047153540869916,7.05625,7.05,7.064,True,0.023327638508850994,0.002708832664399965,0,7.08989924548766,7.087100769323401,-0.7645977164945705,-0.0,7.215529749973953,7.215207490190831,27.12105153665046,17.63138791459905,0,2
2023-06-28 18:25:00,2023-06-28 18:29:59,7.06,7.064,7.06,7.083,7.051701770434958,7.066749999999999,7.06,7.083,True,0.02330423575821882,0.003336385178104832,0,7.088500007405531,7.085895044220455,3.3275961677719437,3.3275961677719437,7.2140493544518245,7.213702938049629,47.637431353293515,29.04139654824643,0,2
2023-06-28 18:30:00,2023-06-28 18:34:59,7.064,7.076,7.059,7.08,7.0592258852174785,7.069750000000001,7.059,7.08,True,0.023139647489774613,0.004485348920707354,0,7.087197525812993,7.084834996194496,9.004342769023047,9.004342769023047,7.212613539979667,7.212332759561573,61.900381929440904,45.552954939795,1,2
2023-06-28 18:35:00,2023-06-28 18:39:59,7.075,7.059,7.055,7.076,7.064487942608739,7.06625,7.055,7.076,True,0.022986815526219277,0.0039239404099249055,0,7.086016261003745,7.08387290009039,6.199904208405833,6.199904208405833,7.211157186348029,7.210807060461457,70.1593029903691,59.89903875770121,0,1
2023-06-28 18:40:00,2023-06-28 18:44:59,7.058,7.06,7.055,7.075,7.06536897130437,7.061999999999999,7.055,7.075,True,0.02277347156006079,0.003509809256360412,0,7.084944580547067,7.08296536370592,4.650545763743835,4.650545763743835,7.209673035240088,7.209306492695672,71.49974703278951,67.85314398419987,0,1
2023-06-28 18:45:00,2023-06-28 18:49:59,7.06,7.069,7.06,7.078,7.0636844856521845,7.06675,7.06,7.078,True,0.022432509305770783,0.0037523321941020293,0,7.083954972126494,7.082139599288604,6.420599902966629,6.420599902966629,7.208250915486455,7.207910408191237,75.98392662527537,72.54765888281138,0,2
2023-06-28 18:50:00,2023-06-28 18:54:59,7.07,7.064,7.058,7.073,7.065217242826092,7.06625,7.058,7.073,True,0.021901615783930052,0.0034423870619250275,0,7.08304728570755,7.0813804496064385,5.527805482372408,5.527805482372408,7.206837971053754,7.206478463831125,81.53301838286369,76.33889734697624,0,1
2023-06-28 18:55:00,2023-06-28 18:59:59,7.065,7.074,7.065,7.076,7.065733621413046,7.07,7.065,7.076,True,0.021194357513649304,0.0038121215189488872,0,7.082213867656995,7.080704683735873,8.005622990305355,8.005622990305355,7.205476399202473,7.205160270161164,90.62868756686517,82.71521085833479,0,2
2023-06-28 19:00:00,2023-06-28 19:04:59,7.074,7.077,7.073,7.098,7.067866810706523,7.0805,7.073,7.098,True,0.021466189119817174,0.004118465442481291,0,7.081459275696434,7.0801712441654905,10.484007618825089,10.484007618825089,7.204232852941752,7.203885043592396,94.85402881073848,89.00524492015582,0,2
2023-06-28 19:05:00,2023-06-28 19:09:59,7.078,7.077,7.072,7.091,7.074183405353262,7.0795,7.072,7.091,True,0.021290032754115954,0.0041576329176836084,0,7.080815259930962,7.079746657991446,12.136264037838245,12.136264037838245,7.202991730026909,7.202622505845208,98.44685202090083,94.64318946616821,0,2
2023-06-28 19:10:00,2023-06-28 19:14:59,7.077,7.073,7.069,7.081,7.0768417026766315,7.075,7.069,7.081,True,0.020626458985964848,0.0037412304140700325,0,7.080280958961205,7.079379811188956,10.75334497531776,10.75334497531776,7.201718180474402,7.201332729667644,92.30692768956986,95.20260284040312,0,1
2023-06-28 19:15:00,2023-06-28 19:19:59,7.072,7.062,7.061,7.075,7.075920851338315,7.0675,7.061,7.075920851338315,True,0.020153140486967376,0.0025628754644552326,0,7.079830385075081,7.079009481982955,4.551142121294781,4.551142121294781,7.200382676191075,7.199946334347568,76.54016626113143,89.0979819905341,0,1
2023-06-28 19:20:00,2023-06-28 19:24:59,7.062,7.049,7.041,7.065,7.071710425669158,7.054250000000001,7.041,7.071710425669158,True,0.02042791616646971,0.0008034735222419392,0,7.079419933529017,7.078548042817455,-3.506592221863656,-0.0,7.198928619711562,7.198444380771971,44.3839854505973,71.07702646709957,0,1
2023-06-28 19:25:00,2023-06-28 19:29:59,7.049,7.038,7.037,7.054,7.06298021283458,7.044499999999999,7.037,7.06298021283458,True,0.020183065011721898,-0.0011167684676126198,0,7.078983988173236,7.07795114273472,-11.115228783488334,-11.115228783488334,7.197392016530352,7.196847919271752,17.566571904894825,46.16357453887456,-1,1
2023-06-28 19:30:00,2023-06-28 19:34:59,7.039,7.049,7.032,7.054,7.0537401064172895,7.0435,7.032,7.054,True,0.020312846082313207,-0.001544388801430208,0,7.078467565453978,7.07724482762509,-10.856208883523905,-10.856208883523905,7.195860752684279,7.195376795696909,-9.237055564881302e-14,20.65018578516405,0,1
2023-06-28 19:35:00,2023-06-28 19:39:59,7.05,7.053,7.043,7.059,7.048620053208644,7.0512500000000005,7.043,7.059,True,0.020004785647862264,-0.001465262810722168,0,7.077856196539534,7.07651038860996,-8.998610869695007,-8.998610869695007,7.194421839722247,7.193960111162611,8.039575892899666,8.53538259926484,0,1
2023-06-28 19:40:00,2023-06-28 19:44:59,7.053,7.064,7.053,7.066,7.049935026604322,7.059,7.053,7.066,True,0.019504443815872095,-0.0005796701382529438,0,7.077183292574747,7.075812019720794,-3.769131426233251,-0.0,7.1930743587299855,7.192666975728158,23.34419533407436,10.46125707565802,0,2
2023-06-28 19:45:00,2023-06-28 19:49:59,7.064,7.075,7.06,7.081,7.054467513302161,7.069999999999999,7.06,7.081,True,0.019611269257595574,0.0007885130282940336,0,7.076497656147771,7.075222312346847,2.6952411508057565,0.0,7.19184973824511,7.191496160049271,47.676170524213035,26.353313917062394,1,2
2023-06-28 19:50:00,2023-06-28 19:54:59,7.075,7.05,7.04,7.076,7.06223375665108,7.06025,7.04,7.076,True,0.020781892882053003,-6.258170630783332e-05,0,7.075859984247309,7.0746553055989425,-0.8708655083492545,-0.0,7.190540288113318,7.19008823805873,55.529740495971474,42.18336878475299,-1,1
2023-06-28 19:55:00,2023-06-28 19:59:59,7.05,7.054,7.043,7.055,7.06124187832554,7.0504999999999995,7.043,7.06124187832554,True,0.020154614819049184,-0.00032162152163979973,0,7.075257644923125,7.0740431661140635,-1.9981581632126506,-0.0,7.189146852410698,7.18873412623725,48.69473121200974,50.63354741073146,0,1
2023-06-28 20:00:00,2023-06-28 20:04:59,7.054,7.042,7.032,7.06,7.055870939162769,7.047,7.032,7.06,True,0.020714999474831356,-0.0012828671092583715,0,7.074650405518594,7.073375679513694,-5.628969443041363,-5.628969443041363,7.187732455869297,7.187274085180163,30.327030247649073,44.85050065187681,0,1
2023-06-28 20:05:00,2023-06-28 20:09:59,7.043,7.038,7.031,7.046,7.051435469581385,7.039499999999999,7.031,7.051435469581385,True,0.020306785226629157,-0.0021042863541122377,0,7.074013042516143,7.072617739432006,-8.918154838712795,-8.918154838712795,7.186257506059652,7.185788770899763,15.242662314250849,31.421474591303262,0,1
2023-06-28 20:10:00,2023-06-28 20:14:59,7.038,7.035,7.023,7.046,7.045467734790693,7.0355,7.023,7.046,True,0.0204991577104414,-0.0027264165421138197,0,7.073315390974074,7.071766340709496,-11.794617674862465,-11.794617674862465,7.184757431372492,7.184288385119666,6.773052157037884,17.447581572979306,0,1
2023-06-28 20:15:00,2023-06-28 20:19:59,7.034,7.028,7.026,7.04,7.040483867395347,7.032,7.026,7.040483867395347,True,0.020034932159695602,-0.003461602300359444,0,7.072540865841784,7.070823189120354,-15.255833897756489,-15.255833897756489,7.183237456930974,7.182733276810018,0.808777931259885,7.608164134182911,0,1
2023-06-28 20:20:00,2023-06-28 20:24:59,7.029,7.014,7.004,7.034,7.036241933697673,7.020249999999999,7.004,7.036241933697673,True,0.020746722719717364,-0.004711222009893072,0,7.071682027481068,7.06973365338125,-19.92908605750086,-19.92908605750086,7.181615691190367,7.181054338732307,-7.993605777301127e-14,2.527276696099269,0,1
2023-06-28 20:25:00,2023-06-28 20:29:59,7.014,7.058,7.013,7.067,7.028245966848836,7.038,7.013,7.067,True,0.02312195681116614,-0.0022524989940205338,0,7.070707840431158,7.0686581276217755,-10.08726320747855,-10.08726320747855,7.1801866793377265,7.179829917451388,16.327757345612728,5.7121784256242165,0,2
2023-06-28 20:30:00,2023-06-28 20:34:59,7.058,7.063,7.045,7.069,7.033122983424418,7.058749999999999,7.045,7.069,True,0.023184674181797132,-0.00017721869599457082,0,7.069682984026466,7.067743378335178,-2.681964495914613,-0.0,7.178978354170187,7.178667430710578,46.9212513139669,21.083002886526554,0,2
2023-06-28 20:35:00,2023-06-28 20:39:59,7.063,7.029,7.011,7.066,7.045936491712208,7.042249999999999,7.011,7.066,True,0.025457197454525887,-0.0011170180808534689,0,7.068713181180821,7.066848278102093,-4.752586124900525,-4.752586124900525,7.1776178730341655,7.177178202544304,67.47385346064708,43.574287373408936,0,1
2023-06-28 20:40:00,2023-06-28 20:44:59,7.03,7.032,7.013,7.039,7.044093245856104,7.028500000000001,7.013,7.044093245856104,True,0.02549596906491688,-0.0014249971445007125,0,7.0677807296414565,7.065880449423886,-5.45399001269039,-5.45399001269039,7.176134113103477,7.175733643315007,64.64280328175825,59.679302685457436,0,1
2023-06-28 20:45:00,2023-06-28 20:49:59,7.033,7.032,7.029,7.045,7.032500000000001,7.034750000000001,7.029,7.045,True,0.024817685560279964,-0.0015140451573823254,0,7.066830589532671,7.064904883110005,-5.921592604550298,-5.921592604550298,7.17472730600792,7.174303457809385,51.68272218048329,61.2664596409629,0,1
2023-06-28 20:50:00,2023-06-28 20:54:59,7.031,7.01,7.0,7.034,7.033625000000001,7.01875,7.0,7.034,True,0.025473565163117096,-0.0029636489880348095,0,7.065867736321338,7.063820141308099,-10.080754596657336,-10.080754596657336,7.173175293012816,7.172668597532675,41.093200800588356,52.47290875427666,0,1
2023-06-28 20:55:00,2023-06-28 20:59:59,7.009,6.992,6.963,7.009,7.026187500000001,6.993250000000001,6.963,7.026187500000001,True,0.027011167651465856,-0.0049486852260447935,0,7.064843938814718,7.0624819302406765,-15.04481487626169,-15.04481487626169,7.171384991589803,7.170870900044787,27.890851642388345,40.222258207820026,0,-2
2023-06-28 21:00:00,2023-06-28 21:04:59,6.992,6.961,6.939,7.013,7.009718750000001,6.97625,6.939,7.013,True,0.030367512819218283,-0.008074119915552062,0,7.063662934527697,7.060836704510129,-20.862415540787932,-20.862415540787932,7.1694433498824415,7.16878263238265,10.257438775309149,26.41383040609531,0,-2
2023-06-28 21:05:00,2023-06-28 21:09:59,6.96,6.984,6.945,6.997,6.992984375000001,6.9715,6.945,6.997,True,0.031912690474988376,-0.008080492095534625,0,7.062249819518913,7.0589284619228865,-18.934053520977994,-18.934053520977994,7.167473764311472,7.166943999224613,0.29435800852389943,12.814216142073825,0,-2
2023-06-28 21:10:00,2023-06-28 21:14:59,6.984,7.01,6.982,7.017,6.982242187500001,6.99825,6.982,7.017,True,0.03213321258391778,-0.005851101857857085,0,7.060589140720899,7.057009770335862,-12.818357476118422,-12.818357476118422,7.16578994576111,7.1653823673915324,15.270311187620221,8.607369323817784,0,-1
2023-06-28 21:15:00,2023-06-28 21:19:59,7.01,7.004,6.997,7.017,6.990246093750001,7.007,6.997,7.017,True,0.031266554542209404,-0.004461050742276738,0,7.05879945552838,7.055156050747889,-9.697855109225422,-9.697855109225422,7.1642099463008,7.163776572691119,34.825183350020886,16.796617515388363,0,-1
2023-06-28 21:20:00,2023-06-28 21:24:59,7.003,7.028,7.0,7.032,6.998623046875,7.01575,7.0,7.032,True,0.03131894350348016,-0.001611642316143927,0,7.056977753138134,7.053426236864748,-3.7328879045830803,-0.0,7.1627327329047725,7.162425562017575,58.51362703760361,36.2030405250816,0,-1
2023-06-28 21:25:00,2023-06-28 21:29:59,7.028,7.032,7.019,7.034,7.0071865234375,7.02825,7.019,7.034,True,0.030153304681802988,0.0006845553435815936,0,7.055201995001441,7.051891606470545,0.8259257550485444,0.0,7.161394596258954,7.161127795231331,72.48618276104004,55.27499771622154,0,2
2023-06-28 21:30:00,2023-06-28 21:34:59,7.031,7.043,7.029,7.048,7.01771826171875,7.037750000000001,7.029,7.048,True,0.02935664006167421,0.002998873077620442,0,7.053546800735993,7.0505863547092735,5.482972069098821,5.482972069098821,7.160164301768815,7.1599523942837555,86.12356558811905,72.37445846225425,0,2
2023-06-28 21:35:00,2023-06-28 21:39:59,7.042,7.048,7.022,7.055,7.0277341308593755,7.04175,7.022,7.055,True,0.029616880057268872,0.004804673160499611,0,7.052066577722633,7.049498094027865,9.315123664335125,9.315123664335125,7.158986050009921,7.1588384401117775,95.76845523386966,84.79273452767627,0,2
2023-06-28 21:40:00,2023-06-28 21:44:59,7.047,7.044,7.042,7.065,7.034742065429688,7.0495,7.042,7.065,True,0.029144245767463994,0.005575637055135564,0,7.050782335875249,7.048641311817097,10.615790006960601,10.615790006960601,7.157896636576987,7.15769576906589,99.85892165614628,93.91698082604502,0,2
2023-06-28 21:45:00,2023-06-28 21:49:59,7.043,7.03,7.003,7.065,7.042121032714844,7.0352500000000004,7.003,7.065,True,0.0314910853555023,0.004948115603319831,0,7.049711823846173,7.047874882516907,7.460499122590932,7.460499122590932,7.156676272033932,7.156425164398567,93.82162467242868,96.48300052081491,0,1
2023-06-28 21:50:00,2023-06-28 21:54:59,7.03,7.038,7.018,7.046,7.038685516357422,7.033,7.018,7.046,True,0.0312417221158236,0.004945097869261398,0,7.04879335318154,7.047169409825903,7.241652862854963,7.241652862854963,7.155445662361953,7.155246804553806,86.70490713113934,93.46181781990481,0,2
2023-06-28 21:55:00,2023-06-28 21:59:59,7.039,7.07,7.022,7.077,7.0358427581787115,7.052,7.022,7.077,True,0.032938741964693326,0.006983617052834793,0,7.047981381503722,7.046647129200734,12.238198468920523,12.238198468920523,7.1544163522887,7.154398577642823,86.70490713113934,89.07714631156917,1,2
2023-06-28 22:00:00,2023-06-28 22:04:59,7.07,7.069,7.058,7.101,7.043921379089356,7.0745,7.058,7.101,True,0.03365740325292953,0.007976268031968384,0,7.047314255352228,7.0464270343057835,15.2510258517149,15.2510258517149,7.153621164703738,7.153548840551849,92.8832824587106,88.76436557366314,0,2
2023-06-28 22:05:00,2023-06-28 22:09:59,7.068,7.079,7.059,7.099,7.059210689544678,7.07625,7.059,7.099,True,0.03411044587772028,0.008989428433280013,0,7.046870644829006,7.04645836930749,18.570159613868185,18.570159613868185,7.1528513023683775,7.1528070610438705,99.99999999999994,93.19606319661666,0,2
2023-06-28 22:10:00,2023-06-28 22:14:59,7.079,7.075,7.064,7.091,7.067730344772339,7.07725,7.064,7.091,True,0.03360255688645456,0.00899568335167473,0,7.0466645070682485,7.046694302907066,19.237302470315285,19.237302470315285,7.1520990506035185,7.152032861431493,99.99999999999994,97.6277608195702,0,2
2023-06-28 22:15:00,2023-06-28 22:19:59,7.075,7.089,7.066,7.097,7.0724901723861695,7.08175,7.066,7.097,True,0.033416659965993564,0.009570261102978834,0,7.046679404987658,7.047120574451796,21.69970666156243,21.69970666156243,7.15139906005025,7.151405668780434,99.99999999999994,99.99999999999999,0,2
2023-06-28 22:20:00,2023-06-28 22:24:59,7.088,7.108,7.088,7.125,7.077120086193085,7.10225,7.088,7.125,True,0.03367261282556545,0.010813711821740993,1,7.046899989719727,7.047834427524221,25.29642940487392,25.29642940487392,7.150910014676615,7.150973771578639,99.99999999999994,99.99999999999999,0,2
2023-06-28 22:25:00,2023-06-28 22:29:59,7.107,7.12,7.097,7.124,7.089685043096543,7.112,7.097,7.124,True,0.033195997623739294,0.01193612595034222,0,7.047367208621974,7.048836693133391,28.626858226773777,28.626858226773777,7.150522850351475,7.150665574846513,99.99999999999994,99.99999999999999,0,2
2023-06-28 22:30:00,2023-06-28 22:34:59,7.119,7.184,7.107,7.235,7.100842521548271,7.16125,7.107,7.235,True,0.03996771207918649,0.016476118847611427,0,7.048101950877683,7.050397058728718,33.32661247257684,33.32661247257684,7.150629588158923,7.150997260668936,99.99999999999994,99.99999999999999,0,2
2023-06-28 22:35:00,2023-06-28 22:39:59,7.184,7.205,7.177,7.22,7.131046260774136,7.1964999999999995,7.177,7.22,True,0.04018430407353033,0.02004637340834116,0,7.049249504803201,7.052627967087792,36.862330429322654,36.862330429322654,7.151086010167291,7.151534601358797,99.99999999999994,99.99999999999999,0,2
2023-06-28 22:40:00,2023-06-28 22:44:59,7.206,7.202,7.181,7.209,7.163773130387067,7.1995000000000005,7.181,7.209,True,0.03931399663970671,0.02115092224646259,0,7.050938735945496,7.055392075266975,38.352974806275625,38.352974806275625,7.151567741409408,7.152036744628859,99.99999999999994,99.99999999999999,0,2
2023-06-28 22:45:00,2023-06-28 22:49:59,7.203,7.181,7.162,7.207,7.181636565193534,7.18825,7.162,7.207,True,0.03972013973687051,0.01934290703323982,0,7.053165405606236,7.058479823728685,33.604415547982,33.604415547982,7.151932739007324,7.152324936224591,95.03192176340133,98.34397392113378,0,2
2023-06-28 22:50:00,2023-06-28 22:54:59,7.181,7.174,7.159,7.182,7.184943282596767,7.1739999999999995,7.159,7.184943282596767,True,0.038525844041379806,0.016661425937566497,0,7.05582261466746,7.061703421068326,28.70575846592216,28.70575846592216,7.15215231374357,7.1525406085009635,84.14599424836211,93.0593053372545,0,1
2023-06-28 22:55:00,2023-06-28 22:59:59,7.174,7.139,7.13,7.174,7.179471641298383,7.15425,7.13,7.179471641298383,True,0.03891685518128128,0.011588413110860354,0,7.058763017867893,7.064876349875567,18.635743064915246,18.635743064915246,7.152173186243634,7.152405876078069,65.8791512170588,81.68568907627412,0,1
2023-06-28 23:00:00,2023-06-28 23:04:59,7.139,7.129,7.119,7.142,7.166860820649191,7.13225,7.119,7.166860820649191,True,0.037779936954046946,0.006892335588863943,0,7.06181968387173,7.067836673928777,10.4319609964285,10.4319609964285,7.151974945584493,7.152172981788735,39.46706174828715,63.164069071236064,0,1
2023-06-28 23:05:00,2023-06-28 23:09:59,7.13,7.157,7.13,7.173,7.149555410324595,7.147499999999999,7.13,7.173,True,0.038224227171615055,0.005245264070020295,0,7.064828178900253,7.070713933010609,9.375897535309633,0.0,7.151930418762757,7.1522210118206875,21.177085911830492,42.174432959058855,0,1
2023-06-28 23:10:00,2023-06-28 23:14:59,7.156,7.154,7.145,7.17,7.148527705162297,7.15625,7.145,7.17,True,0.03727963951649972,0.0035091404368037676,0,7.067771055955431,7.073566087704466,8.108526565100505,0.0,7.15197339967059,7.152238713195606,12.54632750696581,24.39682505569452,0,1
2023-06-28 23:15:00,2023-06-28 23:19:59,7.155,7.16,7.149,7.167,7.152388852581149,7.15775,7.149,7.167,True,0.035902522408178296,0.0024048039418488876,0,7.070668571829948,7.076389200317952,8.243129917458205,0.0,7.152030878280833,7.152315939929978,17.428147046821156,17.050520155205856,0,1
2023-06-28 23:20:00,2023-06-28 23:24:59,7.159,7.148,7.144,7.166,7.1550694262905745,7.15425,7.144,7.166,True,0.034909485093308434,0.0005203077022744931,0,7.073528886073951,7.079146064620385,5.660825834477322,0.0,7.152052959093959,7.152272995254058,18.425822913390395,16.133432489059157,0,1
2023-06-28 23:25:00,2023-06-28 23:29:59,7.149,7.144,7.141,7.155,7.154659713145287,7.14725,7.141,7.155,True,0.03341595044378642,-0.001236253712782548,0,7.076337475347168,7.081783828696432,3.0648208628431988,0.0,7.152005168456208,7.152190676893321,13.740504874816667,16.531491611676106,0,1
2023-06-28 23:30:00,2023-06-28 23:34:59,7.144,7.144,7.142,7.15,7.1509548565726435,7.145,7.142,7.1509548565726435,True,0.03160052541208739,-0.0025549312370051203,0,7.0790606520218,7.0842942890671345,1.3341508817537857,0.0,7.151935465287489,7.15210917762075,7.540442001048079,13.235589929751749,0,1
2023-06-28 23:35:00,2023-06-28 23:39:59,7.144,7.148,7.143,7.155,7.147977428286321,7.1475,7.143,7.155,True,0.03020048788265261,-0.003252840460945358,0,7.081677470544467,7.086704450566078,1.3897987250645585,0.0,7.15189133130453,7.152068290281241,3.93137877252487,8.40410854946324,0,1
2023-06-28 23:40:00,2023-06-28 23:44:59,7.149,7.154,7.146,7.158,7.147738714143161,7.151750000000001,7.146,7.158,True,0.02890045303389174,-0.003375615658711195,0,7.084190960555273,7.0890482693066454,3.226830600142229,0.0,7.151889925022893,7.152087511273467,5.320786394727652,5.597535722766903,0,1
2023-06-28 23:45:00,2023-06-28 23:49:59,7.154,7.124,7.11,7.163,7.149744357071581,7.13775,7.11,7.163,True,0.030621849245756613,-0.005584096965927501,0,7.086619614930959,7.0912277199493445,-3.1445794190242466,-3.1445794190242466,7.151749229251521,7.151808033549353,4.685864100677824,4.646009755976818,0,1
2023-06-28 23:50:00,2023-06-28 23:54:59,7.124,7.133,7.118,7.133,7.14374717853579,7.127,7.118,7.14374717853579,True,0.02950600287105969,-0.00635849221016823,0,7.088923667440152,7.093189052651234,-4.62471424065771,-4.62471424065771,7.1515029682639435,7.151620888936921,3.139821480794327,4.38215732539997,0,1
2023-06-28 23:55:00,2023-06-28 23:59:59,7.133,7.131,7.127,7.136,7.1353735892678944,7.131749999999999,7.127,7.136,True,0.028041288380269737,-0.006914842650547797,0,7.091056360045694,7.094997792787705,-6.0711085371851325,-6.0711085371851325,7.151306421316043,7.151415705962424,2.523154508355376,3.4496133632758785,0,1
