start_time,end_time,open,close,low,high,h_open,h_close,h_low,h_high,finish,atr_14,macd_13_34,st_signal,av2_open,av2_close,histo2,qqe,ema_h200,ema_200,fastk,fastd,xo_signal,macd_hists
2023-06-11 00:00:00,2023-06-11 00:00:59,0.2481,0.2482,0.2477,0.2484,0.2476229062958364,0.2481,0.2477,0.2484,True,0.0005526057407967937,0.00018294852309945513,0,0.2481068541178585,0.24805131680258527,12.503720595659985,12.503720595659985,0.24911621342058918,0.24910511866551704,100.00000000000004,100.0000000000001,0,2
2023-06-11 00:01:00,2023-06-11 00:01:59,0.2482,0.2478,0.2476,0.2483,0.2478614531479182,0.247975,0.2476,0.2483,True,0.0005631339021684517,0.00017827116068139823,0,0.2480790854602219,0.24803315321528105,10.609525547248623,10.609525547248623,0.24910485806317037,0.24909213241013878,97.37613733620259,99.1253791120676,0,2
2023-06-11 00:02:00,2023-06-11 00:02:59,0.2478,0.2474,0.2474,0.2479,0.2479182265739591,0.24762499999999998,0.2474,0.2479182265739591,True,0.000558624337727848,0.00014242012166137312,0,0.24805611933775149,0.24801605253014594,5.701495026756184,5.701495026756184,0.24909013310731792,0.24907529527172945,87.93004022366868,95.10205918662382,0,1
2023-06-11 00:03:00,2023-06-11 00:03:59,0.2474,0.2466,0.2464,0.2475,0.24777161328697955,0.246975,0.2464,0.24777161328697955,True,0.0005972940278901439,6.036289083241641e-05,0,0.2480360859339487,0.24799544631299741,-2.403159230077982,-0.0,0.2490690870067476,0.24905066546803065,68.34754106856316,84.55123954281152,0,-2
2023-06-11 00:04:00,2023-06-11 00:04:59,0.2466,0.2479,0.2466,0.248,0.24737330664348978,0.24727500000000002,0.2466,0.248,True,0.0006546301687551326,9.601759306567838e-05,0,0.24801576612347306,0.24797427986544482,0.9128698233442378,0.0,0.24905123539474017,0.24903921606038856,56.95182194842314,71.07646774688503,0,2
2023-06-11 00:05:00,2023-06-11 00:05:59,0.2479,0.2488,0.2476,0.2488,0.2473241533217449,0.248275,0.2476,0.2488,True,0.0006935851567011951,0.0001785905052388028,1,0.24799502299445894,0.24795967863236004,6.527540818324894,6.527540818324894,0.2490435116594691,0.2490368358010812,66.39791906095705,63.89909402598116,1,2
2023-06-11 00:06:00,2023-06-11 00:06:59,0.2487,0.2484,0.2484,0.249,0.24779957666087243,0.248625,0.2484,0.249,True,0.000686900502651109,0.00019835568769139937,0,0.2479773508134095,0.2479527477909958,7.702677775121671,7.702677775121671,0.24903934736435002,0.2490304991264436,85.98041821606257,69.77671974181429,0,2
2023-06-11 00:07:00,2023-06-11 00:07:59,0.2485,0.2489,0.2482,0.2489,0.24821228833043624,0.248625,0.2482,0.2489,True,0.0006878361810331732,0.00023801677353266633,0,0.24796504930220264,0.24795190345591833,10.426201540821388,10.426201540821388,0.24903522450500326,0.249029200627673,100.00000000000006,84.12611242567327,0,2
2023-06-11 00:08:00,2023-06-11 00:08:59,0.2489,0.2487,0.2486,0.2496,0.24841864416521814,0.24895,0.2486,0.2496,True,0.0007101335966736609,0.00024037186934571577,0,0.2479584763790605,0.24795808670870695,10.806620398927663,10.806620398927663,0.24903437649997837,0.24902592499953696,100.00000000000006,95.32680607202093,0,2
2023-06-11 00:09:00,2023-06-11 00:09:59,0.2485,0.249,0.2484,0.249,0.24868432208260907,0.248725,0.2484,0.249,True,0.0007022669111969701,0.0002523950320071515,0,0.24795828154388372,0.2479682166678753,12.408841251650003,12.408841251650003,0.24903129812684424,0.24902566703934256,95.00709770319929,98.33569923439984,0,2
2023-06-11 00:10:00,2023-06-11 00:10:59,0.249,0.249,0.2484,0.2492,0.24870466104130454,0.24889999999999998,0.2484,0.2492,True,0.0007092478461114719,0.0002491455782877811,0,0.2479632491058795,0.24798258508054558,13.476988486798227,13.476988486798227,0.24902999167782092,0.24902541164591627,92.50573244808334,95.8376100504276,0,2
2023-06-11 00:11:00,2023-06-11 00:11:59,0.2489,0.2479,0.2478,0.2489,0.24880233052065226,0.248375,0.2478,0.2489,True,0.0007443015713892244,0.00016033246466995134,0,0.24797291709321254,0.24799658981655498,6.375502462558529,6.375502462558529,0.24902347434769334,0.24901421352008626,78.95916969647466,88.82399994925247,0,1
2023-06-11 00:12:00,2023-06-11 00:12:59,0.248,0.2481,0.2478,0.2485,0.24858866526032614,0.2481,0.2478,0.24858866526032614,True,0.0007411371734328516,0.00010906844303586213,0,0.24798475345488374,0.24800832534753625,3.0350217135503215,3.0350217135503215,0.2490142855482138,0.2490051168681451,65.28827507793775,78.91772574083195,0,1
2023-06-11 00:13:00,2023-06-11 00:13:59,0.2482,0.2479,0.2479,0.2486,0.24834433263016306,0.24814999999999998,0.2479,0.2486,True,0.000738198803901932,5.677606642618984e-05,0,0.24799653940121,0.24801853685239092,-0.425667051245334,-0.0,0.24900568569201267,0.24899412068040236,50.017334472784135,64.75492641573221,0,1
2023-06-11 00:14:00,2023-06-11 00:14:59,0.2479,0.2477,0.2474,0.2479,0.24824716631508154,0.24772500000000003,0.2474,0.24824716631508154,True,0.0007211846036232226,6.073952216532262e-06,0,0.24800753812680046,0.2480245624670028,-3.975922008341378,-0.0,0.24899294255079862,0.24898124385771178,38.09409390085207,51.13323448385802,0,1
2023-06-11 00:15:00,2023-06-11 00:15:59,0.2478,0.2479,0.2475,0.2483,0.24798608315754078,0.247875,0.2475,0.2483,True,0.0007268142747929921,-1.3904932443812803e-05,0,0.24801605029690163,0.24802828031818436,-4.40949937219434,-0.0,0.248981818744323,0.24897048521236143,34.22290513869908,40.77811117077846,0,1
2023-06-11 00:16:00,2023-06-11 00:16:59,0.248,0.2484,0.2479,0.2486,0.2479305415787704,0.24822499999999997,0.2479,0.2486,True,0.000724898969450634,7.470832956479027e-06,0,0.24802216530754298,0.24803255711478742,-0.6133112443107152,-0.0,0.24897428820955364,0.2489648087425867,35.94792763264562,36.088308890732286,0,2
2023-06-11 00:17:00,2023-06-11 00:17:59,0.2485,0.2482,0.2481,0.2485,0.2480777707893852,0.24832500000000002,0.2481,0.2485,True,0.0007016919002041609,6.611720058881534e-06,0,0.2480273612111652,0.24803793073602526,0.09059719119031229,0.0,0.2489678276303541,0.24895719870534702,43.512507931457094,37.89444690093396,0,1
2023-06-11 00:18:00,2023-06-11 00:18:59,0.2483,0.2488,0.2483,0.249,0.2482013853946926,0.2486,0.2483,0.249,True,0.0007087139073324348,4.62619983101188e-05,0,0.24803264597359523,0.24804601781870805,4.718216184315914,4.718216184315914,0.24896416765393267,0.24895563453912467,53.60715517227151,44.355863578791435,0,2
2023-06-11 00:19:00,2023-06-11 00:19:59,0.2489,0.2491,0.2489,0.2492,0.2484006926973463,0.249025,0.2489,0.2492,True,0.0006866629139515475,8.967566308335339e-05,0,0.24803933189615163,0.24805910169465414,9.408795843111797,9.408795843111797,0.24896477295090846,0.24895707101137218,65.83688625000032,54.318849784576344,0,2
2023-06-11 00:20:00,2023-06-11 00:20:59,0.2492,0.249,0.2489,0.2494,0.24871284634867313,0.24912499999999999,0.2489,0.2494,True,0.0006733298486692941,0.00010599830682531984,0,0.24804921679540287,0.24807671591812008,11.371863280349949,11.371863280349949,0.2489663672499044,0.24895749816548787,81.82779767202176,67.09061303143123,0,2
2023-06-11 00:21:00,2023-06-11 00:21:59,0.249,0.2494,0.249,0.2495,0.24891892317433656,0.24922500000000003,0.249,0.2495,True,0.0006609491451929159,0.00013818557858672056,0,0.24806296635676145,0.24809846217008985,14.94687041404407,14.94687041404407,0.24896894071010436,0.24896190116881636,94.26813610869799,80.64427334357339,0,2
2023-06-11 00:22:00,2023-06-11 00:22:59,0.2494,0.2498,0.2493,0.2498,0.2490719615871683,0.249575,0.2493,0.2498,True,0.0006494527776791363,0.00017895906609288856,0,0.24808071426342565,0.24812571376695738,19.100690709109827,19.100690709109827,0.24897497115079983,0.24897024046066893,98.0856883972922,91.39387405933735,0,2
2023-06-11 00:23:00,2023-06-11 00:23:59,0.2497,0.2498,0.2497,0.25,0.24932348079358413,0.2498,0.2497,0.25,True,0.000624491864987769,0.00019573240904786714,0,0.2481032140151915,0.2481586565249237,21.86990423915367,21.86990423915367,0.24898318039308043,0.24897849677449313,100.00000000000004,97.45127483533012,0,2
2023-06-11 00:24:00,2023-06-11 00:24:59,0.2498,0.2499,0.2497,0.25,0.24956174039679208,0.24985000000000002,0.2497,0.25,True,0.0006013138746314994,0.00020277341472521983,0,0.24813093527005758,0.24819619700486684,24.198998765981884,24.198998765981884,0.24899180546379604,0.2489876659608166,100.00000000000004,99.3618961324308,0,2
2023-06-11 00:25:00,2023-06-11 00:25:59,0.25,0.2501,0.2499,0.2502,0.24970587019839605,0.25005,0.2499,0.2502,True,0.0005797914550149613,0.0002097321238591775,0,0.2481635661374622,0.24823847194873377,26.69178722322758,26.69178722322758,0.24900233476266373,0.24899873396120648,100.00000000000004,100.0000000000001,0,2
2023-06-11 00:26:00,2023-06-11 00:26:59,0.2501,0.2495,0.2495,0.2504,0.24987793509919803,0.249875,0.2495,0.2504,True,0.0006026634939424649,0.00016112563126872184,0,0.248201019043098,0.2482829836321643,19.52125973493753,19.52125973493753,0.24901101799885614,0.2490037216829855,95.07722707458485,98.35907569152836,0,1
2023-06-11 00:27:00,2023-06-11 00:27:59,0.2494,0.2497,0.2489,0.2497,0.24987646754959902,0.249425,0.2489,0.24987646754959902,True,0.0006167589586608599,0.00013337094771026986,0,0.24824200133763116,0.2483258634403392,16.456911262063542,16.456911262063542,0.24901513722274812,0.24901064982544338,78.85344058309687,91.31022255256063,0,1
2023-06-11 00:28:00,2023-06-11 00:28:59,0.2497,0.2495,0.2491,0.2497,0.24965073377479952,0.2495,0.2491,0.2497,True,0.0006155618901850854,9.269740574660389e-05,0,0.2482839323889852,0.2483676788403236,11.978043520608423,11.978043520608423,0.2490199617279944,0.2490155189814091,62.51619853423239,78.81562206397142,0,1
2023-06-11 00:29:00,2023-06-11 00:29:59,0.2494,0.2496,0.2493,0.2496,0.24957536688739976,0.249475,0.2493,0.2496,True,0.0005930217551718646,6.591767124384108e-05,0,0.2483258056146544,0.2484081977995544,10.05319641950095,10.05319641950095,0.24902448947199446,0.2490213347129374,46.34989837378521,62.57317916370486,0,1
2023-06-11 00:30:00,2023-06-11 00:30:59,0.2496,0.2495,0.2495,0.2502,0.2495251834436999,0.24969999999999998,0.2495,0.2502,True,0.0006006630583738728,3.55011576097774e-05,0,0.24836700170710438,0.2484489617979913,7.361237978825351,7.361237978825351,0.24903121096978556,0.24902609755161462,45.48975798829565,51.45195163210445,0,1
2023-06-11 00:31:00,2023-06-11 00:31:59,0.2494,0.2488,0.2488,0.2494,0.24961259172184994,0.2491,0.2488,0.24961259172184994,True,0.0006077585542043108,-3.710182389147403e-05,0,0.24840798175254783,0.2484855223950592,-1.1404963148310188,-0.0,0.2490318954377479,0.24902384782473289,28.4936667038268,40.111107688635926,0,1
2023-06-11 00:32:00,2023-06-11 00:32:59,0.2487,0.2492,0.2485,0.2492,0.24935629586092495,0.24889999999999998,0.2485,0.24935629586092495,True,0.0006143472289040034,-5.82307767563798e-05,0,0.24844675207380348,0.24851715056739868,-2.0435078459489446,-0.0,0.2490305830453325,0.24902560058269574,16.249406456355832,30.077610382826133,0,1
2023-06-11 00:33:00,2023-06-11 00:33:59,0.2492,0.25,0.2491,0.2501,0.24912814793046245,0.2496,0.2491,0.2501,True,0.0006418938554108604,-1.7607905424470746e-05,0,0.24848195132060105,0.24854948114858946,3.365174625046386,0.0,0.24903624888567744,0.24903529609928582,13.46056092771132,19.401211362631354,0,2
2023-06-11 00:34:00,2023-06-11 00:34:59,0.25,0.2495,0.2494,0.25,0.24936407396523122,0.249725,0.2494,0.25,True,0.0006389014371672268,-2.7998582948515684e-05,0,0.24851571623459523,0.24858300055197233,2.6764605091472475,0.0,0.24904310213059608,0.2490399200186959,28.980710110277233,19.5635591647815,0,1
2023-06-11 00:35:00,2023-06-11 00:35:59,0.2493,0.2497,0.2493,0.2501,0.2495445369826156,0.2496,0.2493,0.2501,True,0.0006504084773695674,-2.285884925967035e-05,0,0.24854935839328376,0.2486163683117405,3.6439925046411545,0.0,0.24904864340292845,0.24904648797870887,41.47522667713937,27.972165905042676,0,1
2023-06-11 00:36:00,2023-06-11 00:36:59,0.2495,0.2492,0.2489,0.2495,0.2495722684913078,0.24927500000000002,0.2489,0.2495722684913078,True,0.0006610935861288837,-5.587167228408591e-05,0,0.24858286335251212,0.24864715789748085,0.4236305659959072,0.0,0.24905089570737693,0.2490480154615078,33.04429661241685,34.50007779994451,0,1
2023-06-11 00:37:00,2023-06-11 00:37:59,0.2492,0.2492,0.249,0.2493,0.24942363424565392,0.249175,0.249,0.24942363424565392,True,0.0006353011871196773,-7.769214943583526e-05,0,0.24861501062499647,0.24867502031302957,-1.723277393100929,-0.0,0.24905213057596023,0.2490495277454729,20.360477125675597,31.626666805077306,0,1
2023-06-11 00:38:00,2023-06-11 00:38:59,0.2491,0.249,0.2488,0.2492,0.24929931712282696,0.249025,0.2488,0.24929931712282696,True,0.0006184939594682725,-0.00010488417885423038,0,0.24864501546901302,0.24869935782157973,-4.727448042605545,-4.727448042605545,0.24905186061998053,0.2490490349320851,7.865960558813465,20.423578098968672,0,1
2023-06-11 00:39:00,2023-06-11 00:39:59,0.249,0.249,0.2488,0.2494,0.2491621585614135,0.24905,0.2488,0.2494,True,0.0006171729623633972,-0.00012044268943138325,0,0.24867218664529636,0.24872092469145657,-6.730228475608627,-6.730228475608627,0.24905184210634887,0.2490485470223131,3.5349955556701658,10.587144413386442,0,1
2023-06-11 00:40:00,2023-06-11 00:40:59,0.2491,0.2493,0.2491,0.2493,0.24910607928070674,0.24919999999999998,0.2491,0.2493,True,0.0005945177507660113,-0.00010701315887965242,0,0.24869655566837645,0.24874119140587791,-4.2565297974463405,-4.2565297974463405,0.2490533163142459,0.24905104904199157,7.5346197083513955,6.3118586076117085,0,1
2023-06-11 00:41:00,2023-06-11 00:41:59,0.2494,0.2495,0.2492,0.2495,0.24915303964035335,0.2494,0.2492,0.2495,True,0.0005734807685684387,-8.212735835935487e-05,0,0.24871887353712718,0.2487616676602448,-0.45719012483551325,-0.0,0.24905676590315887,0.2490555162157031,21.886849405844867,10.985488223288842,0,2
2023-06-11 00:42:00,2023-06-11 00:42:59,0.2495,0.2495,0.2492,0.2496,0.24927651982017668,0.24945,0.2492,0.2496,True,0.0005610892850992634,-6.453225048949987e-05,0,0.248740270598686,0.2487825114511769,2.0757029902383692,0.0,0.24906067868024187,0.24905993893992495,37.40203785717603,22.2745023237908,0,2
2023-06-11 00:43:00,2023-06-11 00:43:59,0.2496,0.2492,0.2492,0.2497,0.24936325991008834,0.249425,0.2492,0.2497,True,0.0005567257647350303,-7.290685283272433e-05,0,0.24876139102493144,0.24880333006907251,-0.43210048025451897,-0.0,0.24906430376800065,0.24906133258231375,45.57018711282006,34.95302479194702,0,1
2023-06-11 00:44:00,2023-06-11 00:44:59,0.2493,0.2496,0.2493,0.2498,0.24939412995504417,0.2495,0.2493,0.2498,True,0.0005598167815396702,-4.957663366917281e-05,0,0.24878236054700198,0.24882450060996064,2.713174240591144,0.0,0.24906863905389118,0.2490666924571166,54.49291337666612,45.82171278222077,0,2
2023-06-11 00:45:00,2023-06-11 00:45:59,0.2495,0.2492,0.2491,0.2496,0.2494470649775221,0.24935000000000002,0.2491,0.2496,True,0.0005555441542868367,-6.157195748790836e-05,0,0.2488034305784813,0.2488447738103514,0.1242431151415957,0.0,0.24907143866529524,0.24906801890032937,51.50562445390917,50.522908314465155,0,1
2023-06-11 00:46:00,2023-06-11 00:46:59,0.2491,0.2485,0.2485,0.2492,0.24939853248876104,0.248825,0.2485,0.24939853248876104,True,0.0005658624289806345,-0.0001163386636062109,0,0.24882410219441636,0.2488605993742244,-6.597847174731754,-6.597847174731754,0.2490689865392724,0.24906236697097286,36.50152134975926,47.50001972677822,0,-2
2023-06-11 00:47:00,2023-06-11 00:47:59,0.2485,0.2487,0.2483,0.2489,0.24911176624438053,0.2486,0.2483,0.24911176624438053,True,0.0005683008269105903,-0.0001343952379837244,0,0.24884235078432038,0.24887127096311085,-8.68374047421112,-8.68374047421112,0.24906432000654333,0.24905876132947063,13.22656538841973,33.74457039736276,-1,-2
2023-06-11 00:48:00,2023-06-11 00:48:59,0.2487,0.249,0.2483,0.249,0.24885588312219026,0.24875,0.2483,0.249,True,0.0005777079107026915,-0.0001208303214180076,0,0.2488568108737156,0.24887884073231573,-6.808076780654801,-6.808076780654801,0.24906119244428918,0.24905817663962515,6.016656871921863,18.58158120336699,0,-2
2023-06-11 00:49:00,2023-06-11 00:49:59,0.2489,0.2488,0.2487,0.2492,0.24880294156109511,0.2489,0.2487,0.2492,True,0.0005721573456524994,-0.00012151862031456619,0,0.24886782580301567,0.24888494563992425,-7.292747727911895,-7.292747727911895,0.24905958853937088,0.24905560771783783,18.7451609864635,12.662794415601738,0,-2
2023-06-11 00:50:00,2023-06-11 00:50:59,0.2487,0.2486,0.2486,0.2488,0.24885147078054756,0.248675,0.2486,0.24885147078054756,True,0.0005455746781058927,-0.00013119275836717253,0,0.24887638572146997,0.24888831162625807,-9.24971329870609,-9.24971329870609,0.24905576178773534,0.2490510743077101,23.890145303226507,16.217321053870663,0,-2
2023-06-11 00:51:00,2023-06-11 00:51:59,0.2486,0.2491,0.2486,0.2492,0.24876323539027378,0.24887499999999999,0.2486,0.2492,True,0.0005494622010983302,-9.802797519688699e-05,0,0.24888234867386402,0.24889087035905771,-5.069134790753772,-5.069134790753772,0.24905396316298176,0.24905156113051893,31.40150877795232,24.678938355880817,0,-1
2023-06-11 00:52:00,2023-06-11 00:52:59,0.2491,0.2489,0.2489,0.2491,0.24881911769513687,0.249,0.2489,0.2491,True,0.0005245006153055908,-8.649550346776893e-05,0,0.24888660951646088,0.2488936336127778,-4.25658642046583,-4.25658642046583,0.24905342621608642,0.2490500530595685,37.211721558083475,30.83445854642081,0,-1
2023-06-11 00:53:00,2023-06-11 00:53:59,0.2488,0.2491,0.2486,0.2493,0.24890955884756844,0.24894999999999998,0.2486,0.2493,True,0.0005370362856409062,-6.18969791669053e-05,0,0.24889012156461934,0.24889619587522446,-1.6502382690783577,-0.0,0.24905239709950844,0.2490505500440504,48.66129151571175,39.091507283915895,0,-1
2023-06-11 00:54:00,2023-06-11 00:54:59,0.2489,0.2491,0.2487,0.2491,0.2489297794237842,0.24895,0.2487,0.2491,True,0.0005272479795236974,-4.356850485899228e-05,0,0.2488931587199219,0.24889858231598283,0.08732716517996408,0.0,0.2490513782228964,0.24905104208341308,51.72782544345665,45.866946172417336,0,-1
2023-06-11 00:55:00,2023-06-11 00:55:59,0.2492,0.2491,0.2487,0.2495,0.2489398897118921,0.24912499999999999,0.2487,0.2495,True,0.0005467302667005758,-3.0045588650370948e-05,0,0.24889587051795237,0.24890201464367434,1.2457041213521762,0.0,0.24905211077789247,0.24905152922686172,57.54210479523655,52.6437405848017,0,-1
2023-06-11 00:56:00,2023-06-11 00:56:59,0.2491,0.2486,0.2486,0.2492,0.24903244485594606,0.24887499999999999,0.2486,0.2492,True,0.0005505352476505359,-5.447342446526232e-05,0,0.24889894258081335,0.2489045315902193,-3.9997138227830433,-3.9997138227830433,0.24905034848159502,0.24904703639873374,54.57240192592102,54.61411072153812,0,-2
2023-06-11 00:57:00,2023-06-11 00:57:59,0.2485,0.2487,0.2482,0.2488,0.24895372242797303,0.24855,0.2482,0.24895372242797303,True,0.0005540684442469255,-6.110902989963756e-05,0,0.24890173708551633,0.24890408073619402,-5.887891832117951,-5.887891832117951,0.24904536988973835,0.24904358330023887,39.727840381202135,50.61411570078661,0,-2
2023-06-11 00:58:00,2023-06-11 00:58:59,0.2487,0.2488,0.2487,0.2491,0.2487518612139865,0.248825,0.2487,0.2491,True,0.0005430635553721439,-5.584371874622555e-05,0,0.24890290891085518,0.24890318319769936,-5.5078096850199145,-5.5078096850199145,0.24904317715451707,0.24904115958580864,33.0174018036126,42.43921470357863,0,-1
2023-06-11 00:59:00,2023-06-11 00:59:59,0.249,0.2489,0.2487,0.249,0.24878843060699324,0.2489,0.2487,0.249,True,0.0005257018728455617,-4.3029329011920434e-05,0,0.24890304605427727,0.24890245471920905,-3.612229488982912,-3.612229488982912,0.2490417525062134,0.24903975501281553,42.980709491008554,38.57531722527447,0,-1
2023-06-11 01:00:00,2023-06-11 01:00:59,0.249,0.249,0.2483,0.2492,0.24884421530349662,0.24887499999999999,0.2483,0.2492,True,0.0005524374533565939,-2.583931686234605e-05,0,0.24890275038674317,0.24890169281439964,-0.72998531199827,-0.0,0.24904009327729587,0.2490393594405487,63.41754044506249,46.47188391322792,0,-1
2023-06-11 01:01:00,2023-06-11 01:01:59,0.2491,0.2487,0.2487,0.2491,0.2488596076517483,0.2489,0.2487,0.2491,True,0.0005415490638311218,-3.397851212636824e-05,0,0.2489022216005714,0.248901081346878,-3.5731759876739986,-3.5731759876739986,0.2490386993143377,0.24903598272969746,68.83039806910345,58.40954933505821,0,-2
2023-06-11 01:02:00,2023-06-11 01:02:59,0.2488,0.2487,0.2485,0.2488,0.24887980382587416,0.2487,0.2485,0.24887980382587416,True,0.0005242955592717556,-3.750147841710854e-05,0,0.2489016514737247,0.24889922030231548,-5.468636438124484,-5.468636438124484,0.2490353291719065,0.24903263961795918,55.60300593520424,62.61698148312343,0,-2
2023-06-11 01:03:00,2023-06-11 01:03:59,0.2486,0.2482,0.2465,0.2486,0.2487899019129371,0.247975,0.2465,0.2487899019129371,True,0.0006439887336094879,-7.210622474895926e-05,0,0.2489004358880201,0.24889141395469377,-11.946915028920195,-11.946915028920195,0.24902477863288255,0.24902435464663622,33.41618225147666,52.616528751928165,0,-2
2023-06-11 01:04:00,2023-06-11 01:04:59,0.2482,0.2489,0.2481,0.2492,0.24838245095646855,0.2486,0.2481,0.2492,True,0.0006765609669230971,-4.284917213779436e-05,0,0.24889592492135695,0.24888326855267467,-6.475002696318484,-6.475002696318484,0.24902055197981904,0.2490231172869682,32.93350363620899,40.650897274296675,0,-1
2023-06-11 01:05:00,2023-06-11 01:05:59,0.2489,0.2491,0.2487,0.2492,0.24849122547823427,0.248975,0.2487,0.2492,True,0.000663949469285733,-7.832849964578323e-06,0,0.24888959673701583,0.2488774849956636,-1.0283858096126508,-0.0,0.2490200987262885,0.2490238822890879,55.702671656521964,40.684119181402586,0,-1
2023-06-11 01:06:00,2023-06-11 01:06:59,0.2491,0.2498,0.249,0.2498,0.24873311273911713,0.249425,0.249,0.2498,True,0.0006736673643367518,6.363335749318041e-05,0,0.2488835408663397,0.24887668809574806,7.048776623763665,7.048776623763665,0.24902412759468365,0.24903160485337558,89.0360049898553,59.224060094195465,1,-1
2023-06-11 01:07:00,2023-06-11 01:07:59,0.2499,0.2505,0.2498,0.251,0.24907905636955857,0.25029999999999997,0.2498,0.251,True,0.0007112625525984129,0.00015535295353885574,0,0.24888011448104388,0.24888582612414564,14.980164342323405,14.980164342323405,0.24903682284249773,0.24904621575035693,99.79660164555219,81.5117594306432,0,2
2023-06-11 01:08:00,2023-06-11 01:08:59,0.2504,0.2512,0.2502,0.2516,0.24968952818477927,0.25085,0.2502,0.2516,True,0.0007604580845556701,0.00025579532515351773,0,0.24888297030259476,0.24890649687978528,21.895539220224492,21.895539220224492,0.24905486440625396,0.2490676464394081,100.00000000000004,96.27753554513589,0,2
2023-06-11 01:09:00,2023-06-11 01:09:59,0.2511,0.2518,0.251,0.2518,0.25026976409238966,0.251425,0.251,0.2518,True,0.0007632825070874096,0.00035009281281843613,0,0.24889473359119002,0.2489400507208135,27.49414371439704,27.49414371439704,0.2490784478449977,0.24909483403702593,100.00000000000004,99.93220054851747,0,2
2023-06-11 01:10:00,2023-06-11 01:10:59,0.2517,0.2522,0.2515,0.2526,0.25084738204619483,0.252,0.2515,0.2526,True,0.0007873337565811653,0.00042189781433198587,0,0.24891739215600175,0.2489874624020291,31.763714227201618,31.763714227201618,0.24910751801569422,0.24912573121078685,100.00000000000004,100.0000000000001,0,2
2023-06-11 01:11:00,2023-06-11 01:11:59,0.2521,0.2515,0.2514,0.2526,0.2514236910230974,0.2519,0.2514,0.2526,True,0.0008168099168253663,0.0003998194527893665,0,0.24895242727901543,0.24904477305738046,27.677019956092636,27.677019956092636,0.24913530390608532,0.24914935577585365,98.76367228893771,99.58789076297931,0,2
2023-06-11 01:12:00,2023-06-11 01:12:59,0.2514,0.2504,0.2501,0.2514,0.2516618455115487,0.250825,0.2501,0.2516618455115487,True,0.0008584663513378411,0.0002899525585437231,0,0.24899860016819794,0.24910210838941607,17.937064373244624,17.937064373244624,0.24915211680254218,0.24916179999698942,86.26219071046715,95.00862099980168,0,1
2023-06-11 01:13:00,2023-06-11 01:13:59,0.2504,0.25,0.25,0.2505,0.2512434227557744,0.250225,0.25,0.2512434227557744,True,0.0008328616119565668,0.00017578709790271464,0,0.249050354278807,0.24915495313014793,9.558555538498744,9.558555538498744,0.24916279225724325,0.24917014029552684,68.89048637021801,84.63878312320766,0,1
2023-06-11 01:14:00,2023-06-11 01:14:59,0.25,0.2508,0.2499,0.2509,0.2507342113778872,0.2504,0.2499,0.2509,True,0.0008448000682453836,0.00014596699363251034,0,0.24910265370447746,0.24920510051175226,8.144918631673043,8.144918631673043,0.2491751027820468,0.24918635780502407,53.87504454618781,69.6759072089577,0,1
2023-06-11 01:15:00,2023-06-11 01:15:59,0.2509,0.2502,0.2502,0.2511,0.2505671056889436,0.2506,0.2502,0.2511,True,0.0008487429205135713,7.577929262217171e-05,0,0.24915387710811487,0.2492541523918713,4.168613042245596,0.0,0.24918928086381747,0.2491964437970139,51.40834479662314,58.05795857100969,0,1
2023-06-11 01:16:00,2023-06-11 01:16:59,0.2501,0.2503,0.2499,0.2504,0.25058355284447176,0.250175,0.2499,0.25058355284447176,True,0.0008238327119054591,3.052026781764417e-05,0,0.24920401474999307,0.24929908927593156,2.088901335898079,0.0,0.24919908901442625,0.24920742445575006,50.31716751444899,51.866852285753346,0,1
2023-06-11 01:17:00,2023-06-11 01:17:59,0.2504,0.2522,0.2503,0.2524,0.2503792764222359,0.25132499999999997,0.2503,0.2524,True,0.0009149875181979256,0.00012678917557114745,0,0.2492515520129623,0.24934836830282683,8.005334364949128,8.005334364949128,0.2492202423575663,0.24923720132683713,50.210765356790404,50.645425889287544,0,2
2023-06-11 01:18:00,2023-06-11 01:18:59,0.2522,0.2533,0.2522,0.2541,0.25085213821111796,0.25295,0.2522,0.2541,True,0.0009853455526123603,0.00025517380112742084,0,0.24929996015789457,0.24941187705091195,14.22374809138499,14.22374809138499,0.24925735437390892,0.24927762718428154,56.30473148006828,52.27755478376926,0,2
2023-06-11 01:19:00,2023-06-11 01:19:59,0.2533,0.2539,0.2529,0.2544,0.251901069105559,0.25362500000000004,0.2529,0.2544,True,0.0010221065845686203,0.0003638556891260986,0,0.24935591860440326,0.2494907844388492,19.372643779059715,19.372643779059715,0.24930081353436753,0.2493236209436419,69.22655375628126,58.58068353104668,0,2
2023-06-11 01:20:00,2023-06-11 01:20:59,0.254,0.2541,0.2535,0.2549,0.2527630345527795,0.25412500000000005,0.2535,0.2549,True,0.0010490989713851484,0.0004268969376441381,0,0.24942335152162623,0.2495847044273703,23.13765458852069,23.13765458852069,0.24934881538974696,0.24937114710340666,82.56111239389048,69.36413254341338,0,2
2023-06-11 01:21:00,2023-06-11 01:21:59,0.254,0.2535,0.2535,0.2541,0.25344401727638977,0.25377500000000003,0.2535,0.2541,True,0.0010170204734290657,0.00040204557472343016,0,0.24950402797449828,0.24968739817869398,21.611891534171704,21.611891534171704,0.24939285702765993,0.24941223021680559,83.4232484946285,78.40363821493345,0,2
2023-06-11 01:22:00,2023-06-11 01:22:59,0.2534,0.2546,0.2529,0.2546,0.25360950863819487,0.253875,0.2529,0.2546,True,0.0010658047253269882,0.00043739975102863706,0,0.24959571307659614,0.2497969810931756,23.196143300763822,23.196143300763822,0.24943745546519563,0.24946384981663836,81.53600031139177,82.50678706663695,0,2
2023-06-11 01:23:00,2023-06-11 01:23:59,0.2545,0.2559,0.2544,0.2567,0.25374225431909747,0.25537499999999996,0.2544,0.2567,True,0.0011539615306607725,0.0005230914847771414,0,0.2496963470848859,0.2499215276341265,26.303661594498422,26.303661594498422,0.24949653551031806,0.2495278911119952,84.55961336653365,83.172954057518,0,2
2023-06-11 01:24:00,2023-06-11 01:24:59,0.2558,0.2564,0.2557,0.2565,0.2545586271595487,0.2561,0.2557,0.2565,True,0.0011286785641850049,0.0005817694366231166,0,0.2498089373595062,0.2500619748927199,29.000476201302902,29.000476201302902,0.24956224162464324,0.24959627030491066,92.57169247055303,86.22243538282618,0,2
2023-06-11 01:25:00,2023-06-11 01:25:59,0.2564,0.2549,0.2549,0.2566,0.25532931357977434,0.25570000000000004,0.2549,0.2566,True,0.0011694872381717886,0.00048225494643510747,0,0.24993545612611306,0.25021123285519586,22.96070153852193,22.96070153852193,0.24962331384728362,0.24964904373471256,94.87947914174144,90.67026165960941,0,1
2023-06-11 01:26:00,2023-06-11 01:26:59,0.2549,0.255,0.2541,0.2551,0.25551465678988716,0.254775,0.2541,0.25551465678988716,True,0.0011573810068738037,0.0003938591280646848,0,0.2500733444906545,0.2503600569947425,19.218484720565854,19.218484720565854,0.24967457440601712,0.24970228708063583,79.02679930005054,88.82599030411502,0,1
2023-06-11 01:27:00,2023-06-11 01:27:59,0.255,0.2557,0.2549,0.2558,0.25514482839494357,0.25534999999999997,0.2549,0.2558,True,0.0011389966492399615,0.00035712048506885514,0,0.25021670074269853,0.2505114636020717,18.698116943145635,18.698116943145635,0.24973104630247467,0.2497619658161519,66.14869026581826,80.01832290253677,0,1
2023-06-11 01:28:00,2023-06-11 01:28:59,0.2558,0.2563,0.2556,0.2565,0.25524741419747177,0.25605,0.2556,0.2565,True,0.0011219254600085364,0.000347989080678118,0,0.25036408217238515,0.2506686673385311,19.831939988357263,19.831939988357263,0.24979392146364407,0.24982702088265785,61.71048502430485,68.96199153005792,0,2
2023-06-11 01:29:00,2023-06-11 01:29:59,0.2561,0.2562,0.2557,0.2564,0.2556487070987359,0.2561,0.2557,0.2564,True,0.0010917879271507864,0.0003085484371489098,0,0.2505163747554581,0.250829699663884,19.94528834909471,19.94528834909471,0.24985666851375707,0.24989043361019359,68.23670976236475,65.36529501749598,0,1
2023-06-11 01:30:00,2023-06-11 01:30:59,0.2561,0.2558,0.2556,0.2568,0.25587435354936794,0.256075,0.2556,0.2568,True,0.0010995173609257287,0.0002302075659643384,0,0.25067303720967105,0.2509924698846069,17.360543739913552,17.360543739913552,0.2499185424588938,0.24994923526581356,66.53804414174938,65.49507964280635,0,1
2023-06-11 01:31:00,2023-06-11 01:31:59,0.2557,0.2571,0.2556,0.2571,0.255974676774684,0.256375,0.2556,0.2571,True,0.001128123263716748,0.00024642943149821633,0,0.25083275354713896,0.2511575499048014,19.50988784753919,19.50988784753919,0.24998278581751177,0.2500203871537159,59.074453374004065,64.61640242603941,0,2
2023-06-11 01:32:00,2023-06-11 01:32:59,0.2569,0.2567,0.2566,0.2577,0.256174838387342,0.256975,0.2566,0.2577,True,0.001126114459165551,0.00020608691010450637,0,0.25099515172597014,0.25132743245994726,18.435922045133694,18.435922045133694,0.25005236008798426,0.25008685096313166,57.511211803594996,61.041236439782836,0,1
2023-06-11 01:33:00,2023-06-11 01:33:59,0.2567,0.2569,0.2559,0.2573,0.25657491919367104,0.25670000000000004,0.2559,0.2573,True,0.001145677712082294,0.00017179146659633245,0,0.2511612920929587,0.2514980437171894,18.36736836799055,18.36736836799055,0.2501185057587506,0.2501546434908617,53.21261144972399,56.59942554244103,0,1
2023-06-11 01:34:00,2023-06-11 01:34:59,0.257,0.2583,0.2566,0.2586,0.25663745959683554,0.257625,0.2566,0.2586,True,0.0012067007326478447,0.00022495067790047948,0,0.25132966790507405,0.25167440459575785,21.775299297397254,21.775299297397254,0.2501931972437382,0.2502356918143357,60.78760126033685,57.1704748378853,0,2
2023-06-11 01:35:00,2023-06-11 01:35:59,0.2585,0.257,0.2567,0.2585,0.25713122979841774,0.257675,0.2567,0.2585,True,0.001249079251744429,0.00014675513706900387,0,0.25150203625041595,0.2518544252216238,17.064756063214162,17.064756063214162,0.2502676430423079,0.25030299836344677,62.70580399341544,58.90200556782545,0,1
2023-06-11 01:36:00,2023-06-11 01:36:59,0.257,0.2567,0.2564,0.2576,0.25740311489920886,0.256925,0.2564,0.2576,True,0.0012455735909055398,5.547737646621493e-05,0,0.2516782307360199,0.25203094626173705,12.603645081559584,0.0,0.2503338854000959,0.25036665012102444,51.31577246648592,58.26972590674609,0,1
2023-06-11 01:37:00,2023-06-11 01:37:59,0.2567,0.2569,0.2562,0.257,0.25716405744960447,0.25670000000000004,0.2562,0.25716405744960447,True,0.0012137469058408601,-5.965115547692211e-06,0,0.2518545884988785,0.25220195719203725,10.434329766629475,0.0,0.2503972298239755,0.25043165857753164,27.429766190057062,47.150447549986154,0,1
2023-06-11 01:38:00,2023-06-11 01:38:59,0.2569,0.2568,0.2566,0.2571,0.25693202872480225,0.25685,0.2566,0.2571,True,0.0011627649839950846,-6.592124020304759e-05,0,0.25202827284545787,0.25236848581680504,8.421074956140352,0.0,0.25046143649239366,0.25049502515884975,5.669162407164159,28.1382336879024,0,1
2023-06-11 01:39:00,2023-06-11 01:39:59,0.2567,0.2567,0.2565,0.257,0.25689101436240114,0.256725,0.2565,0.257,True,0.0011154246279954357,-0.0001221168487078642,0,0.2521983793311315,0.25252948529450864,6.442254834292363,0.0,0.2505237605073947,0.25055676620204526,2.60123560947903,11.90005473556677,0,1
2023-06-11 01:40:00,2023-06-11 01:40:59,0.2568,0.258,0.2568,0.258,0.25680800718120056,0.25739999999999996,0.2568,0.258,True,0.0011286085831386204,-7.715872581968552e-05,0,0.25236393231282006,0.25268965822604883,10.728360056276586,0.0,0.2505921808008535,0.2506308282298856,14.06604404305383,7.445480686565692,0,2
2023-06-11 01:41:00,2023-06-11 01:41:59,0.2579,0.2589,0.2578,0.259,0.25710400359060026,0.25839999999999996,0.2578,0.259,True,0.0011337079700572928,3.877254991794393e-06,0,0.25252679526943445,0.252854942518798,15.910843273162158,15.910843273162158,0.2506698705441286,0.25071310854600615,36.921472631725656,17.86291742808619,0,2
2023-06-11 01:42:00,2023-06-11 01:42:59,0.259,0.2598,0.2589,0.2599,0.2577520017953001,0.25939999999999996,0.2589,0.2599,True,0.0011241574007674862,0.0001045939950037795,0,0.25269086889411624,0.2530299780596156,21.060053767105288,21.060053767105288,0.2507567375038885,0.25080352537639417,70.25480596505899,40.41410754661285,0,2
2023-06-11 01:43:00,2023-06-11 01:43:59,0.2597,0.2595,0.2589,0.2599,0.25857600089765004,0.2595,0.2589,0.2599,True,0.0011152890149983801,0.0001310564922371183,0,0.25286042347686594,0.25321217600300633,22.35227109266218,22.35227109266218,0.2508437351406657,0.25089005746220117,92.12333086481753,66.43320315386741,0,2
2023-06-11 01:44:00,2023-06-11 01:44:59,0.2594,0.2597,0.2591,0.2598,0.259038000448825,0.2595,0.2591,0.2598,True,0.0010856255139270658,0.0001423949808067827,0,0.25303629973993613,0.25339876288466046,23.709959974170303,23.709959974170303,0.2509298671293158,0.25097771858198026,100.00000000000006,87.45937894329222,0,2
2023-06-11 01:45:00,2023-06-11 01:45:59,0.2596,0.2567,0.2567,0.2597,0.2592690002244125,0.258175,0.2567,0.2597,True,0.0012223665486465612,-7.621479323132504e-05,0,0.2532175313122983,0.25357843411474723,11.452094723876385,0.0,0.251001958003651,0.25103465670554265,66.66666666666673,86.2633325104948,0,1
2023-06-11 01:46:00,2023-06-11 01:46:59,0.2568,0.2574,0.2564,0.2575,0.25872200011220625,0.257025,0.2564,0.25872200011220625,True,0.0012136260808860919,-0.0001798393075362831,0,0.25339798271352276,0.2537435376450231,5.937062973097419,0.0,0.2510618887697838,0.2510979934547412,33.33333333333339,66.66666666666676,0,1
2023-06-11 01:47:00,2023-06-11 01:47:59,0.2574,0.2555,0.2549,0.2576,0.2578735000561031,0.25635,0.2549,0.2578735000561031,True,0.001319795646537084,-0.00038246190134282954,0,0.25357076017927294,0.25389140791915094,-2.1048826139083587,-0.0,0.251114506791975,0.25114179451489305,5.684341886080802e-14,33.33333333333342,0,1
2023-06-11 01:48:00,2023-06-11 01:48:59,0.2556,0.2561,0.2552,0.2569,0.25711175002805153,0.25595,0.2552,0.25711175002805153,True,0.001346953100355866,-0.00046793944413158926,0,0.25373108404921196,0.2540219513567977,-5.204319717147534,-5.204319717147534,0.25116262115225385,0.2511911298928543,5.684341886080802e-14,11.111111111111194,0,-2
2023-06-11 01:49:00,2023-06-11 01:49:59,0.2562,0.2558,0.2549,0.2564,0.25653087501402577,0.255825,0.2549,0.25653087501402577,True,0.0013578850217590185,-0.0005347916610854732,0,0.25387651770300484,0.25413709995448674,-7.995497000904763,-7.995497000904763,0.25120901298158466,0.2512369892969055,5.684341886080802e-14,8.289665250534502e-14,0,-2
2023-06-11 01:50:00,2023-06-11 01:50:59,0.2558,0.2567,0.2558,0.257,0.2561779375070129,0.256325,0.2558,0.257,True,0.0013466075202048012,-0.0005034416630876023,0,0.2540068088287458,0.2542427685763072,-6.282560300142983,-6.282560300142983,0.25125991832505146,0.2512913476123592,3.905448925333614,1.301816308444602,0,-2
2023-06-11 01:51:00,2023-06-11 01:51:59,0.2567,0.2557,0.2557,0.2571,0.25625146875350646,0.2563,0.2557,0.2571,True,0.001350421268761602,-0.0005394722465770856,0,0.2541247887025265,0.2543400770207503,-8.02525899690393,-8.02525899690393,0.25131006839146885,0.2513352148002959,7.616082713978774,3.840510546437508,0,-2
2023-06-11 01:52:00,2023-06-11 01:52:59,0.2559,0.2553,0.2551,0.2563,0.2562757343767532,0.25565000000000004,0.2551,0.2563,True,0.001339676892421486,-0.0005754251108444363,-1,0.25423243286163844,0.2544256761080854,-10.225977945948884,-10.225977945948884,0.25135325179055873,0.2513746653992979,7.616082713978774,6.379204784430414,0,-2
2023-06-11 01:53:00,2023-06-11 01:53:59,0.2554,0.2552,0.2542,0.2554,0.25596286718837663,0.25505,0.2542,0.25596286718837663,True,0.0013296999715342393,-0.0005882026188828834,0,0.254329054484862,0.2544973523973727,-11.972767776989706,-11.972767776989706,0.2513900353548318,0.25141272843015067,3.7106337886452176,6.314266405534281,0,-2
2023-06-11 01:54:00,2023-06-11 01:54:59,0.2553,0.2561,0.2551,0.2562,0.25550643359418834,0.255675,0.2551,0.2562,True,0.0013132928307103642,-0.0005158911062575918,0,0.2544132034411174,0.2545618635589394,-8.687488280147129,-8.687488280147129,0.25143267181896284,0.2514593679482586,4.6872998713155045,5.338005457979858,0,-1
2023-06-11 01:55:00,2023-06-11 01:55:59,0.2561,0.2565,0.2555,0.2568,0.25559071679709416,0.256225,0.2555,0.2568,True,0.0013123433428024786,-0.00042525701944139507,0,0.25448753350002845,0.2546240645347942,-4.793317829352027,-4.793317829352027,0.2514803566764856,0.25150952349106204,13.13075728373788,7.1762303145662285,0,-1
2023-06-11 01:56:00,2023-06-11 01:56:59,0.2564,0.2562,0.256,0.2572,0.2559078583985471,0.25644999999999996,0.256,0.2572,True,0.0013043188183165856,-0.000374151815871607,0,0.2545557990174114,0.25468556365962813,-3.630133059539361,-3.630133059539361,0.25152980586378426,0.2515561948991112,23.05564811318359,13.624568422745687,0,-1
2023-06-11 01:57:00,2023-06-11 01:57:59,0.2564,0.256,0.256,0.2567,0.25617892919927354,0.256275,0.256,0.2567,True,0.0012611531884368279,-0.00034342976176773084,0,0.2546206813385198,0.25474488757671265,-3.8438416326185916,-3.8438416326185916,0.2515770217258362,0.2516004118652892,27.024197652950203,21.070201016623923,0,-2
2023-06-11 01:58:00,2023-06-11 01:58:59,0.2561,0.2563,0.256,0.2566,0.2562269645996368,0.25625,0.256,0.2566,True,0.0012139279606913395,-0.00029241897936113594,0,0.2546827844576162,0.25480192038569194,-2.198122217125416,-0.0,0.2516235190220965,0.25164717393628133,32.43296618688919,27.50427065100769,0,-1
2023-06-11 01:59:00,2023-06-11 01:59:59,0.2563,0.2568,0.2563,0.257,0.2562384822998184,0.25659999999999994,0.2563,0.257,True,0.0011772188206419607,-0.00021638948859361532,0,0.2547423524216541,0.2548591594556383,1.5899157223325844,0.0,0.25167303624575726,0.25169844583741285,53.667151783185396,37.708105207674954,0,-1
2023-06-11 02:00:00,2023-06-11 02:00:59,0.2567,0.257,0.2567,0.2576,0.25641924114990916,0.257,0.2567,0.2576,True,0.0011574174763103928,-0.000147816345575675,0,0.2548007559386462,0.254918912620789,5.114531307755215,0.0,0.2517260408602273,0.25175119762012516,78.34463570543666,54.814917891837105,0,-1
2023-06-11 02:01:00,2023-06-11 02:01:59,0.2569,0.2557,0.2555,0.2569,0.2567096205749546,0.25625,0.2555,0.2569,True,0.001181887656573936,-0.00018975856385770103,0,0.2548598342797176,0.25497508938291763,-0.08076633438837177,-0.0,0.25177105537903105,0.25179048918609404,83.15288828309603,71.72155859057273,0,-2
2023-06-11 02:02:00,2023-06-11 02:02:59,0.2557,0.2557,0.2555,0.2559,0.2564798102874773,0.2557,0.2555,0.2564798102874773,True,0.0011260385382472272,-0.00021181655929590145,0,0.2549174618313176,0.25502429140055977,-3.5442980958174317,-3.5442980958174317,0.2518101493553591,0.2518293897912075,61.28430201418693,74.26060866757324,-1,-2
2023-06-11 02:03:00,2023-06-11 02:03:59,0.2556,0.2549,0.2547,0.256,0.25608990514373864,0.25529999999999997,0.2547,0.25608990514373864,True,0.0011384643569438554,-0.00027453975688923333,0,0.25497087661593865,0.25506492014926563,-9.067681055881955,-9.067681055881955,0.2518448742373953,0.25185994312661836,30.939363405651637,58.45885123431157,0,-2
2023-06-11 02:04:00,2023-06-11 02:04:59,0.2548,0.2553,0.2548,0.2553,0.2556949525718693,0.25505,0.2548,0.2556949525718693,True,0.0010928597600192943,-0.00027800416650331845,0,0.25501789838260214,0.25509680508075605,-9.76581537610761,-9.76581537610761,0.2518767660360282,0.25189417254824403,12.278884881630907,34.83418343382319,0,-2
2023-06-11 02:05:00,2023-06-11 02:05:59,0.2553,0.2548,0.2542,0.2553,0.2553724762859346,0.2549,0.2542,0.2553724762859346,True,0.0010933697771607766,-0.0003042608120837081,0,0.2550573517316791,0.25512055801940287,-12.312149620471224,-12.312149620471224,0.251906847966018,0.25192308625423165,2.988394724798097,15.402214337360247,0,-2
2023-06-11 02:06:00,2023-06-11 02:06:59,0.2548,0.2553,0.2546,0.2558,0.2551362381429673,0.255125,0.2546,0.2558,True,0.001100986221649295,-0.0002750062852185277,0,0.25508895487554095,0.25513928935175495,-10.376658942739489,-10.376658942739489,0.25193886937929144,0.25195668738603033,4.79065575082509,6.685978452418065,0,-1
2023-06-11 02:07:00,2023-06-11 02:07:59,0.2552,0.255,0.2547,0.2556,0.25513061907148366,0.255125,0.2547,0.2556,True,0.0010866300629600604,-0.00026558370760256016,0,0.2551141221136479,0.25515393862129626,-10.598210237543583,-10.598210237543583,0.2519705721715373,0.25198696910358226,9.581311501650136,5.786787325757808,0,-2
2023-06-11 02:08:00,2023-06-11 02:08:59,0.255,0.255,0.2549,0.2555,0.2551278095357418,0.2551,0.2549,0.2555,True,0.0010518707727486267,-0.00024840111215721535,0,0.25513403036747206,0.2551651020179245,-10.745911100746305,-10.745911100746305,0.25200171075689515,0.2520169495105118,13.938557670670585,9.436841641048638,0,-2
2023-06-11 02:09:00,2023-06-11 02:09:59,0.2549,0.2554,0.2547,0.2554,0.2551139047678709,0.2551,0.2547,0.2554,True,0.0010267371461237273,-0.00019913876683788553,0,0.2551495661926983,0.2551734443695209,-7.450090689152631,-7.450090689152631,0.25203253950558274,0.25205061170443704,13.505148088866003,12.341672420395609,0,-1
2023-06-11 02:10:00,2023-06-11 02:10:59,0.2553,0.2556,0.2553,0.2557,0.25510695238393544,0.255475,0.2553,0.2557,True,0.0009819702071148864,-0.00014473682115825271,0,0.2551615052811096,0.25518208135391995,-3.7104297928374947,-3.7104297928374947,0.25206679284383565,0.2520859290009103,22.54813799128566,16.663947916940785,0,-1
2023-06-11 02:11:00,2023-06-11 02:11:59,0.2556,0.2549,0.2548,0.2556,0.2552909761919677,0.255225,0.2548,0.2556,True,0.0009689723351781065,-0.00015093248354777826,0,0.2551717933175148,0.25518917578003225,-6.172701403822892,-6.172701403822892,0.25209821779066316,0.2521139297073689,26.82467984635655,20.959321975502775,0,-2
2023-06-11 02:12:00,2023-06-11 02:12:59,0.255,0.2547,0.2547,0.2551,0.2552579880959839,0.25487499999999996,0.2547,0.2552579880959839,True,0.0009283314540939569,-0.0001614960473186993,0,0.2551804845487735,0.25519260569163676,-8.93702765879749,-8.93702765879749,0.25212584746438793,0.2521396617500816,24.252523725335966,24.541780520992763,0,-2
2023-06-11 02:13:00,2023-06-11 02:13:59,0.2546,0.255,0.2544,0.2552,0.2550664940479919,0.2548,0.2544,0.2552,True,0.000919164921658672,-0.00013985992928727635,0,0.2551865451202051,0.25519261239259716,-7.882405518280031,-7.882405518280031,0.2521524559473293,0.25216812282719525,10.768796605720448,20.615333392471026,0,-1
2023-06-11 02:14:00,2023-06-11 02:14:59,0.255,0.2556,0.255,0.2556,0.254933247023996,0.25529999999999997,0.255,0.2556,True,0.0008963674272544804,-7.757737749720513e-05,0,0.25518957875640114,0.25519335446150015,-2.633938576858853,-0.0,0.2521837747936245,0.25220227085876545,25.181422630290495,20.067580987115676,0,-1
2023-06-11 02:15:00,2023-06-11 02:15:59,0.2555,0.2546,0.2546,0.2555,0.255116623511998,0.25505,0.2546,0.2555,True,0.0009037697538791604,-0.0001013996502430802,0,0.25519146660895065,0.2551929551335078,-5.469071482904219,-5.469071482904219,0.2522122944474193,0.25222612886017076,43.740492118751256,26.56357045158744,0,-2
2023-06-11 02:16:00,2023-06-11 02:16:59,0.2546,0.2548,0.2543,0.2549,0.25508331175599896,0.25465000000000004,0.2543,0.25508331175599896,True,0.0008820719143163624,-9.737049174897986e-05,0,0.25519221087122923,0.25518891549014155,-5.870247743048203,-5.870247743048203,0.25223655022406194,0.2522517395182785,44.674570786950625,37.86549517866417,0,-1
2023-06-11 02:17:00,2023-06-11 02:17:59,0.2549,0.2549,0.2545,0.2551,0.2548666558779995,0.25485,0.2545,0.2551,True,0.0008619239204366215,-8.221360198278795e-05,0,0.2551905631806854,0.25518340972982306,-5.344392210677576,-5.344392210677576,0.2522625546994444,0.2522780903688429,36.17727245887443,41.53077845485881,0,-1
2023-06-11 02:18:00,2023-06-11 02:18:59,0.2549,0.2551,0.2549,0.2553,0.25485832793899976,0.25505,0.2549,0.2553,True,0.0008289293546911493,-5.3551437576210525e-05,0,0.2551869864552542,0.2551781596733814,-3.336841237965423,-3.336841237965423,0.2522902904735793,0.2523061690716405,43.38818152649585,41.413341590773676,0,-1
2023-06-11 02:19:00,2023-06-11 02:19:59,0.2551,0.2541,0.254,0.2551,0.2549541639694999,0.254575,0.254,0.2551,True,0.0008482915436417808,-9.96428557427766e-05,0,0.25518257306431785,0.25516988795022494,-7.988100212856878,-7.988100212856878,0.2523130239017029,0.2523240181356043,45.12233282300446,41.56259560279162,0,-2
2023-06-11 02:20:00,2023-06-11 02:20:59,0.2541,0.2536,0.2531,0.2541,0.25476458198474994,0.253725,0.2531,0.25476458198474994,True,0.0008591278619530823,-0.0001575469463071501,0,0.2551762305072714,0.25515346209648615,-13.001581442602458,-13.001581442602458,0.2523270734151188,0.25233671447256345,30.57321710241929,39.69457715063991,0,-2
2023-06-11 02:21:00,2023-06-11 02:21:59,0.2537,0.2539,0.2537,0.2547,0.25424479099237496,0.254,0.2537,0.2547,True,0.0008763330146707185,-0.00016537415333308492,0,0.25516484630187874,0.255132615929673,-13.614100750159956,-13.614100750159956,0.25234371945078926,0.25235226955243845,12.538791336703882,29.41144708737592,0,-2
2023-06-11 02:22:00,2023-06-11 02:22:59,0.2538,0.2535,0.2521,0.2539,0.2541223954961875,0.253325,0.2521,0.2541223954961875,True,0.000942309227908526,-0.0001882036979462485,0,0.25514873111577585,0.25510380142832495,-15.805433554929259,-15.805433554929259,0.25235348343635355,0.2523636897558968,9.520642838366705,17.544217092496666,0,-2
2023-06-11 02:23:00,2023-06-11 02:23:59,0.2534,0.2525,0.2522,0.2534,0.2537236977480938,0.252875,0.2522,0.2537236977480938,True,0.0009678585687722044,-0.0002605432989019228,0,0.2551262662720504,0.2550658236207228,-20.380356395752155,-20.380356395752155,0.25235867265589235,0.25236504607673366,9.520642838366705,10.526692337812472,0,-2
2023-06-11 02:24:00,2023-06-11 02:24:59,0.2525,0.2519,0.2488,0.2525,0.2532993488740469,0.251425,0.2488,0.2532993488740469,True,0.001163011528145619,-0.00033379081820280893,0,0.25509604494638655,0.25501094350378917,-24.686398889633722,-24.686398889633722,0.25234938238070936,0.2523604187525871,5.684341886080802e-14,6.3470952255778625,0,-2
2023-06-11 02:25:00,2023-06-11 02:25:59,0.2519,0.2522,0.2498,0.2524,0.25236217443702347,0.251575,0.2498,0.2524,True,0.001265653561849505,-0.0003420774200599587,0,0.25505349422508783,0.2549441617753369,-24.79526749644306,-24.79526749644306,0.2523416770833889,0.25235882254609365,2.6755124496678846,4.065385096011589,0,-2
2023-06-11 02:26:00,2023-06-11 02:26:59,0.2522,0.2516,0.2516,0.2527,0.25196858721851173,0.252025,0.2516,0.2527,True,0.0012538211645745396,-0.00036914854064556133,0,0.25499882800021234,0.2548715554966732,-26.472978863508324,-26.472978863508324,0.2523385260676338,0.2523512720729982,13.159865814990164,5.278459421552742,0,-2
2023-06-11 02:27:00,2023-06-11 02:27:59,0.2515,0.2515,0.2512,0.2522,0.25199679360925586,0.2516,0.2512,0.2522,True,0.0012356910813906441,-0.0003722605837775661,0,0.25493519174844276,0.25479194571297964,-27.840994463838058,-27.840994463838058,0.25233117754954787,0.2523428017041126,20.63120242833747,12.155526897665213,0,-2
2023-06-11 02:28:00,2023-06-11 02:28:59,0.2515,0.2507,0.2507,0.2524,0.2517983968046279,0.25132499999999997,0.2507,0.2524,True,0.001268856004148458,-0.00040713485312753235,0,0.2548635687307112,0.25470548143584887,-30.453748959941606,-30.453748959941606,0.2523211658326369,0.2523264554184996,23.85137367006465,19.214147304464134,0,-2
2023-06-11 02:29:00,2023-06-11 02:29:59,0.2508,0.2509,0.2506,0.2514,0.2515616984023139,0.250925,0.2506,0.2515616984023139,True,0.0012353662895664267,-0.00039174245198289213,0,0.25478452508328003,0.254611469379337,-30.109287194504937,-30.109287194504937,0.25230727363529726,0.25231226183224587,16.536485665603422,20.339687254668554,0,-2
2023-06-11 02:30:00,2023-06-11 02:30:59,0.251,0.2519,0.2503,0.2519,0.251243349201157,0.251275,0.2503,0.2519,True,0.0012614115545973956,-0.00028904547461563145,0,0.2546979972313085,0.2545145612979368,-21.812242343600115,-21.812242343600115,0.25229700225584156,0.2523081597244623,18.88823617292562,19.758698502864604,0,-1
2023-06-11 02:31:00,2023-06-11 02:31:59,0.2519,0.2519,0.2512,0.2521,0.2512591746005785,0.25177499999999997,0.2512,0.2521,True,0.0012355964435547255,-0.00020261381842191914,0,0.25460627926462265,0.2544194685800047,-16.280879109663566,-16.280879109663566,0.25229180820354463,0.25230409843367163,31.624706122967325,22.34980932049883,0,-1
2023-06-11 02:32:00,2023-06-11 02:32:59,0.2519,0.2514,0.251,0.2519,0.2515170873002892,0.25155000000000005,0.251,0.2519,True,0.0012116252690151032,-0.0001645337114717048,0,0.25451287392231364,0.25432491380839084,-15.279184833696327,-15.279184833696327,0.25228442702738996,0.2522951024293565,49.55120737850287,33.354716558131976,0,-1
2023-06-11 02:33:00,2023-06-11 02:33:59,0.2514,0.2518,0.2512,0.2518,0.25153354365014463,0.25155000000000005,0.2512,0.2518,True,0.001167937749799742,-9.744116816243404e-05,0,0.2544188938653522,0.2542314313119855,-11.504725167908305,-0.0,0.2522771192957741,0.2522901760370246,65.55515223367665,48.91035524504898,0,-1
2023-06-11 02:34:00,2023-06-11 02:34:59,0.2519,0.2521,0.2515,0.2523,0.2515417718250723,0.25195,0.2515,0.2523,True,0.0011416564819569047,-2.1301570117927956e-05,0,0.25432516258866883,0.2541421788401193,-6.883307016459412,-0.0,0.25227386437740823,0.2522882837381487,80.25633192557328,65.12089717925097,0,-1
2023-06-11 02:35:00,2023-06-11 02:35:59,0.2521,0.253,0.2519,0.2538,0.25174588591253616,0.25270000000000004,0.2519,0.2538,True,0.0011958238761028413,9.84463484148255e-05,0,0.25423367071439407,0.2540620148607933,0.9053432039634757,0.0,0.25227810453285693,0.252295365491998,92.49369864251003,79.43506093392001,0,-1
2023-06-11 02:36:00,2023-06-11 02:36:59,0.2528,0.2518,0.2518,0.2529,0.2522229429562681,0.252325,0.2518,0.2529,True,0.0011961221706669224,9.6851215201087e-05,0,0.25414784278759367,0.25398698342691023,-1.031881770077348,-0.0,0.25227857115442054,0.25229043648212734,95.67470008004675,89.47491021604338,0,-1
2023-06-11 02:37:00,2023-06-11 02:37:59,0.2518,0.2519,0.2517,0.2522,0.2522739714781341,0.2519,0.2517,0.2522739714781341,True,0.001146399158476428,0.00010586043538585079,0,0.25406741310725195,0.2539135917256067,-1.7528978750912785,-0.0,0.2522748042772621,0.2522865515420067,86.78788103820982,91.65209325358889,0,-1
2023-06-11 02:38:00,2023-06-11 02:38:59,0.2519,0.2516,0.2513,0.2521,0.25208698573906707,0.25172500000000003,0.2513,0.2521,True,0.001121656361442395,9.371979427319423e-05,0,0.25399050241642934,0.25384079385630864,-3.8076190885093837,-0.0,0.25226933358793613,0.25227972018337974,75.17548922034509,85.87935677953391,0,-1
2023-06-11 02:39:00,2023-06-11 02:39:59,0.2516,0.2513,0.2511,0.2516,0.2519059928695335,0.2514,0.2511,0.2519059928695335,True,0.0010772523356250812,6.829719848715438e-05,0,0.253915648136369,0.2537667331403,-6.6923179444207435,-0.0,0.25226068350248404,0.25226997172384363,64.14458160031451,75.36931728628981,0,-2
2023-06-11 02:40:00,2023-06-11 02:40:59,0.2514,0.2521,0.2511,0.2521,0.2516529964347668,0.251675,0.2511,0.2521,True,0.0010717343116518612,0.00011074590088061727,0,0.25384119063833455,0.25369407310392067,-3.268220371620899,-0.0,0.2522548558059419,0.2522682804629099,62.649458339778754,67.32317638681279,0,-1
2023-06-11 02:41:00,2023-06-11 02:41:59,0.2521,0.2514,0.2514,0.2524,0.2516639982173834,0.251825,0.2514,0.2524,True,0.001066610432248157,9.213166264126073e-05,0,0.25376763187112766,0.25362404351710455,-4.77879069260932,-0.0,0.2522505786337435,0.25225964085631375,66.56754050475983,64.45386014828438,0,-1
2023-06-11 02:42:00,2023-06-11 02:42:59,0.2514,0.2519,0.251,0.252,0.2517444991086917,0.251575,0.251,0.252,True,0.0010618525442304314,0.00011700940056250998,0,0.25369583769411613,0.25355485011330176,-2.8185488582269684,-0.0,0.25224385645828334,0.25225606234033054,70.99059717763821,66.73586534072562,0,-1
2023-06-11 02:43:00,2023-06-11 02:43:59,0.2519,0.2522,0.2518,0.2524,0.25165974955434584,0.252075,0.2518,0.2524,True,0.0010288630767854,0.0001549837513265056,0,0.253625343903709,0.2534902203143332,0.11527400247543085,0.0,0.25224217629451934,0.2522555045060984,78.8799791099482,72.1460389307821,0,-1
2023-06-11 02:44:00,2023-06-11 02:44:59,0.2522,0.2522,0.2516,0.2522,0.2518673747771729,0.25205,0.2516,0.2522,True,0.0009982299998721564,0.000178896029091963,0,0.25355778210902113,0.2534294553761104,2.0711559096103613,0.0,0.2522402640925838,0.25225495222245564,82.58509305521021,77.48522311426557,0,-1
2023-06-11 02:45:00,2023-06-11 02:45:59,0.2521,0.2517,0.2517,0.2527,0.25195868738858646,0.25205,0.2517,0.2527,True,0.0009983564284527168,0.00015806534428588494,0,0.25349361874256576,0.25337215018203024,-0.2314674325883459,-0.0,0.25223837091753326,0.2522494303097944,89.52904821469411,83.6647067932842,0,-1
2023-06-11 02:46:00,2023-06-11 02:46:59,0.2517,0.2517,0.2514,0.2519,0.25200434369429325,0.251675,0.2514,0.25200434369429325,True,0.0009627595407060943,0.00014326986814842805,0,0.253432884462298,0.25331538914461876,-1.7665496607208198,-0.0,0.2522327652367618,0.25224396334153776,78.15655954147816,83.42356693712752,0,-1
2023-06-11 02:47:00,2023-06-11 02:47:59,0.2518,0.2518,0.2513,0.2521,0.2518396718471466,0.25175000000000003,0.2513,0.2521,True,0.0009511338592270852,0.0001396638587185849,0,0.2533741368034584,0.2532599605464192,-1.8261636558020768,-0.0,0.25222796160256516,0.25223954579585084,67.81658740148494,78.50073171921908,0,-1
2023-06-11 02:48:00,2023-06-11 02:48:59,0.2518,0.2514,0.2513,0.2519,0.2517948359235733,0.25160000000000005,0.2513,0.2519,True,0.0009260528692822926,0.00010894034760194145,0,0.25331704867493876,0.25320493212659195,-5.101094994762583,-0.0,0.2522217132284103,0.2522311921063399,52.27288308714302,66.08201001003538,0,-2
2023-06-11 02:49:00,2023-06-11 02:49:59,0.2514,0.251,0.2507,0.2515,0.2516974179617867,0.25115,0.2507,0.2516974179617867,True,0.0009170490929049877,6.188610267323042e-05,0,0.25326099040076533,0.25314750884493314,-9.778125502795397,-0.0,0.2522110494151923,0.2522189414386151,32.804598797088346,50.96468976190545,0,-2
2023-06-11 02:50:00,2023-06-11 02:50:59,0.251,0.2512,0.2506,0.2514,0.25142370898089333,0.25105,0.2506,0.25142370898089333,True,0.0009086884434117759,4.742799659075605e-05,0,0.2532042496228492,0.25308790795014563,-10.481484239549204,-0.0,0.2521994966846929,0.25220880271783286,13.800433311369863,32.95930506520042,0,-2
2023-06-11 02:51:00,2023-06-11 02:51:59,0.2512,0.2512,0.2508,0.2512,0.25123685449044664,0.2511,0.2508,0.25123685449044664,True,0.0008723535545966458,4.0901712392004417e-05,0,0.2531460787864974,0.25302734458392256,-10.950390064051739,-0.0,0.25218855641917354,0.2521987648798445,2.833841674228949,16.479624594229062,0,-1
2023-06-11 02:52:00,2023-06-11 02:52:59,0.2512,0.2515,0.2508,0.2518,0.2511684272452233,0.251325,0.2508,0.2518,True,0.0008814711578397427,6.030126095900746e-05,0,0.25308671168520996,0.2529679827255485,-7.4555930414790055,-0.0,0.25217996381798774,0.2521918119954679,18.406445357973777,11.680240114524205,0,-1
2023-06-11 02:53:00,2023-06-11 02:53:59,0.2515,0.2521,0.2513,0.2521,0.25124671362261164,0.25175000000000003,0.2513,0.2521,True,0.0008756517894226159,0.00011606463145036675,0,0.2530273472053792,0.2529128900602039,0.03819786133384184,0.0,0.2521756855710426,0.2521908984432742,51.739778691307116,24.32668857450329,0,-1
2023-06-11 02:54:00,2023-06-11 02:54:59,0.2521,0.2513,0.2513,0.2521,0.25149835681130583,0.25170000000000003,0.2513,0.2521,True,0.000870248090178141,9.664517118599671e-05,0,0.25297011863279156,0.25286119350165503,-2.105357021851731,-0.0,0.25217095238128096,0.2521820337821471,80.31539167856658,50.15387190928251,0,-2
2023-06-11 02:55:00,2023-06-11 02:55:59,0.2512,0.2509,0.2507,0.2513,0.25159917840565293,0.251025,0.2507,0.25159917840565293,True,0.0008509446551654198,5.676038685103579e-05,0,0.2529156560672233,0.25280789419740024,-5.933048313106056,-0.0,0.2521595498700244,0.25216927722710086,73.11684416547601,68.39067151178325,0,-2
2023-06-11 02:56:00,2023-06-11 02:56:59,0.2509,0.2512,0.2508,0.2512,0.25131208920282644,0.251025,0.2508,0.25131208920282644,True,0.0008187343226536009,5.334221941479455e-05,0,0.2528617751323118,0.25275369873008885,-5.743961357422094,-0.0,0.25214826081659136,0.25215963267757746,48.15756700279693,67.19660094894651,0,-1
2023-06-11 02:57:00,2023-06-11 02:57:59,0.2513,0.2508,0.2507,0.2515,0.25116854460141325,0.251075,0.2507,0.2515,True,0.0008173961567497738,2.5567215532766216e-05,0,0.25280773693120034,0.25269951259901463,-8.168430210148621,-0.0,0.25213758160448596,0.2521461039942185,27.693860122273446,49.65609043018213,0,-2
2023-06-11 02:58:00,2023-06-11 02:58:59,0.2507,0.2499,0.2495,0.2507,0.25112177230070665,0.2502,0.2495,0.25112177230070665,True,0.0008518678598390774,-5.103564441677174e-05,0,0.2527536247651075,0.252639702162378,-13.685255165595457,-13.685255165595457,0.2521183021855358,0.25212375470074366,19.31980395161919,31.72374369222986,0,-2
2023-06-11 02:59:00,2023-06-11 02:59:59,0.2499,0.2493,0.2492,0.2504,0.2506608861503533,0.24969999999999998,0.2492,0.2506608861503533,True,0.0008767344412791438,-0.0001351131438922491,0,0.25269666346374275,0.25257244350188796,-19.06535697320536,-19.06535697320536,0.25209423947722204,0.25209565763904473,10.94574778096493,19.319803951619193,0,-2
2023-06-11 03:00:00,2023-06-11 03:00:59,0.2492,0.2496,0.2489,0.2498,0.2501804430751766,0.249375,0.2489,0.2501804430751766,True,0.0008783962669020609,-0.00015831343989485078,0,0.2526345534828153,0.25249755242268984,-19.77581442505038,-19.77581442505038,0.25206718236799597,0.2520708252247259,8.763360407707903e-14,10.08851724419474,0,-2
2023-06-11 03:01:00,2023-06-11 03:01:59,0.2496,0.2497,0.2493,0.2498,0.24977772153758832,0.2496,0.2493,0.2498,True,0.0008513679621233424,-0.00015456892911339744,0,0.2525660529527526,0.2524187098582942,-19.265837599467773,-19.265837599467773,0.25204263328970744,0.25204723492398234,6.045356663992727,5.663701481652587,0,-2
2023-06-11 03:02:00,2023-06-11 03:02:59,0.2498,0.2498,0.2495,0.2498,0.24968886076879415,0.249725,0.2495,0.2498,True,0.0008119845362573889,-0.0001333195393619141,0,0.2524923814055234,0.2523381548385844,-17.84804127054187,-17.84804127054187,0.25201957226194915,0.25202487437747506,15.415404343179778,7.153587002390869,0,-1
2023-06-11 03:03:00,2023-06-11 03:03:59,0.2499,0.25,0.2499,0.2506,0.24970693038439706,0.2501,0.2499,0.2506,True,0.0008111284979532893,-9.463195631523162e-05,0,0.2524152681220539,0.2522593771826648,-14.690247949180822,-14.690247949180822,0.25200047204043724,0.25200472637371907,34.27483343244495,18.578531479872492,0,-1
2023-06-11 03:04:00,2023-06-11 03:04:59,0.25,0.2501,0.25,0.2506,0.24990346519219853,0.250175,0.25,0.2506,True,0.000796047890956625,-5.31096827094612e-05,0,0.2523373226523593,0.25218305393601337,-11.461846643780618,-0.0,0.25198230813953737,0.25198577387248805,48.91583823815381,32.86869200459285,0,-1
2023-06-11 03:05:00,2023-06-11 03:05:59,0.2501,0.2501,0.2498,0.2505,0.2500392325960993,0.250125,0.2498,0.2505,True,0.0007891873273168665,-1.8389393397661075e-05,0,0.25226018829418634,0.2521088436685056,-9.309579106847146,-0.0,0.251963827461532,0.2519670099533588,59.420506900026545,47.53705952354178,0,-1
2023-06-11 03:06:00,2023-06-11 03:06:59,0.2502,0.25,0.2496,0.2502,0.25008211629804966,0.25,0.2496,0.2502,True,0.0007756739467942325,3.54721535397826e-06,0,0.25218451598134595,0.2520359484927593,-9.02575624349332,-0.0,0.2519442868897755,0.25194743771501693,58.354378868418884,55.563574668866416,0,-1
2023-06-11 03:07:00,2023-06-11 03:07:59,0.2499,0.2494,0.2492,0.2499,0.25004105814902483,0.24960000000000002,0.2492,0.25004105814902483,True,0.0007774115220232155,-1.8057631335754217e-05,0,0.2521102322370526,0.25196184441104647,-13.764785904853653,-0.0,0.25192096065206626,0.25192209007606153,49.634254176027405,55.80304664815762,0,-2
2023-06-11 03:08:00,2023-06-11 03:08:59,0.2495,0.2488,0.2484,0.2495,0.2498205290745124,0.24905,0.2484,0.2498205290745124,True,0.0008004535561644137,-6.68138664980982e-05,0,0.2520360383240495,0.2518835233970664,-19.593326629463583,-19.593326629463583,0.25189239387940887,0.2518910245031654,36.73491601422456,48.241183019556956,0,-2
2023-06-11 03:09:00,2023-06-11 03:09:59,0.2488,0.2486,0.2484,0.249,0.2494352645372562,0.2487,0.2484,0.2494352645372562,True,0.000786135445009812,-0.00010339759472444447,0,0.2519597808605579,0.2518000183558912,-24.14718971222853,-24.14718971222853,0.2518606287661809,0.2518582779906961,20.03810433293845,35.46909150773015,0,-2
2023-06-11 03:10:00,2023-06-11 03:10:59,0.2487,0.2489,0.2482,0.249,0.2490676322686281,0.2487,0.2482,0.2490676322686281,True,0.0007871257703662537,-9.601436316693213e-05,0,0.25187989960822454,0.25171300482703535,-22.70450491943812,-22.70450491943812,0.25182917972373137,0.2518288423887986,9.168356931999835,21.98045909305429,0,-1
2023-06-11 03:11:00,2023-06-11 03:11:59,0.249,0.2494,0.2489,0.2495,0.24888381613431404,0.24920000000000003,0.2489,0.2495,True,0.0007737596439115205,-4.66655943527236e-05,0,0.2517964522176299,0.25162725657823093,-16.063943969652897,-16.063943969652897,0.25180301873145544,0.2518046748028404,26.380589592405943,18.529016952448085,0,-1
2023-06-11 03:12:00,2023-06-11 03:12:59,0.2493,0.2492,0.2488,0.2493,0.24904190806715704,0.24914999999999998,0.2488,0.2493,True,0.0007613482407749845,-2.0324291325270823e-05,0,0.2517118543979304,0.251542749764313,-13.287040882743256,-0.0,0.25177662053512256,0.2517787576406231,48.29849900870147,27.94914851103576,0,-1
2023-06-11 03:13:00,2023-06-11 03:13:59,0.2493,0.2491,0.2491,0.2493,0.2490959540335785,0.24919999999999998,0.2491,0.2493,True,0.0007212519378624859,-3.150364613657133e-06,0,0.2516273020811217,0.25146014320059845,-12.269598268801907,-0.0,0.25175098251984773,0.2517521033357413,72.51011688922853,49.06306849677865,0,-1
2023-06-11 03:14:00,2023-06-11 03:14:59,0.2491,0.2487,0.2486,0.2491,0.24914797701678926,0.24887499999999999,0.2486,0.24914797701678926,True,0.0007054482280151656,-1.3240786703753874e-05,0,0.25154372264086006,0.2513773696404829,-14.523749901859645,-14.523749901859645,0.2517223657783567,0.25172173414832094,65.01428882862565,61.94096824218522,0,-2
2023-06-11 03:15:00,2023-06-11 03:15:59,0.2488,0.2493,0.2486,0.2493,0.2490114885083946,0.24899999999999997,0.2486,0.2493,True,0.0007050590688712256,2.8087640624431314e-05,0,0.2514605461406715,0.2512958901505087,-9.472996085383933,-0.0,0.25169527756165666,0.2516976372911237,64.95366778452673,67.49269116746031,0,-1
2023-06-11 03:16:00,2023-06-11 03:16:59,0.2493,0.2489,0.2488,0.2495,0.2490057442541973,0.24912499999999999,0.2488,0.2495,True,0.0007046977068089957,3.218708016077801e-05,0,0.2513782181455901,0.2512168461599423,-9.23742730845396,-0.0,0.25166970266054567,0.25166980010414736,68.86227717331438,66.27674459548894,0,-1
2023-06-11 03:17:00,2023-06-11 03:17:59,0.2488,0.2491,0.2488,0.2491,0.24906537212709864,0.24895,0.2488,0.2491,True,0.0006757907277512099,5.3123089765700704e-05,0,0.2512975321527662,0.251139061294917,-7.117904728016711,-0.0,0.2516426409425303,0.2516442299538573,76.2378528468124,70.0179326015512,0,-1
2023-06-11 03:18:00,2023-06-11 03:18:59,0.2491,0.2495,0.2491,0.2496,0.24900768606354934,0.24932500000000002,0.2491,0.2496,True,0.000663234247197552,9.763202735963165e-05,0,0.2512182967238416,0.25106537433397996,-2.288295379069794,-0.0,0.25161957983862454,0.2516228943324259,86.61740843157774,77.23917948390154,0,-1
2023-06-11 03:19:00,2023-06-11 03:19:59,0.2495,0.2496,0.2494,0.2497,0.24916634303177468,0.24955,0.2494,0.2497,True,0.0006372889438262979,0.00013465239625556577,0,0.2511418355289108,0.2509969629919456,1.7123363230571442,0.0,0.25159898700440936,0.2516027660306107,90.73402511922497,84.5297621325384,0,-1
2023-06-11 03:20:00,2023-06-11 03:20:59,0.2495,0.2494,0.2492,0.2495,0.24935817151588735,0.2494,0.2492,0.2495,True,0.0006203397335529896,0.00014437776801625465,0,0.2510693992604282,0.25093214539681435,2.0600824887775175,0.0,0.2515771065367038,0.2515808479606544,96.53917240144511,91.29686865074929,0,-1
2023-06-11 03:21:00,2023-06-11 03:21:59,0.2494,0.2493,0.2492,0.2495,0.24937908575794368,0.24935000000000002,0.2492,0.2495,True,0.00059745832401349,0.0001426408632757716,0,0.2510007723286213,0.2508702588483538,1.1428016297249641,0.0,0.251554946272657,0.25155815295607076,91.9106929806065,93.06129683375887,0,2
2023-06-11 03:22:00,2023-06-11 03:22:59,0.2493,0.2491,0.2489,0.2495,0.24936454287897186,0.24919999999999998,0.2489,0.2495,True,0.00059763987229824,0.00012648120347017605,0,0.25093551558848753,0.2508100753815668,-1.6969254582972226,-0.0,0.2515315139714365,0.25153369372267703,83.75091068401028,90.73359202202066,0,2
2023-06-11 03:23:00,2023-06-11 03:23:59,0.2491,0.2495,0.2487,0.2496,0.24928227143948592,0.24922499999999997,0.2487,0.2496,True,0.0006192370242769361,0.00014265868396726178,0,0.25087279548502717,0.25075181721213025,1.1050292775291126,0.0,0.251508563583661,0.25151345796424246,79.90055697433318,85.18738687965002,0,2
2023-06-11 03:24:00,2023-06-11 03:24:59,0.2495,0.2491,0.2491,0.2495,0.24925363571974296,0.24930000000000002,0.2491,0.2495,True,0.0006035772368285843,0.00012392672472922868,0,0.2508123063485787,0.25069598913559527,-1.3284374828874306,-0.0,0.25148658782660965,0.2514894434571356,77.66633103314253,80.43926623049536,0,1
2023-06-11 03:25:00,2023-06-11 03:25:59,0.2491,0.2491,0.2489,0.2492,0.2492768178598715,0.249075,0.2489,0.2492768178598715,True,0.0005818931484836851,0.00011069201286947113,0,0.250754147742087,0.25064091358898816,-2.9507486564984617,-0.0,0.25146259192783743,0.2514656679003482,70.34846869075699,75.9717855660776,0,2
2023-06-11 03:26:00,2023-06-11 03:26:59,0.2492,0.2494,0.2491,0.2495,0.24917590892993574,0.24930000000000002,0.2491,0.2495,True,0.0005689007807348512,0.00012199635819351508,0,0.25069753066553757,0.2505883521305857,-0.3369635374469979,-0.0,0.25144107360019724,0.251445113990892,73.99216693125017,74.00232221838326,0,2
2023-06-11 03:27:00,2023-06-11 03:27:59,0.2494,0.2498,0.2494,0.2499,0.24923795446496788,0.24962499999999999,0.2494,0.2499,True,0.0005639792963966476,0.0001553163782770145,0,0.25064294139806165,0.2505403605046354,5.01302188038013,5.01302188038013,0.25142300321611566,0.25142874469745025,80.85487229327943,75.06516930509555,0,2
2023-06-11 03:28:00,2023-06-11 03:28:59,0.2498,0.2493,0.2493,0.2498,0.24943147723248393,0.24955,0.2493,0.2498,True,0.0005594093466540299,0.00013940634166531975,0,0.25059165095134855,0.2504957814337439,2.7829970992803155,0.0,0.25140436636819413,0.25140756315817214,93.46105925080315,82.76936615844427,0,2
2023-06-11 03:29:00,2023-06-11 03:29:59,0.2494,0.2494,0.249,0.2494,0.24949073861624196,0.24930000000000002,0.249,0.24949073861624196,True,0.0005480229647501715,0.00013329714948438255,0,0.25054371619254623,0.25045247968541773,2.3250275494370314,0.0,0.2513834273993564,0.2513875874053545,84.77463275056202,86.36352143154824,0,2
2023-06-11 03:30:00,2023-06-11 03:30:59,0.2493,0.2495,0.249,0.2496,0.249395369308121,0.24935000000000002,0.249,0.2496,True,0.0005517356101251584,0.0001335811655158351,0,0.250498097938982,0.2504108237313467,3.102829421440312,3.102829421440312,0.2513631942909051,0.2513688054411221,74.62354582555555,84.2864126089736,0,2
2023-06-11 03:31:00,2023-06-11 03:31:59,0.2494,0.2491,0.2489,0.2494,0.2493726846540605,0.24920000000000003,0.2489,0.2494,True,0.0005551830665447892,0.00010348202864233553,0,0.2504544608351643,0.25036972016729186,-0.8057497985896092,-0.0,0.25134166996960255,0.2513462302626035,55.25781518343774,71.55199791985181,0,1
2023-06-11 03:32:00,2023-06-11 03:32:59,0.2491,0.2491,0.2491,0.2494,0.24928634232703029,0.24917499999999998,0.2491,0.2494,True,0.0005369557046487344,8.235026431580744e-05,0,0.2504120905012281,0.25032916199135646,-3.4114692786095517,-0.0,0.25132011106443236,0.25132387971272685,44.041688280627966,57.97434976320712,0,1
2023-06-11 03:33:00,2023-06-11 03:33:59,0.2491,0.2491,0.2489,0.2492,0.24923067116351513,0.249075,0.2489,0.24923067116351513,True,0.0005200302971738244,6.783050453338952e-05,0,0.25037062624629225,0.2502886253691956,-5.148615598622847,-0.0,0.25129777165085593,0.2513017515563813,25.17509807804548,41.49153384737043,0,1
2023-06-11 03:34:00,2023-06-11 03:34:59,0.2491,0.249,0.249,0.2492,0.24915283558175755,0.249075,0.249,0.2492,True,0.0004971709902328374,5.126962914109095e-05,0,0.2503296258077439,0.25024838384081033,-7.616969924548528,-0.0,0.2512756545200016,0.2512788485558203,18.394609274032383,29.20379854423531,0,1
2023-06-11 03:35:00,2023-06-11 03:35:59,0.249,0.2492,0.249,0.2495,0.24911391779087877,0.24917499999999998,0.249,0.2495,True,0.0004973730623590633,5.462038258574446e-05,0,0.25028900482427713,0.2502093368478565,-5.391181984081577,-0.0,0.2512547524849767,0.25125816349556335,21.15085390472991,21.573520418935956,0,2
2023-06-11 03:36:00,2023-06-11 03:36:59,0.2493,0.2492,0.2492,0.2496,0.24914445889543937,0.24932500000000002,0.2492,0.2496,True,0.000490417843619129,5.68907097726155e-05,0,0.2502491708360668,0.250172527384465,-3.907323357103607,-0.0,0.2512355509677133,0.25123768425680154,41.124254549505885,26.889905909422755,0,2
2023-06-11 03:37:00,2023-06-11 03:37:59,0.2493,0.2499,0.2493,0.2502,0.24923472944771968,0.24967499999999998,0.2493,0.2502,True,0.0005268165690749036,0.00010626769246074538,0,0.25021084911026586,0.2501401334681107,5.290081598623338,5.290081598623338,0.2512200230973878,0.2512243739656891,70.14193167709483,44.13901337711024,0,2
2023-06-11 03:38:00,2023-06-11 03:38:59,0.2499,0.2501,0.2498,0.2502,0.24945486472385983,0.25,0.2498,0.2502,True,0.0005177582427124093,0.00014942443165845995,0,0.25017549128918826,0.2501136680453336,12.66880288574039,12.66880288574039,0.2512078835640804,0.25121318616503546,90.95572351718711,67.4073032479293,0,2
2023-06-11 03:39:00,2023-06-11 03:39:59,0.2501,0.2498,0.2498,0.2503,0.2497274323619299,0.25,0.2498,0.2503,True,0.0005164897968043821,0.00015209227096747897,0,0.2501445796672609,0.2500920517481877,12.328955455715544,12.328955455715544,0.2511958648221493,0.2511991246111545,100.0000000000001,87.03255173142738,1,2
2023-06-11 03:40:00,2023-06-11 03:40:59,0.2498,0.2497,0.2494,0.2499,0.24986371618096495,0.2497,0.2494,0.2499,True,0.0005153119541754977,0.00014192898830448644,0,0.2501183157077243,0.2500723431935004,10.553670114165293,10.553670114165293,0.2511809805950632,0.25118420794835694,87.60714324006123,92.85428891908286,0,2
2023-06-11 03:41:00,2023-06-11 03:41:59,0.2498,0.2499,0.2495,0.2499,0.24978185809048248,0.24977500000000002,0.2495,0.2499,True,0.0005070753860201058,0.00014426601092148446,0,0.25009532945061236,0.2500547864192715,11.565425669360728,11.565425669360728,0.25116699073839593,0.2511714297598161,77.6440291444588,88.41705746150676,0,2
2023-06-11 03:42:00,2023-06-11 03:42:59,0.25,0.2495,0.2495,0.25,0.24977842904524125,0.24975,0.2495,0.25,True,0.000506570001304384,0.00011320154253111175,0,0.2500750579349419,0.2500388726884856,6.542437281472964,6.542437281472964,0.2511528913280636,0.2511547986179274,66.6458651761138,77.29901252021132,0,1
2023-06-11 03:43:00,2023-06-11 03:43:59,0.2496,0.2497,0.2496,0.2497,0.24976421452262063,0.24964999999999998,0.2496,0.24976421452262063,True,0.000484672144068357,0.00010289475724161262,0,0.25005696531171373,0.2500236756161277,5.670628869432562,5.670628869432562,0.2511379371854958,0.25114032300978884,63.83519580327518,69.37503004128264,0,1
2023-06-11 03:44:00,2023-06-11 03:44:59,0.2498,0.2498,0.2497,0.2501,0.2497071072613103,0.24985,0.2497,0.2501,True,0.00047862413377775887,9.944606884383663e-05,0,0.2500403204639207,0.250010519254761,6.270709196843505,6.270709196843505,0.25112512189011776,0.25112698646242776,65.79189294271599,65.42431797403503,0,2
2023-06-11 03:45:00,2023-06-11 03:45:59,0.2498,0.2493,0.2492,0.25,0.24977855363065515,0.249575,0.2492,0.25,True,0.0005015795527936329,5.928097102762002e-05,0,0.25002541985934085,0.2499971730336866,0.6214523332628801,0.0,0.2511096977917086,0.25110880749265235,57.66952607427163,62.432204940087644,0,1
2023-06-11 03:46:00,2023-06-11 03:46:59,0.2494,0.2493,0.249,0.2495,0.24967677681532757,0.24930000000000002,0.249,0.24967677681532757,True,0.0005014667275940876,3.136985049992281e-05,0,0.2500112964465137,0.24998188211154612,-3.144718909124201,-0.0,0.2510916908485075,0.2510908094081484,44.38589248842811,55.94910383513862,0,1
2023-06-11 03:47:00,2023-06-11 03:47:59,0.2494,0.2493,0.2493,0.2494,0.2494883884076638,0.24935000000000002,0.2493,0.2494883884076638,True,0.0004727905327659397,1.2583237678786318e-05,0,0.24999658927902993,0.24996550807774054,-5.65549973738225,-0.0,0.25107436059130844,0.25107299040906234,25.91270668276607,42.65604174848865,-1,1
2023-06-11 03:48:00,2023-06-11 03:48:59,0.2493,0.2498,0.2493,0.2498,0.2494191942038319,0.24955,0.2493,0.2498,True,0.0004747340661398012,3.4804549211417326e-05,0,0.24998104867838525,0.249949765858482,-0.18912585109821123,-0.0,0.2510591928242307,0.2510603238378279,23.37397567720734,31.224191616133883,1,2
2023-06-11 03:49:00,2023-06-11 03:49:59,0.2498,0.25,0.2498,0.2503,0.24948459710191595,0.249975,0.2498,0.2503,True,0.000476538775701246,6.191279531996712e-05,0,0.24996540726843364,0.24993754503159762,5.351201014549098,5.351201014549098,0.25104840483592994,0.25104977335187934,45.80696282796507,31.697881729312872,0,2
2023-06-11 03:50:00,2023-06-11 03:50:59,0.25,0.2496,0.2495,0.25,0.24972979855095798,0.249775,0.2495,0.25,True,0.0004782145774368713,4.971955004690626e-05,0,0.24995147615001564,0.2499268082568698,3.3310019099245523,3.3310019099245523,0.2510357341410451,0.25103534774638797,57.56769540120047,42.249544635457674,0,1
2023-06-11 03:51:00,2023-06-11 03:51:59,0.2496,0.2495,0.2495,0.2498,0.249752399275479,0.2496,0.2495,0.2498,True,0.00046548496476280865,3.315439311315962e-05,0,0.24993914220344274,0.24991611286642804,0.8037460611348166,0.0,0.25102144822919387,0.2510200706543841,57.472376002579814,53.615678077248496,0,1
2023-06-11 03:52:00,2023-06-11 03:52:59,0.2494,0.2498,0.2494,0.2502,0.2496761996377395,0.24969999999999998,0.2494,0.2502,True,0.0004893788958511772,4.1880845003804733e-05,0,0.2499276275349354,0.2499062095462248,2.8350295860009567,0.0,0.25100829949059494,0.2510079306478728,45.62522727433191,53.555099559370774,0,2
2023-06-11 03:53:00,2023-06-11 03:53:59,0.2499,0.25,0.2499,0.25,0.24968809981886975,0.24995,0.2499,0.25,True,0.0004687089747189506,5.964177660459695e-05,0,0.2499169185405801,0.2498987130416653,6.217714617734096,6.217714617734096,0.25099776914740496,0.2509979014871975,56.867381694174696,53.32166165702885,0,2
2023-06-11 03:54:00,2023-06-11 03:54:59,0.25,0.25,0.25,0.2501,0.24981904990943488,0.250025,0.25,0.2501,True,0.00044237261938188195,6.863468627818874e-05,0,0.2499078157911227,0.2498936774537417,8.472837972222862,8.472837972222862,0.2509880898524059,0.2509879721191657,78.25919829131662,60.25060241994112,0,2
2023-06-11 03:55:00,2023-06-11 03:55:59,0.2499,0.25,0.2499,0.2503,0.24992202495471744,0.250025,0.2499,0.2503,True,0.0004393460037117484,7.144298144486102e-05,0,0.2499007466224322,0.24989061391228046,9.976253541882038,9.976253541882038,0.25097850686879986,0.25097814155081577,95.79775494360098,76.97477830969747,0,2
2023-06-11 03:56:00,2023-06-11 03:56:59,0.2501,0.2503,0.2501,0.2503,0.24997351247735872,0.2502,0.2501,0.2503,True,0.0004293927177323394,9.058143425521041e-05,0,0.2498956802673563,0.24989032468212638,14.284289448689293,14.284289448689293,0.2509707605317969,0.2509713938736932,99.27447071234646,91.11047464908806,0,2
2023-06-11 03:57:00,2023-06-11 03:57:59,0.2504,0.2503,0.2501,0.2504,0.2500867562386794,0.2503,0.2501,0.2504,True,0.0004201503807514596,9.86992397845078e-05,0,0.24989300247474133,0.24989290777754794,17.156313386560797,17.156313386560797,0.25096408629764966,0.2509647133376366,99.63723535617328,98.23648700404027,0,2
2023-06-11 03:58:00,2023-06-11 03:58:59,0.2503,0.2505,0.2502,0.2505,0.2501933781193397,0.250375,0.2502,0.2505,True,0.0004115682106977855,0.00011288053067681956,0,0.24989295512614462,0.24989824913207334,20.918999761235227,20.918999761235227,0.25095822474244917,0.2509600893243268,100.0000000000001,99.63723535617332,0,2
2023-06-11 03:59:00,2023-06-11 03:59:59,0.2504,0.2506,0.2503,0.2506,0.25028418905966987,0.250475,0.2503,0.2506,True,0.00040359905279079846,0.0001233039018524688,0,0.24989560212910897,0.24990641154236298,24.212999069236133,24.212999069236133,0.25095341653605663,0.25095650634597527,100.0000000000001,99.87907845205787,0,2
2023-06-11 04:00:00,2023-06-11 04:00:59,0.2506,0.2506,0.2504,0.2508,0.25037959452983494,0.25060000000000004,0.2504,0.2508,True,0.0004033419775914565,0.0001237712194494168,0,0.24990100683573596,0.24991759661981322,26.408998607903413,26.408998607903413,0.2509498999536083,0.25095295901914966,100.0000000000001,100.00000000000016,0,2
2023-06-11 04:01:00,2023-06-11 04:01:59,0.2506,0.2502,0.2502,0.2506,0.2504897972649175,0.25039999999999996,0.2502,0.2506,True,0.00040310326490635323,9.015001513523041e-05,0,0.2499093017277746,0.24992971251015697,17.46582157084815,17.46582157084815,0.25094442831227887,0.2509454668896059,88.14176916925645,96.04725638975226,0,1
2023-06-11 04:02:00,2023-06-11 04:02:59,0.2503,0.2502,0.2502,0.2504,0.2504448986324587,0.25027499999999997,0.2502,0.2504448986324587,True,0.0003885958888416161,6.328044906875322e-05,0,0.2499195071189658,0.24994162047521212,11.503703546144642,11.503703546144642,0.2509377673340472,0.2509380493086148,69.38653766492115,85.84276894472595,0,1
2023-06-11 04:03:00,2023-06-11 04:03:59,0.2503,0.2501,0.2499,0.2503,0.25035994931622935,0.25015,0.2499,0.25035994931622935,True,0.0003894104682100729,3.502195461670959e-05,0,0.24993056379708897,0.24995242540498822,5.51079098386775,0.0,0.25092992885311144,0.2509297105095241,44.11972196541717,67.21600959986496,0,1
2023-06-11 04:04:00,2023-06-11 04:04:59,0.2501,0.25,0.2499,0.2501,0.25025497465811464,0.250025,0.2499,0.25025497465811464,True,0.000375881149052209,7.077045474264084e-06,0,0.2499414946010386,0.2499614301410899,-0.33880779563907026,-0.0,0.2509209245859163,0.2509204596586831,24.52004746535795,46.0087690318988,0,1
2023-06-11 04:05:00,2023-06-11 04:05:59,0.25,0.2494,0.2493,0.2502,0.2501399873290573,0.249725,0.2493,0.2502,True,0.0004133182098341929,-5.37077204215422e-05,0,0.24995146237106425,0.24996689747094636,-10.30273646296191,-10.30273646296191,0.25090902483879274,0.2509053307068554,9.941945636359913,26.19390502237839,0,1
2023-06-11 04:06:00,2023-06-11 04:06:59,0.2494,0.2493,0.2491,0.2495,0.24993249366452863,0.24932500000000002,0.2491,0.24993249366452863,True,0.00041236690913175133,-9.862194671215208e-05,0,0.2499591799210053,0.24996679783890574,-17.521721346025856,-17.521721346025856,0.2508932633976107,0.2508893572669862,1.8754280025305594,12.11247370141619,0,1
2023-06-11 04:07:00,2023-06-11 04:07:59,0.2493,0.2495,0.2492,0.2495,0.24962874683226433,0.249375,0.2492,0.24962874683226433,True,0.00040434070133662587,-0.00011052638222171414,0,0.24996298887995552,0.2499626590353684,-17.59455231348742,-17.59455231348742,0.250878156299127,0.25087553281656844,1.4562242426603105,4.424532627183643,-1,1
2023-06-11 04:08:00,2023-06-11 04:08:59,0.2496,0.25,0.2494,0.25,0.24950187341613217,0.24975,0.2494,0.25,True,0.00041831636552686616,-7.980261282020266e-05,0,0.24996282395766198,0.24995794145909891,-9.913649322904597,-9.913649322904597,0.2508669308633148,0.25086682104724933,12.720211314229445,5.350621186473487,1,2
2023-06-11 04:09:00,2023-06-11 04:09:59,0.25,0.25,0.2499,0.2504,0.25,0.250075,0.2499,0.2504,True,0.00042415091084637574,-5.705326284881747e-05,0,0.24996038270838045,0.24995503042420342,-4.793047329182713,-4.793047329182713,0.2508590509542271,0.2508581959622021,30.839059560174405,15.005165039021435,0,2
2023-06-11 04:10:00,2023-06-11 04:10:59,0.25,0.2502,0.2499,0.2504,0.2500375,0.250125,0.2499,0.2504,True,0.00042956870292877754,-2.667358464182629e-05,0,0.24995770656629193,0.2499539047180047,1.0665601910896,0.0,0.2508517469646328,0.25085164674864785,48.48004409485642,30.679771656420133,0,2
2023-06-11 04:11:00,2023-06-11 04:11:59,0.2502,0.251,0.2502,0.2512,0.25008125000000003,0.25065,0.2502,0.2512,True,0.00047031379557672205,4.8461754651307436e-05,1,0.2499558056421483,0.24995779439550514,10.449821743194796,10.449821743194796,0.2508497395321489,0.25085312290040257,65.18324617562946,48.16744994355347,0,2
2023-06-11 04:12:00,2023-06-11 04:12:59,0.251,0.2504,0.2504,0.251,0.25036562500000004,0.25070000000000003,0.2504,0.251,True,0.00047957709589266975,5.308045427895954e-05,0,0.24995680001882672,0.24996594908571215,9.196524547490071,9.196524547490071,0.2508482495865554,0.2508486142148264,75.76199933392925,63.141763201471754,0,2
2023-06-11 04:13:00,2023-06-11 04:13:59,0.2504,0.2506,0.2503,0.2506,0.25053281250000003,0.250475,0.2503,0.2506,True,0.0004667501604717624,6.667109839382304e-05,0,0.24996137455226944,0.24997586196129049,9.83540428938209,9.83540428938209,0.250844535660321,0.2508461404415446,79.76855988597185,73.5712684651769,0,2
2023-06-11 04:14:00,2023-06-11 04:14:59,0.2506,0.2502,0.2501,0.2509,0.25050390625,0.25044999999999995,0.2501,0.2509,True,0.0004905537204380666,4.420047917058466e-05,0,0.24996861825677996,0.2499869195291212,6.251107895264013,0.0,0.2508406099323576,0.25083971118341974,77.93014325240996,77.82023415743707,0,1
2023-06-11 04:15:00,2023-06-11 04:15:59,0.2503,0.2502,0.2501,0.2504,0.25047695312499996,0.25025,0.2501,0.25047695312499996,True,0.0004769427404067778,2.678044160866344e-05,0,0.24997776889295056,0.2499974302418447,3.8615769658519667,0.0,0.25083473321661276,0.2508333458980126,69.79216753460709,75.83029022432969,0,1
2023-06-11 04:16:00,2023-06-11 04:16:59,0.2502,0.2496,0.2496,0.2502,0.25036347656249996,0.24989999999999998,0.2496,0.25036347656249996,True,0.0004857325446634358,-2.7778696476971017e-05,0,0.24998759956739763,0.2500050369248168,-2.6127196177915977,-0.0,0.2508254323885868,0.2508210737995249,58.78609607977574,68.83613562226431,0,1
2023-06-11 04:17:00,2023-06-11 04:17:59,0.2496,0.2493,0.249,0.2497,0.25013173828124996,0.2494,0.249,0.25013173828124996,True,0.0005010373629017622,-8.328302446228171e-05,0,0.2499963182461072,0.25000687452307563,-8.671874184677002,-8.671874184677002,0.2508112489817352,0.25080593873684304,35.23829490221467,54.605519505532556,0,1
2023-06-11 04:18:00,2023-06-11 04:18:59,0.2493,0.2494,0.2493,0.2495,0.24976586914062499,0.249375,0.2493,0.24976586914062499,True,0.0004795346941230653,-0.0001093418718863139,0,0.2500015963845914,0.25000398594590323,-11.360273723240411,-11.360273723240411,0.25079695794709106,0.2507919492966754,16.83446914768469,36.95295337655842,-1,-2
2023-06-11 04:19:00,2023-06-11 04:19:59,0.2494,0.2493,0.2492,0.2494,0.2495704345703125,0.24932500000000002,0.2492,0.2495704345703125,True,0.0004595679302571324,-0.0001287290940396383,0,0.2500027911652473,0.2499970531831147,-13.865356165466771,-13.865356165466771,0.2507823115993588,0.25077710403004183,6.001485973957936,19.35808334128582,0,-2
2023-06-11 04:20:00,2023-06-11 04:20:59,0.2494,0.249,0.249,0.2495,0.24944771728515625,0.24922500000000003,0.249,0.2495,True,0.00046245593523876584,-0.00015643657527791296,-1,0.249999922174181,0.24998629786432838,-17.485291264753776,-17.485291264753776,0.25076681596155426,0.2507594214028772,3.4205146327387066,8.752156584793832,0,-2
2023-06-11 04:21:00,2023-06-11 04:21:59,0.2489,0.249,0.2489,0.249,0.24933635864257814,0.24895,0.2489,0.24933635864257814,True,0.00043656622557885317,-0.00016745251412974676,0,0.2499931100192547,0.24997072002079457,-19.898581330945117,-19.898581330945117,0.2507487381907925,0.25074191472225155,1.2647147008268014,3.5622384358412034,0,-2
2023-06-11 04:22:00,2023-06-11 04:22:59,0.249,0.2492,0.249,0.2492,0.24914317932128907,0.2491,0.249,0.2492,True,0.0004196686380375069,-0.0001531945891161533,0,0.24998191502002465,0.24995248140970502,-17.70024500584885,-17.70024500584885,0.25073233283566027,0.25072657228720424,4.084321266951294,2.923183533505656,0,-2
2023-06-11 04:23:00,2023-06-11 04:23:59,0.2493,0.249,0.249,0.2494,0.24912158966064452,0.24917499999999998,0.249,0.2494,True,0.00041826373532054294,-0.0001504149469728427,0,0.24996719821486485,0.24993278767363483,-18.13054385961153,-18.13054385961153,0.25071683698654923,0.250709392463451,10.183235185824858,5.177423717867707,0,-2
2023-06-11 04:24:00,2023-06-11 04:24:59,0.2491,0.2492,0.249,0.2493,0.24914829483032225,0.24914999999999998,0.249,0.2493,True,0.0004098163256547895,-0.00012750701948846595,0,0.24994999294424985,0.2499119119008205,-14.81099181983938,-14.81099181983938,0.25070124656877263,0.25069437363296887,15.847238221261344,10.038264891345888,0,-1
2023-06-11 04:25:00,2023-06-11 04:25:59,0.2491,0.2489,0.2488,0.2492,0.24914914741516112,0.249,0.2488,0.2492,True,0.0004091151595365911,-0.0001266915981122945,0,0.24993095242253519,0.24988921957264715,-15.667271855309274,-15.667271855309274,0.2506843187422177,0.2506765191689592,14.821786884566443,13.617420097217604,0,-2
2023-06-11 04:26:00,2023-06-11 04:26:59,0.2489,0.2491,0.2489,0.2492,0.24907457370758057,0.249025,0.2489,0.2492,True,0.00040132121956969137,-0.00010570371128073615,0,0.24991008599759118,0.24986542427775493,-12.874984264144508,-12.874984264144508,0.2506678081079668,0.25066083241105913,13.341038709884726,14.670021271904227,0,-1
2023-06-11 04:27:00,2023-06-11 04:27:59,0.249,0.249,0.2489,0.2492,0.24904978685379028,0.249025,0.2489,0.2492,True,0.0003940839896004273,-9.301487237775718e-05,0,0.24988775513767308,0.2498409238704367,-12.187079435534272,-12.187079435534272,0.2506514617586338,0.2506443067154267,12.39948367488335,13.520769756444897,0,-1
2023-06-11 04:28:00,2023-06-11 04:28:59,0.2491,0.2494,0.2491,0.2494,0.24903739342689513,0.24925000000000003,0.2491,0.2494,True,0.0003945065617718262,-5.182374968240149e-05,0,0.2498643395040549,0.24981758016127575,-5.981547653959716,-5.981547653959716,0.25063751686551305,0.25063192555407915,25.8710110096418,17.20384446480335,0,-1
2023-06-11 04:29:00,2023-06-11 04:29:59,0.2494,0.2494,0.2492,0.2494,0.24914369671344758,0.24935000000000002,0.2492,0.2494,True,0.00038061323593098186,-2.1398386566891887e-05,0,0.24984095983266533,0.2497959933977252,-1.8445264662433445,-0.0,0.25062470575242335,0.2506196675883669,52.43199161110699,30.2341620985441,0,-1
2023-06-11 04:30:00,2023-06-11 04:30:59,0.2494,0.249,0.2489,0.2499,0.24924684835672378,0.24930000000000002,0.2489,0.2499,True,0.00042485514765019754,-2.6693088582382908e-05,0,0.24981847661519527,0.24977559494479107,-4.539544931120666,-4.539544931120666,0.25061152460065794,0.25060355149296026,78.08266358106276,52.12855540060391,0,-2
2023-06-11 04:31:00,2023-06-11 04:31:59,0.2489,0.2486,0.2486,0.2489,0.2492734241783619,0.24875,0.2486,0.2492734241783619,True,0.0004230797799608985,-5.480060430866683e-05,0,0.24979703577999318,0.24975249842733663,-9.783566291438426,-9.783566291438426,0.2505930019678156,0.25058361565720944,65.56644572661274,65.36036697292757,0,-2
2023-06-11 04:32:00,2023-06-11 04:32:59,0.2487,0.2498,0.2487,0.25,0.24901171208918094,0.2493,0.2487,0.25,True,0.000492859795677978,1.3408423732063778e-05,0,0.24977476710366492,0.2497312097562887,-1.997799059314822,-0.0,0.25058013627659353,0.2505758184864909,67.72063271428904,70.45658067398824,0,-1
2023-06-11 04:33:00,2023-06-11 04:33:59,0.2497,0.2499,0.2495,0.2507,0.24915585604459045,0.24995,0.2495,0.2507,True,0.0005433698102724067,6.53761368942526e-05,0,0.2497529884299768,0.2497159501696058,3.7506470934748037,3.7506470934748037,0.2505738662638911,0.25056909392443627,70.68084607723148,67.98930817271115,0,2
2023-06-11 04:34:00,2023-06-11 04:34:59,0.2499,0.2506,0.2499,0.2507,0.24955292802229523,0.25027499999999997,0.2499,0.2507,True,0.0005617005381100896,0.0001455462191327423,1,0.24973446929979132,0.24970777186606224,10.809026152297193,10.809026152297193,0.2505708924702206,0.2505694014475762,100.0000000000001,79.46715959717359,1,2
2023-06-11 04:35:00,2023-06-11 04:35:59,0.2506,0.2507,0.2503,0.2507,0.2499139640111476,0.250575,0.2503,0.2507,True,0.0005501504996736515,0.00019897003961375997,0,0.24972112058292678,0.2497072831374332,15.895455467210155,15.895455467210155,0.25057093334116365,0.25057070093566003,100.0000000000001,90.22694869241063,0,2
2023-06-11 04:36:00,2023-06-11 04:36:59,0.2507,0.251,0.2505,0.251,0.2502444820055738,0.2508,0.2505,0.251,True,0.0005465683211255336,0.0002460923992640613,0,0.24971420186017998,0.2497143955576897,20.410567549073406,20.410567549073406,0.2505732126114008,0.25057497256814104,100.0000000000001,100.00000000000017,0,2
2023-06-11 04:37:00,2023-06-11 04:37:59,0.251,0.2509,0.2508,0.2511,0.2505222410027869,0.25095,0.2508,0.2511,True,0.0005289562981879931,0.0002591946188676242,0,0.24971429870893483,0.2497284727766725,22.007640593883437,22.007640593883437,0.25057696173964555,0.25057820667194064,100.0000000000001,100.00000000000017,0,2
2023-06-11 04:38:00,2023-06-11 04:38:59,0.2509,0.2506,0.2506,0.2509,0.2507361205013935,0.25075000000000003,0.2506,0.2509,True,0.0005126022768888524,0.00023557605297493649,0,0.24972138574280364,0.2497465646332873,19.03294713548911,19.03294713548911,0.2505786835133804,0.25057842352097603,95.91454766700339,98.63818255566792,0,2
2023-06-11 04:39:00,2023-06-11 04:39:59,0.2506,0.2507,0.2504,0.2507,0.25074306025069676,0.2506,0.2504,0.25074306025069676,True,0.0004974163999682177,0.00021632075802517224,0,0.24973397518804544,0.24976666395344685,17.794964004259498,17.794964004259498,0.2505788956177249,0.25057963323718524,88.8794026255692,94.93131676419095,0,2
2023-06-11 04:40:00,2023-06-11 04:40:59,0.2506,0.2509,0.2506,0.2511,0.2506715301253484,0.2508,0.2506,0.2511,True,0.0004976009428276308,0.00020725494086562768,0,0.24975031957074612,0.24978957807375468,18.436519533168607,18.436519533168607,0.25058109566132963,0.25058282096616846,84.17152343216064,89.65515790824446,0,2
2023-06-11 04:41:00,2023-06-11 04:41:59,0.2509,0.2505,0.2505,0.2509,0.2507357650626742,0.25070000000000003,0.2505,0.2509,True,0.0004906294469113723,0.0001637027371524953,0,0.24976994882225037,0.2498138649844344,13.439052575604478,13.439052575604478,0.2505822787890776,0.2505819968769529,81.50530658801104,84.85207754858034,0,1
2023-06-11 04:42:00,2023-06-11 04:42:59,0.2506,0.2507,0.2506,0.2509,0.2507178825313371,0.25070000000000003,0.2506,0.2509,True,0.0004841559149891322,0.0001406850212593694,0,0.24979190690334235,0.24983906606859263,12.013985016188236,12.013985016188236,0.25058345014441014,0.2505831710373812,81.78878245229892,82.48853749082359,0,1
2023-06-11 04:43:00,2023-06-11 04:43:59,0.2508,0.2508,0.2508,0.2509,0.25070894126566856,0.250825,0.2508,0.2509,True,0.0004638590639184823,0.0001248900961295363,0,0.24981548648596746,0.2498656716146548,11.998456705704456,11.998456705704456,0.2505858536255603,0.25058532853949683,81.40779352381986,81.56729418804332,0,1
2023-06-11 04:44:00,2023-06-11 04:44:59,0.2508,0.2508,0.2507,0.251,0.25076697063283426,0.25082499999999996,0.2507,0.251,True,0.0004521548450671637,0.00010741304118293461,0,0.24984057905031112,0.24989320036111093,11.988104498715266,11.988104498715266,0.2505882331914751,0.2505874645739297,83.07059457907718,82.08905685173204,0,1
2023-06-11 04:45:00,2023-06-11 04:45:59,0.2509,0.2505,0.2503,0.251,0.2507959853164171,0.250675,0.2503,0.251,True,0.0004698580704195076,6.888632511369437e-05,0,0.24986688970571103,0.24992023791373344,7.25634513891972,7.25634513891972,0.2505890965428037,0.25058659427966173,75.84896003705235,80.10911604664985,0,1
2023-06-11 04:46:00,2023-06-11 04:46:59,0.2507,0.251,0.2507,0.251,0.25073549265820855,0.25085,0.2507,0.251,True,0.0004720110653895428,7.322480506441253e-05,0,0.24989356380972222,0.24994790392573824,9.564215019178512,9.564215019178512,0.2505916925971042,0.25059070776941633,62.117871980070824,73.6791421987335,0,2
2023-06-11 04:47:00,2023-06-11 04:47:59,0.2509,0.2511,0.2509,0.2511,0.2507927463291043,0.251,0.2509,0.2511,True,0.0004525817035760024,7.753403541548129e-05,0,0.24992073386773023,0.24997690406948997,11.939256352342412,11.939256352342412,0.250595755357332,0.25059577535380023,52.3003879200003,63.42240664570787,0,2
2023-06-11 04:48:00,2023-06-11 04:48:59,0.2511,0.2513,0.2511,0.2514,0.25089637316455216,0.251225,0.2511,0.2514,True,0.00044168301046343237,8.83614360334026e-05,0,0.2499488189686101,0.25000829935200125,15.12078394766094,15.12078394766094,0.250602016498055,0.2506027825642102,62.729393216129985,59.04921770540042,0,2
2023-06-11 04:49:00,2023-06-11 04:49:59,0.2512,0.2514,0.2512,0.2514,0.2510606865822761,0.25129999999999997,0.2512,0.2514,True,0.00042441993828747527,9.591549864750596e-05,0,0.24997855916030567,0.25004187951883605,17.997429351781946,17.997429351781946,0.2506089616075271,0.2506107150760091,81.54934939499914,65.52637684370985,0,2
2023-06-11 04:50:00,2023-06-11 04:50:59,0.2514,0.2502,0.2501,0.2514,0.25118034329113803,0.250775,0.2501,0.2514,True,0.000486961371266943,1.1714632167641006e-05,0,0.25001021933957085,0.25007334740648923,6.793976628334036,6.793976628334036,0.2506106137308353,0.2506066283588349,63.12236824362531,69.13370361825153,0,1
2023-06-11 04:51:00,2023-06-11 04:51:59,0.2502,0.2507,0.2498,0.2507,0.25097767164556906,0.25034999999999996,0.2498,0.25097767164556906,True,0.0005164641304621603,-1.147585508803309e-05,0,0.25004178337303,0.2501000204267411,3.9321899158079603,0.0,0.25060802055938425,0.25060755742989127,33.333333333333435,59.33501699065268,0,1
2023-06-11 04:52:00,2023-06-11 04:52:59,0.2508,0.2507,0.2506,0.251,0.2506638358227845,0.25077499999999997,0.2506,0.251,True,0.0005081452640005782,-2.8447037156138267e-05,0,0.25007090189988557,0.25012565136085546,2.0243321074572407,0.0,0.25060968204635553,0.2506084772564595,10.866110823836332,35.77393746693175,0,1
2023-06-11 04:53:00,2023-06-11 04:53:59,0.2506,0.2508,0.2504,0.2509,0.25071941791139224,0.250675,0.2504,0.2509,True,0.0005075634594291084,-3.373168959427259e-05,0,0.2500982766303705,0.25014959989141305,1.739879956020495,0.0,0.25061033197624255,0.2506103829554002,18.908255721850306,21.03589995967341,0,1
2023-06-11 04:54:00,2023-06-11 04:54:59,0.2507,0.2508,0.2506,0.2508,0.25069720895569614,0.250725,0.2506,0.2508,True,0.0004855946408984602,-3.802544347719086e-05,0,0.25012393826089174,0.2501724025946039,1.5502451883959978,0.0,0.2506114729516033,0.25061226969216244,28.221630482224466,19.331999009303754,0,1
2023-06-11 04:55:00,2023-06-11 04:55:59,0.2508,0.2504,0.2502,0.2508,0.25071110447784806,0.25055000000000005,0.2502,0.2508,True,0.0004937664522628591,-6.885225939585289e-05,0,0.2501481704277478,0.25019294604295067,-2.8031546860640546,-0.0,0.2506108612804431,0.25061015755592203,21.47393031887454,22.867938840983157,0,1
2023-06-11 04:56:00,2023-06-11 04:56:59,0.2505,0.2503,0.2502,0.2506,0.25063055223892405,0.2504,0.2502,0.25063055223892405,True,0.00048706884852979857,-9.476561061077501e-05,0,0.2501705582353492,0.2502105406546477,-6.593256313629084,-6.593256313629084,0.2506087631582496,0.250607071411087,13.431785420860566,21.042448740653242,0,1
2023-06-11 04:57:00,2023-06-11 04:57:59,0.2503,0.2503,0.2503,0.2503,0.250515276119462,0.2503,0.2503,0.250515276119462,True,0.00045227821649195584,-0.00010932693767604177,0,0.25019054944499847,0.2502250068024185,-9.119990732005775,-9.119990732005775,0.25060569088801826,0.25060401597416077,4.11841066048641,13.008042133407223,0,1
2023-06-11 04:58:00,2023-06-11 04:58:59,0.2504,0.2504,0.2502,0.2505,0.250407638059731,0.250375,0.2502,0.2505,True,0.0004414012010282463,-0.00010885942393266197,0,0.2502077781237085,0.2502374252151408,-8.866058910900776,-8.866058910900776,0.2506033954562967,0.25060198596446764,2.251616855164286,6.600604312170471,0,1
2023-06-11 04:59:00,2023-06-11 04:59:59,0.2504,0.25,0.2499,0.2504,0.2503913190298655,0.250175,0.2499,0.2504,True,0.0004455868295262288,-0.0001328042795669943,0,0.25022260166942467,0.2502467740154478,-12.904249873709816,-12.904249873709816,0.2505991328149405,0.25059599605437344,2.251616855164286,2.873881456938378,0,-2
2023-06-11 05:00:00,2023-06-11 05:00:59,0.2501,0.2506,0.25,0.2507,0.25028315951493274,0.25034999999999996,0.25,0.2507,True,0.00046375919884578234,-0.00010266915228547237,0,0.25023468784243624,0.25025484263170705,-7.244127083054217,-7.244127083054217,0.2505966538814585,0.2505960358946284,7.246733925262363,3.9166558785303622,0,-1
2023-06-11 05:01:00,2023-06-11 05:01:59,0.2506,0.2498,0.2496,0.2506,0.25031657975746635,0.25015,0.2496,0.2506,True,0.0005020621132139408,-0.00013475504314809116,0,0.2502447652370716,0.25026047577808125,-9.976899942694523,-9.976899942694523,0.25059220956423006,0.250588115139458,5.1204905971939185,4.872947125873573,-1,-2
2023-06-11 05:02:00,2023-06-11 05:02:59,0.2497,0.2497,0.2493,0.2499,0.25023328987873317,0.24965,0.2493,0.25023328987873317,True,0.0005090576765558034,-0.00015740812771390517,-1,0.2502526205075764,0.2502607222807801,-12.390386811257343,-12.390386811257343,0.2505828343446855,0.2505792781728962,5.1204905971939185,5.829238373216783,0,-2
2023-06-11 05:03:00,2023-06-11 05:03:59,0.2498,0.2501,0.2498,0.2503,0.2499416449393666,0.25,0.2498,0.2503,True,0.0005155535568018186,-0.00013840282983593625,0,0.25025667139417823,0.2502591275219733,-9.568068909928954,-9.568068909928954,0.2505770349979722,0.25057450923585245,12.535094210982072,7.592025135123353,0,-1
2023-06-11 05:04:00,2023-06-11 05:04:59,0.25,0.2504,0.25,0.2504,0.2499708224696833,0.2502,0.25,0.2504,True,0.0005072997313159752,-9.994859059314981e-05,0,0.25025789945807575,0.2502574662794687,-4.970545937313339,-4.970545937313339,0.2505732834059526,0.25057277282554546,32.24916538036088,16.63491672951234,0,-1
2023-06-11 05:05:00,2023-06-11 05:05:59,0.2503,0.2505,0.25,0.2505,0.2500854112348416,0.250325,0.25,0.2505,True,0.0005067783219362627,-6.419763658818414e-05,0,0.2502576828687722,0.25025662172470453,-1.0358589136865746,-0.0,0.25057081292430133,0.2505720487178286,56.12166055420814,33.63530671518375,0,-1
2023-06-11 05:06:00,2023-06-11 05:06:59,0.2506,0.2502,0.2502,0.2506,0.2502052056174208,0.25039999999999996,0.2502,0.2506,True,0.0004991512989408162,-5.912334307740299e-05,0,0.25025715229673834,0.2502569405282456,-1.6380740602455859,-0.0,0.25056911329321374,0.2505683467405368,71.506702734104,53.29250955622439,0,-2
2023-06-11 05:07:00,2023-06-11 05:07:59,0.2501,0.2501,0.25,0.2502,0.2503026028087104,0.2501,0.25,0.2503026028087104,True,0.0004777833490164706,-6.0299461459141684e-05,0,0.2502570464124919,0.25025611474559095,-3.0417855508544847,-0.0,0.25056444549925144,0.2505636865739643,69.3536552836937,65.66067285733533,0,-2
2023-06-11 05:08:00,2023-06-11 05:08:59,0.2502,0.2503,0.2501,0.2504,0.2502013014043552,0.25025,0.2501,0.2504,True,0.00046508453837243853,-4.479398048170006e-05,0,0.25025658057904143,0.250255422647442,-1.50695168067557,-0.0,0.2505613166883136,0.25056106282695967,73.2375866802788,71.36598156602554,0,-1
2023-06-11 05:09:00,2023-06-11 05:09:59,0.2502,0.25,0.2498,0.2502,0.2502256507021776,0.25005,0.2498,0.2502256507021776,True,0.00046757849991726634,-5.341208056572022e-05,0,0.25025600161324174,0.25025346833588086,-3.7978662325977552,-0.0,0.2505562289600717,0.25055548011226353,65.33042833967814,69.30722343455024,0,-2
2023-06-11 05:10:00,2023-06-11 05:10:59,0.25,0.25,0.25,0.2501,0.2501378253510888,0.250025,0.25,0.2501378253510888,True,0.00044132289278031795,-5.658124720888411e-05,0,0.2502547349745613,0.2502503621568927,-5.325142600545874,-5.325142600545874,0.25055094309977244,0.25054995294696736,66.55575305855965,68.37458935950556,0,-2
2023-06-11 05:11:00,2023-06-11 05:11:59,0.25,0.2497,0.2497,0.25,0.2500814126755444,0.24985000000000002,0.2497,0.2500814126755444,True,0.0004312284004388663,-7.656427348880405e-05,0,0.25025254856572704,0.25024516973016353,-9.358317884571932,-9.358317884571932,0.25054396854156574,0.250541495703714,50.902452527097324,60.92954464177841,0,-2
2023-06-11 05:12:00,2023-06-11 05:12:59,0.2498,0.25,0.2498,0.25,0.2499657063377722,0.2499,0.2498,0.25,True,0.00042185494326466114,-6.525291759725972e-05,0,0.2502488591479453,0.25023871346465865,-7.398314216168586,-7.398314216168586,0.250537560894386,0.2505361076867616,45.77445509222969,54.41088689262892,0,-1
2023-06-11 05:13:00,2023-06-11 05:13:59,0.2498,0.2492,0.2492,0.2498,0.2499328531688861,0.2495,0.2492,0.2499328531688861,True,0.0004488653044600421,-0.00010953867848859328,0,0.250243786306302,0.25022856204145905,-12.26784820479724,-12.26784820479724,0.25052723690538714,0.25052281308291324,27.11962688228267,41.2655115005366,0,-2
2023-06-11 05:14:00,2023-06-11 05:14:59,0.2491,0.2493,0.249,0.2494,0.24971642658444304,0.24919999999999998,0.249,0.24971642658444304,True,0.0004453749255700399,-0.0001258882126746537,0,0.25023617417388055,0.2502135127251392,-14.161099355471485,-14.161099355471485,0.25051403056802013,0.2505106457885559,15.016500843312643,29.303527605941706,0,-2
2023-06-11 05:15:00,2023-06-11 05:15:59,0.2494,0.2491,0.2491,0.2495,0.2494582132922215,0.24927500000000002,0.2491,0.2495,True,0.000442133859457895,-0.00014380795718221297,0,0.2502248434495099,0.25019522509719516,-16.69653334689994,-16.69653334689994,0.2505017019056518,0.2504966095120529,3.644791021574827,15.260306249056752,0,-2
2023-06-11 05:16:00,2023-06-11 05:16:59,0.2492,0.249,0.249,0.2493,0.24936660664611077,0.24912499999999999,0.249,0.24936660664611077,True,0.0004319814409251878,-0.00015484639941411722,0,0.2502100342733526,0.2501734842367919,-19.01483337665295,-19.01483337665295,0.2504880033792274,0.250481717875117,3.3878972665760743,7.349729710487886,0,-2
2023-06-11 05:17:00,2023-06-11 05:17:59,0.249,0.2493,0.2489,0.2494,0.24924580332305538,0.24914999999999998,0.2489,0.2494,True,0.00043683990943053154,-0.0001332588836673676,0,0.2501917592550723,0.250149345314198,-15.804877510880203,-15.804877510880203,0.2504746899127674,0.2504699594882999,4.606946851539129,3.879878379896715,0,-1
2023-06-11 05:18:00,2023-06-11 05:18:59,0.2493,0.2502,0.2493,0.2508,0.24919790166152767,0.24989999999999998,0.2493,0.2508,True,0.0005127799158997814,-5.018650006725789e-05,0,0.2501705522846352,0.25012862979665534,-5.532352727925073,-5.532352727925073,0.25046897160517767,0.25046727332423724,31.927871427475058,13.307571848530126,0,-1
2023-06-11 05:19:00,2023-06-11 05:19:59,0.2501,0.2502,0.2499,0.2505,0.24954895083076384,0.250175,0.2499,0.2505,True,0.0005190099219069391,7.27560373040657e-06,0,0.25014959104064527,0.25011263847291826,1.3159971273783455,0.0,0.2504660465145789,0.2504646138881752,65.26120476080838,33.932007679940895,0,-1
2023-06-11 05:20:00,2023-06-11 05:20:59,0.2502,0.2507,0.2502,0.251,0.2498619754153819,0.250525,0.2502,0.251,True,0.0005390806417707308,7.987378220573573e-05,0,0.2501311147567818,0.25010287762988737,8.766481064434842,8.766481064434842,0.25046663311642386,0.25046695603854163,97.37548850917865,64.85485489915406,0,-1
2023-06-11 05:21:00,2023-06-11 05:21:59,0.2509,0.2507,0.2507,0.2509,0.25019348770769095,0.2508,0.2507,0.2509,True,0.0005148605959299667,0.0001245822657946458,0,0.2501169961933346,0.25009997585034927,13.733470355805842,13.733470355805842,0.25046995019984253,0.2504692748839293,100.0000000000001,87.54556442332908,0,2
2023-06-11 05:22:00,2023-06-11 05:22:59,0.2508,0.2504,0.2503,0.2509,0.25049674385384546,0.25060000000000004,0.2503,0.2509,True,0.0005209419819349684,0.0001284770600129528,0,0.25010848602184194,0.2501011219563366,12.72073834646882,12.72073834646882,0.2504712442277048,0.2504685855816016,95.69766624789145,97.6910515856901,1,2
2023-06-11 05:23:00,2023-06-11 05:23:59,0.2505,0.2507,0.2505,0.2508,0.25054837192692275,0.250625,0.2505,0.2508,True,0.0005123032689396143,0.00014674278502013592,0,0.2501048039890893,0.25010561865414593,14.331113540453202,14.331113540453202,0.2504727741358868,0.25047088821263047,91.77588287876138,95.82451637555101,0,2
2023-06-11 05:24:00,2023-06-11 05:24:59,0.2505,0.2506,0.2505,0.2506,0.25058668596346134,0.25055,0.2505,0.2506,True,0.000489995892586783,0.00014581151144725676,0,0.2501052113216176,0.25011220786457117,13.935955117597366,13.935955117597366,0.25047354255244514,0.25047217290703216,86.14697986061178,91.20684299575491,0,2
2023-06-11 05:25:00,2023-06-11 05:25:59,0.2507,0.2509,0.2507,0.2509,0.2505683429817307,0.2508,0.2507,0.2509,True,0.0004764247574020144,0.00015970111473001655,1,0.2501087095930944,0.2501221145817699,16.008643384948627,16.008643384948627,0.25047679088525665,0.25047642989303187,88.86880281169664,88.93055518368998,0,2
2023-06-11 05:26:00,2023-06-11 05:26:59,0.2508,0.2508,0.2508,0.251,0.25068417149086536,0.25085,0.2508,0.251,True,0.0004566801318732975,0.00015485994581663316,0,0.25011541208743215,0.25013490827794,15.737403180727568,15.737403180727568,0.25048050440878644,0.25047964949608625,91.99400248848997,89.00326172026617,0,2
2023-06-11 05:27:00,2023-06-11 05:27:59,0.2508,0.2507,0.2506,0.2508,0.2507670857454327,0.250725,0.2506,0.2508,True,0.00043834583673949294,0.00013787328532706666,0,0.2501251601826861,0.2501490295016626,13.857301821352571,13.857301821352571,0.25048293720073883,0.2504818420384137,93.63470983084444,91.49917171034372,0,1
2023-06-11 05:28:00,2023-06-11 05:28:59,0.2508,0.2508,0.2507,0.2509,0.25074604287271635,0.2508,0.2507,0.2509,True,0.0004213211341152459,0.00012728604559503393,0,0.2501370948421744,0.25016461359031106,13.744898587619424,13.744898587619424,0.2504860920544628,0.2504850077892753,92.56001921267143,92.72957717733532,0,2
2023-06-11 05:29:00,2023-06-11 05:29:59,0.2508,0.2512,0.2508,0.2513,0.25077302143635816,0.251025,0.2508,0.2513,True,0.0004269410531070141,0.00014167518736014784,0,0.2501508542162428,0.25018278621866163,17.216584148724664,17.216584148724664,0.25049145432257763,0.2504921221396308,93.35660290500817,93.18377731617471,0,2
2023-06-11 05:30:00,2023-06-11 05:30:59,0.2511,0.2513,0.2511,0.2513,0.2508990107181791,0.2512,0.2511,0.2513,True,0.0004107309778850869,0.00015076354624686718,0,0.25016682021745223,0.2502040728250738,20.224062621852596,20.224062621852596,0.2504985045283231,0.2505001607253061,97.34479858080329,94.420473566161,0,2
2023-06-11 05:31:00,2023-06-11 05:31:59,0.2514,0.2516,0.2514,0.2516,0.25104950535908954,0.2515,0.2514,0.2516,True,0.00040282162232186406,0.0001694848791165341,0,0.25018544652126307,0.250229723358595,24.007932090639613,24.007932090639613,0.25050846965739454,0.25051110439968116,100.00000000000006,96.90046716193721,0,2
2023-06-11 05:32:00,2023-06-11 05:32:59,0.2516,0.2519,0.2516,0.2519,0.2512747526795448,0.25175000000000003,0.2516,0.2519,True,0.00039547722072744677,0.00019331696490730303,0,0.25020758493992906,0.25026034891854676,27.834331996691432,27.834331996691432,0.25052082319314184,0.25052492425640077,100.00000000000006,99.11493286026784,0,2
2023-06-11 05:33:00,2023-06-11 05:33:59,0.2518,0.2519,0.2518,0.2521,0.2515123763397724,0.2519,0.2518,0.2521,True,0.0003886574192469125,0.00019849624879209938,0,0.25023396692923794,0.2502957103874038,30.38526526739264,30.38526526739264,0.25053454634544886,0.25053860660210825,100.00000000000006,100.0000000000001,0,2
2023-06-11 05:34:00,2023-06-11 05:34:59,0.252,0.252,0.2518,0.2521,0.2517061881698862,0.251975,0.2518,0.2521,True,0.0003823247464435592,0.00019791645331302554,0,0.2502648386583209,0.2503350724331255,32.53326792013557,32.53326792013557,0.25054887921763347,0.250553147829948,100.00000000000006,100.0000000000001,0,2
2023-06-11 05:35:00,2023-06-11 05:35:59,0.252,0.2522,0.2519,0.2524,0.2518405940849431,0.252125,0.2519,0.2524,True,0.0003907301216975907,0.00020017328231439213,0,0.2502999555457232,0.25037834325517316,34.76269701811874,34.76269701811874,0.25056456201148786,0.2505695344187047,100.00000000000006,100.0000000000001,0,2
2023-06-11 05:36:00,2023-06-11 05:36:59,0.2521,0.2523,0.2521,0.2524,0.2519827970424715,0.252225,0.2521,0.2524,True,0.00038424939871919294,0.00019697879248210543,0,0.2503391494004482,0.25042508070680125,36.60205592894944,36.60205592894944,0.2505810837825178,0.2505867529817027,100.00000000000006,100.0000000000001,0,2
2023-06-11 05:37:00,2023-06-11 05:37:59,0.2523,0.2523,0.2523,0.2524,0.2521038985212357,0.252325,0.2523,0.2524,True,0.00036394587023924976,0.00018322454333522312,0,0.25038211505362473,0.2504749128980021,37.82829520283656,37.82829520283656,0.2505984361826918,0.2506038002157156,100.00000000000006,100.0000000000001,0,2
2023-06-11 05:38:00,2023-06-11 05:38:59,0.2524,0.2524,0.2524,0.2525,0.25221444926061787,0.252425,0.2524,0.2525,True,0.00035223545093644466,0.00016981862499585712,0,0.2504285139758134,0.25052752580395266,39.04741429353872,39.04741429353872,0.25061661094704313,0.2506216728503851,100.00000000000006,100.0000000000001,0,2
2023-06-11 05:39:00,2023-06-11 05:39:59,0.2525,0.2524,0.2524,0.2526,0.25231972463030894,0.252475,0.2524,0.2526,True,0.00034136149015526846,0.00015010541380607414,0,0.250478019889883,0.2505823100588677,39.86016035400684,39.86016035400684,0.25063510238040587,0.25063936764789374,100.00000000000006,100.0000000000001,0,1
2023-06-11 05:40:00,2023-06-11 05:40:59,0.2524,0.2523,0.2523,0.2525,0.25239736231515447,0.252375,0.2523,0.2525,True,0.00033126424085846203,0.00012009721473897085,0,0.25053016497437536,0.25063774184749643,35.782747692699886,35.782747692699886,0.2506524147945312,0.25065589135288985,94.05678738233168,98.01892912744397,0,1
2023-06-11 05:41:00,2023-06-11 05:41:59,0.2523,0.2523,0.2521,0.2524,0.25238618115757727,0.252275,0.2521,0.2524,True,0.00032903108079714494,9.144136352528664e-05,0,0.2505839534109359,0.25069261701660556,33.06447258516192,33.06447258516192,0.25066855992095377,0.2506722506429108,81.57504272714264,91.87727670315816,0,1
2023-06-11 05:42:00,2023-06-11 05:42:59,0.2523,0.2524,0.2523,0.2524,0.25233059057878865,0.25235,0.2523,0.2524,True,0.0003126717178830624,7.165428667041613e-05,0,0.25063828521377074,0.25074719203299434,32.587640363586274,32.587640363586274,0.25068529066800893,0.25068944217880224,68.56760167353028,81.39981059433491,0,1
2023-06-11 05:43:00,2023-06-11 05:43:59,0.2524,0.2525,0.2524,0.2526,0.25234029528939433,0.252475,0.2524,0.2526,True,0.00030462373803427065,5.837255671010846e-05,0,0.25069273862338254,0.2508020139273176,33.35256395232122,33.35256395232122,0.25070309872106356,0.2507074576795107,63.25617836541909,71.1329409220307,0,1
2023-06-11 05:44:00,2023-06-11 05:44:59,0.2525,0.2522,0.2521,0.2526,0.25240764764469714,0.25234999999999996,0.2521,0.2526,True,0.0003185791853175371,2.2369181668101734e-05,0,0.2507473762753501,0.2508557964209456,22.85527037786099,22.85527037786099,0.2507194857984659,0.25072230884687874,44.19597944728158,58.67325316207701,0,1
2023-06-11 05:45:00,2023-06-11 05:45:59,0.2523,0.2523,0.2522,0.2525,0.25237882382234855,0.252325,0.2522,0.2525,True,0.0003172521006520003,6.840958989588405e-07,0,0.25080158634814786,0.25090822005540775,18.017846138455283,18.017846138455283,0.25073546106415284,0.2507380072663128,23.87008716756061,43.77408166008712,0,1
2023-06-11 05:46:00,2023-06-11 05:46:59,0.2524,0.2524,0.2524,0.2525,0.2523519119111743,0.252425,0.2524,0.2525,True,0.0003088769506054273,-1.0771278335772855e-05,0,0.25085490320177783,0.2509599002749558,16.72453463722873,16.72453463722873,0.25075227239684783,0.250754544507444,7.2481463829164,25.104737665919558,0,1
2023-06-11 05:47:00,2023-06-11 05:47:59,0.2525,0.2527,0.2525,0.2528,0.2523884559555871,0.252625,0.2525,0.2528,True,0.0003153857398478976,-1.3666365094327669e-06,0,0.25090740173836684,0.25101201283014063,19.851234125030913,19.851234125030913,0.25077090650235184,0.2507739022735391,20.87022822157307,17.329487257350053,0,2
2023-06-11 05:48:00,2023-06-11 05:48:59,0.2526,0.2527,0.2526,0.2528,0.25250672797779355,0.252675,0.2526,0.2528,True,0.00030714390128733584,5.331977192866251e-07,0,0.25095970728425376,0.25106445127183746,21.935700450232375,21.935700450232375,0.25078985270630855,0.25079306742504615,38.61893263642253,22.245769080304026,0,1
2023-06-11 05:49:00,2023-06-11 05:49:59,0.2527,0.2523,0.2523,0.2527,0.25259086398889674,0.2525,0.2523,0.2527,True,0.00031377647976680873,-2.9933796537991923e-05,0,0.25101207927804564,0.25111558581669424,13.419148532377342,0.0,0.25080686909729055,0.25080806177902576,33.16217601351297,30.88377895716955,0,1
2023-06-11 05:50:00,2023-06-11 05:50:59,0.2524,0.2523,0.2523,0.2525,0.25254543199444834,0.252375,0.2523,0.25254543199444834,True,0.00030564958835489227,-5.2481587434944385e-05,0,0.25106383254736997,0.25116448532410846,7.741447253807316,0.0,0.25082247238985483,0.25082290693545334,17.74870441484952,29.84327102159503,0,1
2023-06-11 05:51:00,2023-06-11 05:51:59,0.2522,0.252,0.2519,0.2522,0.2524602159972242,0.252075,0.2519,0.2524602159972242,True,0.0003123889034724008,-8.938276548657023e-05,0,0.25111415893573924,0.2512092313491628,-0.6302557606809103,-0.0,0.2508349353511498,0.2508346193042548,6.158037043254201e-14,16.970293476120876,0,1
2023-06-11 05:52:00,2023-06-11 05:52:59,0.252,0.2519,0.2519,0.252,0.2522676079986121,0.25195,0.2519,0.2522676079986121,True,0.0002972182675100857,-0.00012004684337714835,0,0.251161695142451,0.2512495426700947,-7.364932483623967,-7.364932483623967,0.2508460305217851,0.25084522010719756,6.158037043254201e-14,5.916234804949905,0,1
2023-06-11 05:53:00,2023-06-11 05:53:59,0.252,0.2527,0.252,0.2527,0.252108803999306,0.25234999999999996,0.252,0.2527,True,0.00033313124840222015,-8.3391410003811e-05,0,0.25120561890627285,0.2512888303641382,0.05778997232448546,0.0,0.2508609953922151,0.25086367562851897,11.51841288416874,3.839470961389645,0,2
2023-06-11 05:54:00,2023-06-11 05:54:59,0.2526,0.2526,0.2525,0.2526,0.252229401999653,0.252575,0.2525,0.2526,True,0.0003236218735163457,-6.643574242187777e-05,0,0.25124722463520555,0.25132858633345107,3.48420105122414,0.0,0.2508780501644319,0.2508809524879367,28.844274026939246,13.454228970369373,0,2
2023-06-11 05:55:00,2023-06-11 05:55:59,0.2526,0.2526,0.2526,0.2528,0.25240220099982646,0.25265000000000004,0.2526,0.2528,True,0.00031479173969375197,-5.601224197380203e-05,0,0.25128790548432833,0.25136895279070803,5.76847510382391,0.0,0.2508956815060793,0.25089805743830546,47.857562620368064,29.406749843825377,0,2
2023-06-11 05:56:00,2023-06-11 05:56:59,0.2526,0.2528,0.2526,0.2528,0.25252610049991325,0.25270000000000004,0.2526,0.2528,True,0.00030659232971562926,-3.647424716708887e-05,0,0.2513284291375182,0.2514098659857648,9.518825099289309,0.0,0.25091363492392926,0.2509169822399144,56.49585489115977,44.399230512822385,0,2
2023-06-11 05:57:00,2023-06-11 05:57:59,0.2527,0.2529,0.2527,0.2529,0.2526130502499566,0.2528,0.2527,0.2529,True,0.000298978591878801,-1.8718261901641683e-05,0,0.2513691475616415,0.2514516150296551,13.028353510279757,0.0,0.25093240472568124,0.2509367137599152,61.79931653739743,55.384244682975115,0,2
2023-06-11 05:58:00,2023-06-11 05:58:59,0.2528,0.2529,0.2528,0.2529,0.2527065251249783,0.25285,0.2528,0.2529,True,0.0002847658353160287,-9.73819028722415e-06,0,0.2514103812956483,0.25149407875354357,15.368039117606713,0.0,0.25095148527567446,0.25095624894638374,66.56833112229359,61.62116751695029,0,2
2023-06-11 05:59:00,2023-06-11 05:59:59,0.2529,0.2529,0.2528,0.253,0.25277826256248914,0.2529,0.2528,0.253,True,0.00027871113279345365,-6.8193033011630785e-06,0,0.25145223002459594,0.2515371568568895,16.927829522491365,0.0,0.2509708734818866,0.25097558975288736,71.3721673468666,66.57993833551923,0,1
2023-06-11 06:00:00,2023-06-11 06:00:59,0.2529,0.2527,0.2526,0.2535,0.2528391312812446,0.252925,0.2526,0.2535,True,0.00032308890902249353,-2.1653361950510095e-05,0,0.2514946934407427,0.2515805946304885,12.343684650262631,0.0,0.250990317526843,0.2509927480638039,74.3123303300127,70.75094293305766,0,1
2023-06-11 06:01:00,2023-06-11 06:01:59,0.2526,0.2529,0.2523,0.2529,0.2528820656406223,0.252675,0.2523,0.2529,True,0.0003428682726637432,-1.983530059461913e-05,0,0.25153764403561557,0.2516223022798195,12.78738631457631,0.0,0.25100708053652615,0.25101172569500985,63.58385390859965,69.75611719515967,0,1
2023-06-11 06:02:00,2023-06-11 06:02:59,0.2529,0.2527,0.2527,0.253,0.25277853282031115,0.25282499999999997,0.2527,0.253,True,0.0003398062531877632,-3.4728948405452896e-05,0,0.2515799731577175,0.25166339079083777,8.58299817346186,0.0,0.2510251692874065,0.25102852444431323,61.278279959362294,66.39148806599157,0,1
2023-06-11 06:03:00,2023-06-11 06:03:59,0.2528,0.2528,0.2528,0.2529,0.25280176641015556,0.252825,0.2528,0.2529,True,0.0003298200922457825,-3.91304044886661e-05,0,0.25162168197427764,0.2517037099390265,7.654472110827321,0.0,0.25104307805071585,0.25104615106675787,58.36376161750615,61.075298495156055,0,1
2023-06-11 06:04:00,2023-06-11 06:04:59,0.2528,0.253,0.2528,0.253,0.2528133832050778,0.2529,0.2528,0.253,True,0.0003205472285139393,-2.9629691802981637e-05,0,0.2516626959566521,0.2517436613099743,10.17574731999921,0.0,0.2510615548860321,0.2510655923496757,70.84701274013975,63.49635143900275,0,2
2023-06-11 06:05:00,2023-06-11 06:05:59,0.253,0.2532,0.2529,0.2533,0.2528566916025389,0.2531,0.2529,0.2533,True,0.00032622242647723014,-1.1518989035021708e-05,0,0.25170317863331315,0.2517844212311151,14.217888297879242,0.0,0.25108183792199196,0.2510868302367436,80.76804962516083,69.99294132760225,0,2
2023-06-11 06:06:00,2023-06-11 06:06:59,0.2531,0.2529,0.2529,0.2531,0.25297834580126943,0.253,0.2529,0.2531,True,0.0003243493960145685,-2.2921705474409488e-05,0,0.25174379993221413,0.2518248519667569,10.447462038123959,0.0,0.2511009241118229,0.25110487172692525,76.88090444969698,76.16532227166586,0,1
2023-06-11 06:07:00,2023-06-11 06:07:59,0.2529,0.2531,0.2529,0.2531,0.2529891729006347,0.253,0.2529,0.2531,True,0.0003154672962992406,-1.8570654727722538e-05,0,0.2517843259494855,0.25186474613449716,10.707448359898727,0.0,0.2511198203893172,0.2511247237495429,68.93204980743694,75.52700129409827,0,2
2023-06-11 06:08:00,2023-06-11 06:08:59,0.253,0.2531,0.253,0.2533,0.25299458645031736,0.2531,0.253,0.2533,True,0.000314362489420725,-1.7913630813878932e-05,0,0.25182453604199134,0.2519046302484848,10.88077257441524,0.0,0.2511395236690255,0.25114437823959723,61.88734090010331,69.23343171907909,0,1
2023-06-11 06:09:00,2023-06-11 06:09:59,0.2532,0.2532,0.2531,0.2532,0.2530472932251587,0.253175,0.2531,0.2532,True,0.0002990508830335296,-1.278801776152035e-05,0,0.2518645831452381,0.25194474737940487,12.454917679146433,0.0,0.25115977716485605,0.25116483218746194,74.3883539973275,68.40258156828928,0,2
2023-06-11 06:10:00,2023-06-11 06:10:59,0.2532,0.2526,0.2526,0.2532,0.25311114661257933,0.2529,0.2526,0.2532,True,0.0003205472485311338,-5.298257620684415e-05,0,0.25190466526232147,0.2519828859275604,3.7010639545787924,0.0,0.251177092814957,0.2511791124642036,56.80013076004203,64.35860855249096,0,1
2023-06-11 06:11:00,2023-06-11 06:11:59,0.2526,0.2527,0.2526,0.2528,0.2530055733062897,0.252675,0.2526,0.2530055733062897,True,0.00031193673077891233,-7.258685706781735e-05,0,0.2519437755949409,0.25201766131331194,-0.3847844607586097,-0.0,0.2511919973640619,0.251194245673515,31.26883535205854,54.152440036476044,0,-2
2023-06-11 06:12:00,2023-06-11 06:12:59,0.2528,0.2531,0.2528,0.2531,0.25284028665314484,0.25295,0.2528,0.2531,True,0.00031822696429470513,-5.7308763228135315e-05,0,0.2519807184541264,0.25205143705397526,2.4177056122571727,0.0,0.25120948992760356,0.25121320840313177,12.36755171543512,33.47883927584525,0,-1
2023-06-11 06:13:00,2023-06-11 06:13:59,0.253,0.2531,0.253,0.2531,0.2528951433265724,0.25305,0.253,0.2531,True,0.0003026393239879397,-4.74991076512577e-05,0,0.2520160777540508,0.2520848801358767,4.286032327601028,0.0,0.2512278034606622,0.25123198244887174,28.69591281705676,24.110766628183498,0,-1
2023-06-11 06:14:00,2023-06-11 06:14:59,0.2531,0.253,0.253,0.2531,0.25297257166328624,0.25305,0.253,0.2531,True,0.00028816508656022893,-4.844499162171185e-05,0,0.2520504789449638,0.25211783185808817,3.7425688379763926,0.0,0.25124593476951135,0.2512495746633108,45.40827571457157,28.82391341568784,0,-2
2023-06-11 06:15:00,2023-06-11 06:15:59,0.253,0.253,0.2528,0.2531,0.2530112858316431,0.252975,0.2528,0.2531,True,0.0002890104375202102,-4.9365956179771373e-05,0,0.252084155401526,0.2521496560657429,3.3802598448933026,0.0,0.25126313939867045,0.25126699183084006,45.01417264312068,39.70612039158303,0,-2
2023-06-11 06:16:00,2023-06-11 06:16:59,0.253,0.2531,0.253,0.2532,0.25299314291582153,0.253075,0.253,0.2532,True,0.0002826525491259079,-4.329171980916983e-05,0,0.25211690573363443,0.2521810603316958,4.993706973510896,0.0,0.25128116786236526,0.2512852307180954,45.26597028994854,45.22947288254695,0,-1
2023-06-11 06:17:00,2023-06-11 06:17:59,0.2531,0.2532,0.253,0.2532,0.2530340714579108,0.253125,0.253,0.2532,True,0.00027674879561691285,-3.289691235718186e-05,0,0.25214898303266514,0.25221226156110504,7.790854257967929,0.0,0.25129951445079945,0.25130428314876113,47.40051881872457,45.89355391726462,0,-1
2023-06-11 06:18:00,2023-06-11 06:18:59,0.2532,0.2531,0.2531,0.2532,0.25307953572895536,0.25315,0.2531,0.2532,True,0.00026412388164427544,-3.383600554899397e-05,0,0.2521806222968851,0.2522432603913871,6.926339656761932,0.0,0.2513179272423338,0.2513221509781267,55.43880357216806,49.36843089361375,0,-2
2023-06-11 06:19:00,2023-06-11 06:19:59,0.2531,0.2531,0.253,0.2532,0.2531147678644777,0.2531,0.253,0.2532,True,0.0002595436043839685,-3.514826378017683e-05,0,0.2522119413441361,0.2522735441332978,6.349996589291273,0.0,0.2513356593095743,0.2513398410181453,55.19509295611946,52.67813844900405,0,-2
2023-06-11 06:20:00,2023-06-11 06:20:59,0.2532,0.2525,0.2525,0.2532,0.25310738393223886,0.25285,0.2525,0.2532,True,0.0002910047754993978,-7.77283391386384e-05,0,0.25224274273871694,0.2523013418365633,-3.7384375735221553,-3.7384375735221553,0.2513507273761457,0.25135138488861153,36.348181529828615,48.994026019372065,0,-2
2023-06-11 06:21:00,2023-06-11 06:21:59,0.2526,0.2528,0.2525,0.2529,0.25297869196611944,0.25270000000000004,0.2525,0.25297869196611944,True,0.00029879014867801305,-8.323637395977622e-05,0,0.2522720422876401,0.2523259623827942,-4.54134242666732,-4.54134242666732,0.251364152974393,0.2513657989693219,16.336448132400943,35.959907539449695,0,-2
2023-06-11 06:22:00,2023-06-11 06:22:59,0.2528,0.2529,0.2527,0.253,0.25283934598305974,0.25285,0.2527,0.253,True,0.00029887656662958516,-7.810728978613026e-05,0,0.2522990023352171,0.25234894176733763,-3.4348784027292396,-3.4348784027292396,0.2513789375219115,0.2513810646512192,7.013345660191185,19.8993251074736,0,-2
2023-06-11 06:23:00,2023-06-11 06:23:59,0.253,0.253,0.2529,0.2532,0.2528446729915299,0.253025,0.2529,0.2532,True,0.0002989568118703267,-6.620374586238951e-05,0,0.2523239720512774,0.2523716720768335,-1.0711381763908463,-0.0,0.25139531625303674,0.25139717346065976,27.689671178273894,17.013154990288694,0,-1
2023-06-11 06:24:00,2023-06-11 06:24:59,0.2531,0.2532,0.2531,0.2532,0.252934836495765,0.25315,0.2531,0.2532,True,0.00029188846816530174,-4.3489520552488935e-05,0,0.2523478220640554,0.2523949079666298,3.3787195105634993,0.0,0.2514127757928075,0.2514151120331905,55.12468274407604,29.942566527513723,0,-1
2023-06-11 06:25:00,2023-06-11 06:25:59,0.2532,0.2528,0.2527,0.2532,0.2530424182478825,0.25297499999999995,0.2527,0.2532,True,0.0003067535775820659,-5.587753499209226e-05,0,0.25237136501534263,0.2524171817943313,-0.06278777603657915,-0.0,0.25142832031228207,0.25142889201295976,63.39803167296272,48.73746186510423,0,-2
2023-06-11 06:26:00,2023-06-11 06:26:59,0.253,0.253,0.2529,0.2531,0.25300870912394124,0.253,0.2529,0.2531,True,0.00030627117918334454,-4.916993965001001e-05,0,0.252394273404837,0.252438716888221,0.6091264589249263,0.0,0.25144395891613996,0.2514445249282537,59.48272678491144,59.33514706731675,0,-1
2023-06-11 06:27:00,2023-06-11 06:27:59,0.253,0.2532,0.2528,0.2532,0.2530043545619706,0.25305,0.2528,0.2532,True,0.0003129660949559597,-3.0337327913996647e-05,0,0.25241649514652903,0.25245986567131273,3.586094629303382,0.0,0.25145993942443706,0.2514619923419029,51.841862813112435,58.24087375699555,0,-1
2023-06-11 06:28:00,2023-06-11 06:28:59,0.2532,0.2533,0.253,0.2533,0.25302717728098534,0.2532,0.253,0.2533,True,0.0003120399453162499,-1.1318680264185926e-05,0,0.2524381804089209,0.2524815943655732,6.737953008542192,0.0,0.2514772534600148,0.25148028097531683,64.99369983961722,58.77276314588038,0,-1
2023-06-11 06:29:00,2023-06-11 06:29:59,0.2532,0.2533,0.2529,0.2535,0.25311358864049266,0.253225,0.2529,0.2535,True,0.0003326085206508027,1.276834537454149e-07,0,0.25245988738724706,0.2525038020726114,8.83919192803473,0.0,0.2514946439728505,0.25149838763227883,78.06067774206362,64.9654134649311,0,-1
2023-06-11 06:30:00,2023-06-11 06:30:59,0.2533,0.2541,0.2532,0.2545,0.2531692943202463,0.25377500000000003,0.2532,0.2545,True,0.0004017079120328899,6.102134982847559e-05,0,0.25248184472992924,0.25253000812619647,16.39050824465913,16.39050824465913,0.2515173340825734,0.2515242743225049,91.59986348139381,78.21808035435824,0,2
2023-06-11 06:31:00,2023-06-11 06:31:59,0.2541,0.2542,0.254,0.2543,0.2534721471601232,0.25415,0.254,0.2543,True,0.00039444306117339937,0.00010305058302278655,0,0.25250592642806285,0.2525617552035391,21.85451112125031,21.85451112125031,0.25154352976334377,0.2515508984585994,96.49466519914453,88.71840214086734,0,2
2023-06-11 06:32:00,2023-06-11 06:32:59,0.2542,0.2544,0.2542,0.2546,0.2538110735800616,0.25434999999999997,0.2542,0.2546,True,0.0003948399853753002,0.00013768525289403467,0,0.252533840815801,0.2525990191618343,26.319343047470767,26.319343047470767,0.2515714548403254,0.25157924772766804,100.00000000000004,96.03150956017949,0,2
2023-06-11 06:33:00,2023-06-11 06:33:59,0.2544,0.2548,0.2544,0.2551,0.2540805367900308,0.254675,0.2544,0.2551,True,0.00041663712927706293,0.00017947357868326231,0,0.2525664299888176,0.2526426007745447,30.553902912849196,30.553902912849196,0.2516023358866903,0.2516112950139599,100.00000000000004,98.83155506638157,0,2
2023-06-11 06:34:00,2023-06-11 06:34:59,0.2548,0.2548,0.2547,0.2552,0.25437776839501536,0.25487499999999996,0.2547,0.2552,True,0.00042259162004298705,0.00019628916195105352,0,0.25260451538168116,0.25269222951748793,33.37694282310147,33.37694282310147,0.2516348997087133,0.2516430234217812,100.00000000000004,100.00000000000007,0,2
2023-06-11 06:35:00,2023-06-11 06:35:59,0.2549,0.2551,0.2549,0.2554,0.25462638419750766,0.255075,0.2549,0.2554,True,0.00043526364718277295,0.00021645507380612224,0,0.25264837244958455,0.25274765091532836,36.05112315060245,36.05112315060245,0.25166912956235793,0.25167742119867886,100.00000000000004,100.00000000000007,0,2
2023-06-11 06:36:00,2023-06-11 06:36:59,0.2551,0.2548,0.2547,0.2551,0.25485069209875383,0.25492499999999996,0.2547,0.2551,True,0.00043274481524114715,0.00019638541418477744,0,0.2526980116824564,0.25280622350185916,31.5511259564271,31.5511259564271,0.2517015262831305,0.2517084916345129,94.47170256103003,98.15723418701008,0,2
2023-06-11 06:37:00,2023-06-11 06:37:59,0.2548,0.2552,0.2548,0.2552,0.25488784604937686,0.255,0.2548,0.2552,True,0.00043040589986677633,0.00019888268341367065,0,0.25275211759215777,0.25286738975093326,30.82108223641768,30.82108223641768,0.25173434691712915,0.25174323301128393,89.67826714317634,94.71665656806884,0,2
2023-06-11 06:38:00,2023-06-11 06:38:59,0.2552,0.2554,0.2552,0.2557,0.25494392302468843,0.25537499999999996,0.2552,0.2557,True,0.00043537690701914947,0.00020181904854053054,0,0.2528097536715455,0.2529327512420504,31.22577538611685,31.22577538611685,0.2517705723209388,0.2517796187524652,88.15711339055149,90.76902769825266,0,2
2023-06-11 06:39:00,2023-06-11 06:39:59,0.2554,0.2554,0.2552,0.2556,0.2551594615123442,0.2554,0.2552,0.2556,True,0.00043284998508921107,0.00019086367960381907,0,0.2528712524567979,0.2530011387539793,31.495570819249636,31.495570819249636,0.25180668602918815,0.25181564244647053,92.33249808972259,90.05595954115017,0,2
2023-06-11 06:40:00,2023-06-11 06:40:59,0.2553,0.2552,0.2552,0.2554,0.2552797307561721,0.255275,0.2552,0.2554,True,0.00041621784329712693,0.00015739285316006702,0,0.2529361956053886,0.2530705818293814,27.375672150616268,27.375672150616268,0.2518411966159624,0.25184931764600815,90.62464277858287,90.37141808628569,0,1
2023-06-11 06:41:00,2023-06-11 06:41:59,0.2552,0.2551,0.2551,0.2552,0.25527736537808604,0.25515,0.2551,0.25527736537808604,True,0.0003936308544901885,0.0001174680409225116,0,0.25300338871738504,0.25313952187104877,22.642314749888754,22.642314749888754,0.251874120032719,0.2518816627440578,78.86709868220714,87.27474651683757,0,1
2023-06-11 06:42:00,2023-06-11 06:42:59,0.2552,0.2558,0.2552,0.2558,0.255213682689043,0.2555,0.2552,0.2558,True,0.0004155143648837489,0.00012982843018903892,0,0.25307145529421693,0.2532099942409306,24.642302468493966,24.642302468493966,0.2519101984403536,0.2519206511744652,71.65058411796966,80.38077519291991,0,2
2023-06-11 06:43:00,2023-06-11 06:43:59,0.2557,0.2552,0.2552,0.2557,0.2553568413445215,0.25544999999999995,0.2552,0.2557,True,0.0004286919102491986,8.608302461573776e-05,0,0.25314072476757377,0.2532808464550164,18.067312076419242,18.067312076419242,0.25194542034641976,0.2519532815110377,58.093885534348146,69.53718944484167,0,1
2023-06-11 06:44:00,2023-06-11 06:44:59,0.2551,0.2551,0.2549,0.2551,0.25540342067226074,0.25505,0.2549,0.25540342067226074,True,0.0004194996309456821,4.217275516011688e-05,0,0.2532107856112951,0.2533487671761919,12.642330711693383,0.0,0.2519763116862564,0.25198459214276864,38.03925005001539,55.92790656744443,0,1
2023-06-11 06:45:00,2023-06-11 06:45:59,0.2551,0.2551,0.2549,0.2551,0.25522671033613037,0.25505,0.2549,0.25522671033613037,True,0.0004038210858781318,6.915667022784687e-06,0,0.25327977639374355,0.25341391390400464,9.025676468542812,0.0,0.25200689564957723,0.25201559122592515,13.275344020718464,36.46949320169403,0,1
2023-06-11 06:46:00,2023-06-11 06:46:59,0.2551,0.2547,0.2547,0.2551,0.25513835516806516,0.2549,0.2547,0.25513835516806516,True,0.00040354815117255174,-4.860376550828928e-05,0,0.2533468451488741,0.25347540051198064,2.352878175498901,0.0,0.2520356827575416,0.2520423017609906,5.684341886080802e-14,17.104864690244668,0,1
2023-06-11 06:47:00,2023-06-11 06:47:59,0.2547,0.2544,0.2544,0.2547,0.2550191775840326,0.25455,0.2544,0.2550191775840326,True,0.00039615185466022423,-0.00010779421880643351,0,0.2534111228304274,0.25353118224613685,-4.459254831565993,-4.459254831565993,0.2520607008395561,0.2520657614449608,5.684341886080802e-14,4.42511467357289,0,1
2023-06-11 06:48:00,2023-06-11 06:48:59,0.2543,0.2541,0.2539,0.2543,0.25478458879201626,0.25415,0.2539,0.25478458879201626,True,0.0004035695793273511,-0.00016652457829111132,0,0.2534711525382821,0.2535793453456105,-10.905822753710133,-10.905822753710133,0.2520814898859287,0.25208600262461295,3.248482804704154e-14,7.951407380582353e-14,0,-2
2023-06-11 06:49:00,2023-06-11 06:49:59,0.2542,0.2541,0.254,0.2543,0.2544672943960081,0.25415,0.254,0.2544672943960081,True,0.0003961717522325419,-0.00020147729432398232,0,0.25352524894194634,0.2536211797903377,-15.203534701806227,-15.203534701806227,0.25210207207611846,0.2521060423994924,3.873333490495624e-14,7.347737915387294e-14,0,-2
2023-06-11 06:50:00,2023-06-11 06:50:59,0.2541,0.2542,0.2541,0.2542,0.25430864719800406,0.25415,0.2541,0.25430864719800406,True,0.0003750166270730738,-0.00021230164498191198,0,0.25357321436614205,0.25365774461189594,-16.121556778314627,-16.121556778314627,0.2521224494683959,0.25212687779850246,4.4981841762870947e-14,6.952352012122725e-14,0,-2
2023-06-11 06:51:00,2023-06-11 06:51:59,0.2543,0.2542,0.2541,0.2544,0.254229323599002,0.25425,0.2541,0.2544,True,0.00036965829656785586,-0.0002135508054740378,0,0.253615479489019,0.2536905958548593,-16.733571495986887,-16.733571495986887,0.25214361912542677,0.2521475058801094,2.0854867569257824,0.6951622523086529,0,-2
2023-06-11 06:52:00,2023-06-11 06:52:59,0.2542,0.2539,0.2538,0.2542,0.25423966179950097,0.254025,0.2538,0.25423966179950097,True,0.00037182556109872017,-0.0002287760018442412,0,0.25365303767193914,0.2537187542375364,-19.863145896248444,-19.863145896248444,0.252162339333134,0.25216494363254616,2.0854867569257762,1.3903245046172321,0,-2
2023-06-11 06:53:00,2023-06-11 06:53:59,0.2539,0.2539,0.2538,0.2541,0.2541323308997505,0.253925,0.2538,0.2541323308997505,True,0.00036669516387738063,-0.00023140861259106176,0,0.2536858959547378,0.25374233859551004,-21.949528829756147,-21.949528829756147,0.2521798782452421,0.2521822078750084,2.08548675692577,2.085486756925807,0,-2
2023-06-11 06:54:00,2023-06-11 06:54:59,0.254,0.2538,0.2537,0.254,0.25402866544987524,0.253875,0.2537,0.25402866544987524,True,0.0003619312236004265,-0.00023226086527262512,-1,0.25371411727512394,0.25376181692471733,-24.207842463427347,-24.207842463427347,0.252196745128374,0.25219830530908793,3.2566542055671256e-14,1.390324504617224,-1,-2
2023-06-11 06:55:00,2023-06-11 06:55:59,0.2539,0.2538,0.2537,0.254,0.2539518327249376,0.25385,0.2537,0.254,True,0.00035750756477182617,-0.00022468745328834913,0,0.25373796709992064,0.2537777573799614,-25.713384885874813,-25.713384885874813,0.2522131954256041,0.25221424256969405,3.2566542055671256e-14,0.6951622523086426,0,-2
2023-06-11 06:56:00,2023-06-11 06:56:59,0.2538,0.2543,0.2537,0.2544,0.2539009163624688,0.25405,0.2537,0.2544,True,0.0003819713101452696,-0.0001773540709670369,0,0.253757862239941,0.25379217528637166,-15.17958137675545,-15.17958137675545,0.2522314720880359,0.2522349963749707,5.194982576062322,1.731660858687493,0,-1
2023-06-11 06:57:00,2023-06-11 06:57:59,0.2542,0.2543,0.2542,0.2546,0.2539754581812344,0.25432499999999997,0.2542,0.2546,True,0.0003832590737063226,-0.00014043597956719505,0,0.25377501876315633,0.25380718234965954,-8.157045704009207,-8.157045704009207,0.2522523032115381,0.25225554367472225,21.790770304616373,8.995250960226274,0,-1
2023-06-11 06:58:00,2023-06-11 06:58:59,0.2544,0.2546,0.2543,0.2546,0.2541502290906172,0.254475,0.2543,0.2546,True,0.0003773119970130115,-9.110852774103155e-05,0,0.2537911005564079,0.2538235794554065,0.5725790121550602,0.0,0.2522744195974929,0.2522788715983569,42.703355575206935,23.229702818628578,0,-1
2023-06-11 06:59:00,2023-06-11 06:59:59,0.2545,0.2545,0.2543,0.2546,0.2543126145453086,0.254475,0.2543,0.2546,True,0.00037178971151207975,-6.325256925135466e-05,0,0.2538073400059072,0.253840958449774,4.142860112219132,0.0,0.2522963159199059,0.2523009723784727,62.4403734211557,42.31149976699304,1,-1
2023-06-11 07:00:00,2023-06-11 07:00:59,0.2544,0.2541,0.2541,0.2549,0.2543938072726543,0.254375,0.2541,0.2549,True,0.00040237616068978995,-7.099742325229516e-05,0,0.2538241492278406,0.25385830514722785,-0.06604976158967446,-0.0,0.2523169993435885,0.25231887315082624,73.41074260799242,59.51815720145172,-1,-2
2023-06-11 07:01:00,2023-06-11 07:01:59,0.2542,0.2536,0.2533,0.2542,0.2543844036363272,0.253825,0.2533,0.2543844036363272,True,0.00043792072064051613,-0.00010815279290713275,0,0.25384122718753416,0.2538717338153966,-7.384373479965497,-7.384373479965497,0.25233200432524433,0.2523316206816638,54.92331799566677,63.59147800827167,0,-2
2023-06-11 07:02:00,2023-06-11 07:02:59,0.2538,0.2538,0.2537,0.2541,0.2541047018181636,0.25385,0.2537,0.2541047018181636,True,0.00044235495488047927,-0.00011447818499543975,0,0.25385648050146536,0.25388215718319745,-9.014336185126567,-9.014336185126567,0.252347108759819,0.25234623142114976,33.802077042270064,54.045379215309794,0,-2
2023-06-11 07:03:00,2023-06-11 07:03:59,0.2539,0.2538,0.2534,0.254,0.2539773509090818,0.25377500000000003,0.2534,0.254,True,0.0004536153152461586,-0.00011411443817146661,0,0.2538693188423314,0.2538896283617357,-10.10097798856728,-10.10097798856728,0.25236131663285566,0.2523606967801433,7.058995159769839,31.928130065902266,0,-2
2023-06-11 07:04:00,2023-06-11 07:04:59,0.2538,0.2537,0.2534,0.2539,0.2538761754545409,0.25370000000000004,0.2534,0.2539,True,0.00045692850701429014,-0.00011611312333157118,0,0.2538794736020335,0.25389420942091595,-11.941933583828671,-11.941933583828671,0.25237463686536454,0.25237402318034086,4.633834501504926,15.164968901181652,0,-2
2023-06-11 07:05:00,2023-06-11 07:05:59,0.2537,0.2532,0.2531,0.2538,0.25378808772727046,0.25344999999999995,0.2531,0.2538,True,0.00047429075651327183,-0.00014678845518625543,0,0.25388684151147467,0.2538947683719967,-17.151919582287285,-17.151919582287285,0.2523853369960574,0.25238224185516334,0.8230750328905879,4.171968231388493,0,-2
2023-06-11 07:06:00,2023-06-11 07:06:59,0.2531,0.2533,0.253,0.2535,0.2536190438636352,0.253225,0.253,0.2536190438636352,True,0.00047612713104803816,-0.0001532443454244278,0,0.25389080494173566,0.25389061311480643,-18.634393202139123,-18.634393202139123,0.25239369185181804,0.2523913737770025,4.2484534408989326e-14,1.8189698447985612,0,-2
2023-06-11 07:07:00,2023-06-11 07:07:59,0.2533,0.2535,0.2533,0.2535,0.2534220219318176,0.2534,0.2533,0.2535,True,0.0004564037645446053,-0.00013664443124283184,0,0.25389070902827104,0.253883975523881,-15.90037825767807,-15.90037825767807,0.25240370486821784,0.25240240488369897,7.242332349470559,2.688469127453773,0,-1
2023-06-11 07:08:00,2023-06-11 07:08:59,0.2534,0.2538,0.2534,0.2539,0.2534110109659088,0.25362500000000004,0.2534,0.2539,True,0.0004595177813628478,-9.88033001771919e-05,0,0.253887342276076,0.2538769728543607,-9.662119740331683,-9.662119740331683,0.2524158570585838,0.25241631130276665,22.86226527025561,10.034865873242113,0,-1
2023-06-11 07:09:00,2023-06-11 07:09:59,0.2537,0.2537,0.2535,0.2537,0.25351800548295444,0.25365,0.2535,0.2537,True,0.000448123654122646,-7.619532163074124e-05,0,0.25388215756521837,0.25386990232824197,-6.922435347750863,-6.922435347750863,0.25242813708785167,0.2524290843246297,39.37860820528053,23.161068608335608,0,-1
2023-06-11 07:10:00,2023-06-11 07:10:59,0.2537,0.2535,0.2534,0.2537,0.2535840027414772,0.253575,0.2534,0.2537,True,0.0004375433931138832,-7.118383693908493e-05,0,0.25387602994673014,0.25386231230971457,-7.719768533781803,-7.719768533781803,0.25243954865911683,0.25243974020199655,46.59327753751659,36.278050337684284,0,-1
2023-06-11 07:11:00,2023-06-11 07:11:59,0.2534,0.2534,0.2533,0.2534,0.2535795013707386,0.253375,0.2533,0.2535795013707386,True,0.00042057600789146144,-7.080066826137976e-05,0,0.2538691711282223,0.2538529931540663,-9.453473184409496,-9.453473184409496,0.252448856632658,0.2524492950258573,40.249022031145365,42.07363592464754,0,-2
2023-06-11 07:12:00,2023-06-11 07:12:59,0.2535,0.2521,0.252,0.2536,0.2534772506853693,0.2528,0.252,0.2536,True,0.0005048205787563563,-0.00015559717241942509,0,0.2538610821411443,0.25383843146442847,-17.78196200690786,-17.78196200690786,0.2524523505965121,0.2524458194534607,23.73267909612045,36.85832622159418,0,-2
2023-06-11 07:13:00,2023-06-11 07:13:59,0.2523,0.2525,0.252,0.2525,0.25313862534268466,0.252325,0.252,0.25313862534268466,True,0.0005044762517023309,-0.00017483228785284866,0,0.2538497568027864,0.2538165831944431,-18.367495503161507,-18.367495503161507,0.25245108342639755,0.2524463585633765,9.27567741441387,24.419126180559942,0,-2
2023-06-11 07:14:00,2023-06-11 07:14:59,0.2526,0.2522,0.252,0.2526,0.25273181267134237,0.25234999999999996,0.252,0.25273181267134237,True,0.000511299376580735,-0.00019853090059699074,0,0.25383316999861477,0.2537893195774602,-20.149441105688272,-20.149441105688272,0.2524500776211598,0.2524439072343877,1.2688958859594572,11.425750798831308,0,-2
2023-06-11 07:15:00,2023-06-11 07:15:59,0.2523,0.2522,0.2519,0.2524,0.25254090633567117,0.2522,0.2519,0.25254090633567117,True,0.0005104922782535397,-0.00020315572098843698,0,0.2538112447880375,0.2537569503175888,-21.337404840706114,-21.337404840706114,0.25244758928662087,0.2524414802967321,1.2688958859594572,3.937823062110976,0,-2
2023-06-11 07:16:00,2023-06-11 07:16:59,0.2523,0.253,0.2523,0.2532,0.2523704531678356,0.25270000000000004,0.2523,0.2532,True,0.000545457115521144,-0.00014005228006816304,0,0.25378409755281317,0.2537242139684442,-13.657006084390204,-13.657006084390204,0.2524501008360077,0.25244703770671484,23.716498362231548,8.75143004471687,0,-1
2023-06-11 07:17:00,2023-06-11 07:17:59,0.253,0.2531,0.2529,0.2534,0.2525352265839178,0.2531,0.2529,0.2534,True,0.0005422101786982052,-8.376500382680652e-05,0,0.2537541557606287,0.2536941576388882,-7.745036638380469,-7.745036638380469,0.2524565674943559,0.25245353484396144,55.78093580960547,26.922110019265542,0,-1
2023-06-11 07:18:00,2023-06-11 07:18:59,0.253,0.2536,0.253,0.2536,0.2528176132919589,0.25329999999999997,0.253,0.2536,True,0.0005463380230769042,-6.846439921143264e-06,0,0.25372415669975845,0.2536677897386794,-0.31617297115862897,-0.0,0.25246495985759615,0.2524649424574544,89.1142691429388,56.20390110492533,0,-1
2023-06-11 07:19:00,2023-06-11 07:19:59,0.2536,0.2533,0.2533,0.2536,0.25305880664597946,0.25345,0.2533,0.2536,True,0.0005287424499999801,2.5111431490745177e-05,0,0.2536959732192189,0.25364553583619126,1.604532960409422,0.0,0.25247476125204793,0.2524732514877285,100.00000000000004,81.63173498418149,0,-1
2023-06-11 07:20:00,2023-06-11 07:20:59,0.2533,0.2536,0.2533,0.2537,0.25325440332298976,0.253475,0.2533,0.2537,True,0.000519546560714264,6.766785453877052e-05,0,0.25367075452770504,0.2536268451250646,5.033247614097661,0.0,0.25248471387640564,0.2524844629157113,100.00000000000004,96.37142304764636,0,-1
2023-06-11 07:21:00,2023-06-11 07:21:59,0.2535,0.2534,0.2534,0.2535,0.2533647016614949,0.25345,0.2534,0.2535,True,0.0004967218063775293,8.076967670445393e-05,0,0.25364879982638483,0.253610916451124,5.179339772601139,0.0,0.25249431871345634,0.25249357273744555,99.42246763639598,99.8074892121321,0,-1
2023-06-11 07:22:00,2023-06-11 07:22:59,0.2534,0.2533,0.2529,0.2534,0.25340735083074745,0.25325000000000003,0.2529,0.25340735083074745,True,0.0004969559630648487,8.096522664864631e-05,0,0.2536298581387544,0.253595899423434,4.193471858539212,0.0,0.2525018379302379,0.2525015968893118,94.28147473633184,97.90131412424269,0,-1
2023-06-11 07:23:00,2023-06-11 07:23:59,0.2533,0.2534,0.2532,0.2535,0.25332867541537374,0.25335,0.2532,0.2535,True,0.00048288767998878965,8.638979430740634e-05,0,0.25361287878109423,0.253582389280375,4.582316601210991,0.0,0.2525102773538176,0.2525105362237465,91.62603350352968,95.10999195875257,0,-1
2023-06-11 07:24:00,2023-06-11 07:24:59,0.2533,0.2532,0.2532,0.2534,0.2533393377076869,0.253275,0.2532,0.2534,True,0.00046268141713244994,7.42390568396887e-05,0,0.25359763403073465,0.2535696436323723,2.3286656156553107,0.0,0.2525178865343766,0.2525173965598286,87.75971972528389,91.2224093217152,0,-1
2023-06-11 07:25:00,2023-06-11 07:25:59,0.2531,0.2525,0.2524,0.2532,0.2533071688538434,0.2528,0.2524,0.2533071688538434,True,0.0004867756016229869,1.686396899392925e-05,0,0.2535836388315535,0.2535543283202578,-4.973562232832563,-0.0,0.2525206936335371,0.25251722345973077,78.64177478350975,86.00917600410783,0,-2
2023-06-11 07:26:00,2023-06-11 07:26:59,0.2526,0.2527,0.2525,0.2528,0.2530535844269217,0.25265000000000004,0.2525,0.2530535844269217,True,0.00047343448722134655,-5.4872687341860375e-06,0,0.2535689835759057,0.25353606581332544,-7.269414396197831,-0.0,0.25252198026404915,0.25251904213177323,64.42067077879206,76.94072176252861,0,-2
2023-06-11 07:27:00,2023-06-11 07:27:59,0.2527,0.2528,0.2527,0.2531,0.2528517922134609,0.25282499999999997,0.2527,0.2531,True,0.0004681891667055369,-1.1039174294380429e-05,0,0.2535525246946156,0.25351680894551193,-7.513396139434555,-0.0,0.2525249953857999,0.2525218377324521,56.906908854485046,66.65645147226233,0,-2
2023-06-11 07:28:00,2023-06-11 07:28:59,0.2527,0.2525,0.2522,0.2527,0.2528383961067304,0.252525,0.2522,0.2528383961067304,True,0.0004776042262265732,-3.289107640036976e-05,0,0.25353466682006376,0.25349484301393654,-10.243832927677978,-10.243832927677978,0.25252499543171236,0.25252162044158194,53.88647949167458,58.40468637498393,0,-2
2023-06-11 07:29:00,2023-06-11 07:29:59,0.2524,0.2522,0.2522,0.2525,0.2526816980533652,0.25232499999999997,0.2522,0.2526816980533652,True,0.0004649182100675339,-6.424661972732968e-05,0,0.25351475491700015,0.25346952271436735,-14.126378963557201,-14.126378963557201,0.25252300542741674,0.2525184202381831,37.429691395861106,49.40769324734028,0,-2
2023-06-11 07:30:00,2023-06-11 07:30:59,0.2523,0.2521,0.2521,0.2525,0.2525033490266826,0.25225,0.2521,0.2525033490266826,True,0.0004602811950627108,-8.651957997228902e-05,0,0.2534921388156838,0.25344122064170915,-17.345332610513097,-17.345332610513097,0.25252028895550216,0.25251425685272855,16.053966128684632,35.79004567207348,0,-2
2023-06-11 07:31:00,2023-06-11 07:31:59,0.2522,0.2524,0.2522,0.2524,0.2523766745133413,0.25229999999999997,0.2522,0.2524,True,0.00044883253827251876,-7.43505338708066e-05,0,0.25346667972869646,0.25341110823361834,-14.694557868412296,-14.694557868412296,0.2525180970255967,0.2525131199686218,2.450984750987868,18.644880758511245,0,-1
2023-06-11 07:32:00,2023-06-11 07:32:59,0.2525,0.2525,0.2524,0.2527,0.25233833725667065,0.252525,0.2524,0.2527,True,0.0004382016426816222,-5.405293874198629e-05,0,0.2534388939811574,0.25338132087813264,-11.49465940447682,-0.0,0.25251816571190916,0.25251298942167033,15.537873289955572,11.347608056542732,0,-1
2023-06-11 07:33:00,2023-06-11 07:33:59,0.2525,0.2523,0.2523,0.2526,0.2524316686283353,0.252425,0.2523,0.2526,True,0.00042833009677578973,-4.989448730693442e-05,0,0.253410107429645,0.2533513077054389,-11.576431192629059,-0.0,0.2525172386899001,0.25251087012394224,25.61831903021063,14.535725690384732,0,-1
2023-06-11 07:34:00,2023-06-11 07:34:59,0.2524,0.2524,0.2524,0.2527,0.25242833431416767,0.252475,0.2524,0.2527,True,0.00042630651843465875,-3.570430334931128e-05,0,0.25338070756754194,0.253321665720725,-9.952686101364996,-0.0,0.25251681840442847,0.25250976693862937,36.0074220688305,25.721204796332273,0,-1
2023-06-11 07:35:00,2023-06-11 07:35:59,0.2522,0.2526,0.2522,0.2526,0.25245166715708384,0.25239999999999996,0.2522,0.2526,True,0.0004244274814036125,-8.749971924834079e-06,0,0.2533511866441335,0.2532920047706966,-5.776341613869768,-0.0,0.2525156560322451,0.25251066478003603,34.36724029008351,31.997660463041587,0,-1
2023-06-11 07:36:00,2023-06-11 07:36:59,0.2526,0.2526,0.2526,0.2527,0.25242583357854187,0.252625,0.2526,0.2527,True,0.0004012540898747823,1.15465770582306e-05,0,0.253321595707415,0.2532640761340828,-2.992111955539613,-0.0,0.2525167440319242,0.25251155368769734,48.31176642399519,39.562142927636444,0,-1
2023-06-11 07:37:00,2023-06-11 07:37:59,0.2526,0.2528,0.2526,0.2528,0.25252541678927093,0.25270000000000004,0.2526,0.2528,True,0.0003868787977408717,4.032282641534693e-05,0,0.2532928359207489,0.25323821755991116,1.8792714111758144,0.0,0.2525185674743926,0.25251442380025757,66.35762909612345,49.67887860340076,0,-1
2023-06-11 07:38:00,2023-06-11 07:38:59,0.2528,0.253,0.2528,0.2532,0.25261270839463545,0.25295,0.2528,0.2532,True,0.00038781602647366346,7.322363359188905e-05,0,0.25326552674033004,0.2532158814436429,7.509593478283811,7.509593478283811,0.25252286033534393,0.2525192554042351,88.24425566923607,67.63788372978495,0,-1
2023-06-11 07:39:00,2023-06-11 07:39:59,0.2529,0.253,0.2528,0.2533,0.25278135419731773,0.253,0.2528,0.2533,True,0.0003958291674398304,9.348008005909765e-05,0,0.25324070409198646,0.25319681488593837,11.263141523022476,11.263141523022476,0.2525276079936987,0.25252403893255115,97.55261712840267,84.0515006312541,0,-1
2023-06-11 07:40:00,2023-06-11 07:40:59,0.2529,0.2529,0.2528,0.253,0.25289067709865887,0.2529,0.2528,0.253,True,0.00038184136976555526,9.764232375281633e-05,0,0.25321875948896244,0.2531797671852006,11.054859740755454,11.054859740755454,0.25253131338679624,0.2525277798386949,95.88890981094035,93.8952608695264,0,-1
2023-06-11 07:41:00,2023-06-11 07:41:59,0.253,0.2537,0.253,0.2537,0.25289533854932944,0.25334999999999996,0.253,0.2537,True,0.0004117098433537276,0.00015276716610173452,0,0.25319926333708154,0.2531675133886664,17.891627808945273,17.891627808945273,0.252539459522251,0.25253944372089693,95.88890981094035,96.44347891676115,0,2
2023-06-11 07:42:00,2023-06-11 07:42:59,0.2538,0.2537,0.2534,0.2538,0.2531226692746647,0.25367500000000004,0.2534,0.2538,True,0.0004108734259713193,0.00018325933700053524,0,0.25318338836287396,0.253161347786327,22.44947318773849,22.44947318773849,0.2525507584324773,0.2525509915445696,95.88890981094035,95.88890981094038,1,2
2023-06-11 07:43:00,2023-06-11 07:43:59,0.2537,0.2537,0.2537,0.2538,0.25339883463733237,0.253725,0.2537,0.2538,True,0.0003886681812590854,0.00019615749658342003,0,0.25317236807460053,0.25316036081785515,25.488036773600626,25.488036773600626,0.25256244242817405,0.25256242446452415,100.00000000000004,97.25927320729362,0,2
2023-06-11 07:44:00,2023-06-11 07:44:59,0.2537,0.2536,0.2536,0.2537,0.2535619173186662,0.25365,0.2536,0.2537,True,0.00036804902545486425,0.00018992408822154157,0,0.25316636444622787,0.2531629432161399,24.7131144886621,24.7131144886621,0.25257326389655044,0.2525727485992055,97.76658002975716,97.88516328023256,0,2
2023-06-11 07:45:00,2023-06-11 07:45:59,0.2537,0.2538,0.2537,0.2541,0.2536059586593331,0.253825,0.2537,0.2541,True,0.00037747409506523117,0.00019186275126465373,0,0.2531646538311839,0.2531695187700818,25.969663935977607,25.969663935977607,0.2525857189821569,0.2525849600559298,97.76658002975716,98.5110533531715,0,2
2023-06-11 07:46:00,2023-06-11 07:46:59,0.2537,0.2535,0.2533,0.2537,0.25371547932966654,0.25355,0.2533,0.25371547932966654,True,0.0003862259454177147,0.00016439890702848862,0,0.2531670863006329,0.2531773062558091,19.927918410251834,19.927918410251834,0.25259531381815536,0.2525940649309952,88.88246834456635,94.80520946802693,0,1
2023-06-11 07:47:00,2023-06-11 07:47:59,0.2534,0.2531,0.2531,0.2534,0.25363273966483324,0.25325,0.2531,0.25363273966483324,True,0.0003872098064593073,0.00011203296308110887,0,0.253172196278221,0.25318393615448076,10.189983162849913,10.189983162849913,0.252601828108522,0.25259909911078626,74.0182718458726,86.88910674006542,0,1
2023-06-11 07:48:00,2023-06-11 07:48:59,0.2532,0.2529,0.2529,0.2533,0.2534413698324166,0.253075,0.2529,0.2534413698324166,True,0.0003881233917122147,5.9449548129339016e-05,0,0.2531780662163509,0.2531884085024608,1.6504080759996214,0.0,0.25260653628654667,0.2526020931494849,52.66261414968768,71.85445144670892,0,1
2023-06-11 07:49:00,2023-06-11 07:49:59,0.2529,0.253,0.2529,0.2531,0.25325818491620833,0.252975,0.2529,0.25325818491620833,True,0.00037468600658991204,2.9560787618911556e-05,0,0.2531832373594059,0.25319046540419843,-2.2321877495396407,-0.0,0.25261020259215317,0.2526060524216293,31.376911152164112,52.68593238257483,0,1
2023-06-11 07:50:00,2023-06-11 07:50:59,0.2531,0.2534,0.2531,0.2534,0.25311659245810414,0.25325,0.2531,0.2534,True,0.0003764941489763477,3.6209926349616676e-05,0,0.2531868513818022,0.25319249328804194,0.8776896875627145,0.0,0.2526165687355148,0.2526139523975335,25.01958632830157,36.353037210051156,0,2
2023-06-11 07:51:00,2023-06-11 07:51:59,0.2535,0.2538,0.2535,0.2539,0.25318329622905206,0.25367500000000004,0.2535,0.2539,True,0.00038531599547803714,6.612428444041583e-05,0,0.25318967233492207,0.2531974003644261,6.594717198578287,6.594717198578287,0.2526271003898878,0.2526257538662147,34.88392641808614,30.426807966183976,0,2
2023-06-11 07:52:00,2023-06-11 07:52:59,0.2537,0.2535,0.2534,0.2537,0.25342914811452605,0.253575,0.2534,0.2537,True,0.0003863648529438924,6.162926740405038e-05,0,0.2531935363496741,0.25320385447523686,6.1760676228769,6.1760676228769,0.2526365322268043,0.25263445283272007,49.86485930722497,36.58945735120426,0,2
2023-06-11 07:53:00,2023-06-11 07:53:59,0.2535,0.2531,0.2529,0.2537,0.253502074057263,0.25329999999999997,0.2529,0.2537,True,0.00041591022059075494,2.8131591022039962e-05,0,0.2531986954124555,0.2532095955026145,1.6569462148430603,0.0,0.25264313389618936,0.2526390851428423,48.60858427739905,44.45245666757009,0,1
2023-06-11 07:54:00,2023-06-11 07:54:59,0.2531,0.2531,0.253,0.2531,0.2534010370286315,0.253075,0.253,0.2534010370286315,True,0.0003933452048342717,4.769427143837805e-06,0,0.253204145457535,0.2532131919855577,-1.3558013905128377,-0.0,0.2526474310713517,0.25264367136032645,28.41545590727776,42.29629983063396,0,1
2023-06-11 07:55:00,2023-06-11 07:55:59,0.2531,0.2529,0.2528,0.2532,0.2532380185143157,0.253,0.2528,0.2532380185143157,True,0.0003938205473461063,-2.471297668375906e-05,0,0.25320866872154635,0.2532145607981284,-5.381550347892876,-0.0,0.25265093921989545,0.25264622189405456,10.271004367519978,29.09834818406563,0,1
2023-06-11 07:56:00,2023-06-11 07:56:59,0.253,0.253,0.253,0.2532,0.25311900925715786,0.25305,0.253,0.2532,True,0.0003871190796785249,-3.621682694071692e-05,0,0.25321161475983733,0.2532145094118118,-6.405347986050209,-6.405347986050209,0.25265490997392637,0.2526497420742132,3.404526570221391,14.030328948339745,0,-2
2023-06-11 07:57:00,2023-06-11 07:57:59,0.2531,0.2532,0.2531,0.2532,0.2530845046285789,0.25315,0.2531,0.2532,True,0.00037375343113005727,-2.8664220180597233e-05,0,0.25321306208582456,0.2532140263518348,-3.9986642717197256,-0.0,0.2526598362428425,0.2526552172774549,7.070129539191117,6.915220158977532,0,-1
2023-06-11 07:58:00,2023-06-11 07:58:59,0.2531,0.2531,0.253,0.2531,0.25311725231428944,0.253075,0.253,0.25311725231428944,True,0.000361342471763623,-2.9654757072653047e-05,0,0.2532135442188297,0.25321269216669456,-3.8655620762081924,-0.0,0.2526639672255008,0.25265964297618665,9.77933632386062,6.75133081109108,0,-2
2023-06-11 07:59:00,2023-06-11 07:59:59,0.2531,0.2533,0.2531,0.2533,0.2530961261571447,0.2532,0.2531,0.2533,True,0.0003498180094947952,-1.5504380274340486e-05,0,0.2532131181927621,0.2532115546715897,-0.6946347915134012,-0.0,0.25266930088494854,0.25266601468786637,19.196566892844377,12.015344251965407,0,2
2023-06-11 08:00:00,2023-06-11 08:00:59,0.2532,0.2526,0.2525,0.254,0.25314806307857235,0.253075,0.2525,0.254,True,0.00043197386595945274,-5.388923475815415e-05,0,0.2532123364321759,0.25320972220342586,-6.373889216806802,-6.373889216806802,0.25267333769206346,0.25266535782530053,18.067953806949145,15.681285674551416,-1,-2
2023-06-11 08:01:00,2023-06-11 08:01:59,0.2525,0.2531,0.2522,0.2534,0.25311153153928617,0.2528,0.2522,0.2534,True,0.00048683287553378,-4.21426261475418e-05,0,0.2532110293178009,0.2532054683583128,-4.182207050653638,-0.0,0.2526745980135355,0.2526696826230587,15.358747022279639,17.54108924069109,0,-1
2023-06-11 08:02:00,2023-06-11 08:02:59,0.2532,0.2536,0.253,0.2536,0.25295576576964307,0.25334999999999996,0.253,0.2536,True,0.0004949162415670807,1.556913523928683e-06,0,0.25320824883805687,0.25320311091690606,1.2813508802405238,0.0,0.25268131843131125,0.2526789395123815,26.553431125396486,19.99337731820846,1,2
2023-06-11 08:03:00,2023-06-11 08:03:59,0.2536,0.2535,0.2534,0.2537,0.2531528828848215,0.25355,0.2534,0.2537,True,0.0004809936528837154,2.2807582086097486e-05,0,0.2532056798774815,0.253203634914722,3.789405679206439,0.0,0.2526899620290097,0.2526871092684772,51.26128965171452,31.057822599796918,0,2
2023-06-11 08:04:00,2023-06-11 08:04:59,0.2535,0.2524,0.2524,0.2535,0.25335144144241073,0.25295,0.2524,0.2535,True,0.0005252083919634493,-4.001840882398599e-05,0,0.25320465739610176,0.2532023072566407,-2.757687243574793,-0.0,0.2526925494715071,0.25268425245983567,59.02846537573753,45.61439538428288,-1,-2
2023-06-11 08:05:00,2023-06-11 08:05:59,0.2523,0.2525,0.2522,0.2525,0.25315072072120537,0.252375,0.2522,0.25315072072120537,True,0.0005091220782517759,-7.203072461930544e-05,0,0.25320348232637124,0.25319558577450374,-6.1622642864239765,-6.1622642864239765,0.2526893897752732,0.2526824191020264,36.66091149022726,48.98355550589313,0,-2
2023-06-11 08:06:00,2023-06-11 08:06:59,0.2526,0.2523,0.2523,0.2528,0.2527628603606027,0.25250000000000006,0.2523,0.2528,True,0.000508470501233792,-0.00010313759591755391,0,0.2531995340504375,0.25318552144620377,-9.604625259069088,-9.604625259069088,0.25268750529989736,0.2526786139368321,11.8612238531654,35.85020023971009,0,-2
2023-06-11 08:07:00,2023-06-11 08:07:59,0.2523,0.2519,0.2519,0.2523,0.2526314301803014,0.2521,0.2519,0.2526314301803014,True,0.000500722608288522,-0.00014580833239551344,0,0.25319252774832063,0.25317014989822,-13.973584309169276,-13.973584309169276,0.2526816594760178,0.25267086653447557,4.0940481291423945,17.538727824178377,0,-2
2023-06-11 08:08:00,2023-06-11 08:08:59,0.252,0.2521,0.252,0.2525,0.2523657150901507,0.25215,0.252,0.2525,True,0.0005078138505536267,-0.00015265872116016112,0,0.2531813388232703,0.25315104845719527,-14.456716049784035,-14.456716049784035,0.2526763693319778,0.2526651862704509,5.621805087886988,7.192359023398288,0,-2
2023-06-11 08:09:00,2023-06-11 08:09:59,0.2522,0.2522,0.2521,0.2524,0.25225785754507535,0.252225,0.2521,0.2524,True,0.0004929700040855121,-0.00014265049424047192,0,0.2531661936402328,0.2531296560811076,-13.541626066340314,-13.541626066340314,0.2526718780948437,0.252660557551342,5.4296394122883145,5.048497543105927,0,-2
2023-06-11 08:10:00,2023-06-11 08:10:59,0.2522,0.2526,0.2522,0.2526,0.25224142877253763,0.25239999999999996,0.2522,0.2526,True,0.0004863292895079764,-0.00010138767782701068,0,0.25314792486067017,0.25310780749628997,-8.5289007613476,-8.5289007613476,0.25266917284016865,0.2526599549886421,14.832761088197097,8.628068529457494,0,-1
2023-06-11 08:11:00,2023-06-11 08:11:59,0.2526,0.2518,0.2517,0.2526,0.2523207143862688,0.252175,0.2517,0.2526,True,0.0005158771974002646,-0.000123890612162902,0,0.25312786617848004,0.2530842059003784,-11.012255397619228,-11.012255397619228,0.2526642556974804,0.2526513982225859,17.82055669952669,12.69431906667073,0,-2
2023-06-11 08:12:00,2023-06-11 08:12:59,0.2519,0.2517,0.2513,0.2519,0.25224785719313436,0.25170000000000003,0.2513,0.25224785719313436,True,0.0005218859690145307,-0.00013840745015657207,0,0.2531060360394292,0.25305612707340597,-13.217121551739162,-13.217121551739162,0.2526546611134259,0.252641931573605,13.918674245983006,15.52399734456896,0,-2
2023-06-11 08:13:00,2023-06-11 08:13:59,0.2517,0.2523,0.2517,0.2523,0.2519739285965672,0.252,0.2517,0.2523,True,0.0005274655426563531,-9.888328464570124e-05,0,0.25308108155641756,0.2530267742605861,-8.858224087644253,-8.858224087644253,0.2526481470724963,0.25263852926939,12.744884236447064,14.828038393985615,0,-1
2023-06-11 08:14:00,2023-06-11 08:14:59,0.2522,0.2523,0.2521,0.2523,0.2519869642982836,0.252225,0.2521,0.2523,True,0.0005040751467523302,-6.717592546806388e-05,0,0.25305392790850184,0.2529981635605404,-5.952292444914313,-5.952292444914313,0.2526439366538645,0.2526351608189483,22.129373813445557,16.264310765291906,0,-1
2023-06-11 08:15:00,2023-06-11 08:15:59,0.2524,0.2527,0.2519,0.2527,0.2521059821491418,0.252425,0.2519,0.2527,True,0.0005252126362700186,-1.4407720184104762e-05,0,0.2530260457345211,0.2529717056436225,-0.6912766106405144,-0.0,0.2526417581796967,0.25263580598492896,40.80186892030519,25.225375656732634,0,-1
2023-06-11 08:16:00,2023-06-11 08:16:59,0.2527,0.2524,0.2521,0.2527,0.2522654910745709,0.252475,0.2521,0.2527,True,0.0005305545908221593,1.6313049087748085e-06,0,0.25299887568907176,0.25294746721062106,-0.21153270823218406,-0.0,0.2526400988943266,0.25263345965672074,52.43505661180757,38.45543311518613,0,-1
2023-06-11 08:17:00,2023-06-11 08:17:59,0.2524,0.2526,0.2524,0.2526,0.2523702455372855,0.2525,0.2524,0.2526,True,0.000506943548620575,2.748672208228802e-05,0,0.2529731714498464,0.2529253140209296,1.8862061722922547,0.0,0.25263870487547757,0.2526331267248131,71.86834779806823,55.035091110060364,0,-1
2023-06-11 08:18:00,2023-06-11 08:18:59,0.2526,0.2522,0.2521,0.2526,0.2524351227686428,0.25237499999999996,0.2521,0.2526,True,0.0005064475808619625,1.7340148348963884e-05,0,0.252949242735388,0.252904096919468,-0.571675929346128,-0.0,0.25263608094636836,0.25262881700615825,81.71356998410538,68.67232479799377,0,-2
2023-06-11 08:19:00,2023-06-11 08:19:59,0.2522,0.2524,0.2521,0.2524,0.2524050613843214,0.25227499999999997,0.2521,0.2524050613843214,True,0.0004917013250861096,2.5487292542515205e-05,0,0.252926669827428,0.25288307627238615,-0.17310465577638467,-0.0,0.25263248810113087,0.25262654022002734,86.54080366350722,80.04090714856032,0,-1
2023-06-11 08:20:00,2023-06-11 08:20:59,0.2524,0.2525,0.2524,0.2525,0.2523400306921607,0.25245,0.2524,0.2525,True,0.0004637226590085295,3.819734047676957e-05,0,0.25290487304990705,0.25286355520531906,1.1128564735776294,0.0,0.25263067229912956,0.2526252811133604,86.0692086220357,84.77452742321616,0,-1
2023-06-11 08:21:00,2023-06-11 08:21:59,0.2525,0.2526,0.2524,0.2526,0.25239501534608033,0.252525,0.2524,0.2526,True,0.0004448853262222044,5.322442714187996e-05,0,0.252884214127613,0.25284586328318337,3.0390570835070676,0.0,0.2526296208334666,0.25262502955999366,90.88482466247227,87.83161231600512,0,-1
2023-06-11 08:22:00,2023-06-11 08:22:59,0.2527,0.2527,0.2527,0.2528,0.25246000767304017,0.252725,0.2527,0.2528,True,0.00042739351720633503,6.898796772863823e-05,0,0.25286503870539817,0.2528311050578094,5.425474399603971,5.425474399603971,0.25263056987989974,0.2526257755345211,99.52840495852854,92.16081274767889,0,-1
2023-06-11 08:23:00,2023-06-11 08:23:59,0.2528,0.2523,0.2523,0.2532,0.2525925038365201,0.25265000000000004,0.2523,0.2532,True,0.00046115112312016514,5.012154981591673e-05,0,0.2528480718816038,0.25281824322988855,1.616296877913335,0.0,0.2526307632144281,0.2526225339869139,97.30894898824052,95.90739286974714,0,-2
2023-06-11 08:24:00,2023-06-11 08:24:59,0.2524,0.2524,0.2523,0.2525,0.25262125191826007,0.2524,0.2523,0.25262125191826007,True,0.0004424974714687232,4.391675047793597e-05,0,0.2528331575557462,0.2528052474289705,0.47136710089213807,0.0,0.25262846706304076,0.25262031971838744,86.14035186411418,94.3259019369611,0,-1
2023-06-11 08:25:00,2023-06-11 08:25:59,0.2525,0.2529,0.2525,0.2529,0.25251062595913004,0.25270000000000004,0.2525,0.2529,True,0.000446604794935243,7.353352858792227e-05,0,0.25281920249235834,0.25279429363422384,5.053995257794199,5.053995257794199,0.2526291788335578,0.2526231026067617,85.04969733812374,89.49966606349284,0,2
2023-06-11 08:26:00,2023-06-11 08:26:59,0.2529,0.2529,0.2528,0.2529,0.252605312979565,0.252875,0.2528,0.2529,True,0.00042184730958272484,9.057455117594671e-05,0,0.2528067480632911,0.2527862233660839,8.109080695728906,8.109080695728906,0.2526316248153134,0.25262585780470437,87.74074834988328,86.3102658507071,0,2
2023-06-11 08:27:00,2023-06-11 08:27:59,0.2529,0.253,0.2529,0.2531,0.25274015648978254,0.252975,0.2529,0.2531,True,0.00040600107318395723,0.00010542912174917759,0,0.2527964857146875,0.2527811647956884,11.121910854467984,11.121910854467984,0.25263504148381777,0.25262958061261775,98.90934547400961,90.56659705400558,1,2
2023-06-11 08:28:00,2023-06-11 08:28:59,0.253,0.253,0.2529,0.2531,0.2528575782448913,0.253,0.2529,0.2531,True,0.00039128671081367297,0.0001111738722238966,0,0.2527888252551879,0.2527786835898663,13.13046429362737,13.13046429362737,0.2526386729118395,0.2526332663776663,100.00000000000006,95.55003127463102,0,2
2023-06-11 08:29:00,2023-06-11 08:29:59,0.253,0.2528,0.2528,0.2531,0.25292878912244565,0.252925,0.2528,0.2531,True,0.0003847662314698368,9.68751234833977e-05,0,0.2527837544225271,0.25277773400524917,10.200194990625263,10.200194990625263,0.2526415219375923,0.25263492541868454,95.40777699619663,98.10570749006881,0,1
2023-06-11 08:30:00,2023-06-11 08:30:59,0.2529,0.2525,0.2525,0.2529,0.25292689456122286,0.25270000000000004,0.2525,0.25292689456122286,True,0.00038585435779342074,6.324431723708569e-05,0,0.25278074421388813,0.25277645305265867,3.6172120806292156,0.0,0.25264210380886004,0.2526335828772051,77.7951048964019,91.0676272975329,0,1
2023-06-11 08:31:00,2023-06-11 08:31:59,0.2525,0.2525,0.2525,0.2526,0.25281344728061145,0.252525,0.2525,0.25281344728061145,True,0.0003654361893796042,3.909287112499991e-05,0,0.25277859863327334,0.252773719314323,-0.7714431927014829,-0.0,0.25264093859683157,0.25263225369434733,51.013608882841076,74.7388302584799,0,1
2023-06-11 08:32:00,2023-06-11 08:32:59,0.2525,0.2525,0.2524,0.2526,0.25266922364030575,0.2525,0.2524,0.25266922364030575,True,0.0003536193187096309,2.2090647070241762e-05,0,0.2527761589737981,0.25276968901731894,-3.697213374921944,-3.697213374921944,0.2526395362227337,0.25263093773718964,27.53061502392522,52.113109601056095,0,1
2023-06-11 08:33:00,2023-06-11 08:33:59,0.2526,0.2525,0.2525,0.2526,0.2525846118201529,0.25255,0.2525,0.2526,True,0.00033550365308751366,1.043791272835185e-05,0,0.2527729239955585,0.2527650086358539,-5.647726829735582,-5.647726829735582,0.2526386453150448,0.25262963487413304,15.490600680535792,31.344941529100726,-1,1
2023-06-11 08:34:00,2023-06-11 08:34:59,0.2526,0.2524,0.252,0.2526,0.2525673059100765,0.2524,0.252,0.2526,True,0.0003543962492955476,-4.1072131106945236e-06,0,0.25276896631570617,0.25275881939119543,-8.972480948754644,-8.972480948754644,0.2526362707347956,0.2526273499500123,8.93876336076328,17.319993021741464,0,1
2023-06-11 08:35:00,2023-06-11 08:35:59,0.2523,0.2523,0.2522,0.2524,0.2524836529550383,0.2523,0.2522,0.2524836529550383,True,0.00034336794577443947,-1.9862606475014937e-05,0,0.2527638928534508,0.2527507985663875,-12.93837258511175,-12.93837258511175,0.25263292475733495,0.2526240927365793,3.680646890149226,9.370003643816132,0,-2
2023-06-11 08:36:00,2023-06-11 08:36:59,0.2523,0.2525,0.2523,0.2525,0.2523918264775191,0.2524,0.2523,0.2525,True,0.0003331273782191208,-1.5089232518536391e-05,0,0.25275734570991915,0.2527420768633817,-9.247877530861906,-9.247877530861906,0.252630607098058,0.2526228579829815,6.082374358890374,6.233928203267659,0,-1
2023-06-11 08:37:00,2023-06-11 08:37:59,0.2525,0.2527,0.2525,0.2527,0.25239591323875954,0.2526,0.2525,0.2527,True,0.0003236182797748963,2.766938675151693e-06,0,0.2527497112866504,0.2527342354068925,-2.578740081376388,-0.0,0.2526303025498186,0.2526236255652404,23.43719788134145,11.06673971012705,0,2
2023-06-11 08:38:00,2023-06-11 08:38:59,0.2526,0.2521,0.252,0.2526,0.2524979566193798,0.25232499999999997,0.252,0.2526,True,0.00035050268836240217,-2.6581827177031022e-05,0,0.25274197334677145,0.2527252539829541,-7.592077757660128,-7.592077757660128,0.252627264713502,0.25261841536061114,27.386388338022176,18.968653526084697,0,-2
2023-06-11 08:39:00,2023-06-11 08:39:59,0.2522,0.2523,0.2521,0.2523,0.2524114783096899,0.252225,0.2521,0.2524114783096899,True,0.00033975249633651873,-3.02317884284793e-05,0,0.2527336136648628,0.2527147505703991,-7.38623866499745,-7.38623866499745,0.2526232620795368,0.25261524704856525,21.304013979131856,24.042533399498524,0,-2
2023-06-11 08:40:00,2023-06-11 08:40:59,0.2523,0.252,0.2518,0.2523,0.25231823915484497,0.2521,0.2518,0.25231823915484497,True,0.000351198746598196,-5.133916625994371e-05,0,0.252724182117631,0.25270226331714984,-10.415502846189497,-10.415502846189497,0.2526180554916807,0.2526091251873855,3.949190456680782,17.546530924611634,0,-2
2023-06-11 08:41:00,2023-06-11 08:41:59,0.2521,0.2517,0.2515,0.2521,0.2522091195774225,0.25185,0.2515,0.2522091195774225,True,0.0003689702646983241,-8.270180108579063e-05,0,0.25271322271739044,0.2526865845821412,-14.775702084929208,-14.775702084929208,0.25261041314847993,0.25260007916562044,5.4474943074941016e-14,8.417734811937594,0,-2
2023-06-11 08:42:00,2023-06-11 08:42:59,0.2516,0.2512,0.2512,0.2516,0.2520295597887112,0.25139999999999996,0.2512,0.2520295597887112,True,0.0003783295315055867,-0.00013286591756222344,0,0.25269990364976586,0.25266541326533587,-20.29075326855508,-20.29075326855508,0.25259836923655477,0.25258614802964413,5.4474943074941016e-14,1.3163968188936608,0,-2
2023-06-11 08:43:00,2023-06-11 08:43:59,0.2512,0.251,0.2508,0.2514,0.2517147798943556,0.2511,0.2508,0.2517147798943556,True,0.00039416313639804406,-0.00017214514850877877,0,0.2526826584575509,0.2526380045389637,-24.740280406459256,-24.740280406459256,0.2525834600899224,0.252570365462185,5.4474943074941016e-14,8.491972557243974e-14,0,-2
2023-06-11 08:44:00,2023-06-11 08:44:59,0.251,0.2507,0.2506,0.251,0.2514073899471778,0.25082499999999996,0.2506,0.2514073899471778,True,0.00039458005522675606,-0.00020919949999518734,0,0.2526603314982573,0.25260398631673264,-28.702549512782408,-28.702549512782408,0.25256596297459977,0.2525517548605712,5.4474943074941016e-14,8.491972557243974e-14,0,-2
2023-06-11 08:45:00,2023-06-11 08:45:59,0.2508,0.2509,0.2507,0.2511,0.2511161949735889,0.25087499999999996,0.2507,0.2511161949735889,True,0.00039496719413913145,-0.0002085244695516266,0,0.25263215890749496,0.25256534084628496,-27.663232137770777,-27.663232137770777,0.25254913747236496,0.2525353194888242,1.8189487280006524,0.6063162426669509,0,-2
2023-06-11 08:46:00,2023-06-11 08:46:59,0.2509,0.251,0.2509,0.2511,0.25099559748679445,0.250975,0.2509,0.2511,True,0.0003810409659863348,-0.00019000324094215344,0,0.25259874987688996,0.2525240035661467,-25.1802861618622,-25.1802861618622,0.25253347441293844,0.2525200426779901,7.326142611051785,3.0483637796841947,0,-2
2023-06-11 08:47:00,2023-06-11 08:47:59,0.251,0.2509,0.2509,0.2511,0.25098529874339726,0.250975,0.2509,0.2511,True,0.00036810946841588077,-0.00017417954061369812,0,0.25256137672151835,0.2524808306230111,-24.304981600898934,-24.304981600898934,0.2525179672048495,0.2525039228503484,12.833336494102918,7.326142611051815,0,-2
2023-06-11 08:48:00,2023-06-11 08:48:59,0.2509,0.2508,0.2504,0.2511,0.25098014937169866,0.2508,0.2504,0.2511,True,0.000391815934957602,-0.0001605259519875739,0,0.2525211036722647,0.2524353079756847,-24.50960255781419,-24.50960255781419,0.2525008730038062,0.25248696839412604,13.995079835543843,11.384852980232878,0,-2
2023-06-11 08:49:00,2023-06-11 08:49:59,0.2508,0.2509,0.2508,0.2509,0.25089007468584934,0.25085,0.2508,0.2509,True,0.0003709719396034868,-0.00013491205637268815,0,0.25247820582397473,0.25238859077667003,-22.306175098749364,-22.306175098749364,0.2524844464067534,0.25247117766383625,13.524531745154086,13.450982691600311,0,-1
2023-06-11 08:50:00,2023-06-11 08:50:59,0.2508,0.2508,0.2506,0.2508,0.2508700373429247,0.25075000000000003,0.2506,0.2508700373429247,True,0.0003659025153460965,-0.00011620948893004368,0,0.2524333983003224,0.25234056752203127,-21.91869864338611,-21.91869864338611,0.25246718823355185,0.25245454903036524,11.51517094217725,13.011594174291757,0,-1
2023-06-11 08:51:00,2023-06-11 08:51:59,0.2508,0.2506,0.2505,0.251,0.25081001867146235,0.250725,0.2505,0.251,True,0.00037548090710708967,-0.00010948242691091368,0,0.25238698291117684,0.2522916739646259,-23.53811083016229,-23.53811083016229,0.2524498530272479,0.2524360958061825,12.560139856113386,12.533280847814938,0,-2
2023-06-11 08:52:00,2023-06-11 08:52:59,0.2506,0.2506,0.2502,0.2506,0.25076750933573116,0.2505,0.2502,0.25076750933573116,True,0.0003772322708851555,-9.690689456751372e-05,0,0.25233932843790136,0.2522408869342527,-24.617718954679745,-24.617718954679745,0.2524304515045887,0.2524178261961707,7.52349406345201,10.532934953914246,0,-1
2023-06-11 08:53:00,2023-06-11 08:53:59,0.2506,0.2511,0.2506,0.2511,0.2506337546678656,0.25085,0.2506,0.2511,True,0.0003860013943933587,-4.667083323866216e-05,0,0.252290107686077,0.2521913589845472,-14.774904539883067,-14.774904539883067,0.2524147256189709,0.2524047134977013,27.319308277989904,15.800980732518463,0,-1
2023-06-11 08:54:00,2023-06-11 08:54:59,0.251,0.2509,0.2509,0.251,0.2507418773339328,0.25095,0.2509,0.251,True,0.00037271558050811724,-2.2265386399748506e-05,0,0.2522407333353121,0.25214384823865865,-11.239529158254285,-0.0,0.2524001512347025,0.25238974122409236,56.62698062794558,30.489927656462527,0,-1
2023-06-11 08:55:00,2023-06-11 08:55:59,0.2509,0.2504,0.2502,0.2509,0.2508459386669664,0.25060000000000004,0.2502,0.2509,True,0.0003960930390432541,-3.6191054237896055e-05,0,0.2521922907869854,0.2520958502535515,-13.94808500828809,-13.94808500828809,0.2523822392821184,0.25236994280395214,77.66828817279038,53.871525692908655,0,-2
2023-06-11 08:56:00,2023-06-11 08:56:59,0.2505,0.2505,0.2504,0.2507,0.25072296933348326,0.250525,0.2504,0.25072296933348326,True,0.0003892292505401622,-3.3071782471638016e-05,0,0.25214407052026844,0.25204728339904314,-14.049443812061831,-14.049443812061831,0.25236375928926147,0.2523513364078929,73.06568114986108,69.12031665019906,0,-1
2023-06-11 08:57:00,2023-06-11 08:57:59,0.2505,0.2503,0.2502,0.2506,0.25062398466674163,0.2504,0.2502,0.25062398466674163,True,0.00038999858978729427,-3.9589918228254964e-05,0,0.2520956769596558,0.2519977442569925,-15.908175957148451,-15.908175957148451,0.25234421939583596,0.2523309251003517,54.56330516815259,68.43242483026806,0,-2
2023-06-11 08:58:00,2023-06-11 08:58:59,0.2504,0.2502,0.2501,0.2504,0.25051199233337085,0.25027499999999997,0.2501,0.25051199233337085,True,0.00038357011908820345,-4.512450251963735e-05,0,0.2520467106083241,0.25194692188438667,-17.984938692757645,-17.984938692757645,0.2523236301481162,0.25230972186552236,44.64081059134421,57.42326563645267,0,-2
2023-06-11 08:59:00,2023-06-11 08:59:59,0.2503,0.2502,0.2501,0.2504,0.2503934961666854,0.25025,0.2501,0.2504,True,0.0003776008248676191,-4.284388362604786e-05,0,0.2519968162463554,0.2518952663842775,-19.369447183163775,-19.369447183163775,0.25230299701231407,0.25228872960815396,36.32232982167918,45.17548186039204,0,-1
2023-06-11 09:00:00,2023-06-11 09:00:59,0.2502,0.2504,0.2501,0.2505,0.2503217480833427,0.25029999999999997,0.2501,0.2505,True,0.0003792007659485043,-2.182865685444995e-05,0,0.25194604131531645,0.25184365242186374,-15.665640108250791,-15.665640108250791,0.2522830666937836,0.2522699362787196,35.96834357187897,38.97716132830083,0,-1
2023-06-11 09:01:00,2023-06-11 09:01:59,0.2504,0.25,0.25,0.2504,0.2503108740416713,0.2502,0.25,0.2504,True,0.00038068642552361193,-3.075169189460593e-05,0,0.2518948468685901,0.25179173918269504,-17.591986363490193,-17.591986363490193,0.2522623396620046,0.25224734984808556,35.95137819906116,36.080683864206485,0,-2
2023-06-11 09:02:00,2023-06-11 09:02:59,0.2501,0.2503,0.25,0.2503,0.25025543702083564,0.250175,0.25,0.2503,True,0.00037492310941478413,-1.0579896766460062e-05,0,0.25184329302564257,0.2517397749742744,-13.604158685236115,-13.604158685236115,0.252241570113129,0.2522279732326817,35.82968873903208,35.91647016999078,0,-1
2023-06-11 09:03:00,2023-06-11 09:03:59,0.2503,0.2504,0.2502,0.2504,0.25021521851041784,0.250325,0.2502,0.2504,True,0.00036242860159944483,1.3799911875791776e-05,0,0.2517915339999585,0.2516891563266549,-9.437198045914535,-0.0,0.2522224997637446,0.2522097844442968,44.862288555197495,38.88111849776362,0,-1
2023-06-11 09:04:00,2023-06-11 09:04:59,0.2504,0.2503,0.2502,0.2504,0.25027010925520893,0.250325,0.2502,0.2504,True,0.0003508265586280583,2.6068910235654613e-05,0,0.25174034516330673,0.25163994434627074,-8.10877023619755,-0.0,0.25220361916908046,0.2521907816140053,57.2700118779689,45.9873297240662,0,-1
2023-06-11 09:05:00,2023-06-11 09:05:59,0.2503,0.25,0.2499,0.2503,0.2502975546276045,0.250125,0.2499,0.2503,True,0.0003543389472974835,1.620019882087021e-05,0,0.25169014475478874,0.25159080527872113,-10.82441638725593,-0.0,0.25218293639127864,0.2521689827919754,62.20150812779266,54.77793618698639,0,-2
2023-06-11 09:06:00,2023-06-11 09:06:59,0.2499,0.2502,0.2496,0.2502,0.2502112773138022,0.249975,0.2496,0.2502112773138022,True,0.00037188616534766247,2.6721130335616164e-05,0,0.25164047501675496,0.2515410316027003,-9.046212940575842,-0.0,0.2521609668749475,0.25214939092339855,38.691937209802624,52.7211524051881,0,-1
2023-06-11 09:07:00,2023-06-11 09:07:59,0.2502,0.2504,0.2502,0.2505,0.2500931386569011,0.25032499999999996,0.2502,0.2505,True,0.00036675143925140246,4.990859548808396e-05,0,0.25159075330972763,0.2514935011675299,-4.842622498300194,-0.0,0.2521426985478336,0.25213198404853887,48.515699625145935,49.80304832091378,0,-1
2023-06-11 09:08:00,2023-06-11 09:08:59,0.2504,0.2505,0.2503,0.2505,0.25020906932845055,0.250425,0.2503,0.2505,True,0.000354840622162015,7.330566624603205e-05,0,0.2515421272386288,0.25144874906733544,-0.6599705727168015,-0.0,0.2521256070199945,0.2521157454012897,66.66666666666674,51.29143450053848,0,-1
2023-06-11 09:09:00,2023-06-11 09:09:59,0.2505,0.2505,0.2503,0.2507,0.2503170346642253,0.2505,0.2503,0.2507,True,0.0003580662920075822,8.881094713895552e-05,0,0.25149543815298214,0.251407005996566,2.1284640443387914,0.0,0.2521094318257657,0.25209966833262015,100.00000000000007,71.72745543060428,0,-1
2023-06-11 09:10:00,2023-06-11 09:10:59,0.2505,0.2506,0.2503,0.2506,0.25040851733211267,0.2505,0.2503,0.2506,True,0.00035391869972132395,0.00010522993422255856,0,0.2514512220747741,0.2513679183576819,5.591745821598657,5.591745821598657,0.25209341757874315,0.25208474625965877,100.00000000000006,88.88888888888899,0,2
2023-06-11 09:11:00,2023-06-11 09:11:59,0.2506,0.2511,0.2506,0.2511,0.2504542586660563,0.25085,0.2506,0.2511,True,0.000364353078312658,0.00014875924877139052,0,0.251409570216228,0.25133359091397944,12.969929701424391,12.969929701424391,0.2520810452645268,0.2520749477894134,100.00000000000006,100.0000000000001,0,2
2023-06-11 09:12:00,2023-06-11 09:12:59,0.251,0.2508,0.2504,0.251,0.25065212933302816,0.2508,0.2504,0.251,True,0.0003883278584331809,0.00015276182744652353,0,0.2513715805651037,0.25130290367501656,12.031066706783662,12.031066706783662,0.2520682985454768,0.25206226174175755,98.27462350404859,99.4248745013496,0,2
2023-06-11 09:13:00,2023-06-11 09:13:59,0.2507,0.2505,0.2505,0.2507,0.2507260646665141,0.2506,0.2505,0.2507260646665141,True,0.00038201872568795523,0.00013078004669801567,0,0.25133724212006014,0.25127392072924637,7.126113751908285,7.126113751908285,0.2520536886097009,0.25204671684880475,90.03724152665104,96.10395501023326,0,1
2023-06-11 09:14:00,2023-06-11 09:14:59,0.2505,0.2506,0.2505,0.2506,0.25066303233325704,0.25055,0.2505,0.25066303233325704,True,0.00036187453099595764,0.00012020057222236058,0,0.25130558142465326,0.2512461353861495,5.237321507242747,5.237321507242747,0.25203872653398246,0.2520323216562793,80.2643807411879,89.52541525729588,0,2
2023-06-11 09:15:00,2023-06-11 09:15:59,0.2505,0.2504,0.2504,0.2507,0.25060651616662855,0.2505,0.2504,0.2507,True,0.00035745492163910113,9.670036021184876e-05,0,0.25127585840540134,0.2512191405078886,1.25443722111509,0.0,0.25202341582220156,0.25201607964974915,70.65128880568882,80.31763702450928,0,1
2023-06-11 09:16:00,2023-06-11 09:16:59,0.2504,0.2499,0.2497,0.2504,0.2505532580833143,0.2501,0.2497,0.2505532580833143,True,0.00038192242723630865,4.5172300701410394e-05,0,0.251247499456645,0.25119020875633924,-6.056616958252214,-0.0,0.252004277356309,0.2519950241308462,56.952935529939715,69.2895350256055,0,1
2023-06-11 09:17:00,2023-06-11 09:17:59,0.2499,0.2504,0.2498,0.2504,0.25032662904165714,0.250125,0.2498,0.2504,True,0.0003974993967194307,4.633456237598739e-05,0,0.2512188541064921,0.2511601221199987,-4.354765380032035,-0.0,0.2519855780791318,0.2519791532439721,45.7839706494162,57.79606499501494,0,2
2023-06-11 09:18:00,2023-06-11 09:18:59,0.2504,0.2504,0.2499,0.2504,0.2502258145208286,0.250275,0.2499,0.2504,True,0.0004048208683823285,4.714918393771084e-05,0,0.2511894881132454,0.2511303618205814,-3.2201976612185774,-0.0,0.2519685574017275,0.25196344027637035,42.03787097090768,48.258259050087894,0,2
2023-06-11 09:19:00,2023-06-11 09:19:59,0.2505,0.2509,0.2505,0.251,0.2502504072604143,0.250725,0.2505,0.251,True,0.00041876223492644715,8.191120670501161e-05,0,0.25115992496691336,0.2511041501143809,2.405355671451005,0.0,0.2519561836962377,0.2519528587810831,62.9182845130484,50.24670871112412,0,2
2023-06-11 09:20:00,2023-06-11 09:20:59,0.2508,0.2502,0.2502,0.2508,0.2504877036302071,0.2505,0.2502,0.2508,True,0.00043885064671741764,5.464107281041885e-05,0,0.25113203754064717,0.2510793683414761,-0.7420330040155392,-0.0,0.25194169430622537,0.2519354174001768,72.69418483451805,59.21678010615807,0,1
2023-06-11 09:21:00,2023-06-11 09:21:59,0.2502,0.2504,0.25,0.2504,0.25049385181510353,0.25025,0.25,0.25049385181510353,True,0.0004360756005233172,5.01146998483695e-05,0,0.25110570294106166,0.25105416712856143,-0.9337695884039121,-0.0,0.25192486152705895,0.2519201396151004,67.33749975233023,67.64998969996559,0,2
2023-06-11 09:22:00,2023-06-11 09:22:59,0.2504,0.2501,0.2499,0.2504,0.25037192590755175,0.2502,0.2499,0.2504,True,0.00044064162905736596,2.6128555271514252e-05,0,0.2510799350348116,0.2510284655415253,-3.542828948906589,-0.0,0.25190769872579466,0.2519020287731591,46.198827479599856,62.07683735548273,0,1
2023-06-11 09:23:00,2023-06-11 09:23:59,0.2502,0.2504,0.25,0.2504,0.25028596295377586,0.25025,0.25,0.2504,True,0.0004377386555532692,3.1738199855628046e-05,0,0.25105420028816844,0.2510028893998174,-2.2455092399064824,-0.0,0.2518912042111101,0.25188708321322717,37.622930502518045,50.38641924481607,0,2
2023-06-11 09:24:00,2023-06-11 09:24:59,0.2504,0.2503,0.2503,0.2506,0.2502679814768879,0.2504,0.2503,0.2506,True,0.00042790018015660474,2.8750177634545224e-05,0,0.25102854484399295,0.25097861666114984,-2.360646315582386,-0.0,0.2518763663582632,0.2518712913404587,45.53090117480148,43.117553052306484,0,1
2023-06-11 09:25:00,2023-06-11 09:25:59,0.2502,0.2501,0.25,0.2502,0.250333990738444,0.250125,0.25,0.250333990738444,True,0.00041876445300256316,1.3433574807124294e-05,0,0.2510035807525714,0.2509536498452099,-4.379876048259007,-0.0,0.2518589398273352,0.2518536665510014,45.116758350547805,42.75686334262247,0,1
2023-06-11 09:26:00,2023-06-11 09:26:59,0.2502,0.2505,0.2502,0.2505,0.250229495369222,0.25034999999999996,0.2502,0.2505,True,0.0004174241349309523,3.195477619655104e-05,0,0.25097861529889065,0.25092985161554043,-1.290116482037675,-0.0,0.25184392550069507,0.25184019723208595,53.08185028566544,47.9098366036716,0,2
2023-06-11 09:27:00,2023-06-11 09:27:59,0.2505,0.2505,0.2505,0.2505,0.250289747684611,0.2505,0.2505,0.2505,True,0.00038760812529302715,4.404084722757682e-05,0,0.25095423345721557,0.2509081658627438,0.7697232287765488,0.0,0.25183055310765334,0.2518268619362443,60.42272320655761,52.87377728092364,0,2
2023-06-11 09:28:00,2023-06-11 09:28:59,0.2505,0.2506,0.2505,0.2506,0.2503948738423055,0.25055,0.2505,0.2506,True,0.0003670646877720959,5.820900899732457e-05,0,0.25093119965997973,0.25088863511834475,3.282633354734152,3.282633354734152,0.25181781128568664,0.25181465435478917,80.00090308293677,64.50182552505329,0,2
2023-06-11 09:29:00,2023-06-11 09:29:59,0.2507,0.2507,0.2506,0.2508,0.25047243692115273,0.25070000000000003,0.2506,0.2508,True,0.00035513149578837716,7.299214950155295e-05,0,0.2509099173891623,0.250871964188409,6.116496523027159,6.116496523027159,0.2518066887853316,0.2518035632666818,91.77763346941795,77.40041991963746,0,2
2023-06-11 09:30:00,2023-06-11 09:30:59,0.2508,0.251,0.2508,0.251,0.2505862184605764,0.2509,0.2508,0.251,True,0.00035119353180349466,0.0001011042746025331,0,0.2508909407887857,0.2508590314035134,10.946372895151157,10.946372895151157,0.25179766700637307,0.25179556761228694,96.97004306838922,89.58285987358134,1,2
2023-06-11 09:31:00,2023-06-11 09:31:59,0.251,0.251,0.2509,0.2511,0.2507431092302882,0.251,0.2509,0.2511,True,0.00034039399381752917,0.00011583532245525461,0,0.2508749860961496,0.25084981652550115,14.166290476567156,14.166290476567156,0.25178973002123506,0.2517876515166423,100.0000000000001,96.24922551260245,0,2
2023-06-11 09:32:00,2023-06-11 09:32:59,0.251,0.2509,0.2509,0.251,0.2508715546151441,0.25095,0.2509,0.251,True,0.0003232229942591335,0.00011420743850593345,0,0.25086240131082543,0.25084324895241433,13.965194818992295,13.965194818992295,0.2517813744986357,0.25177881916324285,97.45284902693572,98.14096403177506,0,2
2023-06-11 09:33:00,2023-06-11 09:33:59,0.251,0.2514,0.251,0.2514,0.25091077730757205,0.2512,0.251,0.2514,True,0.000335849923240624,0.00014303248904887957,1,0.25085282513161994,0.25084052594751466,18.378697403951108,18.378697403951108,0.25177558967775376,0.251775049818335,97.45284902693572,98.30189935129056,0,2
2023-06-11 09:34:00,2023-06-11 09:34:59,0.2513,0.2517,0.2513,0.2517,0.251055388653786,0.2515,0.2513,0.2517,True,0.0003404320715805763,0.0001763042998856272,0,0.25084667553956735,0.2508429067999349,22.934404648829187,22.934404648829187,0.2517728474919055,0.2517743030539734,97.45284902693572,97.45284902693577,0,2
2023-06-11 09:35:00,2023-06-11 09:35:59,0.2517,0.2525,0.2516,0.2525,0.251277694326893,0.252075,0.2516,0.2525,True,0.0003804012093248217,0.0002449551115035268,0,0.25084479116975117,0.2508532347314291,28.392838984923372,28.392838984923372,0.25177585398452335,0.251781523919108,100.00000000000011,98.30189935129056,0,2
2023-06-11 09:36:00,2023-06-11 09:36:59,0.2526,0.2528,0.2526,0.2528,0.2516763471634465,0.25270000000000004,0.2526,0.2528,True,0.0003746582658016217,0.00029871160782076194,0,0.2508490129505902,0.250874036758239,32.580633818455894,32.580633818455894,0.25178504946726443,0.2517916580094652,100.00000000000011,99.15094967564535,0,2
2023-06-11 09:37:00,2023-06-11 09:37:59,0.2527,0.2525,0.2524,0.253,0.2521881735817233,0.25265000000000004,0.2524,0.253,True,0.00039075410395864794,0.00029879436680634535,0,0.25086152485441465,0.25090259933675146,30.64299932278594,30.64299932278594,0.25179365594022696,0.2517987061884755,98.8344793476369,99.61149311587907,0,2
2023-06-11 09:38:00,2023-06-11 09:38:59,0.2525,0.2526,0.2523,0.2526,0.25241908679086167,0.2525,0.2523,0.2526,True,0.00038427166796159933,0.0002911124397148619,0,0.2508820620955831,0.25093604672301256,29.806071196740234,29.806071196740234,0.25180068423932916,0.25180667926122696,94.1558297493384,97.66343636565851,0,2
2023-06-11 09:39:00,2023-06-11 09:39:59,0.2525,0.2524,0.2523,0.2525,0.25245954339543086,0.252425,0.2523,0.2525,True,0.00037825226310719704,0.0002577085940417533,0,0.2509090544092979,0.2509725958883673,26.030551725754933,26.030551725754933,0.25180689633645026,0.25181258295017,86.64352107477815,93.21127672391786,0,1
2023-06-11 09:40:00,2023-06-11 09:40:59,0.2523,0.2526,0.2523,0.2526,0.25244227169771544,0.25245,0.2523,0.2526,True,0.00037266281574239486,0.00023618232780317863,0,0.2509408251488326,0.25101150786665943,24.870084800433773,24.870084800433773,0.2518132953778786,0.2518204179456907,79.72995839182065,86.84310307197912,0,1
2023-06-11 09:41:00,2023-06-11 09:41:59,0.2525,0.2521,0.252,0.2525,0.2524461358488577,0.25227499999999997,0.252,0.2525,True,0.00038890118604650875,0.00017491616189085088,0,0.250976166507746,0.251050812440535,17.34471749715314,17.34471749715314,0.25181788945372063,0.25182319985667884,70.23706620708587,78.87018189122828,0,1
2023-06-11 09:42:00,2023-06-11 09:42:59,0.2521,0.2523,0.2521,0.2523,0.25236056792442885,0.2522,0.2521,0.25236056792442885,True,0.0003754082441860462,0.00013842208272127246,0,0.25101348947414054,0.2510896418567387,14.20703140054556,14.20703140054556,0.2518216915487085,0.2518279441367119,59.00665509031679,69.65789322974116,0,1
2023-06-11 09:43:00,2023-06-11 09:43:59,0.2521,0.2522,0.2521,0.2522,0.2522802839622144,0.25215,0.2521,0.2522802839622144,True,0.0003628790838870453,9.878500182847118e-05,0,0.2510515656654396,0.25112748771370363,10.836678341632634,10.836678341632634,0.2518249582994676,0.25183164618510284,42.59508103583395,57.27960077774559,0,1
2023-06-11 09:44:00,2023-06-11 09:44:59,0.2523,0.2522,0.2522,0.2524,0.25221514198110717,0.25227499999999997,0.2522,0.2524,True,0.00035124486360940156,6.559135936883226e-05,0,0.25108952668957163,0.25116515717766946,8.58977630235735,8.58977630235735,0.2518294363263386,0.2518353113971914,34.86262582471404,45.488120650288316,0,1
2023-06-11 09:45:00,2023-06-11 09:45:59,0.2522,0.2521,0.2521,0.2525,0.2522450709905536,0.252225,0.2521,0.2525,True,0.000354727373351588,3.1089693117926755e-05,0,0.2511273419336206,0.25120208626043045,5.522262729008283,0.0,0.25183337228329045,0.25183794511463226,29.267008148837117,35.57490500312842,0,1
2023-06-11 09:46:00,2023-06-11 09:46:59,0.2521,0.2521,0.252,0.2521,0.2522350354952768,0.252075,0.252,0.2522350354952768,True,0.0003365325609693309,4.0977880220097315e-06,0,0.2511647140970255,0.2512371499035618,3.477253680108909,0.0,0.2518357765391781,0.25184055262592947,20.42433220530732,28.184655392952877,0,1
2023-06-11 09:47:00,2023-06-11 09:47:59,0.2521,0.2521,0.2521,0.2521,0.2521550177476384,0.2521,0.2521,0.2521550177476384,True,0.000312494520900093,-1.6833635409436065e-05,0,0.25120093200029364,0.2512706758256596,2.113914314175993,0.0,0.25183840562834053,0.2518431341918406,9.806904657667744,19.83274833727078,0,1
2023-06-11 09:48:00,2023-06-11 09:48:59,0.2521,0.252,0.2518,0.2522,0.2521275088738192,0.252025,0.2518,0.2522,True,0.0003187449122643689,-3.973665309575246e-05,0,0.2512358039129766,0.25130224648593447,-0.9473795407758914,-0.0,0.25184026228875506,0.25184469504565316,0.8119087915406572,10.347715218171958,0,1
2023-06-11 09:49:00,2023-06-11 09:49:59,0.252,0.252,0.2519,0.2522,0.2520762544369096,0.252025,0.2519,0.2522,True,0.00031740598995976877,-5.596404904406274e-05,0,0.25126902519945554,0.25133206114652185,-2.988242110743819,-0.0,0.2518421004749366,0.251846240368582,0.8119087915406794,3.8102407469164117,0,1
2023-06-11 09:50:00,2023-06-11 09:50:59,0.252,0.2522,0.2518,0.2522,0.25205062721845484,0.25205,0.2518,0.2522,True,0.00032330556210549645,-5.3341218631694606e-05,0,0.25130054317298867,0.25136046026251413,0.8549361590163045,0.0,0.2518441691269273,0.2518497603649145,0.9822249548387538,0.8686808459734151,0,1
2023-06-11 09:51:00,2023-06-11 09:51:59,0.2523,0.2527,0.2522,0.2527,0.2520503136092274,0.252475,0.2522,0.2527,True,0.0003359265933836753,-1.7990383286947762e-05,0,0.2513305017177514,0.2513904660141272,9.646114831721242,0.0,0.25185044605103746,0.25185822046078604,19.808302237430855,7.200811994603481,0,2
2023-06-11 09:52:00,2023-06-11 09:52:59,0.2524,0.2522,0.2522,0.2524,0.2522626568046137,0.25229999999999997,0.2522,0.2524,True,0.0003476461224276986,-3.160912775521227e-05,0,0.2513604838659393,0.2514203301237908,6.470537068339574,0.0,0.25185491922465897,0.251861621252221,27.526873140010363,16.105800110760043,0,1
2023-06-11 09:53:00,2023-06-11 09:53:59,0.2522,0.2524,0.2522,0.2525,0.2522813284023068,0.25232499999999997,0.2522,0.2525,True,0.00034424282796857887,-2.8225144068883933e-05,0,0.25139040699486503,0.2514500493447864,6.751013035351896,0.0,0.2518595966453091,0.25186697825468646,35.40055533261338,27.578576903351586,0,1
2023-06-11 09:54:00,2023-06-11 09:54:59,0.2524,0.2523,0.2523,0.2525,0.2523031642011534,0.252375,0.2523,0.2525,True,0.0003339397688279645,-3.452565680388172e-05,0,0.25142022816982573,0.2514797936416266,5.416778444787603,0.0,0.25186472503689805,0.2518712869287692,33.682811507788806,32.20341332680423,0,1
2023-06-11 09:55:00,2023-06-11 09:55:59,0.2523,0.2528,0.2523,0.253,0.2523390821005767,0.25260000000000005,0.2523,0.253,True,0.00036008692819739413,-5.605387213713348e-06,0,0.25145001090572616,0.2515108973426268,9.619519682695874,0.0,0.2518720412056851,0.2518805278548511,59.123854181535016,42.73574034064578,0,2
2023-06-11 09:56:00,2023-06-11 09:56:59,0.2528,0.2527,0.2527,0.2528,0.2524695410502884,0.25275000000000003,0.2527,0.2528,True,0.000341509290469012,3.654029762910089e-06,0,0.2514804541241765,0.2515438870671356,10.788612052561454,0.0,0.2518807771140863,0.2518886818065441,83.60128036742668,58.802648685583556,0,2
2023-06-11 09:57:00,2023-06-11 09:57:59,0.2527,0.2525,0.2525,0.2527,0.2526097705251442,0.2526,0.2525,0.2527,True,0.00033140148400693815,-7.076733883401218e-06,0,0.25151217059565606,0.251577106167103,8.467427161079023,0.0,0.2518879335607123,0.2518947645746382,84.24954987255228,75.6582281405047,0,1
2023-06-11 09:58:00,2023-06-11 09:58:59,0.2527,0.2529,0.2527,0.2529,0.2526048852625721,0.2528,0.2527,0.2529,True,0.00033630137800644337,1.0904439135555341e-05,0,0.2515446383813795,0.2516116501503219,10.94105799750578,0.0,0.25189700884866545,0.2519047669171791,78.91058422298936,82.25380482098949,0,2
2023-06-11 09:59:00,2023-06-11 09:59:59,0.2528,0.2527,0.2526,0.2528,0.25270244263128605,0.252725,0.2526,0.2528,True,0.0003337084224345562,5.4807798643656666e-06,0,0.2515781442658507,0.251646485635221,9.61397997998499,0.0,0.25190524756658916,0.25191267968417236,65.77527183282933,76.3118019761237,0,1
2023-06-11 10:00:00,2023-06-11 10:00:59,0.2526,0.2527,0.2526,0.2528,0.252713721315643,0.252675,0.2526,0.2528,True,0.00032415782083209033,-1.1259712220189734e-06,0,0.2516123149505358,0.25168096855979705,8.729261301637798,0.0,0.2519129067947823,0.2519205137171657,63.09359352862543,69.25981652814808,0,1
2023-06-11 10:01:00,2023-06-11 10:01:59,0.2528,0.2531,0.2528,0.2533,0.25269436065782147,0.253,0.2528,0.2533,True,0.0003438608336298014,1.9229412005532178e-05,0,0.2516466417551664,0.25171716716724335,12.166774746093736,12.166774746093736,0.2519237236425954,0.2519322498990844,66.8808579355268,65.24990776566057,0,2
2023-06-11 10:02:00,2023-06-11 10:02:59,0.253,0.2529,0.2529,0.2532,0.25284718032891074,0.253,0.2529,0.2532,True,0.0003407279169419561,1.4928473171934512e-05,0,0.2516819044612048,0.2517544681829361,11.141003254658699,0.0,0.25193443286008205,0.2519418792533224,78.29074932601772,69.42173359672336,0,1
2023-06-11 10:03:00,2023-06-11 10:03:59,0.2529,0.2525,0.2525,0.2529,0.25292359016445537,0.25270000000000004,0.2525,0.25292359016445537,True,0.00034496163716038865,-1.885908801505128e-05,0,0.25171818632207044,0.25179032288871867,5.3944649574609045,0.0,0.2519420504435638,0.2519474326935878,63.8074908429406,69.65969936816175,0,1
2023-06-11 10:04:00,2023-06-11 10:04:59,0.2527,0.2524,0.2523,0.2527,0.25281179508222773,0.252525,0.2523,0.25281179508222773,True,0.0003488929487917863,-4.959144174290352e-05,0,0.2517542546053945,0.2518235922170194,0.5158029976388789,0.0,0.25194785093666267,0.25195193585086556,32.199578509276414,58.099272892744956,0,1
2023-06-11 10:05:00,2023-06-11 10:05:59,0.2525,0.2517,0.2517,0.2525,0.25266839754111386,0.2521,0.2517,0.25266839754111386,True,0.00038111488102094603,-0.0001180305818821303,-1,0.25178892341120696,0.2518516818445013,-7.838647533052068,-7.838647533052068,0.25194936485769087,0.2519494290264788,0.5916661756121849,32.19957850927645,0,1
2023-06-11 10:06:00,2023-06-11 10:06:59,0.2517,0.2515,0.2514,0.2517,0.25238419877055696,0.251575,0.2514,0.25238419877055696,True,0.0003753209609480189,-0.00017329711872852104,0,0.2518203026278541,0.25187189867406595,-14.376040019198271,-14.376040019198271,0.25194563983423124,0.2519449570958671,7.112828844431836e-14,10.930414894962938,0,-2
2023-06-11 10:07:00,2023-06-11 10:07:59,0.2514,0.2514,0.2514,0.2518,0.2519795993852785,0.2515,0.2514,0.2519795993852785,True,0.00037708374945173267,-0.00021042573265910708,0,0.25184610065096,0.2518852639057536,-19.21577172975354,-19.21577172975354,0.25194120560702493,0.25193953463720176,7.112828844431836e-14,0.19722205853749133,-1,-2
2023-06-11 10:08:00,2023-06-11 10:08:59,0.2514,0.2514,0.2514,0.2517,0.25173979969263927,0.251475,0.2514,0.25173979969263927,True,0.0003715777673480351,-0.00022695993011553884,0,0.2518656822783568,0.2518929715999588,-22.442259536790388,-22.442259536790388,0.2519365667452635,0.251934166133349,7.112828844431836e-14,1.2007678801890303e-13,0,-2
2023-06-11 10:09:00,2023-06-11 10:09:59,0.2515,0.2517,0.2513,0.2517,0.25160739984631963,0.25155,0.2513,0.2517,True,0.0003736079268231723,-0.0002084948797614449,0,0.2518793269391578,0.25189668677189764,-18.89322567947406,-18.89322567947406,0.25193272030998726,0.25193183612207193,1.9551102432166303,0.6517034144056398,0,-2
2023-06-11 10:10:00,2023-06-11 10:10:59,0.2517,0.2514,0.2514,0.2518,0.25157869992315984,0.251575,0.2514,0.2518,True,0.0003754930749072322,-0.00020903324470863174,0,0.25188800685552776,0.2518974046395346,-19.155794743881877,-19.155794743881877,0.25192916090391776,0.25192654422035976,4.626657355987375,2.1939225330680743,0,-2
2023-06-11 10:11:00,2023-06-11 10:11:59,0.2514,0.2516,0.2514,0.2516,0.2515768499615799,0.2515,0.2514,0.2516,True,0.0003629578552709997,-0.00018720673484524036,0,0.2518927057475312,0.2518952432033206,-16.039023718210316,-16.039023718210316,0.25192489064616735,0.2519232950241373,6.025040726045641,4.202269441749931,0,-2
2023-06-11 10:12:00,2023-06-11 10:12:59,0.2515,0.2514,0.2514,0.2515,0.25153842498078993,0.25145,0.2514,0.25153842498078993,True,0.0003513180084659267,-0.00017902354230665937,0,0.2518939744754259,0.2518904866475135,-15.908591193032485,-15.908591193032485,0.251920165366106,0.2519180881084742,4.608241653189928,5.086646578407698,0,-2
2023-06-11 10:13:00,2023-06-11 10:13:59,0.2515,0.2508,0.2507,0.2517,0.25149421249039494,0.251175,0.2507,0.2517,True,0.00039765243643264623,-0.00020716486880988457,0,0.2518922305614697,0.2518818327783789,-19.755110592951475,-19.755110592951475,0.25191275078534875,0.25190696285366354,1.9366945404191835,4.189992306551633,0,-2
2023-06-11 10:14:00,2023-06-11 10:14:59,0.2509,0.2506,0.2506,0.251,0.25133460624519743,0.25077499999999997,0.2506,0.25133460624519743,True,0.0003978201195446009,-0.00022976082093414686,0,0.25188703166992427,0.25186742547641267,-23.22758668452067,-23.22758668452067,0.2519014298820119,0.25189395824815447,0.5383111703609176,2.3610824546567257,0,-2
2023-06-11 10:15:00,2023-06-11 10:15:59,0.2506,0.2501,0.2501,0.2507,0.2510548031225987,0.25037499999999996,0.2501,0.2510548031225987,True,0.00041226153957712867,-0.0002679533154937387,0,0.25187722857316847,0.2518458428803438,-27.30067303889289,-27.30067303889289,0.25188624152497696,0.25187610791732706,7.098025870770168e-14,0.8250019035934398,0,-2
2023-06-11 10:16:00,2023-06-11 10:16:59,0.2502,0.2499,0.2498,0.2503,0.25071490156129933,0.25005,0.2498,0.25071490156129933,True,0.00041852857246447864,-0.00029350578374876695,0,0.2518615357267561,0.2518165293587023,-30.56533616821084,-30.56533616821084,0.25186797046502696,0.2518564451519805,7.098025870770168e-14,0.17943705678706892,0,-2
2023-06-11 10:17:00,2023-06-11 10:17:59,0.2499,0.2504,0.2499,0.2505,0.2503824507806497,0.250175,0.2499,0.2505,True,0.00043149081728844366,-0.0002612596412652714,0,0.2518390325427292,0.2517821879798545,-25.380699613114913,-25.380699613114913,0.251851124987763,0.2518419531604185,3.5271173302145384,1.175705776738276,0,-1
2023-06-11 10:18:00,2023-06-11 10:18:59,0.2503,0.2507,0.2503,0.2507,0.2502787253903248,0.2505,0.2503,0.2507,True,0.0004292414731964088,-0.00020638045294431708,0,0.25181061026129187,0.25174635359767517,-18.578866198327162,-18.578866198327162,0.25183768095803405,0.2518305904424044,19.908018859312694,7.8117120631758175,0,-1
2023-06-11 10:19:00,2023-06-11 10:19:59,0.2508,0.2512,0.2508,0.2514,0.25038936269516243,0.25105,0.2508,0.2514,True,0.00044858136796809624,-0.00012528103780586096,0,0.25177848192948354,0.25171336321034926,-9.721176111371733,-9.721176111371733,0.25182984333656105,0.2518243159106392,53.241352192646026,25.558829460724468,0,-1
2023-06-11 10:20:00,2023-06-11 10:20:59,0.2513,0.2512,0.2509,0.2514,0.2507196813475812,0.2512,0.2509,0.2514,True,0.0004522541273989465,-6.495181541638117e-05,0,0.2517459225699164,0.251683867428833,-3.8160493867347824,-3.8160493867347824,0.25182357623868484,0.25181810381202585,83.0475681957649,52.06564641590793,0,-1
2023-06-11 10:21:00,2023-06-11 10:21:59,0.251,0.2515,0.251,0.2517,0.2509598406737906,0.25129999999999997,0.251,0.2517,True,0.00046995026115616306,-8.234507404864411e-08,0,0.2517148949993747,0.25165801145382216,2.4914745298647816,0.0,0.2518183665248671,0.2518149385999659,100.00000000000007,78.76297346280371,0,-1
2023-06-11 10:22:00,2023-06-11 10:22:59,0.2514,0.2515,0.2512,0.2516,0.2511299203368953,0.251425,0.2512,0.2516,True,0.00046495381393072365,4.423873359472787e-05,0,0.25168645322659844,0.25163605615648893,6.696490474264486,0.0,0.2518144524300923,0.2518118048825533,100.00000000000007,94.34918939858841,0,-1
2023-06-11 10:23:00,2023-06-11 10:23:59,0.2515,0.2514,0.2513,0.2515,0.25127746016844765,0.251425,0.2513,0.2515,True,0.00044602854150709893,6.635535267221986e-05,0,0.2516612546915437,0.25161732252681157,7.8686190075314215,7.8686190075314215,0.25181057728153416,0.25180770732153285,100.00000000000007,100.00000000000013,0,-1
2023-06-11 10:24:00,2023-06-11 10:24:59,0.2515,0.2514,0.2512,0.2516,0.25135123008422383,0.251425,0.2512,0.2516,True,0.000442740788542307,7.987192542240735e-05,0,0.25163928860917767,0.2516012538713585,8.650038029709378,8.650038029709378,0.25180674069166814,0.2518036505322639,100.00000000000006,100.00000000000013,0,-1
2023-06-11 10:25:00,2023-06-11 10:25:59,0.2513,0.251,0.251,0.2513,0.2513881150421119,0.25115,0.251,0.2513881150421119,True,0.00043968787507500017,5.966246385148959e-05,0,0.2516202712402681,0.2515855068244659,3.1068357757810148,0.0,0.25180020595841773,0.2517956540095548,94.26560945266833,98.0885364842229,0,-2
2023-06-11 10:26:00,2023-06-11 10:26:59,0.2511,0.2514,0.2511,0.2516,0.25126905752105594,0.25129999999999997,0.2511,0.2516,True,0.0004511387411410708,7.331518699597238e-05,0,0.251602889032367,0.25157115018326254,4.553937684997315,0.0,0.2517952287847021,0.2517917171537383,91.982028242088,95.41587923158555,0,-1
2023-06-11 10:27:00,2023-06-11 10:27:59,0.2514,0.2519,0.2514,0.2521,0.251284528760528,0.25170000000000003,0.2514,0.2521,True,0.00046891454534527845,0.0001149853143426699,1,0.25158701960781477,0.2515607311454488,9.56495289526088,9.56495289526088,0.25179428123460557,0.25179279459499465,91.98202824208802,92.7432219789482,0,2
2023-06-11 10:28:00,2023-06-11 10:28:59,0.2519,0.2517,0.2516,0.252,0.251492264380264,0.2518,0.2516,0.252,True,0.0004639920778206165,0.00012471091637950726,0,0.2515738753766318,0.25155416980250145,10.111974378824812,10.111974378824812,0.2517943381377438,0.25179187126569125,97.71641878941973,93.89349175786532,0,2
2023-06-11 10:29:00,2023-06-11 10:29:59,0.2517,0.2516,0.2516,0.2517,0.251646132190132,0.25165,0.2516,0.2517,True,0.0004379926436905717,0.00012000027842429831,0,0.2515640225895666,0.25154966150812264,9.101699450885839,9.101699450885839,0.25179290193736825,0.25178996209886845,97.13951820336403,95.61265507829067,0,2
2023-06-11 10:30:00,2023-06-11 10:30:59,0.2516,0.2519,0.2516,0.2519,0.25164806609506596,0.25175000000000003,0.2516,0.2519,True,0.0004281360262841039,0.00013340032002582725,0,0.25155684204884465,0.25154748663136045,11.22142438760342,11.22142438760342,0.2517924750524193,0.2517910570033573,95.71394567339837,96.85662755539413,1,2
2023-06-11 10:31:00,2023-06-11 10:31:59,0.2518,0.2519,0.2517,0.2519,0.251699033047533,0.251825,0.2517,0.2519,True,0.0004118405958352417,0.00013711861083621466,0,0.2515521643401026,0.25154767837242514,12.634574345415139,12.634574345415139,0.2517927986837385,0.25179214101327413,95.5628315423207,96.13876513969444,0,2
2023-06-11 10:32:00,2023-06-11 10:32:59,0.2519,0.2523,0.2519,0.2523,0.2517620165237665,0.2521,0.2519,0.2523,True,0.00041099483898986806,0.0001616151140197595,0,0.25154992135626386,0.2515516188452536,16.71581474721718,16.71581474721718,0.25179585541325356,0.25179719433652514,98.42331333895673,96.56669685155867,0,2
2023-06-11 10:33:00,2023-06-11 10:33:59,0.2523,0.2523,0.2522,0.2524,0.25193100826188325,0.2523,0.2522,0.2524,True,0.00039592377906202275,0.00017075309173094928,0,0.2515507701007587,0.2515598558978218,19.43664168175188,19.43664168175188,0.25180087177730076,0.25180219737795273,99.84888586892238,97.94501025006667,0,2
2023-06-11 10:34:00,2023-06-11 10:34:59,0.2523,0.2524,0.2523,0.2524,0.25211550413094164,0.25235,0.2523,0.2524,True,0.0003747863662718775,0.0001761293983142599,0,0.25155531299929024,0.251571762216068,21.999016996994072,21.999016996994072,0.25180633573971567,0.2518081456627492,100.00000000000007,99.42406640262647,0,2
2023-06-11 10:35:00,2023-06-11 10:35:59,0.2524,0.2524,0.2523,0.2524,0.2522327520654708,0.252375,0.2523,0.2524,True,0.00035515876868102834,0.0001716875831082537,0,0.2515635376076791,0.25158664720956836,23.707267207155525,23.707267207155525,0.25181199409056426,0.2518140347606323,100.00000000000007,99.94962862297423,0,2
2023-06-11 10:36:00,2023-06-11 10:36:59,0.2525,0.2524,0.2523,0.2526,0.2523038760327354,0.25245,0.2523,0.2526,True,0.0003512188566323811,0.00016081717379034589,0,0.2515750924086237,0.25160428978791893,24.846100680596493,24.846100680596493,0.2518183424080711,0.2518198652605265,100.00000000000007,100.00000000000013,0,2
2023-06-11 10:37:00,2023-06-11 10:37:59,0.2524,0.2526,0.2524,0.2527,0.25237693801636774,0.252525,0.2524,0.2527,True,0.00034756036687292295,0.00015973026784243559,0,0.2515896910982713,0.2516244969651252,27.404963144710095,27.404963144710095,0.2518253738268963,0.25182762779524764,100.00000000000007,100.00000000000013,0,2
2023-06-11 10:38:00,2023-06-11 10:38:59,0.2525,0.2526,0.2523,0.2526,0.25245096900818387,0.2525,0.2523,0.2526,True,0.00034416319781056895,0.0001510424263520851,0,0.25160709403169823,0.2516464130997344,29.110871454119163,29.110871454119163,0.2518320865251361,0.2518353130908173,98.7643375735371,99.58811252451248,0,2
2023-06-11 10:39:00,2023-06-11 10:39:59,0.2526,0.2527,0.2525,0.2527,0.25247548450409196,0.252625,0.2525,0.2527,True,0.0003338658265383839,0.00014444095668187024,0,0.2516267535657163,0.251670381973468,31.094300030255837,31.094300030255837,0.25183997621145315,0.25184391694065994,98.7643375735371,99.17622504902482,0,2
2023-06-11 10:40:00,2023-06-11 10:40:59,0.2526,0.2527,0.2525,0.2528,0.252550242252046,0.25265000000000004,0.2525,0.2528,True,0.00033144683892850094,0.00013239181795046285,0,0.25164856776959216,0.25169597405777305,32.41658574768029,32.41658574768029,0.2518480361496476,0.25185243518005634,98.7643375735371,98.76433757353716,0,2
2023-06-11 10:41:00,2023-06-11 10:41:59,0.2526,0.2526,0.2525,0.2527,0.25260012112602304,0.2526,0.2525,0.2527,True,0.000322057779005035,0.00011028828338057421,0,0.2516722709136826,0.25172232546508855,28.393671363733006,28.393671363733006,0.2518555183770143,0.2518598736359762,95.82726536614946,97.78531350440795,0,1
2023-06-11 10:42:00,2023-06-11 10:42:59,0.2526,0.2527,0.2526,0.2527,0.25260006056301154,0.25265,0.2526,0.2527,True,0.00030619650907610317,9.621090091719707e-05,0,0.2516972981893856,0.25174943694724544,27.410691409228733,27.410691409228733,0.25186342366679526,0.25186823310228484,93.64980841736075,96.08047045234918,0,1
2023-06-11 10:43:00,2023-06-11 10:43:59,0.2526,0.2526,0.2525,0.2528,0.25262503028150574,0.252625,0.2525,0.2528,True,0.0003057539012849545,7.408335249630912e-05,0,0.2517233675683155,0.2517767893014839,22.45511584075271,22.45511584075271,0.2518710015407575,0.25187551436494865,88.62205559693022,92.69970979348022,0,1
2023-06-11 10:44:00,2023-06-11 10:44:59,0.2527,0.2528,0.2526,0.2529,0.25262501514075286,0.25275000000000003,0.2526,0.2529,True,0.0003053429083360308,6.819508327526598e-05,0,0.25175007843489966,0.2518050012627009,22.784344153629377,22.784344153629377,0.2518797477940833,0.25188471322698897,92.79479023078083,91.68888474835735,0,1
2023-06-11 10:45:00,2023-06-11 10:45:59,0.2529,0.2526,0.2526,0.2531,0.25268750757037645,0.2528,0.2526,0.2531,True,0.0003192469863120286,4.553046610879859e-05,0,0.25177753984880025,0.25183403948765426,16.66804838586424,16.66804838586424,0.2518889045324506,0.25189183050831243,94.97224717956955,92.12969766909362,0,1
2023-06-11 10:46:00,2023-06-11 10:46:59,0.2525,0.2524,0.2523,0.2527,0.2527437537851882,0.252475,0.2523,0.2527437537851882,True,0.00032501505871830914,1.2962686035516361e-05,0,0.25180578966822725,0.2518612991571276,8.290648343622237,0.0,0.25189473632814763,0.251896886921165,66.66666666666676,84.81123469233911,0,1
2023-06-11 10:47:00,2023-06-11 10:47:59,0.2523,0.2525,0.2523,0.2525,0.2526093768925941,0.2524,0.2523,0.2526093768925941,True,0.00031608541166699977,-3.995300152222431e-06,0,0.2518335444126774,0.25188645694728157,5.131648174652781,0.0,0.25189976382737006,0.25190288804632754,33.33333333333342,64.99074905985664,0,1
2023-06-11 10:48:00,2023-06-11 10:48:59,0.2524,0.2529,0.2524,0.2529,0.25250468844629703,0.25265000000000004,0.2524,0.2529,True,0.00032922216797649984,1.0478253740048142e-05,0,0.2518600006799795,0.25191150256973704,9.407380409412191,0.0,0.25190722886391365,0.25191280955830436,12.817058516415251,37.60568617213855,0,2
2023-06-11 10:49:00,2023-06-11 10:49:59,0.2528,0.2526,0.2526,0.2529,0.25257734422314854,0.252725,0.2526,0.2529,True,0.0003271348702638943,-3.3936799009338654e-06,0,0.25188575162485827,0.25193680262192936,6.552773714010534,0.0,0.25191536589014335,0.2519196472741421,29.0598497619024,25.070080537217095,0,1
2023-06-11 10:50:00,2023-06-11 10:50:59,0.2525,0.2521,0.252,0.2525,0.2526511721115743,0.25227499999999997,0.252,0.2526511721115743,True,0.00034662523667361537,-4.867776245318832e-05,0,0.2519112771233938,0.2519590419246198,-1.0273499195604927,-0.0,0.25191894433899764,0.25192144182862825,29.0598497619024,23.645586013406756,0,1
2023-06-11 10:51:00,2023-06-11 10:51:59,0.2522,0.2525,0.2522,0.2525,0.25246308605578716,0.25234999999999996,0.2522,0.2525,True,0.00035043771976835797,-5.044383837063442e-05,0,0.2519351595240068,0.2519792334721952,-0.7123803619946045,-0.0,0.2519232334500524,0.2519271986263533,19.113706229752843,25.744468584519286,0,1
2023-06-11 10:52:00,2023-06-11 10:52:59,0.2525,0.2527,0.2525,0.2529,0.25240654302789356,0.25265000000000004,0.2525,0.2529,True,0.0003539778826420475,-3.762682603756259e-05,0,0.251957196498101,0.2519997325913175,1.624371078801886,0.0,0.2519304649580121,0.25193488819226023,16.01336557193548,21.39564052119698,0,2
2023-06-11 10:53:00,2023-06-11 10:53:59,0.2528,0.2528,0.2527,0.253,0.2525282715139468,0.25282499999999997,0.2527,0.253,True,0.00035012231959618856,-2.2752569730437864e-05,0,0.2519784645447093,0.25202153390403087,4.216633415670493,0.0,0.251939365804201,0.25194349626994916,34.278548818038196,23.135206873242243,0,2
2023-06-11 10:54:00,2023-06-11 10:54:59,0.2529,0.2527,0.2526,0.2529,0.2526766357569734,0.25277499999999997,0.2526,0.2529,True,0.00034654215391074816,-2.089320463145069e-05,0,0.2519999992243701,0.25204386780955285,4.390062718035516,0.0,0.2519476805723184,0.2519510236702482,47.406302685153754,32.566072358375884,0,1
2023-06-11 10:55:00,2023-06-11 10:55:59,0.2527,0.2527,0.2526,0.2528,0.2527258178784867,0.25270000000000004,0.2526,0.2528,True,0.00033607485720283997,-2.0640592600300908e-05,0,0.2520219335169615,0.25206595321503544,4.505682252945533,0.0,0.251955166337768,0.2519584761710417,46.82143098867271,42.83542749728829,0,1
2023-06-11 10:56:00,2023-06-11 10:56:59,0.2528,0.2529,0.2528,0.2529,0.25271290893924336,0.25285,0.2528,0.2529,True,0.0003263552245454967,-7.690152737435576e-06,0,0.2520439433659985,0.25208872060484055,7.365426109964282,0.0,0.25196407015530264,0.2519678445673498,45.92962173403714,46.71911846928794,0,2
2023-06-11 10:57:00,2023-06-11 10:57:59,0.253,0.2534,0.253,0.2534,0.2527814544696217,0.2532,0.253,0.2534,True,0.000338758422792247,3.347235713007334e-05,0,0.25206633198541956,0.2521142700894052,13.655078973833824,13.655078973833824,0.25197636796470263,0.2519820948701622,56.750589871336366,49.83388086468215,0,2
2023-06-11 10:58:00,2023-06-11 10:58:59,0.2534,0.2535,0.2532,0.2535,0.25299072723481086,0.2534,0.2532,0.2535,True,0.0003359899640213738,6.35435010275672e-05,0,0.2520903010374124,0.25214320685279723,18.47208462304073,18.47208462304073,0.25199053345759115,0.2519971984037924,75.4817995130611,59.387337039478275,0,2
2023-06-11 10:59:00,2023-06-11 10:59:59,0.2535,0.2536,0.2534,0.2537,0.25319536361740547,0.25355,0.2534,0.2537,True,0.00033341925230555904,8.49898598109921e-05,0,0.25211675394510485,0.25217564106718104,22.31358607352422,22.31358607352422,0.2520060505376151,0.25201314667838154,91.44175885492729,74.55804941310832,0,2
2023-06-11 11:00:00,2023-06-11 11:00:59,0.2535,0.2535,0.2534,0.2537,0.25337268180870276,0.253525,0.2534,0.2537,True,0.0003310321628551596,8.604408858384622e-05,0,0.252146197506143,0.25221043478953686,22.370988118671022,22.370988118671022,0.25202116446261397,0.2520279412387956,96.68709833962684,87.8702189025385,0,2
2023-06-11 11:01:00,2023-06-11 11:01:59,0.2536,0.2535,0.2533,0.2536,0.2534488409043514,0.2535,0.2533,0.2536,True,0.00032881557979407445,8.058351104798579e-05,0,0.2521783161478399,0.2522466759205886,22.40925614876889,22.40925614876889,0.2520358792440805,0.2520425885896534,96.13036262570529,94.75307327341989,0,2
2023-06-11 11:02:00,2023-06-11 11:02:59,0.2535,0.2533,0.2533,0.2538,0.2534744204521757,0.253475,0.2533,0.2538,True,0.000341043038380212,5.731022995781476e-05,0,0.25221249603421425,0.25228363642739887,17.291986274133535,17.291986274133535,0.25205019885359214,0.25205510014597526,92.13047533287504,94.98264543273581,0,1
2023-06-11 11:03:00,2023-06-11 11:03:59,0.2534,0.253,0.253,0.2535,0.25347471022608786,0.253225,0.253,0.2535,True,0.00035239710706733976,1.661470297787418e-05,0,0.2522480662308066,0.2523191944495538,8.612190681165174,0.0,0.252061888417238,0.25206450213457254,76.40076884331536,88.22053560063198,0,1
2023-06-11 11:04:00,2023-06-11 11:04:59,0.253,0.2533,0.253,0.2534,0.2533498551130439,0.253175,0.253,0.2534,True,0.00035579731370538777,7.598037902583189e-06,0,0.2522836303401802,0.2523530612666566,7.71097376601719,0.0,0.2520729641543799,0.2520767956456713,57.85275676262504,75.46133364627188,0,1
2023-06-11 11:05:00,2023-06-11 11:05:59,0.2534,0.2528,0.2528,0.2535,0.25326242755652195,0.253125,0.2528,0.2535,True,0.0003803832198692871,-3.540199114672037e-05,0,0.2523183458034184,0.25238502117057343,0.9068244763562916,0.0,0.25208343217274426,0.25208399170889845,28.519310722121972,54.257612109354206,0,1
2023-06-11 11:06:00,2023-06-11 11:06:59,0.2527,0.2532,0.2526,0.2532,0.25319371377826094,0.25292499999999996,0.2526,0.2532,True,0.0003960701327357658,-3.667060687964846e-05,0,0.2523516834869959,0.2524138882567064,1.432119530306629,0.0,0.2520918059819707,0.2520950962690089,12.184040738301704,32.852036074349655,0,1
2023-06-11 11:07:00,2023-06-11 11:07:59,0.2532,0.2529,0.2529,0.2532,0.25305935688913045,0.25305,0.2529,0.2532,True,0.00038920798039749445,-5.884175777526486e-05,0,0.25238278587185115,0.2524409799196708,-1.3482425455815772,-0.0,0.25210134025080677,0.25210310526135704,5.230597150930106,15.311316203784678,0,1
2023-06-11 11:08:00,2023-06-11 11:08:59,0.2528,0.2529,0.2528,0.2529,0.2530546784445652,0.25285,0.2528,0.2530546784445652,True,0.00036855026751195837,-7.286410135174531e-05,0,0.25241188289576094,0.25246511568917673,-3.201817262840386,-3.201817262840386,0.25210878960154504,0.25211103456223904,5.230597150930106,7.5484116800540555,0,1
2023-06-11 11:09:00,2023-06-11 11:09:59,0.2529,0.2526,0.2525,0.2529,0.2529523392222826,0.252725,0.2525,0.2529523392222826,True,0.00037079667697539074,-0.00010144088370689917,0,0.2524384992924688,0.2524859010329958,-7.380485119839328,-7.380485119839328,0.2521149210482958,0.25211589988997796,5.230597150930106,5.23059715093019,0,-2
2023-06-11 11:10:00,2023-06-11 11:10:59,0.2525,0.2526,0.2523,0.2526,0.2528386696111413,0.2525,0.2523,0.2528386696111413,True,0.0003657397714771461,-0.00011740747072797487,0,0.2524622001627323,0.25250236221426675,-10.166263691171956,-10.166263691171956,0.25211875267965606,0.2521207168064956,9.947598300641403e-14,3.487064767286854,0,-2
2023-06-11 11:11:00,2023-06-11 11:11:59,0.2526,0.2528,0.2525,0.2529,0.25266933480557063,0.25270000000000004,0.2525,0.2529,True,0.0003681869306573508,-0.00011059834188600703,0,0.2524822811884995,0.2525166782234371,-8.421811871757285,-8.421811871757285,0.25212453623508235,0.2521274758432469,6.0957552912399535,3.7754508140568035,0,-2
2023-06-11 11:12:00,2023-06-11 11:12:59,0.2528,0.2527,0.2525,0.2528,0.25268466740278533,0.25270000000000004,0.2525,0.2528,True,0.00036331643561039875,-0.00010976059136160571,0,0.2524994797059683,0.252529207100479,-8.607336949357212,-8.607336949357212,0.25213026224269347,0.2521331726010255,12.191510582479815,6.09575529124004,0,-2
2023-06-11 11:13:00,2023-06-11 11:13:59,0.2526,0.2525,0.2525,0.2526,0.25269233370139266,0.25255,0.2525,0.25269233370139266,True,0.0003516509759239401,-0.00011949907489731664,0,0.25251434340322365,0.2525392138348878,-11.154729081723872,-11.154729081723872,0.25213443873779107,0.2521368226248959,14.526783694921187,10.938016522880403,-1,-2
2023-06-11 11:14:00,2023-06-11 11:14:59,0.2525,0.2525,0.2524,0.2525,0.25262116685069635,0.252475,0.2524,0.25262116685069635,True,0.00033367590621508644,-0.00012172879323409699,0,0.2525267786190557,0.25254665163206463,-12.852990503301648,-12.852990503301648,0.25213782740706675,0.2521404363301208,8.906088590326632,11.87479428924263,0,-2
2023-06-11 11:15:00,2023-06-11 11:15:59,0.2526,0.2527,0.2525,0.2528,0.2525480834253482,0.25265000000000004,0.2525,0.2528,True,0.0003312704843425819,-0.00010509072860559942,0,0.25253671512556014,0.2525532165418003,-9.49475927944195,-9.49475927944195,0.25214292365177254,0.252146004127831,9.567502212321005,11.000124832523026,0,-1
2023-06-11 11:16:00,2023-06-11 11:16:59,0.2526,0.2529,0.2526,0.2529,0.2525990417126741,0.25275000000000003,0.2526,0.2529,True,0.0003290368783181134,-7.682950315164686e-05,0,0.2525449658336802,0.25255973528519904,-3.8051681163403828,-3.8051681163403828,0.2521489642124514,0.25215350657432023,21.692389710141313,13.388660170929734,0,-1
2023-06-11 11:17:00,2023-06-11 11:17:59,0.2528,0.253,0.2528,0.253,0.25267452085633707,0.2529,0.2528,0.253,True,0.00031981995843824657,-4.9054126693504884e-05,0,0.2525523505594396,0.25256720211552364,1.4769903297333897,0.0,0.25215643720536235,0.25216192939447624,44.21914428298651,25.159678735149697,1,-1
2023-06-11 11:18:00,2023-06-11 11:18:59,0.253,0.2527,0.2527,0.253,0.25278726042816857,0.25285,0.2527,0.253,True,0.00031840424712123054,-5.018840726107209e-05,0,0.2525597763374816,0.25257502109778246,-0.6860355653556809,-0.0,0.25216333832769705,0.2521672833308496,59.76066773593133,41.890733909686475,-1,-2
2023-06-11 11:19:00,2023-06-11 11:19:59,0.2529,0.2527,0.2527,0.2532,0.2528186302140843,0.25287499999999996,0.2527,0.2532,True,0.00033137537232685697,-4.930937037448988e-05,0,0.252567398717632,0.2525832352117887,-2.1280528287483946,-0.0,0.2521704195383667,0.2521725839942242,73.8551185676253,59.27831019551447,0,-2
2023-06-11 11:20:00,2023-06-11 11:20:59,0.2528,0.2528,0.2528,0.2529,0.2528468151070421,0.252825,0.2528,0.2529,True,0.0003219914171606553,-4.023048113225094e-05,0,0.25257531696471036,0.25259136100506785,-0.9520005356845971,-0.0,0.25217693277679093,0.2521788269395553,75.54625333373464,69.72067987909718,0,-1
2023-06-11 11:21:00,2023-06-11 11:21:59,0.2528,0.2527,0.2526,0.2529,0.25283590755352103,0.25275000000000003,0.2526,0.2529,True,0.0003204206016491815,-3.990636322089022e-05,0,0.2525833389848891,0.2525988469314741,-2.2703707811146856,-0.0,0.2521826349382159,0.25218401274115176,74.0068881894628,74.46942003027432,0,-2
2023-06-11 11:22:00,2023-06-11 11:22:59,0.2527,0.2533,0.2527,0.2534,0.25279295377676053,0.253025,0.2527,0.2534,True,0.0003475334158170996,2.8081280351143617e-06,0,0.2525910929581816,0.2526076645172281,5.435869108572817,0.0,0.2521910166801242,0.25219511709198605,78.7856100808405,76.11291720134606,1,-1
2023-06-11 11:23:00,2023-06-11 11:23:59,0.2533,0.2532,0.2531,0.2533,0.25290897688838027,0.253225,0.2531,0.2533,True,0.0003369953146873092,2.3006915139154265e-05,0,0.2525993787377048,0.2526188422424291,8.547847421421714,0.0,0.2522013050713668,0.25220511592689165,87.42599388857398,80.07283071962586,0,-1
2023-06-11 11:24:00,2023-06-11 11:24:59,0.2532,0.2532,0.2531,0.2532,0.2530669884441901,0.253175,0.2531,0.2532,True,0.0003200670779239292,3.456130648043216e-05,0,0.25260911049006696,0.25263145837775935,10.622499629987644,0.0,0.2522109935781194,0.2522150152709027,97.11398099185578,87.77519498709017,0,2
2023-06-11 11:25:00,2023-06-11 11:25:59,0.2531,0.2529,0.2529,0.2531,0.25312099422209505,0.253,0.2529,0.25312099422209505,True,0.00031863371521507474,1.9380207551693437e-05,0,0.25262028443391316,0.25264391973728856,6.1685924889997,0.0,0.25221884438828734,0.2522218310393514,84.69050436559625,89.74349308200875,0,-2
2023-06-11 11:26:00,2023-06-11 11:26:59,0.2528,0.2529,0.2527,0.2529,0.2530604971110475,0.25282499999999997,0.2527,0.2530604971110475,True,0.00031015987841400035,8.135183506293835e-06,0,0.2526321020856009,0.25265497305645623,3.1993210616743966,0.0,0.2522248757874089,0.25222857898920864,63.87642352768856,81.89363629504695,0,-2
2023-06-11 11:27:00,2023-06-11 11:27:59,0.253,0.2529,0.2529,0.2531,0.25294274855552373,0.252975,0.2529,0.2531,True,0.0003022913156701416,-7.345093661550593e-08,0,0.2526435375710286,0.2526658711375405,1.2198067767908611,0.0,0.2522323397099222,0.25223525979528616,52.736855127350935,67.10126100687866,0,-2
2023-06-11 11:28:00,2023-06-11 11:28:59,0.2528,0.2529,0.2528,0.2529,0.25295887427776187,0.25285,0.2528,0.25295887427776187,True,0.0002878419359794164,-5.950295696703311e-06,0,0.25265470435428455,0.25267571459323096,-0.09986941313149345,-0.0,0.2522384855834553,0.25224187412568133,38.10146085897009,51.57157983800328,0,-2
2023-06-11 11:29:00,2023-06-11 11:29:59,0.2528,0.253,0.2528,0.253,0.25290443713888094,0.2529,0.2528,0.253,True,0.0002815675119808851,-3.1888510837982555e-06,0,0.25266520947375776,0.2526850032515311,1.788181802180567,0.0,0.2522450678164557,0.2522494176667193,31.178517453627155,40.67227781331614,0,-1
2023-06-11 11:30:00,2023-06-11 11:30:59,0.253,0.2531,0.253,0.2532,0.2529022185694405,0.253075,0.253,0.2532,True,0.000275741261125106,5.0387351062248625e-06,0,0.25267510636264445,0.2526949920699765,5.400643734397285,0.0,0.25225332584813276,0.2522578811725231,29.789828408047867,33.02326890688179,0,-1
2023-06-11 11:31:00,2023-06-11 11:31:59,0.2531,0.253,0.253,0.2531,0.2529886092847202,0.25305,0.253,0.2531,True,0.00026318831390188336,2.7084351071350024e-06,0,0.25268504921631046,0.25270529206892417,4.465741719357759,0.0,0.2522612529541215,0.2522652654394632,39.33318549197873,33.433843784551335,0,-2
2023-06-11 11:32:00,2023-06-11 11:32:59,0.253,0.2532,0.253,0.2532,0.2530193046423601,0.2531,0.253,0.2532,True,0.0002586748629088901,1.4223770837018594e-05,0,0.2526951706426173,0.25271610944669654,8.229679351589766,8.229679351589766,0.2522695986958715,0.2522745662808616,53.14475389725667,40.755922599094504,0,-1
2023-06-11 11:33:00,2023-06-11 11:33:59,0.2532,0.2529,0.2528,0.2532,0.25305965232118005,0.253025,0.2528,0.2532,True,0.00026876951555825193,-1.3521793064791797e-07,0,0.25270564004465695,0.2527267453619808,3.43486188403876,0.0,0.2522771151267584,0.25228078950194754,47.80780390983495,46.76191443302353,0,-2
2023-06-11 11:34:00,2023-06-11 11:34:59,0.2529,0.2527,0.2526,0.2529,0.25304232616059,0.25277499999999997,0.2526,0.25304232616059,True,0.0002710002644469498,-2.372069664439454e-05,0,0.2527161927033189,0.2527354501710161,-2.8377811558358417,-0.0,0.2522820692050991,0.2522849607506844,31.989984387211138,44.314180731434334,0,-2
2023-06-11 11:35:00,2023-06-11 11:35:59,0.2527,0.2529,0.2527,0.2529,0.252908663080295,0.2528,0.2527,0.252908663080295,True,0.0002659288169864558,-2.474514459465806e-05,0,0.25272582143716754,0.25274274640886024,-2.624909617518938,-0.0,0.2522872227453469,0.25229108054420996,14.345988315969192,31.381258871005176,0,-2
2023-06-11 11:36:00,2023-06-11 11:36:59,0.253,0.2531,0.253,0.2534,0.2528543315401475,0.253125,0.253,0.2534,True,0.0002826481872017089,-1.1096799654227685e-05,0,0.2527342839230139,0.25275111345437484,0.9069400307217848,0.0,0.252295558837433,0.25229912949401884,23.561043276929038,23.299005326703206,0,-1
2023-06-11 11:37:00,2023-06-11 11:37:59,0.2532,0.2532,0.253,0.2532,0.25298966577007376,0.25315,0.253,0.2532,True,0.00027674474525872815,4.58614658990711e-06,0,0.25274269868869437,0.2527604376740553,4.727793736780697,0.0,0.2523040607395481,0.2523080933796505,49.62815632470947,29.17839597253598,0,-1
2023-06-11 11:38:00,2023-06-11 11:38:59,0.2531,0.2531,0.253,0.2532,0.25306983288503687,0.2531,0.253,0.2532,True,0.000271262977740246,7.158619279689678e-06,0,0.25275156818137484,0.2527701084564517,4.95529632650171,0.0,0.25231198053318443,0.2523159730475147,75.98938252966734,49.72619404376869,0,-1
2023-06-11 11:39:00,2023-06-11 11:39:59,0.2531,0.2528,0.2528,0.2532,0.2530849164425184,0.252975,0.2528,0.2532,True,0.0002804584793302253,-1.258670255426294e-05,0,0.2527608383189133,0.25277912810532677,-0.186100407771427,-0.0,0.25231857774180944,0.25232078923609663,69.7345217253443,65.11735352657378,0,-2
2023-06-11 11:40:00,2023-06-11 11:40:59,0.2527,0.2522,0.2522,0.2528,0.2530299582212592,0.252475,0.2522,0.2530299582212592,True,0.00030328287366378383,-6.642551594477052e-05,-1,0.25276998321212,0.25278414269608546,-8.983413127797803,-8.983413127797803,0.25232013418218946,0.2523195873531504,43.667408677563856,63.130437644191915,-1,-2
2023-06-11 11:41:00,2023-06-11 11:41:59,0.2523,0.2522,0.2521,0.2524,0.2527524791106296,0.25225,0.2521,0.2527524791106296,True,0.00030304838268780087,-9.863825549399e-05,0,0.25277706295410274,0.25278442593171824,-14.848288274482051,-14.848288274482051,0.2523194363296304,0.25231839742923845,15.542301048487284,42.98141048379856,0,-2
2023-06-11 11:42:00,2023-06-11 11:42:59,0.2521,0.2519,0.2519,0.2521,0.2525012395553148,0.252,0.2519,0.2525012395553148,True,0.0003028306410672413,-0.00013583317653837298,0,0.2527807444429105,0.2527792669290228,-20.529267277466534,-20.529267277466534,0.2523162578586888,0.25231423427073857,9.237055564881302e-14,19.73656990868383,0,-2
2023-06-11 11:43:00,2023-06-11 11:43:59,0.2519,0.2516,0.2516,0.2519,0.2522506197776574,0.25175000000000003,0.2516,0.2522506197776574,True,0.0003026284524195828,-0.00017435748593670782,0,0.25278000568596665,0.2527681433441973,-25.608163146745383,-25.608163146745383,0.2523106234521347,0.2523071274620745,9.237055564881302e-14,5.1807670161625765,0,-2
2023-06-11 11:44:00,2023-06-11 11:44:59,0.2517,0.2517,0.2516,0.2518,0.2520003098888287,0.2517,0.2516,0.2520003098888287,True,0.00029529784867532926,-0.00018429838601875548,0,0.25277407451508194,0.25275205706836246,-26.740160695370285,-26.740160695370285,0.25230454759688953,0.25230108639280013,9.237055564881302e-14,1.794120407794253e-13,0,-2
2023-06-11 11:45:00,2023-06-11 11:45:59,0.2517,0.2512,0.2512,0.2517,0.2518501549444143,0.25144999999999995,0.2512,0.2518501549444143,True,0.0003099194309128058,-0.00021615487266811524,0,0.2527630657917222,0.2527304587340886,-29.74230606805693,-29.74230606805693,0.25229604463572647,0.2522901303092897,9.237055564881302e-14,1.794120407794253e-13,0,-2
2023-06-11 11:46:00,2023-06-11 11:46:59,0.2513,0.2506,0.2504,0.2513,0.25165007747220713,0.2509,0.2504,0.25165007747220713,True,0.0003520680429904634,-0.0002672544026238183,0,0.2527467622629054,0.2527008953200783,-33.24607703425811,-33.24607703425811,0.2522821536443262,0.25227331309228185,9.237055564881302e-14,1.794120407794253e-13,0,-2
2023-06-11 11:47:00,2023-06-11 11:47:59,0.2506,0.2506,0.2505,0.2507,0.2512750387361036,0.2506,0.2505,0.2512750387361036,True,0.00034120603991971444,-0.00028692169367814426,0,0.2527238287914918,0.2526632054601965,-35.58192434505889,-35.58192434505889,0.252265415797119,0.2522566632107666,9.237055564881302e-14,1.794120407794253e-13,0,-2
2023-06-11 11:48:00,2023-06-11 11:48:59,0.2506,0.2507,0.2504,0.251,0.25093751936805175,0.250675,0.2504,0.251,True,0.0003596913227825912,-0.0002780584724016592,0,0.25269351712584415,0.2526198907646107,-35.01709413157978,-35.01709413157978,0.2522495907643118,0.25224117402458984,1.9614834996784773,0.6538278332263078,0,-2
2023-06-11 11:49:00,2023-06-11 11:49:59,0.2508,0.251,0.2507,0.251,0.25080625968402587,0.25087499999999996,0.2507,0.251,True,0.0003554276568695506,-0.00023697908333694282,0,0.25265670394522743,0.2525738169938863,-28.977901672827667,-28.977901672827667,0.2522359132442689,0.2522288240342954,8.988154129820781,3.649879209833204,0,-1
2023-06-11 11:50:00,2023-06-11 11:50:59,0.251,0.2511,0.2508,0.2511,0.25084062984201294,0.251,0.2508,0.2511,True,0.0003514685385217232,-0.00019024271740983556,0,0.2526152604695569,0.25252674473189995,-23.280767862052393,-23.280767862052393,0.25222361560004736,0.25221759195435217,19.018067299209346,9.989234976236288,0,-1
2023-06-11 11:51:00,2023-06-11 11:51:59,0.251,0.2508,0.2508,0.2511,0.25092031492100647,0.250925,0.2508,0.2511,True,0.0003477922143415978,-0.00016906528129185996,0,0.25257100260072846,0.2524786947367381,-22.18174993620488,-22.18174993620488,0.2522106940517882,0.25220348656177155,26.77808728802093,18.261436239017105,0,-1
2023-06-11 11:52:00,2023-06-11 11:52:59,0.2508,0.2507,0.2507,0.2509,0.25092265746050324,0.25077499999999997,0.2507,0.25092265746050324,True,0.0003372356276029146,-0.00015137298871078435,0,0.2525248486687333,0.25242917547991783,-22.232736829002103,-22.232736829002103,0.25219640853883507,0.25218852649648027,28.985015682742866,24.9270567566578,0,-1
2023-06-11 11:53:00,2023-06-11 11:53:59,0.2508,0.2508,0.2508,0.2509,0.2508488287302516,0.250825,0.2508,0.2509,True,0.00032743308277413734,-0.00012276687065686015,0,0.2524770120743256,0.25237918227099815,-20.195209270438664,-20.195209270438664,0.25218276268272727,0.2521747103124357,35.912785134296904,30.55862936835365,0,-1
2023-06-11 11:54:00,2023-06-11 11:54:59,0.2508,0.2511,0.2506,0.2511,0.2508369143651258,0.2509,0.2506,0.2511,True,0.0003397592911474133,-7.447426523742127e-05,0,0.2524280971726619,0.25232967350259655,-13.630396325640795,-13.630396325640795,0.25216999887493896,0.2521640166774861,51.64618360424985,38.847994807096626,0,-1
2023-06-11 11:55:00,2023-06-11 11:55:59,0.2511,0.2506,0.2505,0.2512,0.2508684571825629,0.25085,0.2505,0.2512,True,0.00036549077035116795,-7.035753473551092e-05,0,0.25237888533762926,0.25228054276725054,-14.547993120069727,-14.547993120069727,0.25215686455777536,0.2521484543224862,73.31938422851648,53.626117655687835,0,-1
2023-06-11 11:56:00,2023-06-11 11:56:59,0.2506,0.2508,0.2506,0.2508,0.25085922859128146,0.25070000000000003,0.2506,0.25085922859128146,True,0.00035367000104037264,-4.687182304415733e-05,0,0.2523297140524399,0.25223101758956135,-12.20657607869098,-0.0,0.2521423683930214,0.2521350368665411,82.7870055878307,69.25085780686577,0,-1
2023-06-11 11:57:00,2023-06-11 11:57:59,0.2508,0.2508,0.2508,0.2509,0.2507796142956408,0.250825,0.2508,0.2509,True,0.00033555071525177377,-2.5555692899609022e-05,0,0.25228036582100066,0.25218237929296167,-10.645631384438481,-0.0,0.25212926024980725,0.2521217529176203,90.66543696272112,82.25727559302285,0,-1
2023-06-11 11:58:00,2023-06-11 11:58:59,0.2508,0.2507,0.2504,0.2508,0.25080230714782037,0.250675,0.2504,0.25080230714782037,True,0.0003401542355909336,-1.3414733658945015e-05,0,0.2522313725569812,0.252133743795001,-10.84625211071355,-0.0,0.2521147899985654,0.2521076061224201,88.05020521534529,87.16754925529911,0,-1
2023-06-11 11:59:00,2023-06-11 11:59:59,0.2508,0.2508,0.2508,0.2509,0.2507386535739102,0.250825,0.2508,0.2509,True,0.0003301432187630122,5.985279747609102e-06,0,0.2521825581759911,0.2520864733511863,-9.036690140710768,-0.0,0.2521019562672364,0.2520945951162269,94.9582345684218,91.2246255821628,0,-1
2023-06-11 12:00:00,2023-06-11 12:00:59,0.2508,0.2505,0.2503,0.251,0.2507818267869551,0.25065000000000004,0.2503,0.251,True,0.00035656156027993836,1.7691295644067188e-06,0,0.25213451576358875,0.25203940126350927,-11.623030769355921,-0.0,0.25208750894119425,0.252078728498155,89.62325341404967,90.87723106593899,0,-1
2023-06-11 12:01:00,2023-06-11 12:01:59,0.2506,0.2504,0.2504,0.2508,0.25071591339347754,0.25055000000000005,0.2504,0.2508,True,0.00035966430597422934,-3.8148994450480514e-06,0,0.25208695851354906,0.25199212220124895,-14.372496584340617,-14.372496584340617,0.25207221034476446,0.2520620247320042,85.20932609783306,89.93027136010159,0,-1
2023-06-11 12:02:00,2023-06-11 12:02:59,0.2505,0.2511,0.2503,0.2511,0.2506329566967388,0.25075000000000003,0.2503,0.2511,True,0.00039111685554749635,4.4830778781448444e-05,0,0.25203954035739906,0.2519463767837833,-6.013569762274386,-0.0,0.252059054022926,0.2520524523466111,85.20932609783306,86.68063520323868,0,-1
2023-06-11 12:03:00,2023-06-11 12:03:59,0.251,0.2517,0.251,0.2519,0.2506914783483694,0.25139999999999996,0.251,0.2519,True,0.0004274656515798189,0.00011942319518818149,0,0.2519929585705912,0.25190661236911455,3.624760672284232,3.624760672284232,0.2520524962714541,0.25204894535808764,90.54430725220517,86.98765314929051,0,-1
2023-06-11 12:04:00,2023-06-11 12:04:59,0.2516,0.2519,0.2515,0.2519,0.2510457391741847,0.25172500000000003,0.2515,0.2519,True,0.00042550381932411835,0.00017981837677541143,0,0.25194978546985286,0.2518740595118085,11.047947346778948,11.047947346778948,0.2520492376020864,0.2520474633147236,100.0000000000001,91.91787778334619,0,-1
2023-06-11 12:05:00,2023-06-11 12:05:59,0.2518,0.2513,0.2513,0.2518,0.25138536958709234,0.25155000000000005,0.2513,0.2518,True,0.00043796783222953766,0.00017317226716426508,0,0.2519119224908307,0.2518462070254437,8.799718239183129,8.799718239183129,0.2520442700637572,0.252040025868806,96.1174964088605,95.55393455368868,0,2
2023-06-11 12:06:00,2023-06-11 12:06:59,0.2513,0.2518,0.2513,0.2521,0.2514676847935462,0.25162500000000004,0.2513,0.2521,True,0.00046382727278456836,0.00019862614846355664,0,0.2518790647581372,0.2518227608516131,10.674536575093398,10.674536575093398,0.25204009822232676,0.25203763755170344,93.51064596054651,96.5427141231358,0,2
2023-06-11 12:07:00,2023-06-11 12:07:59,0.2518,0.2513,0.251,0.2519,0.2515463423967731,0.25150000000000006,0.251,0.2519,True,0.0004949824675856715,0.00017479511305476167,0,0.25185091280487515,0.25180208703138207,7.415350652096919,7.415350652096919,0.2520347241106618,0.25203029787457204,87.94185986826277,92.52333407922335,0,2
2023-06-11 12:08:00,2023-06-11 12:08:59,0.2513,0.2518,0.2513,0.2518,0.2515231711983866,0.25155000000000005,0.2513,0.2518,True,0.0004953408627581236,0.00018845588392239749,0,0.2518264999181286,0.2517840808022027,8.536645897683862,8.536645897683862,0.2520299009851826,0.25202800635343203,87.31646696680211,89.58965759853722,0,2
2023-06-11 12:09:00,2023-06-11 12:09:59,0.2517,0.2518,0.2516,0.2519,0.25153658559919334,0.25175000000000003,0.2516,0.2519,True,0.0004813879439896878,0.00019114951716171487,0,0.25180529036016563,0.2517696705407925,9.284176061408488,9.284176061408488,0.2520271159007529,0.2520257376334974,89.52653770100873,88.26162151202463,1,2
2023-06-11 12:10:00,2023-06-11 12:10:59,0.2518,0.2514,0.2513,0.2518,0.2516432927995967,0.25157500000000005,0.2513,0.2518,True,0.000482717376561853,0.00015889096928748168,0,0.25178748045047905,0.2517569895937077,5.969432566977858,5.969432566977858,0.25202261723507374,0.25201951138838796,89.86354905701027,88.90218457494046,0,1
2023-06-11 12:11:00,2023-06-11 12:11:59,0.2514,0.2517,0.2514,0.2517,0.25160914639979837,0.25155,0.2514,0.2517,True,0.00046966613537886116,0.00015322369549702043,0,0.25177223502209334,0.2517455856261489,6.205688854437668,6.205688854437668,0.2520179145760183,0.25201633217059305,88.4603956754512,89.28349414449015,0,2
2023-06-11 12:12:00,2023-06-11 12:12:59,0.2515,0.2513,0.2513,0.2515,0.2515795731998992,0.2514,0.2513,0.2515795731998992,True,0.0004646899828517965,0.00011675278231212821,0,0.2517589103241211,0.25173423611737694,2.8084005686486933,0.0,0.25201176617227683,0.2520092044873036,78.64974592769696,85.65789688671957,0,1
2023-06-11 12:13:00,2023-06-11 12:13:59,0.2513,0.2512,0.251,0.2514,0.2514897865999496,0.251225,0.251,0.2514897865999496,True,0.00046006926979095473,8.2384654645672e-05,0,0.251746573220749,0.2517218066679844,-0.2759792539715278,-0.0,0.2520039376531497,0.25200115270136025,69.1674595673467,78.75920039016503,-1,1
2023-06-11 12:14:00,2023-06-11 12:14:59,0.2512,0.2515,0.2512,0.2516,0.25135739329997475,0.25137499999999996,0.2512,0.2516,True,0.0004557786076630302,7.821316685109023e-05,0,0.2517341899443667,0.25170964141250735,0.703010216566696,0.0,0.2519976795670487,0.25199616610731684,64.63794922122278,70.81838490542223,1,2
2023-06-11 12:15:00,2023-06-11 12:15:59,0.2513,0.251,0.2508,0.2517,0.2513661966499874,0.2512,0.2508,0.2517,True,0.00048750870711566777,3.8767184585892595e-05,0,0.251721915678437,0.2516965669392415,-2.9263292961691576,-0.0,0.25198974245692884,0.2519862540067465,55.303630284045816,63.03634635753852,-1,1
2023-06-11 12:16:00,2023-06-11 12:16:59,0.251,0.251,0.2508,0.2511,0.2512830983249937,0.250975,0.2508,0.2512830983249937,True,0.00047411522803597487,1.250862683876603e-05,0,0.2517092413088392,0.2516813225979276,-5.345888971326396,-0.0,0.2519796455170589,0.25197644053404256,36.684358047344936,52.20864585087127,0,1
2023-06-11 12:17:00,2023-06-11 12:17:59,0.251,0.2508,0.2508,0.2511,0.25112904916249684,0.250925,0.2508,0.25112904916249684,True,0.0004616784260334028,-1.77796095689716e-05,0,0.25169528195338337,0.25166413144345967,-8.593968488623368,-0.0,0.25196915153181454,0.25196473465808195,13.791584934294823,35.259857755228616,0,-2
2023-06-11 12:18:00,2023-06-11 12:18:59,0.2508,0.251,0.2508,0.251,0.2510270245812484,0.2509,0.2508,0.2510270245812484,True,0.0004429871098881582,-2.185567722372343e-05,0,0.2516797066984215,0.2516453539723197,-7.964896128674134,-0.0,0.2519585132081149,0.2519551353082503,6.868579779014301e-14,16.825314327213366,0,-2
2023-06-11 12:19:00,2023-06-11 12:19:59,0.251,0.2507,0.2507,0.251,0.2509635122906242,0.25085,0.2507,0.251,True,0.0004327737448961485,-4.3051799794591725e-05,0,0.25166253033537056,0.25162511336315585,-10.261473600034435,-0.0,0.2519474832259446,0.2519426463997105,6.868579779014301e-14,4.597194978098409,0,-2
2023-06-11 12:20:00,2023-06-11 12:20:59,0.2509,0.2507,0.2507,0.2511,0.2509067561453121,0.25085,0.2507,0.2511,True,0.000430432763117853,-5.3723182081775615e-05,0,0.2516438218492632,0.2516038596872402,-11.79252524760797,-0.0,0.2519365629948407,0.25193028175891735,6.868579779014301e-14,1.5789838572446673e-13,0,-2
2023-06-11 12:21:00,2023-06-11 12:21:59,0.2507,0.2505,0.2501,0.2509,0.25087837807265606,0.25055,0.2501,0.2509,True,0.00045683042289515084,-7.073744869992316e-05,0,0.25162384076825167,0.2515798959205262,-14.605946218620538,-14.605946218620538,0.2519227663481258,0.25191605009962464,6.868579779014301e-14,1.5789838572446673e-13,0,-2
2023-06-11 12:22:00,2023-06-11 12:22:59,0.2505,0.2501,0.2498,0.2505,0.25071418903632803,0.250225,0.2498,0.25071418903632803,True,0.00047419967840264056,-0.00010468747436191768,0,0.2516018683443889,0.251551733051566,-19.146833428524495,-19.146833428524495,0.251905873150632,0.2518979799493796,6.868579779014301e-14,1.5789838572446673e-13,0,-2
2023-06-11 12:23:00,2023-06-11 12:23:59,0.25,0.2495,0.2493,0.2501,0.250469594518164,0.249725,0.2493,0.250469594518164,True,0.0004974711299453087,-0.0001616060672097303,0,0.25157680069797744,0.25151702689537553,-24.539327421268194,-24.539327421268194,0.2518841729202775,0.25187411945237087,6.868579779014301e-14,1.5789838572446673e-13,0,-2
2023-06-11 12:24:00,2023-06-11 12:24:59,0.2495,0.2498,0.2494,0.2501,0.250097297259082,0.24969999999999998,0.2494,0.2501,True,0.0005119374778063565,-0.00016884088084943952,0,0.2515469137966765,0.25147723575768616,-23.482276440681197,-23.482276440681197,0.2518624398563941,0.2518534814478697,6.868579779014301e-14,1.5789838572446673e-13,0,-2
2023-06-11 12:25:00,2023-06-11 12:25:59,0.2498,0.2501,0.2498,0.2504,0.24989864862954098,0.250025,0.2498,0.2504,True,0.0005182276579630466,-0.00014335312335064327,0,0.25151207477718135,0.25143594403344915,-18.874341288787267,-18.874341288787267,0.2518441568727484,0.25183603387127396,12.212407554857663,4.070802518286023,0,-1
2023-06-11 12:26:00,2023-06-11 12:26:59,0.2501,0.2496,0.2495,0.2502,0.2499618243147705,0.24985,0.2495,0.2502,True,0.0005312113966799703,-0.00015247666713673238,0,0.2514740094053153,0.25139255350590445,-19.124812318270227,-19.124812318270227,0.25182431451580567,0.25181378477802746,21.748055339107342,11.320154297988447,0,-2
2023-06-11 12:27:00,2023-06-11 12:27:59,0.2496,0.2495,0.2494,0.2497,0.24990591215738522,0.24955,0.2494,0.24990591215738522,True,0.000514696296917115,-0.00015589033531070363,0,0.2514332814556099,0.2513457499618793,-19.85855670946325,-19.85855670946325,0.2518016845206235,0.25179076204391776,27.06636923723795,20.34227737706774,0,-2
2023-06-11 12:28:00,2023-06-11 12:28:59,0.2495,0.2491,0.249,0.2495,0.2493,0.24927500000000002,0.249,0.2495,True,0.0005136465614230353,-0.0001757760411132641,0,0.2513895157087446,0.2512946936556099,-22.371988757554732,-22.371988757554732,0.2517765433811148,0.251763988292237,17.172916569719323,21.995780382021625,0,-2
2023-06-11 12:29:00,2023-06-11 12:29:59,0.2491,0.2495,0.249,0.2497,0.2492875,0.24932500000000002,0.249,0.2497,True,0.0005269575213213905,-0.0001502744717325001,0,0.2513421046821773,0.2512409824734485,-18.81945632075022,-18.81945632075022,0.25175214991463607,0.25174146104554807,13.094990502926377,19.11142543662797,0,-1
2023-06-11 12:30:00,2023-06-11 12:30:59,0.2495,0.2499,0.2495,0.2501,0.24930625,0.24975,0.2495,0.2501,True,0.0005321748412270047,-9.632826188424391e-05,0,0.25129154357781297,0.2511884655566288,-12.427177384021704,-0.0,0.2517322280249382,0.25172313805006996,34.3989335188319,21.55561353049262,0,-1
2023-06-11 12:31:00,2023-06-11 12:31:59,0.2499,0.2501,0.2499,0.2501,0.249528125,0.25,0.2499,0.2501,True,0.0005084480668536457,-3.99708110299774e-05,0,0.25124000456722095,0.251138964481077,-6.4275591898198385,-0.0,0.2517149919251876,0.2517069874227061,65.41331196482626,37.6357453288616,0,-1
2023-06-11 12:32:00,2023-06-11 12:32:59,0.2501,0.2501,0.2501,0.2506,0.2497640625,0.250225,0.2501,0.2506,True,0.0005078446335069567,1.7662191727291698e-06,0,0.25118948452414896,0.25109372116786494,-2.427813727018595,-0.0,0.2517001661348872,0.25169099749810203,93.28892358070284,64.3670563547871,0,-1
2023-06-11 12:33:00,2023-06-11 12:33:59,0.2502,0.2502,0.2502,0.2506,0.24999453124999998,0.25029999999999997,0.2502,0.2506,True,0.000507284302542174,3.903105161582904e-05,0,0.25114160284600695,0.2510526550178893,1.2799230221625493,0.0,0.2516862341335451,0.251676161702101,100.00000000000004,86.23407851517646,0,-1
2023-06-11 12:34:00,2023-06-11 12:34:59,0.2502,0.2497,0.2497,0.2503,0.250147265625,0.249975,0.2497,0.2503,True,0.0005139068523605914,3.0524775068516944e-05,0,0.25109712893194813,0.2510129294897412,-2.053099410355152,-0.0,0.2516692069282362,0.2516564984015826,92.9972729978601,95.4287321928544,0,-2
2023-06-11 12:35:00,2023-06-11 12:35:59,0.2497,0.2507,0.2497,0.2507,0.2500611328125,0.2502,0.2497,0.2507,True,0.00054862779147769,9.561529634945231e-05,0,0.25105502921084466,0.25097607574123526,3.8655080840180034,3.8655080840180034,0.2516545879538259,0.2516469810045519,91.74287057327216,94.9133811903775,0,-1
2023-06-11 12:36:00,2023-06-11 12:36:59,0.2506,0.2511,0.2505,0.2511,0.25013056640625,0.25082499999999996,0.2505,0.2511,True,0.0005522972349435685,0.0001640670050727101,0,0.25101555247603996,0.2509460239856106,9.713765526683083,9.713765526683083,0.2516463333473202,0.2516415384074917,91.74287057327216,92.16100471480155,0,2
2023-06-11 12:37:00,2023-06-11 12:37:59,0.2511,0.2508,0.2508,0.2511,0.25047778320312497,0.25095,0.2508,0.2511,True,0.0005342760038761684,0.0001833506178485323,0,0.2509807882308253,0.2509223913067527,10.511897895114764,10.511897895114764,0.25163940465729706,0.25163316489099924,98.74559757541208,94.07711290731889,0,2
2023-06-11 12:38:00,2023-06-11 12:38:59,0.251,0.2513,0.251,0.2513,0.2507138916015625,0.25115,0.251,0.2513,True,0.0005318277178850135,0.00022453755149883577,0,0.250951589768789,0.25090534677017845,13.65448609023752,13.65448609023752,0.2516345349592145,0.25162984981745695,100.00000000000001,96.82948938289483,0,2
2023-06-11 12:39:00,2023-06-11 12:39:59,0.2513,0.2513,0.2513,0.2515,0.25093194580078126,0.25135,0.2513,0.2515,True,0.0005081257380360824,0.00024338413713184622,0,0.25092846826948373,0.25089497828069596,15.749544886986016,15.749544886986016,0.25163170376559046,0.2516265677297211,100.00000000000001,99.58186585847078,1,2
2023-06-11 12:40:00,2023-06-11 12:40:59,0.2513,0.2515,0.2509,0.2516,0.2511409729003906,0.251325,0.2509,0.2516,True,0.000521831042462075,0.00026025775450866324,1,0.25091172327508987,0.25088976550231645,18.212222467276305,18.212222467276305,0.2516286519868284,0.25162530834932584,99.5484247248069,99.84947490826904,0,2
2023-06-11 12:41:00,2023-06-11 12:41:59,0.2516,0.2513,0.2512,0.2516,0.2512329864501953,0.251425,0.2512,0.2516,True,0.0005131288251433562,0.00024724471447852244,0,0.2509007443887032,0.25088933372309613,17.09409364980128,17.09409364980128,0.25162662559889976,0.25162207145032756,99.5484247248069,99.69894981653802,0,2
2023-06-11 12:42:00,2023-06-11 12:42:59,0.2513,0.2512,0.2512,0.2513,0.25132899322509766,0.25125,0.2512,0.25132899322509766,True,0.0004836196233474053,0.00022194677249439432,0,0.25089503905589966,0.2508914683344949,14.97359417884087,14.97359417884087,0.25162287808050277,0.2516178717344039,96.13021096116749,98.4090201369272,0,1
2023-06-11 12:43:00,2023-06-11 12:43:59,0.2512,0.2512,0.2511,0.2513,0.25128949661254885,0.2512,0.2511,0.2513,True,0.00046336107882259306,0.00019633687207478063,0,0.25089325369519727,0.2508952657843989,13.55992786486727,13.55992786486727,0.25161867033840823,0.2516137138066984,90.43690844146958,95.37184804248142,0,1
2023-06-11 12:44:00,2023-06-11 12:44:59,0.2512,0.2511,0.2511,0.2512,0.2512447483062744,0.25115,0.2511,0.2512447483062744,True,0.00043740671604954994,0.000164497420388278,0,0.2508942597397981,0.2509000032910342,10.918886982639869,10.918886982639869,0.2516140069519564,0.25160860222653225,81.03228225555512,89.19980055273082,0,1
2023-06-11 12:45:00,2023-06-11 12:45:59,0.2512,0.2516,0.2512,0.2518,0.2511973741531372,0.25144999999999995,0.2512,0.2518,True,0.00045616337918887023,0.000170934189435289,0,0.25089713151541615,0.25090750672565076,14.109942541160862,14.109942541160862,0.2516123750419867,0.2516085166322384,82.05582825847438,84.50833965183311,0,2
2023-06-11 12:46:00,2023-06-11 12:46:59,0.2517,0.252,0.2517,0.2523,0.2513236870765686,0.251925,0.2517,0.2523,True,0.0004735802806753819,0.00019469249002883963,0,0.25090231912053346,0.2509203953184233,18.630031961206285,18.630031961206285,0.25161548573808634,0.25161241198913153,88.20070605336541,83.76293885579838,0,2
2023-06-11 12:47:00,2023-06-11 12:47:59,0.252,0.2521,0.252,0.2522,0.25162434353828433,0.252075,0.252,0.2522,True,0.00045403883205571017,0.00020769369794661438,0,0.2509113572194784,0.2509384644141504,22.14967784941625,22.14967784941625,0.25162005801929943,0.25161726361113024,97.60533223927986,89.28728885037329,0,2
2023-06-11 12:48:00,2023-06-11 12:48:59,0.2521,0.2526,0.2521,0.2529,0.2518496717691422,0.252425,0.2521,0.2529,True,0.0004787503440517325,0.00024024586812513478,0,0.2509249108168144,0.2509628895552862,26.50657801038247,26.50657801038247,0.25162806739224175,0.2516270420826613,100.0,95.26867943088183,0,2
2023-06-11 12:49:00,2023-06-11 12:49:59,0.2526,0.2524,0.2524,0.2528,0.2521373358845711,0.25255000000000005,0.2524,0.2528,True,0.0004731253194766096,0.00023558456974400214,0,0.2509439001860503,0.2509930089061612,25.94203699533952,25.94203699533952,0.2516372408510254,0.2516347332062169,100.0,99.20177741309335,0,2
2023-06-11 12:50:00,2023-06-11 12:50:59,0.2523,0.2525,0.2522,0.2525,0.2523436679422856,0.252375,0.2522,0.2525,True,0.0004607592252282819,0.0002272597082381503,0,0.2509684545461058,0.25102620401152487,26.13886326776901,26.13886326776901,0.25164458173807985,0.2516433428260555,91.0449912072404,97.01499706908021,0,2
2023-06-11 12:51:00,2023-06-11 12:51:59,0.2524,0.2525,0.2524,0.2525,0.2523593339711428,0.25245,0.2524,0.2525,True,0.0004349907091405467,0.00020971183119889526,0,0.25099732927881535,0.25106210750606317,26.270080782722005,26.270080782722005,0.25165259585013877,0.251651866778035,83.66897581450077,91.57132234058047,0,2
2023-06-11 12:52:00,2023-06-11 12:52:59,0.2525,0.2526,0.2524,0.2528,0.2524046669855714,0.252575,0.2524,0.2528,True,0.00043249137277336563,0.0001935036123411445,0,0.25102971839243926,0.2511007546312241,27.057760089635295,27.057760089635295,0.2516617740008837,0.2516613009394476,78.92201227729966,84.54532643301367,0,1
2023-06-11 12:53:00,2023-06-11 12:53:59,0.2526,0.2526,0.2526,0.2528,0.2524898334927857,0.25265000000000004,0.2526,0.2528,True,0.0004158848461466991,0.0001717161723341884,0,0.2510652365118317,0.2511418112554505,27.582879627577498,27.582879627577498,0.25167160709540226,0.25167064122860733,84.70268937306993,82.43122582162351,0,1
2023-06-11 12:54:00,2023-06-11 12:54:59,0.2525,0.2525,0.2525,0.2527,0.25256991674639284,0.25255,0.2525,0.2527,True,0.0004004644999933619,0.0001401623108623775,0,0.2511035238836411,0.2511837970967851,24.940211146230908,24.940211146230908,0.2516803473233087,0.25167889355469086,83.0821152244503,82.23560562494004,0,1
2023-06-11 12:55:00,2023-06-11 12:55:59,0.2525,0.2525,0.2523,0.2525,0.25255995837319645,0.25245,0.2523,0.25255995837319645,True,0.0003861456071366916,0.00011033916935713269,0,0.25114366049021314,0.25122554034341543,23.17843215866651,23.17843215866651,0.25168800555889764,0.25168706376807704,73.06378976003813,80.28286478585287,0,1
2023-06-11 12:56:00,2023-06-11 12:56:59,0.2524,0.2524,0.2523,0.2525,0.2525049791865982,0.2524,0.2523,0.2525049791865982,True,0.0003728494923412121,7.593670104173939e-05,0,0.2511846004168143,0.25126646313729134,18.725452749989557,18.725452749989557,0.2516950900806997,0.251694157660932,58.560440392031715,71.56878179217345,0,1
2023-06-11 12:57:00,2023-06-11 12:57:59,0.2524,0.2529,0.2524,0.2529,0.25245248959329913,0.25265000000000004,0.2524,0.2529,True,0.000381931671459697,8.113703723379331e-05,0,0.2512255317770528,0.25130817447492404,21.89963484488125,21.89963484488125,0.2517045916719365,0.2517061560921665,56.91766208103561,62.847297411035235,0,2
2023-06-11 12:58:00,2023-06-11 12:58:59,0.253,0.2523,0.2522,0.2531,0.2525512447966496,0.25265000000000004,0.2522,0.2531,True,0.0004189365520697195,3.614727432782374e-05,0,0.2512668531259884,0.25135022045446725,13.641320784733637,13.641320784733637,0.2517139987199769,0.25171206498677184,56.895793766275865,57.45796541311447,0,1
2023-06-11 12:59:00,2023-06-11 12:59:59,0.2523,0.2526,0.2522,0.2526,0.2526006223983248,0.252425,0.2522,0.2526006223983248,True,0.0004175839412075975,2.2383294218152722e-05,0,0.25130853679022785,0.2513906976805264,11.531611182323928,11.531611182323928,0.2517210733595791,0.2517209001610328,41.240141497938275,51.68453244841666,0,1
2023-06-11 13:00:00,2023-06-11 13:00:59,0.2526,0.2523,0.2522,0.2527,0.2525128111991624,0.25245,0.2522,0.2527,True,0.000423470802549912,-1.1753688101877107e-05,0,0.25134961723537713,0.25142983362570487,6.537640925844322,0.0,0.2517283263609763,0.25172666234848523,19.728098815569766,39.28801135992804,0,1
2023-06-11 13:01:00,2023-06-11 13:01:59,0.2524,0.2525,0.2524,0.2528,0.2524814055995812,0.252525,0.2524,0.2528,True,0.0004289371737963469,-2.3224855194808706e-05,0,0.251389725430541,0.2514681596365695,5.535347362515637,0.0,0.2517362534618621,0.25173435725049037,6.000183481724929,22.322807931744396,0,1
2023-06-11 13:02:00,2023-06-11 13:02:59,0.2525,0.2527,0.2525,0.2528,0.2525032027997906,0.252625,0.2525,0.2528,True,0.00041972737566803797,-1.9488928769031315e-05,0,0.25142894253355524,0.25150627112960655,6.96592108939258,0.0,0.2517450967109978,0.2517439656360576,15.599502382327605,13.775928226540842,0,1
2023-06-11 13:03:00,2023-06-11 13:03:59,0.2527,0.253,0.2526,0.253,0.25256410139989527,0.25282499999999997,0.2526,0.253,True,0.00041831827740603606,8.000751839604223e-07,0,0.25146760683158087,0.2515453244585698,10.54520584549261,10.54520584549261,0.25175584201735607,0.2517564634904252,35.634021966161235,19.07790261007133,0,2
2023-06-11 13:04:00,2023-06-11 13:04:59,0.253,0.2529,0.2528,0.2531,0.2526945506999476,0.25295,0.2528,0.2531,True,0.00040986697187703116,3.4503379400879167e-06,0,0.25150646564507534,0.2515857089871459,11.290157453531037,11.290157453531037,0.2517677241863376,0.25176784196315727,57.83795578262948,36.35716004370618,0,1
2023-06-11 13:05:00,2023-06-11 13:05:59,0.2529,0.2527,0.2525,0.2529,0.2528222753499738,0.25275000000000003,0.2525,0.2529,True,0.00040916218817152976,-1.2285152900032162e-05,0,0.2515460873161106,0.2516254922850324,8.677049179643006,0.0,0.25177749807503075,0.25177711716750395,54.01451667516963,49.16216480798685,0,1
2023-06-11 13:06:00,2023-06-11 13:06:59,0.2527,0.2525,0.2525,0.2527,0.2527861376749869,0.2526,0.2525,0.2527861376749869,True,0.00039422203187356174,-3.918104745133529e-05,0,0.2515857898005715,0.25166350011451744,4.238638498727909,0.0,0.25178568217378666,0.25178431003150886,32.79807429272655,48.21684891684195,0,1
2023-06-11 13:07:00,2023-06-11 13:07:59,0.2525,0.2527,0.2525,0.2527,0.25269306883749343,0.2526,0.2525,0.2527,True,0.0003803490295968772,-4.459237338557808e-05,0,0.25162464495754444,0.2516998493311136,4.07884651986803,0.0,0.2517937848387241,0.2517934213744789,5.775879793142825,30.862823587013064,0,1
2023-06-11 13:08:00,2023-06-11 13:08:59,0.2527,0.2528,0.2526,0.2529,0.25264653441874674,0.25275000000000003,0.2526,0.2529,True,0.00037460981319710186,-4.2654649509251547e-05,0,0.251662247144329,0.2517356724753558,5.273678674949423,0.0,0.2518032994174433,0.25180343708219555,8.930687476307648,15.834880520725735,0,1
2023-06-11 13:09:00,2023-06-11 13:09:59,0.2528,0.2526,0.2526,0.2529,0.2526982672093734,0.252725,0.2526,0.2529,True,0.0003692805408258819,-5.6554328134381104e-05,0,0.25169895980984236,0.25177066412768123,2.8316766229473203,0.0,0.2518124705675185,0.2518113630813777,15.3678131787886,10.02479348274642,0,1
2023-06-11 13:10:00,2023-06-11 13:10:59,0.2527,0.2521,0.2519,0.2527,0.2527116336046867,0.25234999999999996,0.2519,0.2527116336046867,True,0.0004000462164811737,-0.00010054840006600284,0,0.2517348119687618,0.2518021881618264,-4.162548499368036,-4.162548499368036,0.25181781911908546,0.2518142350905182,15.3678131787886,13.222104611295011,0,1
2023-06-11 13:11:00,2023-06-11 13:11:59,0.2521,0.2525,0.2521,0.2525,0.25253081680234335,0.25229999999999997,0.2521,0.25253081680234335,True,0.0004000429153039478,-0.00010014572811382292,0,0.2517685000652941,0.2518304227742198,-3.287956805643333,-3.287956805643333,0.25182261693879604,0.2518210586219558,6.437125702480948,12.390917353352778,0,1
2023-06-11 13:12:00,2023-06-11 13:12:59,0.2526,0.2527,0.2525,0.2529,0.25241540840117166,0.252675,0.2525,0.2529,True,0.0004000398499250952,-8.460806379038743e-05,0,0.25179946141975695,0.2518584467810666,-0.5129039279193464,-0.0,0.2518310983622906,0.2518298043073095,13.041185036474786,11.615374639248174,0,2
2023-06-11 13:13:00,2023-06-11 13:13:59,0.2527,0.2526,0.2525,0.2527,0.2525452042005858,0.252625,0.2525,0.2527,True,0.0003857512892161582,-8.041606595855344e-05,0,0.2518289541004118,0.2518857696490227,0.032535628215754286,0.0,0.2518389978810738,0.2518374679460427,23.963158323503023,14.480489687486314,0,1
2023-06-11 13:14:00,2023-06-11 13:14:59,0.2526,0.2527,0.2525,0.2528,0.2525851021002929,0.25265000000000004,0.2525,0.2528,True,0.0003796261971292914,-6.990202372683863e-05,0,0.25185736187471724,0.2519125245680549,1.677130027893952,0.0,0.2518470675538989,0.25184605035453983,35.71980527529809,24.241382878425366,0,1
2023-06-11 13:15:00,2023-06-11 13:15:59,0.2527,0.2526,0.2525,0.2527,0.2526175510501465,0.252625,0.2525,0.2527,True,0.0003667957544771976,-6.937280525882875e-05,0,0.25188494322138605,0.251938477243121,1.1938821560592672,0.0,0.25185480817525313,0.2518535523410618,33.25522368989572,30.979395762899014,0,1
2023-06-11 13:16:00,2023-06-11 13:16:59,0.2525,0.2518,0.2518,0.2525,0.25262127552507324,0.25215,0.2518,0.25262127552507324,True,0.0003977389148716812,-0.00012320958011825437,0,0.2519117102322535,0.2519603612377743,-6.710175146969959,-6.710175146969959,0.2518577454073402,0.25185301948194677,22.33325040286748,30.436093122687165,0,-2
2023-06-11 13:17:00,2023-06-11 13:17:59,0.2519,0.2522,0.2519,0.2522,0.25238563776253664,0.25205,0.2519,0.25238563776253664,True,0.00039790042095227225,-0.000127291599824905,0,0.2519360357350139,0.2519782056779026,-6.81482526323996,-6.81482526323996,0.25185965838836166,0.25185647202441497,10.57660345107241,22.05502584794527,0,-2
2023-06-11 13:18:00,2023-06-11 13:18:59,0.2523,0.2524,0.2523,0.2526,0.2522178188812683,0.2524,0.2523,0.2526,True,0.0003980503908842537,-0.00011252883556053675,0,0.2519571207064582,0.2519951486887212,-4.724735127418455,-4.724735127418455,0.2518650349218108,0.251861880262978,12.869224154039955,15.25969266932668,0,-2
2023-06-11 13:19:00,2023-06-11 13:19:59,0.2524,0.2521,0.2521,0.2525,0.25230890944063417,0.25227499999999997,0.2521,0.2525,True,0.00039818964867823636,-0.00012034715330295662,0,0.25197613469758967,0.2520104081178993,-6.130547420386399,-6.130547420386399,0.25186911417632013,0.25186424961359516,22.251694504440053,15.23250736985087,0,-2
2023-06-11 13:20:00,2023-06-11 13:20:59,0.2522,0.2518,0.2518,0.2522,0.25229195472031707,0.252,0.2518,0.25229195472031707,True,0.00039831895948693065,-0.00014221732016129449,0,0.25199327140774447,0.2520223505630471,-9.384388876798319,-9.384388876798319,0.2518704165228244,0.2518636103139574,22.783373147925875,19.30143060213536,-1,-2
2023-06-11 13:21:00,2023-06-11 13:21:59,0.2518,0.2522,0.2518,0.2522,0.25214597736015854,0.252,0.2518,0.2522,True,0.0003984390338092896,-0.00012395832022958443,0,0.25200781098539576,0.2520315995854668,-6.872755233033118,-6.872755233033118,0.251871705910657,0.25186695747501253,10.445827637371734,18.493631763245954,0,-1
2023-06-11 13:22:00,2023-06-11 13:22:59,0.2522,0.2528,0.2522,0.2529,0.25207298868007927,0.252525,0.2522,0.2529,True,0.0004199791028229142,-6.665771071271272e-05,0,0.2520197052854313,0.25204226665742,-0.40655272765719275,-0.0,0.2518782063493569,0.2518762414802363,21.00843153248131,18.07921077259304,1,-1
2023-06-11 13:23:00,2023-06-11 13:23:59,0.2527,0.2527,0.2525,0.2527,0.25229899434003966,0.25265,0.2525,0.2527,True,0.00041140916690699333,-3.45793569594554e-05,0,0.25203098597142565,0.2520548346152191,2.809273833921317,0.0,0.2518858858881693,0.251884438082423,50.15669310405826,27.203650757970504,0,-1
2023-06-11 13:24:00,2023-06-11 13:24:59,0.2527,0.2529,0.2527,0.2529,0.2524744971700198,0.2528,0.2527,0.2529,True,0.00039630851212792476,3.796683796127281e-07,0,0.2520429102933224,0.2520698420837764,6.474432265966556,0.0,0.25189498155097356,0.25189454317613025,82.95834779390579,51.37449081014852,0,2
2023-06-11 13:25:00,2023-06-11 13:25:59,0.2528,0.2525,0.2524,0.2528,0.2526372485850099,0.252625,0.2524,0.2528,True,0.00040371504697593016,-5.511929819599661e-06,0,0.25205637618854937,0.2520854665430092,4.41304228915093,0.0,0.251902245416138,0.2519005676221389,88.12100329598918,73.74534806465114,0,-2
2023-06-11 13:26:00,2023-06-11 13:26:59,0.2525,0.2524,0.2524,0.2525,0.25263112429250495,0.25245,0.2524,0.25263112429250495,True,0.0003820211150490772,-1.6969758289622913e-05,0,0.25207092136577924,0.252100268876827,2.037225940585074,0.0,0.25190769571050475,0.2519055370985355,75.88306457149456,82.32080522046324,0,-2
2023-06-11 13:27:00,2023-06-11 13:27:59,0.2523,0.2523,0.2521,0.2524,0.2525405621462525,0.252275,0.2521,0.2525405621462525,True,0.0003761624639741448,-3.1484186181745096e-05,0,0.2520855951213031,0.25211312169966593,-0.6011114421829475,-0.0,0.25191135047955443,0.2519094621025302,52.84957482879582,72.28454756542659,0,-2
2023-06-11 13:28:00,2023-06-11 13:28:59,0.2523,0.2522,0.2521,0.2524,0.2524077810731262,0.25225,0.2521,0.2524077810731262,True,0.0003707222879759932,-4.72717282255922e-05,0,0.2520993584104845,0.25212417994818115,-3.4529615261040263,-3.4529615261040263,0.25191472012652405,0.25191235302688314,37.03060185050995,55.254413750266856,0,-2
2023-06-11 13:29:00,2023-06-11 13:29:59,0.2522,0.2523,0.2519,0.2523,0.2523288905365631,0.252175,0.2519,0.2523288905365631,True,0.0003728135531205659,-4.9382085077043035e-05,0,0.2521117691793328,0.25213323486460615,-3.7397131517915483,-3.7397131517915483,0.25191730997601136,0.25191621021069527,25.752964875486644,38.54438051826422,0,-2
2023-06-11 13:30:00,2023-06-11 13:30:59,0.2523,0.2522,0.2519,0.2523,0.25225194526828154,0.252175,0.2519,0.2523,True,0.00037475544218338344,-5.6188634198406205e-05,0,0.25212250202196945,0.2521406504172316,-5.293266849601579,-5.293266849601579,0.25191987405585203,0.25191903398969334,21.617485800396878,28.133684175464577,-1,-2
2023-06-11 13:31:00,2023-06-11 13:31:59,0.2521,0.252,0.252,0.2522,0.25221347263414073,0.252075,0.252,0.25221347263414073,True,0.0003622729105988545,-7.249122153012864e-05,0,0.25213157621960053,0.25214603830228505,-8.779947428858463,-8.779947428858463,0.25192141759758485,0.25191983962163667,13.413838595137229,20.261429757007,0,-2
2023-06-11 13:32:00,2023-06-11 13:32:59,0.2519,0.2515,0.2515,0.252,0.2521442363170704,0.25172500000000003,0.2515,0.2521442363170704,True,0.00037211055984179346,-0.00011465441091593209,0,0.2521388072609428,0.25214739145156534,-15.06010156720862,-15.06010156720862,0.2519194631936288,0.2519156621129637,7.249474079592397,14.093599491708916,0,-2
2023-06-11 13:33:00,2023-06-11 13:33:59,0.2515,0.2516,0.2515,0.2517,0.25193461815853524,0.251575,0.2515,0.25193461815853524,True,0.00035981694842452094,-0.00013031418200688547,0,0.25214309935625406,0.2521445295814339,-17.26032976410611,-17.26032976410611,0.2519160356991648,0.25191252119641677,1.0851095640475659,7.24947407959248,0,-2
2023-06-11 13:34:00,2023-06-11 13:34:59,0.2516,0.2515,0.2515,0.2517,0.2517548090792676,0.251575,0.2515,0.2517548090792676,True,0.00034840145210848214,-0.000141637117943958,0,0.252143814468844,0.25213836883234975,-19.52406798449129,-19.52406798449129,0.25191264230912336,0.2519084165078952,-8.733754460384565e-15,2.7781945478800676,0,-2
2023-06-11 13:35:00,2023-06-11 13:35:59,0.2516,0.2516,0.2515,0.2519,0.2516649045396338,0.25165,0.2515,0.2519,True,0.00035208706267216277,-0.00013570225048970924,0,0.2521410916505969,0.25213016770171676,-18.764082476681406,-18.764082476681406,0.25191002895281367,0.25190534768692113,3.285963597458768,1.4570243871688582,0,-2
2023-06-11 13:36:00,2023-06-11 13:36:59,0.2517,0.2517,0.2516,0.2517,0.2516574522698169,0.251675,0.2516,0.2517,True,0.0003340808439098647,-0.00011865459358496229,0,0.2521356296761569,0.2521205879594056,-16.03043837440903,-16.03043837440903,0.25190769035626825,0.2519033044263548,7.6923429418778255,3.659435513112278,0,-1
2023-06-11 13:37:00,2023-06-11 13:37:59,0.2517,0.2518,0.2517,0.252,0.2516662261349084,0.2518,0.2517,0.252,True,0.00033164649791630454,-9.49938613314998e-05,0,0.2521281088177813,0.2521108461865781,-12.05752658649471,-12.05752658649471,0.25190661881043475,0.25190227652161495,17.655405075747897,9.544570538361581,0,-1
2023-06-11 13:38:00,2023-06-11 13:38:59,0.2519,0.2523,0.2519,0.2523,0.2517331130674542,0.2521,0.2519,0.2523,True,0.00034367174806514,-4.053622856786046e-05,0,0.2521194775021797,0.25210310200394664,-2.375729520475616,-0.0,0.2519085430013757,0.25190623396916106,39.988689273936934,21.77881243052097,0,-1
2023-06-11 13:39:00,2023-06-11 13:39:59,0.2522,0.2526,0.2521,0.2526,0.25191655653372713,0.25237499999999996,0.2521,0.2526,True,0.0003548380517747729,1.773940244814092e-05,0,0.2521112897530632,0.2520988704639061,6.490949715991647,0.0,0.2519131843645461,0.2519131371137465,68.91564326285122,42.18657920417876,0,-1
2023-06-11 13:40:00,2023-06-11 13:40:59,0.2526,0.2519,0.2518,0.2529,0.2521457782668636,0.25229999999999997,0.2518,0.2529,True,0.00040806390521943127,7.266638447939882e-06,0,0.25210508010848465,0.2520969189051853,2.9920315212085953,0.0,0.2519170332763417,0.2519130063961968,89.269682576766,66.05800503785146,0,-2
2023-06-11 13:41:00,2023-06-11 13:41:59,0.2518,0.2519,0.2516,0.2519,0.25222288913343177,0.2518,0.2516,0.25222288913343177,True,0.0004003450548466163,8.042743581576672e-07,0,0.252100999506835,0.2520933452498275,0.6594193913532322,0.0,0.2519158687661293,0.2519128769793192,77.36268725594998,78.51600436518915,0,-2
2023-06-11 13:42:00,2023-06-11 13:42:59,0.2519,0.2519,0.2518,0.2519,0.25201144456671587,0.251875,0.2518,0.25201144456671587,True,0.00037889183664328575,-2.776409564084309e-06,0,0.2520971723783313,0.25208903360521595,-0.8956553618836764,-0.0,0.25191546211174,0.25191274885017173,60.4468239834059,75.69306460537403,0,-2
2023-06-11 13:43:00,2023-06-11 13:43:59,0.2519,0.252,0.2519,0.252,0.25194322228335797,0.25195,0.2519,0.252,True,0.00035897099116876454,2.528442128071269e-06,0,0.2520931029917736,0.25208468509870213,-0.3872657551856875,-0.0,0.2519158057723197,0.25191361702081677,49.27328468747578,62.36093197561063,0,-1
2023-06-11 13:44:00,2023-06-11 13:44:59,0.252,0.2519,0.2519,0.252,0.251946611141679,0.25195,0.2519,0.252,True,0.00034047306322813767,-3.785261967320224e-07,0,0.2520888940452379,0.25208033740593255,-1.6242403406140227,-0.0,0.25191614601339113,0.2519134815280723,54.70459436449872,54.80823434512687,0,-2
2023-06-11 13:45:00,2023-06-11 13:45:59,0.252,0.2515,0.2514,0.252,0.25194830557083947,0.25172500000000003,0.2514,0.252,True,0.0003590107015689842,-2.9034981169094167e-05,0,0.2520846157255852,0.252074476444346,-7.1843567954927465,-7.1843567954927465,0.2519142440630091,0.25190936728401186,50.16398520307814,51.380621418350955,0,-2
2023-06-11 13:46:00,2023-06-11 13:46:59,0.2515,0.2515,0.2514,0.2516,0.2518366527854198,0.2515,0.2514,0.2518366527854198,True,0.0003476527943140552,-4.557667568342826e-05,0,0.25207954608496563,0.25206592054872745,-10.891101098745224,-10.891101098745224,0.25191012223153636,0.2519052939777033,36.590271980264596,47.152950515947225,0,-2
2023-06-11 13:47:00,2023-06-11 13:47:59,0.2514,0.2519,0.2512,0.2521,0.25166832639270986,0.25165000000000004,0.2512,0.2521,True,0.00038710616614876637,-2.6040136048952338e-05,0,0.25207273331684654,0.2520563307746557,-6.3432652846238256,-6.3432652846238256,0.25190753395062554,0.2519052413013082,29.25953296591793,38.67126338308696,0,-1
2023-06-11 13:48:00,2023-06-11 13:48:59,0.2518,0.2519,0.2518,0.252,0.25165916319635495,0.251875,0.2518,0.252,True,0.0003737414399952815,-1.1441121281306152e-05,0,0.25206453204575113,0.25204753655613504,-3.3113747418762287,-0.0,0.2519072102297238,0.25190518914905635,36.0625879731677,33.970797639783484,0,-1
2023-06-11 13:49:00,2023-06-11 13:49:59,0.2519,0.2521,0.2519,0.2521,0.2517670815981775,0.252,0.2519,0.2521,True,0.0003613313371384741,1.304313163804575e-05,0,0.2520560343009431,0.25204028665471906,1.5706342093726562,0.0,0.2519081335110201,0.25190712756548367,53.598987650851335,39.64036952997907,0,-1
2023-06-11 13:50:00,2023-06-11 13:50:59,0.2521,0.2522,0.2519,0.2522,0.25188354079908876,0.2521,0.2519,0.2522,True,0.00035695052734286645,3.594076287762377e-05,0,0.2520481604778311,0.25203498845340033,6.091928563107267,6.091928563107267,0.2519100426303134,0.25191004171906095,68.68624794408201,52.78260785603376,0,-1
2023-06-11 13:51:00,2023-06-11 13:51:59,0.2522,0.2521,0.2521,0.2522,0.25199177039954435,0.25215,0.2521,0.2522,True,0.00033859691824694667,4.3011573207532504e-05,0,0.2520415744656157,0.2520316062437624,6.81577137067044,6.81577137067044,0.2519124302658327,0.2519119318512096,78.92819797058446,67.07114452183936,0,-1
2023-06-11 13:52:00,2023-06-11 13:52:59,0.2521,0.2524,0.2521,0.2524,0.25207088519977217,0.25225,0.2521,0.2524,True,0.0003358399955150235,6.689074282314461e-05,0,0.25203659035468906,0.2520304418197507,11.12750742372932,11.12750742372932,0.25191578916866025,0.2519167882507,88.78539171604892,78.79994587690521,1,2
2023-06-11 13:53:00,2023-06-11 13:53:59,0.2524,0.252,0.252,0.2524,0.25216044259988607,0.2522,0.252,0.2524,True,0.0003404228529782369,5.245569589981786e-05,0,0.25203351608721986,0.252030688409973,6.893445935842415,6.893445935842415,0.2519186171371313,0.251917616228305,92.59761156808456,86.77040041823939,-1,1
2023-06-11 13:54:00,2023-06-11 13:54:59,0.252,0.2521,0.252,0.2522,0.252180221299943,0.252075,0.252,0.2522,True,0.0003303926491940756,4.809751158070337e-05,0,0.2520321022485964,0.2520311865768206,5.515101988863911,5.515101988863911,0.25192017318551807,0.2519194309922025,87.95893507423928,89.78064611945767,1,2
2023-06-11 13:55:00,2023-06-11 13:55:59,0.252,0.2522,0.252,0.2522,0.25212761064997147,0.2521,0.252,0.2522,True,0.00032107888853735435,5.037147444274371e-05,0,0.2520316444127085,0.2520320509203468,6.038420445571113,6.038420445571113,0.25192196250705523,0.25192222272362336,80.4936693022159,87.01673864817998,0,2
2023-06-11 13:56:00,2023-06-11 13:56:59,0.2522,0.253,0.2521,0.253,0.25211380532498573,0.252575,0.2521,0.253,True,0.00036243039649897277,0.00010474898804856512,0,0.25203184766652764,0.2520364566321772,13.080092080500243,13.080092080500243,0.2519284603925572,0.2519329468756271,83.11469935277488,83.85576790974342,0,2
2023-06-11 13:57:00,2023-06-11 13:57:59,0.2527,0.2529,0.2527,0.253,0.25234440266249286,0.25282499999999997,0.2527,0.253,True,0.0003579710824633335,0.00012848629836027825,0,0.25203415214935243,0.25204533552617625,16.087812242548964,16.087812242548964,0.251937381184671,0.2519425692947751,92.16484324683256,85.25773730060786,0,2
2023-06-11 13:58:00,2023-06-11 13:58:59,0.2528,0.2528,0.2527,0.2529,0.25258470133124644,0.2528,0.2527,0.2529,True,0.00034668743371595495,0.00013113824893907795,0,0.25203974383776434,0.2520575037427129,16.339596765733745,16.339596765733745,0.25194596445646533,0.2519511009435833,99.09100494292717,91.45684918084494,0,2
2023-06-11 13:59:00,2023-06-11 13:59:59,0.2528,0.2525,0.2525,0.2528,0.25269235066562323,0.25265000000000004,0.2525,0.2528,True,0.0003433526170219598,0.00010611041283362448,0,0.2520486237902386,0.2520711490195902,11.872973348651968,11.872973348651968,0.2519529697852567,0.2519565626257367,92.78872492485205,94.68152437153732,0,1
2023-06-11 14:00:00,2023-06-11 14:00:59,0.2525,0.2519,0.2519,0.2527,0.25267117533281164,0.25225,0.2519,0.2527,True,0.0003759702872346746,4.356577599858026e-05,0,0.2520598864049144,0.2520831191499647,3.0192931130800247,3.0192931130800247,0.2519559253097815,0.2519559998135403,71.4206200096858,87.76678329248841,0,1
2023-06-11 14:01:00,2023-06-11 14:01:59,0.252,0.2522,0.252,0.2523,0.2524605876664058,0.252125,0.252,0.2524605876664058,True,0.0003776866952893416,2.121666348690044e-05,0,0.2520715027774395,0.2520928306649596,0.7074331275282333,0.0,0.2519576076450076,0.2519584276760921,39.724200549453435,67.97784849466383,0,1
2023-06-11 14:02:00,2023-06-11 14:02:59,0.2523,0.2519,0.2518,0.2523,0.2522927938332029,0.252075,0.2518,0.2523,True,0.0003864233599115315,-1.531887912664231e-05,0,0.25208216672119954,0.25210035427168825,-3.3921202538816573,-0.0,0.25195877572814185,0.25195784630618073,12.693147234195232,41.27932259777823,0,1
2023-06-11 14:03:00,2023-06-11 14:03:59,0.2519,0.252,0.2518,0.252,0.2521838969166015,0.251925,0.2518,0.2521838969166015,True,0.00037310740563213483,-3.193242993501854e-05,0,0.25209126049644387,0.2521050745433893,-4.842894726770282,-4.842894726770282,0.2519584396512449,0.25195826574592023,0.7279188160281554,17.715088866559018,0,-2
2023-06-11 14:04:00,2023-06-11 14:04:59,0.252,0.2519,0.2518,0.252,0.2520544484583007,0.251925,0.2518,0.2520544484583007,True,0.00036074259094412366,-4.858203979318958e-05,0,0.2520981675199166,0.2521075553436247,-6.792131383813597,-6.792131383813597,0.2519581069183967,0.2519576859872544,2.5017025488220195e-14,4.47368868340788,0,-2
2023-06-11 14:05:00,2023-06-11 14:05:59,0.2518,0.2516,0.2514,0.2518,0.25198972422915034,0.25165000000000004,0.2514,0.25198972422915034,True,0.00037068954873382916,-7.814239752530611e-05,0,0.25210286143177063,0.2521063691788452,-10.720635088357803,-10.720635088357803,0.2519550411779152,0.2519541269227046,2.5017025488220195e-14,0.24263960534281107,-1,-2
2023-06-11 14:06:00,2023-06-11 14:06:59,0.2516,0.2516,0.2515,0.2518,0.2518198621145752,0.251625,0.2515,0.2518198621145752,True,0.000365640295252843,-9.402374125412217e-05,0,0.2521046153053079,0.2521021325984864,-13.339637558053937,-13.339637558053937,0.25195175718609514,0.2519506032717324,2.5017025488220195e-14,1.0093160874981146e-13,0,-2
2023-06-11 14:07:00,2023-06-11 14:07:59,0.2516,0.2514,0.2512,0.2516,0.2517224310572876,0.25145,0.2512,0.2517224310572876,True,0.00036809455987764074,-0.00011390892132717393,-1,0.25210337395189714,0.2520943227858301,-16.77727258972834,-16.77727258972834,0.25194676457727827,0.2519451246322127,2.5017025488220195e-14,1.0093160874981146e-13,0,-2
2023-06-11 14:08:00,2023-06-11 14:08:59,0.2514,0.2513,0.251,0.2514,0.2515862155286438,0.251275,0.251,0.2515862155286438,True,0.0003703735198863815,-0.00012844678355370144,0,0.2520988483688636,0.2520825526397708,-19.844899303400158,-19.844899303400158,0.2519400803526287,0.25193870548164343,2.5017025488220195e-14,1.0093160874981146e-13,0,-2
2023-06-11 14:09:00,2023-06-11 14:09:59,0.2513,0.2513,0.251,0.2513,0.2514306077643219,0.25122500000000003,0.251,0.2514306077643219,True,0.00036534683989449874,-0.00013180786886269022,0,0.25209070050431714,0.2520674021979178,-21.88998377918137,-21.88998377918137,0.2519329651252394,0.25193235020321914,2.5017025488220195e-14,1.0093160874981146e-13,0,-2
2023-06-11 14:10:00,2023-06-11 14:10:59,0.2513,0.2511,0.2509,0.2514,0.25132780388216097,0.251175,0.2509,0.2514,True,0.00037496492275917743,-0.00014129100907087826,0,0.2520790513511174,0.252049351320384,-24.877303920325406,-24.877303920325406,0.2519254231836947,0.2519240681116448,2.5017025488220195e-14,1.0093160874981146e-13,0,-2
2023-06-11 14:11:00,2023-06-11 14:11:59,0.2511,0.2512,0.251,0.2513,0.2512514019410805,0.25115,0.251,0.2513,True,0.0003696102854192378,-0.00013350436376938267,0,0.2520642013357507,0.2520289692310709,-23.944937602747313,-23.944937602747313,0.2519177075301256,0.2519168634538175,2.5017025488220195e-14,1.0093160874981146e-13,0,-2
2023-06-11 14:12:00,2023-06-11 14:12:59,0.2512,0.2517,0.2512,0.2517,0.25120070097054026,0.25144999999999995,0.2512,0.2517,True,0.00037892383646072087,-8.725534021507587e-05,0,0.2520465852834108,0.2520089499241772,-13.849918487099629,-13.849918487099629,0.2519130537238557,0.2519147056085059,11.352530667612157,3.784176889204145,0,-1
2023-06-11 14:13:00,2023-06-11 14:13:59,0.2516,0.2512,0.2511,0.2518,0.2513253504852701,0.251425,0.2511,0.2518,True,0.00040185784814210037,-8.664466934557273e-05,0,0.252027767603794,0.2519891820655822,-13.151682775153546,-13.151682775153546,0.25190819746789694,0.25190759410991376,27.392720777889252,12.915083815167222,0,-2
2023-06-11 14:14:00,2023-06-11 14:14:59,0.2512,0.2514,0.2512,0.2514,0.2513751752426351,0.25129999999999997,0.2512,0.2514,True,0.000387439430417667,-6.742654777036372e-05,0,0.2520084748346881,0.2519688901696003,-9.936564566759742,-9.936564566759742,0.2519021457517985,0.25190254342225293,40.92250853695077,26.555919994150802,0,-1
2023-06-11 14:15:00,2023-06-11 14:15:59,0.2514,0.2513,0.2511,0.2514,0.2513375876213175,0.2513,0.2511,0.2514,True,0.0003811937568164067,-5.750233854793035e-05,0,0.2519886825021442,0.25194832491928454,-8.943061748474165,-8.943061748474165,0.2518961542517806,0.2518965479653151,43.95064455841656,37.42195795775228,0,-1
2023-06-11 14:16:00,2023-06-11 14:16:59,0.2513,0.2517,0.2512,0.2518,0.2513187938106588,0.2515,0.2512,0.2518,True,0.00039682277418666656,-1.9652909254899828e-05,0,0.25196850371071433,0.25192905776735985,-3.29482896255395,-0.0,0.2518922124184295,0.25189459226416766,61.243787781472804,48.705646958946794,0,-1
2023-06-11 14:17:00,2023-06-11 14:17:59,0.2517,0.2518,0.2517,0.2519,0.2514093969053294,0.251775,0.2517,0.2519,True,0.0003827640046019071,1.40123253469481e-05,0,0.2519487807390371,0.25191283160303246,1.493062265653883,0.0,0.25189104612570884,0.2518936510476088,81.04733335574461,62.08058856521141,0,-1
2023-06-11 14:18:00,2023-06-11 14:18:59,0.2518,0.2518,0.2517,0.2518,0.2515921984526647,0.251775,0.2517,0.2518,True,0.00036256657570177405,3.6580829541252345e-05,0,0.2519308061710348,0.2518991109583697,4.6849897511257765,4.6849897511257765,0.25188989143789087,0.25189271919638884,100.00000000000004,80.76370704573924,0,-1
2023-06-11 14:19:00,2023-06-11 14:19:59,0.2518,0.2518,0.2516,0.2518,0.2516835992263323,0.25175000000000003,0.2516,0.2518,True,0.000350954677437364,5.090195424777515e-05,0,0.25191495856470225,0.25188728553858636,6.8129414081070365,6.8129414081070365,0.251888499483285,0.2518917966173203,98.85714021294926,93.30149118956473,0,-1
2023-06-11 14:20:00,2023-06-11 14:20:59,0.2518,0.2517,0.2516,0.252,0.2517167996131662,0.251775,0.2516,0.252,True,0.00035445791476326744,5.230765828353871e-05,0,0.25190112205164433,0.25187720490422116,5.950508681220818,5.950508681220818,0.25188737013519263,0.25188988819326735,98.84509124686258,99.23407715327072,0,-1
2023-06-11 14:21:00,2023-06-11 14:21:59,0.2517,0.2511,0.251,0.2517,0.25174589980658313,0.25137499999999996,0.251,0.25174589980658313,True,0.0003791394922801754,1.0928919699114582e-05,0,0.2518891634779328,0.25186582269017227,-2.6957320442405006,-0.0,0.2518822719248922,0.25188202860925474,82.3909185923013,93.36438335070447,0,-2
2023-06-11 14:22:00,2023-06-11 14:22:59,0.2513,0.2513,0.2512,0.2513,0.2515604499032915,0.251275,0.2512,0.2515604499032915,True,0.00036634381426016525,-1.4141501281548998e-06,0,0.25187749308405255,0.2518528077210314,-4.924393382639451,-0.0,0.2518762294181769,0.2518762372798094,63.780956083975376,81.67232197437984,0,-2
2023-06-11 14:23:00,2023-06-11 14:23:59,0.2513,0.2513,0.2511,0.2516,0.25141772495164577,0.251325,0.2511,0.2516,True,0.00037589068467015345,-8.142569509353648e-06,0,0.251865150402542,0.25183893962202664,-6.410167608238751,-0.0,0.2518707445483443,0.2518705035755327,46.611886420915475,64.26125369906414,0,-2
2023-06-11 14:24:00,2023-06-11 14:24:59,0.2513,0.2515,0.2513,0.2515,0.2513713624758229,0.2514,0.2513,0.2515,True,0.0003633270643365695,2.7887265039148762e-06,0,0.2518520450122843,0.25182500957754755,-3.854896719128206,-0.0,0.25186606052298766,0.25186681697279106,49.74535503485186,53.37939917991432,0,-1
2023-06-11 14:25:00,2023-06-11 14:25:59,0.2515,0.2514,0.2514,0.2518,0.2513856812379115,0.251525,0.2514,0.2518,True,0.00036594655974110104,4.070794646770051e-06,0,0.25183852729491596,0.2518119839708133,-3.8095048824634645,-0.0,0.251862666885943,0.25186217202778816,58.73136978109006,51.696203745619215,0,-1
2023-06-11 14:26:00,2023-06-11 14:26:59,0.2514,0.2519,0.2513,0.2519,0.25145534061895575,0.25162500000000004,0.2513,0.2519,True,0.0003826646626167359,4.019299029121821e-05,0,0.2518252556328646,0.251800445910137,2.810411668244093,0.0,0.25186030204130677,0.2518625484255216,72.07601504957684,60.18424662183967,0,-1
2023-06-11 14:27:00,2023-06-11 14:27:59,0.2519,0.252,0.2519,0.2521,0.2515401703094779,0.251975,0.2519,0.2521,True,0.0003696171867155389,6.972438939712979e-05,0,0.2518128507715008,0.2517925595405127,8.142080038538566,8.142080038538566,0.2518614433145276,0.25186391610287956,85.39671909020173,72.06803464028962,0,2
2023-06-11 14:28:00,2023-06-11 14:28:59,0.252,0.2526,0.252,0.2528,0.25175758515473895,0.25234999999999996,0.252,0.2528,True,0.0004003588162358592,0.00012784061577796084,1,0.2518027051560067,0.2517901751806163,15.531494779596215,15.531494779596215,0.2518663045750796,0.25187124032076136,96.16352663934025,84.54542025970636,1,2
2023-06-11 14:29:00,2023-06-11 14:29:59,0.2526,0.2526,0.2525,0.2527,0.2520537925773695,0.2526,0.2525,0.2527,True,0.0003860474722190105,0.00016047693156225924,0,0.2517964401683115,0.2517938542167828,20.45777127363465,20.45777127363465,0.25187360502706885,0.2518784916608533,100.00000000000001,93.85341524318075,0,2
2023-06-11 14:30:00,2023-06-11 14:30:59,0.2525,0.2528,0.2524,0.2529,0.25232689628868477,0.25265000000000004,0.2524,0.2529,True,0.0003941869384890812,0.00018862668373540028,0,0.25179514719254714,0.25180262481838367,24.729087559229242,24.729087559229242,0.25188133035018256,0.25188766089805875,100.00000000000001,98.72117554644684,0,2
2023-06-11 14:31:00,2023-06-11 14:31:59,0.2527,0.2525,0.2525,0.253,0.2524884481443424,0.252675,0.2525,0.253,True,0.00040174501431128974,0.00017801819254768087,0,0.2517988860054654,0.2518155153961903,21.662994529997036,21.662994529997036,0.2518892275606285,0.25189375382444623,100.00000000000001,100.0000000000001,0,2
2023-06-11 14:32:00,2023-06-11 14:32:59,0.2525,0.2524,0.2522,0.2527,0.25258172407217117,0.25245,0.2522,0.2527,True,0.0004087632275747691,0.00015625125392196266,0,0.25180720070082785,0.2518300174778858,17.90361264335425,17.90361264335425,0.25189480738589587,0.2518987910998249,92.1442694576681,97.38142315255612,0,1
2023-06-11 14:33:00,2023-06-11 14:33:59,0.2524,0.2524,0.2524,0.2526,0.25251586203608556,0.25245,0.2524,0.2526,True,0.00039385156846228405,0.0001348493673335003,0,0.2518186090893568,0.25184568880822317,15.397358052259065,15.397358052259065,0.25190033169051385,0.25190377825306043,84.28853891533619,92.14426945766819,0,1
2023-06-11 14:34:00,2023-06-11 14:34:59,0.2524,0.2525,0.2524,0.2527,0.25248293101804276,0.2525,0.2524,0.2527,True,0.00038714788500069,0.0001212813797174393,0,0.25183214894879,0.25186251622742034,15.06804202849159,15.06804202849159,0.25190629853936447,0.25190971080775637,77.4399268206286,84.62424506454438,0,1
2023-06-11 14:35:00,2023-06-11 14:35:59,0.2525,0.2524,0.2524,0.2527,0.25249146550902135,0.2525,0.2524,0.2527,True,0.0003809230360720669,9.947512642430908e-05,0,0.2518473325881052,0.2518801383895161,12.51553100287547,12.51553100287547,0.2519122060165847,0.2519145893071817,78.44704526825292,80.05850366807266,0,1
2023-06-11 14:36:00,2023-06-11 14:36:59,0.2524,0.2523,0.2521,0.2524,0.25249573275451065,0.2523,0.2521,0.25249573275451065,True,0.000375142819209778,7.315923007984916e-05,0,0.2518637354888107,0.2518968931388195,8.60635249840653,8.60635249840653,0.25191606466318583,0.25191842423944855,71.28498221654955,75.72398476847712,0,1
2023-06-11 14:37:00,2023-06-11 14:37:59,0.2523,0.2526,0.2523,0.2527,0.25239786637725536,0.252475,0.2523,0.2527,True,0.00037691833212336214,7.241836927992669e-05,0,0.25188031431381513,0.2519140506986394,10.813539323475752,10.813539323475752,0.2519216262088258,0.2519252060878122,66.51108612465455,72.0810378698191,0,2
2023-06-11 14:38:00,2023-06-11 14:38:59,0.2526,0.2524,0.2521,0.2526,0.2524364331886277,0.252425,0.2521,0.2526,True,0.0003857098798288363,5.384186664875954e-05,0,0.2518971825062273,0.25193106462173165,8.151467992932282,8.151467992932282,0.25192663490326533,0.25192993040534645,57.30954051268454,65.03520295129631,0,1
2023-06-11 14:39:00,2023-06-11 14:39:59,0.2525,0.2524,0.2523,0.2525,0.2524307165943138,0.252425,0.2523,0.2525,True,0.0003724448884124893,3.8194503267436535e-05,0,0.25191412356397946,0.2519478487250119,6.37675377256997,6.37675377256997,0.2519315937599493,0.25193460771474596,53.88220305728095,59.23427656487345,0,1
2023-06-11 14:40:00,2023-06-11 14:40:59,0.2525,0.2524,0.2523,0.2525,0.2524278582971569,0.252425,0.2523,0.2525,True,0.0003601273963830242,2.5081094388448893e-05,0,0.2519309861444957,0.2519643367327402,5.193610958995102,0.0,0.2519365032747757,0.2519392384837535,37.699491202865346,49.63041159094371,0,1
2023-06-11 14:41:00,2023-06-11 14:41:59,0.2525,0.2528,0.2525,0.2528,0.2524264291485785,0.25265000000000004,0.2525,0.2528,True,0.00036297543949852327,4.158235266482404e-05,0,0.25194766143861796,0.2519820222363703,10.639648066937895,10.639648066937895,0.2519436027446784,0.2519478032749599,39.28121286630396,43.62096904215017,0,2
2023-06-11 14:42:00,2023-06-11 14:42:59,0.2526,0.2529,0.2526,0.2531,0.25253821457428927,0.2528,0.2526,0.2531,True,0.00037276290810577163,5.585020888125672e-05,0,0.2519648418374941,0.25200155835510224,15.279133860584778,15.279133860584778,0.251952124110403,0.25195727786923894,50.77908170871521,42.58659525929493,0,2
2023-06-11 14:43:00,2023-06-11 14:43:59,0.2529,0.253,0.2529,0.2533,0.25266910728714465,0.253025,0.2529,0.2533,True,0.0003747084146696459,6.794232065597899e-05,0,0.25198320009629815,0.2520239611768476,19.33158945185717,19.33158945185717,0.25196279949238903,0.25196765321382364,78.58430174973341,56.21486544158429,0,2
2023-06-11 14:44:00,2023-06-11 14:44:59,0.253,0.2533,0.253,0.2534,0.2528470536435723,0.253175,0.253,0.2534,True,0.0003765149564789577,9.168819538024907e-05,0,0.25200358063657285,0.25204949642637375,24.20995945856619,24.20995945856619,0.25197486118898216,0.25198091039577564,93.0527377929724,74.13870708380709,0,2
2023-06-11 14:45:00,2023-06-11 14:45:59,0.2533,0.2529,0.2528,0.2533,0.2530110268217861,0.253075,0.2528,0.2533,True,0.0003853353167304608,7.375274827224008e-05,0,0.2520265385314733,0.25207663655300666,18.603653288662898,18.603653288662898,0.25198580784381813,0.25199005556596693,91.85969223595164,87.83224392621923,0,1
2023-06-11 14:46:00,2023-06-11 14:46:59,0.2529,0.2529,0.2529,0.253,0.2530430134108931,0.252925,0.2529,0.2530430134108931,True,0.0003649542226782843,5.698247439134903e-05,0,0.25205158754223994,0.25210382484102123,14.866115842060694,14.866115842060694,0.251995153039402,0.2519991097394399,72.34743125756094,85.75328709549508,0,1
2023-06-11 14:47:00,2023-06-11 14:47:59,0.2528,0.2529,0.2527,0.2529,0.2529840067054465,0.25282499999999997,0.2527,0.2529840067054465,True,0.0003531717782012664,4.162543913133703e-05,0,0.25207770619163056,0.2521301783999142,12.374424210992565,12.374424210992565,0.25200341022308953,0.25200807382163454,45.77566841225032,69.99426396858773,0,1
2023-06-11 14:48:00,2023-06-11 14:48:59,0.2529,0.2528,0.2527,0.253,0.25290450335272324,0.25285,0.2527,0.253,True,0.00034937379404403467,2.0946502686584726e-05,0,0.2521039422957724,0.25215586548384594,8.412243576879057,8.412243576879057,0.25201183400196425,0.25201595368410584,28.4778176336919,48.86697243450116,0,1
2023-06-11 14:49:00,2023-06-11 14:49:59,0.2528,0.2529,0.2525,0.253,0.25287725167636166,0.2528,0.2525,0.253,True,0.0003601328087551751,1.1435323597600445e-05,0,0.25212990388980916,0.25218050855346735,7.852500553400809,7.852500553400809,0.2520196764497059,0.25202475016486103,18.831287883989006,31.028257976643847,0,1
2023-06-11 14:50:00,2023-06-11 14:50:59,0.2528,0.253,0.2527,0.253,0.25283862583818084,0.25287499999999996,0.2527,0.253,True,0.0003558376081298071,9.552804123738373e-06,0,0.2521552062216383,0.25220467516537537,9.37532657000807,9.37532657000807,0.25202818713179836,0.25203445414332015,16.369553257653134,21.22621959177812,0,1
2023-06-11 14:51:00,2023-06-11 14:51:59,0.253,0.2533,0.253,0.2534,0.2528568129190904,0.253175,0.253,0.2534,True,0.0003589920646919646,2.638565720332255e-05,0,0.25217994069350685,0.2522303591691563,14.414438440053857,14.414438440053857,0.2520395982051138,0.2520470466394065,27.378046052845207,20.85962906482922,0,2
2023-06-11 14:52:00,2023-06-11 14:52:59,0.2533,0.2528,0.2528,0.2534,0.2530159064595452,0.253075,0.2528,0.2534,True,0.00037620691721396637,-3.374106734350306e-07,0,0.2522051499313316,0.2522563755003035,8.06098129469607,8.06098129469607,0.25204990071053557,0.25205453871264627,33.366107640677605,25.70456898372542,0,1
2023-06-11 14:53:00,2023-06-11 14:53:59,0.2528,0.2529,0.2528,0.253,0.25304545322977257,0.252875,0.2528,0.25304545322977257,True,0.0003636207088415386,-1.2877495564716439e-05,0,0.25223076271581757,0.2522811027627312,5.388612652393228,0.0,0.2520581106537143,0.2520629512627692,29.06627177899077,29.93680849083796,0,1
2023-06-11 14:54:00,2023-06-11 14:54:59,0.253,0.2534,0.253,0.2534,0.25296022661488626,0.2532,0.253,0.2534,True,0.00037336208678142874,1.1764772347793676e-05,0,0.2522559327392744,0.25230687532259977,9.267123301732084,9.267123301732084,0.25206947273676195,0.2520762552303038,23.400576060240624,28.61098515996977,0,2
2023-06-11 14:55:00,2023-06-11 14:55:59,0.2533,0.2533,0.2532,0.2533,0.2530801133074431,0.25327500000000003,0.2532,0.2533,True,0.00036097908058275763,1.81781171098234e-05,0,0.2522814040309371,0.2523338086050857,10.167720246888031,10.167720246888031,0.2520814680329136,0.2520884317951764,29.12301944559211,27.196622428274605,0,2
2023-06-11 14:56:00,2023-06-11 14:56:59,0.2533,0.2534,0.2533,0.2535,0.25317755665372155,0.253375,0.2533,0.2535,True,0.00034948057482684476,2.6202566091199813e-05,0,0.2523076063180114,0.25236215704803716,11.8202719714402,11.8202719714402,0.25209433899776024,0.25210148222507517,48.46793730689546,33.6638442709095,0,2
2023-06-11 14:57:00,2023-06-11 14:57:59,0.2534,0.2532,0.253,0.2535,0.2532762783268608,0.253275,0.253,0.2535,True,0.000360231962339213,1.4294153615953002e-05,0,0.25233488168302426,0.2523907390499627,9.316078221937424,0.0,0.2521060868684293,0.2521124127501988,47.71601458888298,41.76899044712362,0,1
2023-06-11 14:58:00,2023-06-11 14:58:59,0.2532,0.2533,0.253,0.2534,0.2532756391634304,0.253225,0.253,0.2534,True,0.00036307253645784146,1.0581290614354534e-05,0,0.25236281036649344,0.25241896577840855,9.02699186682112,0.0,0.252117220332425,0.252124229538754,43.77653328152834,46.65349505910236,0,1
2023-06-11 14:59:00,2023-06-11 14:59:59,0.2532,0.2534,0.2532,0.2535,0.2532503195817152,0.25332499999999997,0.2532,0.2535,True,0.00035856735528228293,1.2316525626615538e-05,0,0.25239088807245097,0.25244740523851666,10.19283949608647,0.0,0.2521292380405601,0.25213692377219926,45.44457180292684,45.645706557779484,0,2
2023-06-11 15:00:00,2023-06-11 15:00:59,0.2534,0.2536,0.2533,0.2536,0.25328765979085754,0.253475,0.2533,0.2536,True,0.00035438397276211755,2.433324851649929e-05,0,0.2524191466554838,0.2524768462183375,13.35044474609412,13.35044474609412,0.2521426287068232,0.2521514817446152,63.12897188866581,50.78335899104042,0,2
2023-06-11 15:01:00,2023-06-11 15:01:59,0.2535,0.2538,0.2535,0.2538,0.2533813298954288,0.25365000000000004,0.2535,0.2538,True,0.0003504994032791108,4.241801397213325e-05,0,0.2524479964369107,0.2525080743913468,17.337344475693698,17.337344475693698,0.25215762742615827,0.25216788491133546,84.51673895093016,64.3634275475077,0,2
2023-06-11 15:02:00,2023-06-11 15:02:59,0.2537,0.2538,0.2537,0.2539,0.2535156649477144,0.25377500000000003,0.2537,0.2539,True,0.00033974944590203386,4.983044602705638e-05,0,0.2524780354141287,0.25254135300857816,19.99527762876008,19.99527762876008,0.25217372068559946,0.25218412486246644,96.83711590156166,81.49427558038597,0,2
2023-06-11 15:03:00,2023-06-11 15:03:59,0.2538,0.2539,0.2537,0.2539,0.25364533247385723,0.253825,0.2537,0.2539,True,0.00032976734262331954,5.67858717893278e-05,0,0.25250969421135344,0.25257636068143385,22.739681794885527,22.739681794885527,0.25219015132554373,0.2522011982469195,100.00000000000004,93.78461828416404,0,2
2023-06-11 15:04:00,2023-06-11 15:04:59,0.2539,0.2541,0.2538,0.2543,0.2537351662369286,0.254025,0.2538,0.2543,True,0.0003419268181502253,6.989797580116093e-05,0,0.2525430274463937,0.2526138616747701,26.17266874432407,26.17266874432407,0.25220840852628457,0.2522200917967014,100.00000000000004,98.94570530052067,0,2
2023-06-11 15:05:00,2023-06-11 15:05:59,0.2541,0.2543,0.2541,0.2547,0.25388008311846433,0.25429999999999997,0.2541,0.2547,True,0.0003603606168537799,8.62877349162457e-05,0,0.2525784445605819,0.25265495517261277,29.646160074612823,29.646160074612823,0.25222922038174445,0.2522407874007143,100.00000000000004,100.00000000000013,0,2
2023-06-11 15:06:00,2023-06-11 15:06:59,0.2542,0.2536,0.2535,0.2542,0.25409004155923215,0.253875,0.2535,0.2542,True,0.00039176342993565446,4.220556800728272e-05,0,0.25261669986659735,0.2526956791774487,18.44943511575093,18.44943511575093,0.252245596298344,0.2522543119041898,77.58434039494611,92.52811346498216,0,1
2023-06-11 15:07:00,2023-06-11 15:07:59,0.2536,0.2538,0.2536,0.2538,0.2539825207796161,0.25370000000000004,0.2536,0.2539825207796161,True,0.00037806604208311014,2.2651027737474044e-05,0,0.252656189522023,0.25273463218175374,13.471854307997674,0.0,0.25226006797696743,0.2522696918852426,44.251007061612775,73.94511581885307,0,1
2023-06-11 15:08:00,2023-06-11 15:08:59,0.2538,0.2532,0.2531,0.2538,0.25384126038980803,0.253475,0.2531,0.25384126038980803,True,0.0004010613247914618,-3.506181624043648e-05,0,0.2526954108518884,0.25277037986657197,4.223867128113653,0.0,0.2522721568528185,0.25227894868240436,10.917673728279444,44.25100706161286,0,1
2023-06-11 15:09:00,2023-06-11 15:09:59,0.2532,0.2526,0.2526,0.2535,0.253658130194904,0.252975,0.2526,0.253658130194904,True,0.0004366998015920726,-0.00011479673898209033,-1,0.2527328953592302,0.2527999281819498,-5.337283055220162,-5.337283055220162,0.25227915031696957,0.25228214322287795,3.789561257387201e-14,18.389560263297504,0,-2
2023-06-11 15:10:00,2023-06-11 15:10:59,0.2526,0.2525,0.2523,0.2527,0.25331656509745204,0.252525,0.2523,0.25331656509745204,True,0.00043407838719263566,-0.00017071653694997126,0,0.25276641177059,0.2528213054787433,-12.17069684976456,-12.17069684976456,0.25228159658247234,0.25228431095200354,3.789561257387201e-14,3.6392245760932584,0,-2
2023-06-11 15:11:00,2023-06-11 15:11:59,0.2525,0.2526,0.2525,0.2526,0.252920782548726,0.25255,0.2525,0.252920782548726,True,0.0004102156452503038,-0.00019473543631944815,0,0.2527938586246667,0.25283627453073865,-15.189204570323263,-15.189204570323263,0.25228426726324377,0.25228745213656073,0.4522836795105043,0.15076122650361157,0,-2
2023-06-11 15:12:00,2023-06-11 15:12:59,0.2526,0.2527,0.2526,0.2528,0.252735391274363,0.252675,0.2526,0.2528,True,0.00039520024201814165,-0.0001967330932172558,0,0.2528150665777027,0.2528469532558551,-15.58698542494109,-15.58698542494109,0.2522881551511717,0.2522915570904258,3.2043478888392722,1.218877189450023,-1,-2
2023-06-11 15:13:00,2023-06-11 15:13:59,0.2527,0.2527,0.2525,0.2527,0.2527051956371815,0.25265,0.2525,0.2527051956371815,True,0.0003812573675882728,-0.00019093959798980155,0,0.2528310099167789,0.25285400938245034,-15.852172661352974,-15.852172661352974,0.2522917555974287,0.25229562119897875,5.640615584960893,3.0990823844369753,0,-2
2023-06-11 15:14:00,2023-06-11 15:14:59,0.2527,0.2528,0.2527,0.2531,0.2526775978185908,0.25282499999999997,0.2527,0.2531,True,0.00038259612704625407,-0.00017320011954467286,0,0.25284250964961463,0.2528593656853276,-14.05537366565953,-14.05537366565953,0.2522970615118822,0.25230063989351625,10.92262010303016,6.589194525610194,0,-2
2023-06-11 15:15:00,2023-06-11 15:15:59,0.2528,0.2526,0.2518,0.2528,0.2527512989092954,0.25250000000000006,0.2518,0.2528,True,0.0004266964036858074,-0.00016882231650117846,0,0.2528509376674711,0.25286111710947734,-15.181268163260654,-15.181268163260654,0.25229908080032115,0.25230361860104344,9.655593225467022,8.739609637819443,0,-2
2023-06-11 15:16:00,2023-06-11 15:16:59,0.2526,0.253,0.2526,0.253,0.2526256494546477,0.2528,0.2526,0.253,True,0.0004247895177082505,-0.00013186131464340556,0,0.25285602738847424,0.2528620766896606,-9.24836462947539,-9.24836462947539,0.2523040650709647,0.25231054776919226,13.931159836055071,11.503124388184169,0,-1
2023-06-11 15:17:00,2023-06-11 15:17:59,0.2528,0.2525,0.2525,0.2528,0.25271282472732387,0.25265000000000004,0.2525,0.2528,True,0.0004301616950148041,-0.00013699275279537292,0,0.25285905203906744,0.25286137710226003,-10.702894196786112,-10.702894196786112,0.2523075072095621,0.25231243286601623,12.940313860567217,12.175688974029853,0,-2
2023-06-11 15:18:00,2023-06-11 15:18:59,0.2525,0.252,0.2518,0.2525,0.25268141236366193,0.2522,0.2518,0.25268141236366193,True,0.00044943585965660223,-0.0001688841892198667,0,0.25286021457066377,0.2528562885619069,-14.949227827461023,-14.949227827461023,0.25230643748608383,0.25230932408127976,11.455276528801589,12.77558340847471,0,-2
2023-06-11 15:19:00,2023-06-11 15:19:59,0.252,0.2521,0.2519,0.2521,0.25244070618183095,0.252025,0.2519,0.25244070618183095,True,0.0004316190125382719,-0.00017522633686881405,0,0.25285825156628533,0.2528465787947204,-16.289575265742513,-16.289575265742513,0.25230363711308795,0.25230724125460036,4.743442222091918,9.713010870486992,0,-2
2023-06-11 15:20:00,2023-06-11 15:20:59,0.2521,0.252,0.252,0.2527,0.2522328530909155,0.2522,0.252,0.2527,True,0.00045078908307125094,-0.000178193539616014,0,0.2528524151805029,0.25283449800858404,-17.88740165477119,-17.88740165477119,0.25230260589803233,0.2523041841276889,5.270087962438025,7.156268904443927,0,-2
2023-06-11 15:21:00,2023-06-11 15:21:59,0.2521,0.2516,0.2515,0.2521,0.25221642654545773,0.251825,0.2515,0.25221642654545773,True,0.000461447005709018,-0.0001991260161652982,0,0.2528434565945435,0.2528180604907952,-21.326916812761123,-21.326916812761123,0.25229785360053947,0.2522971773204482,5.270087962438025,5.094539382322739,0,-2
2023-06-11 15:22:00,2023-06-11 15:22:59,0.2516,0.2518,0.2516,0.252,0.2520207132727289,0.25175000000000003,0.2516,0.2520207132727289,True,0.0004570579338726604,-0.00018926580586452394,0,0.25283075854266934,0.25279779108663003,-20.263246369833375,-20.263246369833375,0.2522924023209321,0.2522922302824338,5.270087962438025,5.270087962438107,0,-2
2023-06-11 15:23:00,2023-06-11 15:23:59,0.2519,0.251,0.2507,0.2519,0.25188535663636447,0.251375,0.2507,0.2519,True,0.0005101252243103299,-0.00022820230737562614,0,0.2528142748146497,0.2527720709822418,-23.611250674440786,-23.611250674440786,0.2522832739396293,0.2522793722696733,3.848773152033876e-14,3.513391974958779,0,-2
2023-06-11 15:24:00,2023-06-11 15:24:59,0.2509,0.2511,0.2509,0.2512,0.25163017831818224,0.251025,0.2509,0.25163017831818224,True,0.0004951162797167325,-0.00023485234648438564,0,0.2527931728984458,0.2527398345982913,-24.3925946868064,-24.3925946868064,0.2522707538009265,0.25226763722221385,3.848773152033876e-14,1.75669598747945,0,-2
2023-06-11 15:25:00,2023-06-11 15:25:59,0.2511,0.2516,0.2511,0.2518,0.25132758915909115,0.25139999999999996,0.2511,0.2518,True,0.0005097508311655397,-0.00019251762227348758,0,0.25276650374836857,0.2527052619762905,-18.701155639537056,-18.701155639537056,0.25226208958400187,0.2522609940657739,13.962647557639178,4.654215852546501,0,-1
2023-06-11 15:26:00,2023-06-11 15:26:59,0.2517,0.2516,0.2513,0.2517,0.25136379457954555,0.251575,0.2513,0.2517,True,0.0005019114860822838,-0.00015438489156289895,0,0.25273588286232956,0.252670287908703,-14.906862941357495,-14.906862941357495,0.25225525287172323,0.2522544170103931,33.82766000727694,15.930102521638801,0,-1
2023-06-11 15:27:00,2023-06-11 15:27:59,0.2516,0.2516,0.2515,0.2517,0.2514693972897728,0.2516,0.2515,0.2517,True,0.00048034637993354766,-0.00012042890310387408,0,0.25270308538551634,0.2526354092660658,-12.377334475904455,-12.377334475904455,0.2522487329426514,0.25224790539834935,54.545507418189594,34.111938327701985,0,-1
2023-06-11 15:28:00,2023-06-11 15:28:59,0.2516,0.2517,0.2514,0.2517,0.2515346986448864,0.2516,0.2514,0.2517,True,0.0004674644956525776,-8.364409947945095e-05,0,0.2526692473257911,0.2526008450567438,-9.197450669467848,-9.197450669467848,0.2522422778884956,0.2522424536033409,61.3007072714631,49.89129156564329,0,-1
2023-06-11 15:29:00,2023-06-11 15:29:59,0.2517,0.2517,0.2517,0.2517,0.2515673493224432,0.2517,0.2517,0.2517,True,0.0004340741745345363,-5.3402523927896105e-05,0,0.2526350461912675,0.25256745165656236,-7.077528131843444,-7.077528131843444,0.2522368820886101,0.252237056055049,65.93554945411402,60.593921381255655,0,-1
2023-06-11 15:30:00,2023-06-11 15:30:59,0.2516,0.2519,0.2515,0.252,0.25163367466122155,0.25175000000000003,0.2515,0.252,True,0.0004387831620677837,-1.4947657144682384e-05,0,0.25260124892391494,0.2525355522100623,-2.4277507399762825,-0.0,0.2522320374907135,0.2522337022634564,75.47915984735785,67.57180552431174,0,-1
2023-06-11 15:31:00,2023-06-11 15:31:59,0.2519,0.2517,0.2515,0.2519,0.2516918373306108,0.25175000000000003,0.2515,0.2519,True,0.00043601293620579995,-3.1335828258491046e-07,0,0.25256840056698865,0.25250504782792893,-2.7529512882419453,-0.0,0.25222724109777106,0.2522283917931733,88.09464576977854,76.50311835708355,0,-1
2023-06-11 15:32:00,2023-06-11 15:32:59,0.2517,0.2513,0.2513,0.2517,0.25172091866530544,0.2515,0.2513,0.25172091866530544,True,0.00043344058361966827,-1.545061004443101e-05,0,0.2525367241974588,0.25247413581641787,-7.667654703966512,-7.667654703966512,0.2522200048679425,0.252219154063888,88.19137502929107,83.92172688214258,0,-2
2023-06-11 15:33:00,2023-06-11 15:33:59,0.2513,0.251,0.2509,0.2514,0.2516104593326527,0.25115,0.2509,0.2516104593326527,True,0.0004381948276468349,-4.2274080603998325e-05,0,0.25250543000693837,0.2524407135924912,-13.262338947444235,-13.262338947444235,0.2522093580533361,0.2522070231776802,72.22288404561924,82.83630161489639,0,-2
2023-06-11 15:34:00,2023-06-11 15:34:59,0.2508,0.2506,0.2505,0.251,0.25138022966632634,0.250725,0.2505,0.25138022966632634,True,0.00044260948281491815,-8.223685422132428e-05,0,0.2524730717997148,0.2524026284207034,-19.16406290517311,-19.16406290517311,0.25219458832146213,0.25219103289730527,43.18468348259744,67.86631418583602,0,-2
2023-06-11 15:35:00,2023-06-11 15:35:59,0.2508,0.2506,0.2503,0.2509,0.25105261483316316,0.25065000000000004,0.2503,0.25105261483316316,True,0.0004538516626138518,-0.00010133750682999535,0,0.2524378501102091,0.2523606188022927,-23.09854554365903,-23.09854554365903,0.2521792192834376,0.2521752017241978,21.304818735231194,45.5707954211494,0,-2
2023-06-11 15:36:00,2023-06-11 15:36:59,0.2506,0.2505,0.2504,0.2507,0.25085130741658157,0.25055,0.2504,0.25085130741658157,True,0.0004428622581414315,-0.00011278427311540225,0,0.2523992344562509,0.2523151215637684,-26.255033811973828,-26.255033811973828,0.252163008146289,0.25215853305032515,7.605795053854052,24.03176575722767,0,-2
2023-06-11 15:37:00,2023-06-11 15:37:59,0.2504,0.2503,0.2502,0.2506,0.25070065370829075,0.250375,0.2502,0.25070065370829075,True,0.0004398006682741872,-0.00012544163641310885,0,0.2523571780100096,0.2522659899707363,-29.33514918900868,-29.33514918900868,0.2521452170204553,0.25214004018415276,3.310662283542515,10.740425357542692,0,-2
2023-06-11 15:38:00,2023-06-11 15:38:59,0.2504,0.2505,0.2503,0.2509,0.2505378268541454,0.250525,0.2503,0.2509,True,0.00045124347768317306,-0.0001106800238573364,0,0.25231158399037296,0.25221536327933886,-26.608830258574145,-26.608830258574145,0.25212909545806267,0.25212372137635025,9.035523756439233,6.6506603646120395,0,-1
2023-06-11 15:39:00,2023-06-11 15:39:59,0.2506,0.2503,0.2503,0.2507,0.2505314134270727,0.250475,0.2503,0.2507,True,0.00044758322927722897,-0.00010610183968271653,0,0.2522634736348559,0.2521635637862535,-26.40213953951718,-26.40213953951718,0.2521126367967884,0.2521055748949935,15.769389041815794,9.371858360599285,0,-2
2023-06-11 15:40:00,2023-06-11 15:40:59,0.2504,0.2503,0.25,0.2506,0.2505032067135363,0.250325,0.25,0.2506,True,0.00045847014147171183,-9.44255916126846e-05,0,0.2522135187105547,0.25211016717824114,-26.264345726812536,-26.264345726812536,0.2520948493659746,0.25208760897564036,19.78669481997453,14.863869206076624,0,-1
2023-06-11 15:41:00,2023-06-11 15:41:59,0.2502,0.25,0.25,0.2503,0.25041410335676817,0.250125,0.25,0.25041410335676817,True,0.00044715084565230545,-9.910173199607626e-05,0,0.2521618429443979,0.2520545072952383,-28.299297831604026,-28.299297831604026,0.25207524887477084,0.252066836747027,11.345114202642856,15.633732688144498,0,-2
2023-06-11 15:42:00,2023-06-11 15:42:59,0.25,0.2511,0.2499,0.2513,0.25026955167838405,0.250575,0.2499,0.2513,True,0.0005152114995342845,-1.7978444191744025e-05,0,0.25210817511981815,0.2520005348844678,-14.856915150762461,-14.856915150762461,0.25206032102527065,0.2520572164808874,28.07120065759386,19.73433656007052,0,-1
2023-06-11 15:43:00,2023-06-11 15:43:59,0.251,0.2507,0.2507,0.2511,0.250422275839192,0.25087499999999996,0.2507,0.2511,True,0.0005069821067104079,1.2146740089111403e-05,0,0.25205435500214296,0.25195031965962805,-9.832331310659349,-0.0,0.25204852678621326,0.25204371183928653,57.387228212768456,32.26784769100183,0,-1
2023-06-11 15:44:00,2023-06-11 15:44:59,0.2508,0.251,0.2508,0.251,0.250648637919596,0.2509,0.2508,0.251,True,0.0004921976705168088,5.5927698569051667e-05,0,0.2520023373308855,0.2519035785501256,-4.054831126640842,-0.0,0.25203709865898727,0.25203332664685585,90.72056154610179,58.72633013882148,0,-1
2023-06-11 15:45:00,2023-06-11 15:45:59,0.2508,0.2505,0.2503,0.2508,0.250774318959798,0.25060000000000004,0.2503,0.2508,True,0.0005070406940513209,5.1623404030335654e-05,0,0.25195295794050554,0.2518578350107394,-4.541874342131713,-0.0,0.2520227991698431,0.2520180696652951,92.00491550077355,80.03756841988138,0,-1
2023-06-11 15:46:00,2023-06-11 15:46:59,0.2505,0.2511,0.2505,0.2511,0.25068715947989906,0.2508,0.2505,0.2511,True,0.0005136806444762258,9.176806377790678e-05,0,0.2519053964756225,0.25181456292734106,-0.3173309541294671,-0.0,0.25201063201392426,0.2520089346437499,91.4517440979427,91.39240704827279,0,-1
2023-06-11 15:47:00,2023-06-11 15:47:59,0.251,0.2507,0.2507,0.251,0.25074357973994954,0.25085,0.2507,0.251,True,0.0005055605984422106,9.012666587743343e-05,0,0.25185997970148183,0.25177387658430644,-0.6855393582459612,-0.0,0.25199908343667127,0.25199591041843894,91.4517440979427,91.63613456555309,0,-1
2023-06-11 15:48:00,2023-06-11 15:48:59,0.2506,0.2507,0.2505,0.2507,0.2507967898699748,0.250625,0.2505,0.2507967898699748,True,0.00048373484141062253,8.882442381001967e-05,0,0.25181692814289414,0.2517339614251467,-0.9310116276569573,-0.0,0.2519854109646646,0.25198301578740967,93.32695969014112,92.07681596200894,0,-1
2023-06-11 15:49:00,2023-06-11 15:49:59,0.2506,0.2506,0.2505,0.2507,0.2507108949349874,0.2506,0.2505,0.2507108949349874,True,0.0004634680670241479,8.079776205759679e-05,0,0.2517754447840204,0.2516947557583287,-1.9991764373189937,-0.0,0.25197162578093657,0.25196925443629115,87.09625779627738,90.62498719478715,0,-1
2023-06-11 15:50:00,2023-06-11 15:50:59,0.2506,0.2505,0.2504,0.2506,0.2506554474674937,0.250525,0.2504,0.2506554474674937,True,0.00044464891937956436,6.865202314742418e-05,0,0.25173510027117457,0.2516558630926293,-3.6716973403010655,-0.0,0.25195723149455906,0.2519546349891639,78.25476855315031,86.22599534652302,0,-1
2023-06-11 15:51:00,2023-06-11 15:51:59,0.2506,0.2503,0.2503,0.2506,0.25059022373374684,0.25045,0.2503,0.2506,True,0.0004343168537095931,4.7419265857534813e-05,0,0.2516954816819019,0.2516169691201995,-6.663878022773893,-0.0,0.251942234166255,0.25193817095942095,73.45614625672248,79.60239086871682,0,-2
2023-06-11 15:52:00,2023-06-11 15:52:59,0.2502,0.2504,0.2502,0.2504,0.2505201118668734,0.25029999999999997,0.2502,0.2505201118668734,True,0.0004175799355874817,4.1758789843080726e-05,0,0.2516562254010507,0.2515773118134652,-7.136718938121888,-0.0,0.25192589352778477,0.25192286577574513,65.27653479229544,72.3291498673895,0,-1
2023-06-11 15:53:00,2023-06-11 15:53:59,0.2504,0.2505,0.2504,0.2505,0.2504100559334367,0.25045,0.2504,0.2505,True,0.0003948956544740893,4.6352236580736277e-05,0,0.25161676860725796,0.2515383547790829,-5.894890058320819,-0.0,0.25191120802004563,0.2519087079073298,66.12687487750814,68.28651864217545,0,-1
2023-06-11 15:54:00,2023-06-11 15:54:59,0.2504,0.2505,0.2503,0.2505,0.2504300279667183,0.250425,0.2503,0.2505,True,0.0003809745362973671,5.043610191096323e-05,0,0.2515775616931704,0.2515000448341467,-5.067004138453441,-0.0,0.2518964198805427,0.25189469091322697,68.29815500253312,66.56718822411233,0,-1
2023-06-11 15:55:00,2023-06-11 15:55:59,0.2504,0.2508,0.2503,0.2508,0.25042751398335916,0.250575,0.2503,0.2508,True,0.00038947635513326945,7.449623395822948e-05,0,0.2515388032636586,0.2514635363537654,0.07553108489319271,0.0,0.25188327142401984,0.2518837984663292,79.35869566300958,71.26124184768372,0,-1
2023-06-11 15:56:00,2023-06-11 15:56:59,0.2507,0.2507,0.2506,0.2507,0.2505012569916796,0.250675,0.2506,0.2507,True,0.00037594232976660973,8.284118519679806e-05,0,0.251501169808712,0.2514293827724445,1.6227458858200094,0.0,0.25187124882278583,0.251872019377112,87.34984482092396,78.33556516215566,0,-1
2023-06-11 15:57:00,2023-06-11 15:57:59,0.2508,0.2506,0.2505,0.2508,0.2505881284958398,0.250675,0.2505,0.2508,True,0.00037051787764042496,8.051586877088821e-05,0,0.25146527629057824,0.25139731754960387,0.8143305376208474,0.0,0.25185934584942476,0.25185936246788704,96.09705589935487,87.60186546109624,0,-1
2023-06-11 15:58:00,2023-06-11 15:58:59,0.2505,0.2503,0.2503,0.2505,0.2506315642479199,0.2504,0.2503,0.2506315642479199,True,0.00036548088638039227,5.755055942708578e-05,0,0.2514312969200911,0.25136522971515746,-4.093480083478944,-0.0,0.2518448249952016,0.25184384642343044,81.1096123095454,88.18550434327484,0,-2
2023-06-11 15:59:00,2023-06-11 15:59:59,0.2503,0.2503,0.2501,0.2503,0.25051578212396,0.25025000000000003,0.2501,0.25051578212396,True,0.0003536608230675095,4.2749426821371236e-05,0,0.25139826331762427,0.2513323150755837,-7.365353830878803,-0.0,0.25182895608977673,0.25182848476747594,53.290309561097594,76.83232592333272,0,-2
2023-06-11 16:00:00,2023-06-11 16:00:59,0.2504,0.2503,0.2502,0.2505,0.25038289106198,0.25035,0.2502,0.2505,True,0.00034982790713411753,3.382143006556678e-05,0,0.251365289196604,0.251299661422296,-9.546602995812037,-0.0,0.25181424010878395,0.25181327596381947,35.065113872466895,56.48834524770339,0,-2
2023-06-11 16:01:00,2023-06-11 16:01:59,0.2503,0.2501,0.25,0.2503,0.25036644553098997,0.250175,0.25,0.25036644553098997,True,0.0003462687709102536,1.5321939884968896e-05,0,0.25133247530945,0.25126623659802805,-13.825863695152691,-0.0,0.2517979292619304,0.2517962284417914,25.16545609129282,37.840293174952535,0,-2
2023-06-11 16:02:00,2023-06-11 16:02:59,0.25,0.2506,0.25,0.2507,0.250270722765495,0.25032499999999996,0.25,0.2507,True,0.00037153528727380537,3.943976014331857e-05,0,0.25129935595373903,0.2512334631147843,-6.706164905564663,-0.0,0.2517832732493739,0.25178432567122633,38.424103635373115,32.88489119971104,0,-1
2023-06-11 16:03:00,2023-06-11 16:03:59,0.2506,0.2504,0.2504,0.2507,0.25029786138274746,0.250525,0.2504,0.2507,True,0.00036642562389710263,4.196374385730394e-05,0,0.25126640953426166,0.25120279951055097,-5.134540997227518,-0.0,0.2517707531175393,0.251770551286438,56.649299324003834,40.07961968355669,0,-1
2023-06-11 16:04:00,2023-06-11 16:04:59,0.2504,0.2503,0.25,0.2504,0.2504114306913737,0.250275,0.25,0.2504114306913737,True,0.0003688237936187389,3.720196011404388e-05,0,0.2512346045224063,0.251172292147969,-5.532720588912525,-0.0,0.25175587000194194,0.25175591893532917,70.2333227310247,55.10224189680065,0,-1
2023-06-11 16:05:00,2023-06-11 16:05:59,0.2503,0.2504,0.2503,0.2506,0.2503432153456869,0.2504,0.2503,0.2506,True,0.0003639078083602552,4.1597046868357545e-05,0,0.25120344833518765,0.25114297474142183,-3.9614893637550495,-0.0,0.25174237875814154,0.25174242720462936,79.1923268977154,68.69164965091475,0,2
2023-06-11 16:06:00,2023-06-11 16:06:59,0.2505,0.2507,0.2504,0.2507,0.25037160767284344,0.250575,0.2504,0.2507,True,0.0003593429649059489,6.536137245435078e-05,0,0.25117321153830474,0.25111599603032264,1.497702156847872,0.0,0.2517307630491053,0.25173205479463306,79.1923268977154,76.20599217548528,0,2
2023-06-11 16:07:00,2023-06-11 16:07:59,0.2507,0.2509,0.2507,0.2509,0.25047330383642175,0.2508,0.2507,0.2509,True,0.0003479613245555264,9.361767885877518e-05,0,0.2511446037843137,0.2510925874325253,7.297292065573409,7.297292065573409,0.2517215017252336,0.25172377564244763,94.39834896232327,84.26100091925146,0,2
2023-06-11 16:08:00,2023-06-11 16:08:59,0.251,0.2509,0.2509,0.2513,0.2506366519182109,0.251025,0.2509,0.2513,True,0.000351678372801561,0.00010964240697609298,0,0.2511185956084195,0.2510736939571925,11.1636853380571,11.1636853380571,0.2517145713598084,0.251715578869886,100.00000000000007,91.19689195334634,0,2
2023-06-11 16:09:00,2023-06-11 16:09:59,0.251,0.2511,0.2508,0.2511,0.25083082595910544,0.251,0.2508,0.2511,True,0.00034798706045859,0.0001305748454086218,0,0.25109614478280595,0.2510583133722756,15.80349553707822,15.80349553707822,0.25170746119702425,0.25170945370700154,98.98320471771562,97.79385122667975,0,2
2023-06-11 16:10:00,2023-06-11 16:10:59,0.2511,0.2506,0.2506,0.2511,0.2509154129795527,0.25085,0.2506,0.2511,True,0.0003588451275686908,0.00010552726160856972,0,0.2510772290775407,0.2510447748783374,9.543497584743221,9.543497584743221,0.2516989292448151,0.25169841436663337,91.91793437242491,96.96704636338029,0,1
2023-06-11 16:11:00,2023-06-11 16:11:59,0.2506,0.2511,0.2506,0.2512,0.2508827064897764,0.25087499999999996,0.2506,0.2512,True,0.0003760704755994978,0.00012027591044328528,0,0.251061001977939,0.25103295109063417,10.837518289246376,10.837518289246376,0.2516907309438716,0.2516924599948261,85.69946216030523,92.20020041681535,1,2
2023-06-11 16:12:00,2023-06-11 16:12:59,0.251,0.2509,0.2507,0.251,0.2508788532448882,0.2509,0.2507,0.251,True,0.0003777797273423916,0.00011189548886157339,0,0.25104697653428654,0.251022729953553,8.96476804156044,8.96476804156044,0.2516828629742809,0.25168457482074824,81.3869343688878,86.33477696720608,0,2
2023-06-11 16:13:00,2023-06-11 16:13:59,0.251,0.2511,0.251,0.2511,0.25088942662244407,0.25105,0.251,0.2511,True,0.00036508117538936206,0.00011618356396517473,0,0.2510348532439197,0.2510148698819673,9.722372281675803,9.722372281675803,0.2516765658302582,0.25167875815586516,88.35562843293224,85.14734165404185,0,2
2023-06-11 16:14:00,2023-06-11 16:14:59,0.2511,0.2511,0.2509,0.2512,0.25096971331122203,0.251075,0.2509,0.2512,True,0.0003604325200044053,0.00011456571100028283,0,0.25102486156294346,0.25100909414888717,10.227441775086042,10.227441775086042,0.2516705801006039,0.2516729993682446,94.57410064505193,88.10555448229076,0,2
2023-06-11 16:15:00,2023-06-11 16:15:59,0.2511,0.251,0.2509,0.2511,0.251022356655611,0.251025,0.2509,0.2511,True,0.0003489730542898034,0.0001021579441258797,0,0.25101697785591526,0.25100465600466876,8.763213822770275,8.763213822770275,0.2516641564180108,0.2516663028571178,96.74696103610991,93.22556337136479,0,1
2023-06-11 16:16:00,2023-06-11 16:16:59,0.251,0.2508,0.2505,0.251,0.2510236783278055,0.25082499999999996,0.2505,0.2510236783278055,True,0.0003597606932691032,7.630731967882513e-05,0,0.251010816930292,0.2509999291912641,4.53479663998877,4.53479663998877,0.25165580660290626,0.25165768292819124,81.71985998037064,91.01364055384425,0,1
2023-06-11 16:17:00,2023-06-11 16:17:59,0.2508,0.2511,0.2507,0.2511,0.2509243391639027,0.25092499999999995,0.2507,0.2511,True,0.0003626349294641681,7.708724748297835e-05,0,0.251005373060778,0.25099569364389224,6.016624694307929,6.016624694307929,0.25164853489541467,0.25165213384432866,71.72625142660826,83.39769081436303,0,2
2023-06-11 16:18:00,2023-06-11 16:18:59,0.2511,0.2513,0.251,0.2514,0.25092466958195137,0.2512,0.251,0.2514,True,0.00036530386307387114,8.806662578401943e-05,0,0.25100053335233513,0.250993760726535,9.201344500195539,9.201344500195539,0.25164407186162946,0.2516486300249821,74.88271410925215,76.10960850541045,0,2
2023-06-11 16:19:00,2023-06-11 16:19:59,0.2513,0.2514,0.2512,0.2516,0.25106233479097567,0.251375,0.2512,0.2516,True,0.00036778215856859547,9.81463842772866e-05,1,0.2509971470394351,0.2509948546339568,12.333544065274232,12.333544065274232,0.25164139452967293,0.2516461560943853,90.00639144623769,78.87178566069946,0,2
2023-06-11 16:20:00,2023-06-11 16:20:59,0.2514,0.2511,0.251,0.2517,0.2512186673954878,0.25129999999999997,0.251,0.2517,True,0.00039151200438512285,7.960314001670621e-05,0,0.250996000836696,0.25099780949668543,8.924107735956078,8.924107735956078,0.25163799756917865,0.2516407217053864,93.42353585170754,86.10421380239922,0,1
2023-06-11 16:21:00,2023-06-11 16:21:59,0.251,0.2513,0.2508,0.2513,0.2512593336977439,0.2511,0.2508,0.2513,True,0.0003992611469290427,7.754255206080699e-05,0,0.2509969051666907,0.25100083701642073,9.226506595816943,9.226506595816943,0.2516326443595351,0.2516373314396612,70.54151156210537,84.65714628668361,0,2
2023-06-11 16:22:00,2023-06-11 16:22:59,0.2513,0.2514,0.2512,0.2515,0.25117966684887194,0.25135,0.2512,0.2515,True,0.00039217106500554123,7.924727922883925e-05,0,0.2509988710915557,0.2510056162333896,10.60969244412091,10.60969244412091,0.25162983197784816,0.25163496993279894,61.71135901352617,75.22546880911311,0,2
2023-06-11 16:23:00,2023-06-11 16:23:59,0.2513,0.2517,0.251,0.2518,0.25126483342443595,0.25145,0.251,0.2518,True,0.00042130170321943273,9.689476151966156e-05,0,0.25100224366247265,0.25101242788974487,14.475103042825552,14.475103042825552,0.25162804260493427,0.25163561699814424,64.52215890711454,65.59167649424877,0,2
2023-06-11 16:24:00,2023-06-11 16:24:59,0.2516,0.2515,0.2515,0.2516,0.251357416712218,0.25155,0.2515,0.2516,True,0.0004054944387037574,8.961347728654993e-05,0,0.25100733577610873,0.25102147907106237,13.16038270348357,13.16038270348357,0.2516272660616016,0.2516342675752771,87.40418319671672,71.21256703911922,0,1
2023-06-11 16:25:00,2023-06-11 16:25:59,0.2516,0.2517,0.2515,0.2519,0.25145370835610903,0.251675,0.2515,0.2519,True,0.000405101978796347,9.382416088309689e-05,0,0.25101440742358555,0.2510330889783359,14.421793675641865,14.421793675641865,0.25162774102616275,0.2516349216292545,96.23433574529592,82.72022594970913,0,2
2023-06-11 16:26:00,2023-06-11 16:26:59,0.2518,0.2514,0.2513,0.2518,0.2515643541780545,0.25157500000000005,0.2513,0.2518,True,0.00041188040888232225,7.083680578698275e-05,0,0.25102374820096074,0.25104594762589205,10.21278308775247,10.21278308775247,0.25162721623983275,0.2516325841006052,92.53967678622598,92.05939857607962,0,1
2023-06-11 16:27:00,2023-06-11 16:27:59,0.2513,0.2511,0.2509,0.2513,0.2515696770890273,0.25115,0.2509,0.2515696770890273,True,0.0004181746653907278,3.1181519486067036e-05,0,0.2510348479134264,0.251056785239485,3.7195479420654394,3.7195479420654394,0.2516224678195359,0.25162728475632057,59.206343452892646,82.6601186614716,0,1
2023-06-11 16:28:00,2023-06-11 16:28:59,0.2511,0.2511,0.251,0.2512,0.2513598385445136,0.2511,0.251,0.2513598385445136,True,0.00040259076071996,3.0508668124347026e-06,0,0.2510458165764557,0.2510656142680977,-0.6092754883925835,-0.0,0.2516172691347644,0.2516220381418298,25.873010119559314,59.20634345289273,0,1
2023-06-11 16:29:00,2023-06-11 16:29:59,0.251,0.2507,0.2507,0.251,0.2512299192722568,0.25085,0.2507,0.2512299192722568,True,0.00040240570638282083,-4.379930096633835e-05,0,0.25105571542227667,0.25107108608123807,-7.443621503358841,-7.443621503358841,0.25160963461601055,0.2516128636329559,6.631732200427602e-14,28.359784524150765,0,1
2023-06-11 16:30:00,2023-06-11 16:30:59,0.2507,0.2504,0.2503,0.2507,0.2510399596361284,0.250525,0.2503,0.2510399596361284,True,0.00040223387021261616,-9.372007946632435e-05,0,0.25106340075175737,0.25107164734694387,-13.997282315161584,-13.997282315161584,0.25159884223177165,0.2516007953381006,6.631732200427602e-14,8.624336706519903,0,1
2023-06-11 16:31:00,2023-06-11 16:31:59,0.2504,0.2495,0.2495,0.2504,0.25078247981806423,0.24995,0.2495,0.25078247981806423,True,0.0004377885937688587,-0.00018437460548857693,-1,0.2510675240493506,0.25106439354174864,-21.62907792334,-21.62907792334,0.25158243584140577,0.2515798919019006,6.631732200427602e-14,1.5474041800997735e-13,-1,-2
2023-06-11 16:32:00,2023-06-11 16:32:59,0.2496,0.2497,0.2496,0.25,0.2503662399090321,0.24972499999999997,0.2496,0.2503662399090321,True,0.0004422322656425117,-0.00022156495183364152,0,0.25106595879554966,0.2510494929058111,-23.752841802039146,-23.752841802039146,0.25156395389273506,0.2515611865098419,6.631732200427602e-14,1.5474041800997735e-13,0,-2
2023-06-11 16:33:00,2023-06-11 16:33:59,0.2498,0.2499,0.2496,0.2499,0.250045619954516,0.24980000000000002,0.2496,0.250045619954516,True,0.0004320728180966196,-0.0002221575600097569,0,0.25105772585068037,0.2510291886802217,-22.324985009124976,-22.324985009124976,0.25154640211270785,0.25154465729083847,1.731579354989347,0.5771931183299149,0,-2
2023-06-11 16:34:00,2023-06-11 16:34:59,0.25,0.2499,0.2498,0.2501,0.24992280997725802,0.24995,0.2498,0.2501,True,0.0004226390453754321,-0.00021241358271683805,0,0.2510434572654511,0.2510057986385984,-21.37308048051553,-21.37308048051553,0.25153051751457145,0.2515282925416759,6.882465687372155,2.8713483474539445,0,-2
2023-06-11 16:35:00,2023-06-11 16:35:59,0.2499,0.2497,0.2494,0.2501,0.249936404988629,0.24977500000000002,0.2494,0.2501,True,0.00044245054213432825,-0.00020979165921514989,0,0.2510246279520248,0.2509789389067639,-22.123213564582933,-22.123213564582933,0.25151304967860555,0.2515101005760871,10.095372551695567,6.236472531352445,0,-2
2023-06-11 16:36:00,2023-06-11 16:36:59,0.2496,0.2499,0.2496,0.2502,0.24985570249431452,0.249825,0.2496,0.2502,True,0.0004537040748390183,-0.0001841209921026609,0,0.2510017834293944,0.2509498748029233,-19.178666874212187,-19.178666874212187,0.25149625316439056,0.2514940796748325,12.755958208320715,9.911265482462902,0,-1
2023-06-11 16:37:00,2023-06-11 16:37:59,0.2499,0.2497,0.2494,0.2499,0.24984035124715726,0.24972500000000003,0.2494,0.2499,True,0.0004570109266362313,-0.00017182913296347551,0,0.2509758291161589,0.25091858848581433,-18.979614953522457,-18.979614953522457,0.25147862875479465,0.25147622813577947,10.822351447362138,11.224560735792897,0,-2
2023-06-11 16:38:00,2023-06-11 16:38:59,0.2496,0.2498,0.2496,0.2499,0.24978267562357864,0.24972499999999997,0.2496,0.2499,True,0.00044579586044793065,-0.00014788699619291702,0,0.25094720880098664,0.25088576726197853,-17.027063010246117,-17.027063010246117,0.2514611797124584,0.2514595492488563,10.826724154462285,11.468344603381802,0,-1
2023-06-11 16:39:00,2023-06-11 16:39:59,0.2498,0.2498,0.2498,0.2498,0.2497538378117893,0.2498,0.2498,0.2498,True,0.00041395329898736416,-0.00012410324607203604,0,0.2509164880314826,0.25085247736354194,-15.725361714728557,-15.725361714728557,0.25144465056109067,0.25144303632100695,12.209606057218863,11.286227219681185,0,-1
2023-06-11 16:40:00,2023-06-11 16:40:59,0.2498,0.2497,0.2494,0.2499,0.24977691890589465,0.2497,0.2494,0.2499,True,0.00042009949191683816,-0.0001081442649235137,0,0.25088448269751223,0.25081836077205555,-16.1217930608725,-16.1217930608725,0.25142729085401516,0.25142569267602183,15.45682635465694,12.831052188779452,0,-1
2023-06-11 16:41:00,2023-06-11 16:41:59,0.2494,0.2492,0.2486,0.2494,0.24973845945294731,0.24915000000000004,0.2486,0.24973845945294731,True,0.00046866381392277957,-0.00012521277149693733,0,0.25085142173478386,0.250780053810511,-20.594492246197905,-20.594492246197905,0.25140463124352747,0.2514035464802405,12.23954678323338,13.301993065036484,0,-2
2023-06-11 16:42:00,2023-06-11 16:42:59,0.2492,0.2492,0.2491,0.2495,0.24944422972647368,0.24925000000000003,0.2491,0.2495,True,0.000463759255785439,-0.00012837807551631267,0,0.25081573777264743,0.25073939667399125,-23.576291703081512,-23.576291703081512,0.2513831921266764,0.2513816206446162,11.878331503974804,13.191568213955131,0,-2
2023-06-11 16:43:00,2023-06-11 16:43:59,0.2493,0.2495,0.2492,0.2497,0.24934711486323685,0.249425,0.2492,0.2497,True,0.00046634788037219337,-0.00010163139235618197,0,0.25077756722331934,0.2506983688654861,-18.990184299466073,-18.990184299466073,0.2513637076279035,0.25136289805113743,26.680346071961107,16.932741453056522,0,-1
2023-06-11 16:44:00,2023-06-11 16:44:59,0.2495,0.2497,0.2495,0.2497,0.24938605743161843,0.2496,0.2495,0.2497,True,0.00044732303177418,-6.343777935350497e-05,0,0.2507379680444027,0.2506585314048243,-12.632297855012716,-12.632297855012716,0.2513461582982726,0.25134635180187237,60.01367940529443,32.85745232707688,0,-1
2023-06-11 16:45:00,2023-06-11 16:45:59,0.2497,0.2495,0.2494,0.2497,0.2494930287158092,0.249575,0.2494,0.2497,True,0.0004367999580760239,-4.6883190613017454e-05,0,0.25069824972461346,0.2506197329141501,-11.16023857629557,-11.16023857629557,0.25132853483261813,0.25132798014215224,86.85912046190208,57.85104864638597,0,-1
2023-06-11 16:46:00,2023-06-11 16:46:59,0.2494,0.2492,0.2491,0.2494,0.2495340143579046,0.24927500000000002,0.2491,0.2495340143579046,True,0.00043417138964202303,-5.184275959916999e-05,0,0.25065899131938174,0.25057996029172114,-13.378877758582782,-13.378877758582782,0.251308101650204,0.25130680621038953,85.8296352528232,77.56747837334,0,-2
2023-06-11 16:47:00,2023-06-11 16:47:59,0.2493,0.2496,0.2493,0.2497,0.2494045071789523,0.249475,0.2493,0.2497,True,0.0004388734332390214,-2.240457438616874e-05,0,0.25061947580555144,0.2505410658236907,-8.78173501109709,-8.78173501109709,0.25128986183278906,0.2512898230640175,85.8296352528232,86.17279698918291,0,-1
2023-06-11 16:48:00,2023-06-11 16:48:59,0.2497,0.2497,0.2495,0.2498,0.24943975358947615,0.249675,0.2495,0.2498,True,0.0004289539022933766,7.4162477964201e-06,0,0.25058027081462103,0.2505045018029004,-4.483544880503096,-0.0,0.2512737935558459,0.25127400392905214,86.90369589443647,86.18765546669437,0,-1
2023-06-11 16:49:00,2023-06-11 16:49:59,0.2497,0.2494,0.2493,0.2497,0.24955737679473808,0.249525,0.2493,0.2497,True,0.00042688576641527906,8.704882847822195e-06,0,0.2505423863087607,0.25046899426815883,-5.437593825042171,-0.0,0.2512563926249419,0.25125535712378794,95.13524508162992,89.28952540962995,0,-1
2023-06-11 16:50:00,2023-06-11 16:50:59,0.2494,0.2496,0.2493,0.2496,0.24954118839736905,0.249475,0.2493,0.2496,True,0.00041782249738561586,2.5760230632766354e-05,0,0.25050569028845976,0.2504342190785893,-3.3045547168163623,-0.0,0.25123866732519123,0.25123888590862586,88.66682700291675,90.23525599299445,0,-1
2023-06-11 16:51:00,2023-06-11 16:51:59,0.2497,0.2496,0.2496,0.2497,0.24950809419868453,0.24964999999999998,0.2496,0.2497,True,0.0003951208904295016,3.8487147311997154e-05,0,0.2504699546835245,0.25040145975041306,-1.8825286446658183,-0.0,0.2512228596901147,0.251222578586152,88.66682700291675,90.82296636248789,0,-1
2023-06-11 16:52:00,2023-06-11 16:52:59,0.2495,0.2494,0.2494,0.2495,0.24957904709934225,0.24945,0.2494,0.24957904709934225,True,0.00038118368397024996,3.4067066319652065e-05,0,0.2504357072169688,0.25036914007522515,-3.8664522439102953,-0.0,0.2512052192951882,0.25120444347584203,87.01220738569079,88.11528713050818,0,-1
2023-06-11 16:53:00,2023-06-11 16:53:59,0.2495,0.2495,0.2495,0.2496,0.24951452354967113,0.249525,0.2495,0.2496,True,0.0003682419922580877,3.9275187911832e-05,0,0.25040242364609694,0.25033790286902935,-3.380002731249469,-0.0,0.25118850069523607,0.2511874838392665,90.34209859149594,88.67371099336789,0,-1
2023-06-11 16:54:00,2023-06-11 16:54:59,0.2496,0.2496,0.2495,0.2497,0.24951976177483556,0.2496,0.2495,0.2497,True,0.00035622470709679614,5.041028042933744e-05,0,0.2503701632575631,0.2503082467984976,-1.2876398980627926,-0.0,0.25117269471816905,0.2511716879801693,90.34209859149594,89.23213485622762,0,-1
2023-06-11 16:55:00,2023-06-11 16:55:59,0.2498,0.2498,0.2498,0.2499,0.24955988088741776,0.249825,0.2498,0.2499,True,0.0003522086565898837,7.165223851709812e-05,0,0.25033920502803036,0.2502815827786553,3.175781780676182,3.175781780676182,0.25115928482047584,0.2511580393435507,96.86147312709205,92.51522343669471,0,-1
2023-06-11 16:56:00,2023-06-11 16:56:59,0.2499,0.2501,0.2499,0.2503,0.24969244044370886,0.25005,0.2499,0.2503,True,0.00036276518111917974,0.0001052150336332529,0,0.25031039390334286,0.25025900110417465,9.438815445639541,9.438815445639541,0.2511482471605706,0.2511475115888885,100.00000000000007,95.73452390619609,0,2
2023-06-11 16:57:00,2023-06-11 16:57:59,0.2501,0.2501,0.25,0.2502,0.24987122022185443,0.2501,0.25,0.2502,True,0.0003511390967535225,0.00012449351783334472,0,0.25028469750375876,0.25024013147638163,13.614171222281783,13.614171222281783,0.2511378168405649,0.25113708858800404,100.00000000000007,98.95382437569747,0,2
2023-06-11 16:58:00,2023-06-11 16:58:59,0.2502,0.2501,0.2499,0.2502,0.2499856101109272,0.2501,0.2499,0.2502,True,0.00034748630412826856,0.00013346793843163835,0,0.2502624144900702,0.25022431383476496,16.397741740043273,16.397741740043273,0.2511274903048379,0.25112676929857114,100.00000000000007,100.00000000000013,0,2
2023-06-11 16:59:00,2023-06-11 16:59:59,0.2501,0.2501,0.25,0.2503,0.2500428050554636,0.250125,0.25,0.2503,True,0.0003440944252619653,0.0001351596264729044,0,0.2502433641624176,0.2502111790957579,18.253455418550928,18.253455418550928,0.25111751527692905,0.2511165526886351,100.00000000000007,100.00000000000013,0,2
2023-06-11 17:00:00,2023-06-11 17:00:59,0.2501,0.2504,0.25,0.2505,0.2500839025277318,0.25025,0.25,0.2505,True,0.0003552305377432535,0.00015241761142812974,0,0.25022727162908776,0.2502011043760542,22.765952425495186,22.765952425495186,0.2511088832841238,0.25110942281113624,100.00000000000007,100.00000000000013,1,2
2023-06-11 17:01:00,2023-06-11 17:01:59,0.2504,0.2504,0.2503,0.2506,0.2501669512638659,0.250425,0.2503,0.2506,True,0.00035128549933301874,0.000158144561902094,0,0.25021418800257095,0.2501947086404655,25.77428376345803,25.77428376345803,0.2511020784753265,0.2511023638776921,100.00000000000007,100.00000000000013,0,2
2023-06-11 17:02:00,2023-06-11 17:02:59,0.2503,0.2506,0.2501,0.2508,0.25029597563193295,0.25045,0.2501,0.2508,True,0.00037619367795209126,0.0001696153077156099,0,0.2502044483215182,0.2501914248030777,29.30794866595241,29.30794866595241,0.25109559013228844,0.25109736523214293,100.00000000000007,100.00000000000013,0,2
2023-06-11 17:03:00,2023-06-11 17:03:59,0.2505,0.2508,0.2505,0.2508,0.2503729878159665,0.25065000000000004,0.2505,0.2508,True,0.00037075127238408637,0.00018400765701793325,0,0.25019793656229794,0.2501919857283379,32.717450843045214,32.717450843045214,0.25109115639962887,0.2510944063741117,100.00000000000007,100.00000000000013,0,2
2023-06-11 17:04:00,2023-06-11 17:04:59,0.2507,0.2507,0.2506,0.2508,0.2505114939079833,0.25070000000000003,0.2506,0.2508,True,0.00035855475292808264,0.00017877087606513203,0,0.2501949611453179,0.2501959128668989,31.343357887153758,31.343357887153758,0.25108726429614997,0.2510904819325782,100.00000000000007,100.00000000000013,0,2
2023-06-11 17:05:00,2023-06-11 17:05:59,0.2506,0.2495,0.2494,0.2507,0.2506057469539916,0.25005,0.2494,0.2507,True,0.00042580084200464585,8.535794004147515e-05,0,0.2501954370061084,0.25019800361326583,13.722216070162922,13.722216070162922,0.2510769432583773,0.2510746562417068,77.00859999445852,92.33619999815295,0,1
2023-06-11 17:06:00,2023-06-11 17:06:59,0.2496,0.2495,0.2489,0.2497,0.2503278734769958,0.249425,0.2489,0.2503278734769958,True,0.00045252935329002795,2.127682506685613e-05,0,0.2501967203096871,0.2501943460457347,1.9747881921690293,0.0,0.2510605060120253,0.2510589880203963,43.675266661125185,73.56128888519466,0,1
2023-06-11 17:07:00,2023-06-11 17:07:59,0.2494,0.2493,0.2487,0.2495,0.2498764367384979,0.24922500000000003,0.2487,0.2498764367384979,True,0.00047734868519788275,-3.471228178991117e-05,0,0.25019553317771087,0.2501848156723561,-7.116803090573285,-7.116803090573285,0.2510422422706121,0.2510414856520341,10.34193332779185,43.67526666112525,-1,1
2023-06-11 17:08:00,2023-06-11 17:08:59,0.2493,0.2492,0.2486,0.2493,0.24955071836924897,0.2491,0.2486,0.24955071836924897,True,0.0004932523505408916,-7.604204507933396e-05,0,0.25019017442503344,0.25016986935319624,-13.785151479722288,-13.785151479722288,0.2510229164768747,0.25102316241171535,7.815970093361102e-14,18.005733329639103,0,-2
2023-06-11 17:09:00,2023-06-11 17:09:59,0.2492,0.2492,0.249,0.2492,0.24932535918462448,0.24915,0.249,0.24932535918462448,True,0.00047230575407368545,-9.905717883698608e-05,0,0.2501800218891148,0.2501511046226522,-18.230717072488286,-18.230717072488286,0.25100428049203016,0.2510050214921958,1.241024353754715,3.860985893848945,0,-2
2023-06-11 17:10:00,2023-06-11 17:10:59,0.2492,0.2496,0.249,0.2496,0.24923767959231224,0.24935000000000002,0.249,0.2496,True,0.00048142677163985,-8.160771397951427e-05,0,0.2501655632558835,0.25013083458867225,-13.529176946938136,-13.529176946938136,0.2509878199896219,0.2509910411788406,7.319738956175801,2.853587769976929,0,-1
2023-06-11 17:11:00,2023-06-11 17:11:59,0.2496,0.2494,0.2494,0.2497,0.24929383979615613,0.249525,0.2494,0.2497,True,0.00046846771652271754,-7.978971282493114e-05,0,0.25014819892227785,0.2501107191788069,-12.715347032094023,-12.715347032094023,0.2509732645668396,0.2509752099233297,17.320152325203292,8.626971878378,0,-2
2023-06-11 17:12:00,2023-06-11 17:12:59,0.2494,0.2497,0.2494,0.2497,0.24940941989807808,0.24955,0.2494,0.2497,True,0.0004564343081996659,-5.3743572805495124e-05,0,0.2501294590505424,0.25009103504528474,-7.803964043341431,-0.0,0.25095910273035366,0.25096252126737617,26.636179869167346,17.092023716848878,0,-1
2023-06-11 17:13:00,2023-06-11 17:13:59,0.2497,0.2494,0.2494,0.2497,0.24947970994903904,0.24955,0.2494,0.2497,True,0.00044526042904254656,-5.4257730397890735e-05,0,0.25011024704791357,0.2500718255127499,-8.079951008384178,-0.0,0.25094508180766356,0.2509469737920789,31.11451716446493,25.02361645294525,0,-2
2023-06-11 17:14:00,2023-06-11 17:14:59,0.2495,0.2495,0.2494,0.2496,0.24951485497451953,0.2495,0.2494,0.2496,True,0.0004277418269680774,-4.440369336183362e-05,0,0.25009103628033175,0.2500527783815587,-6.784476111067903,-0.0,0.2509307028842042,0.25093257604290403,30.656333996324594,29.469010343319017,0,-1
2023-06-11 17:15:00,2023-06-11 17:15:59,0.2495,0.2492,0.2492,0.2498,0.24950742748725976,0.249425,0.2492,0.2498,True,0.00044004598218464256,-5.564480286012911e-05,0,0.2500719073309452,0.25003347521390346,-9.19074099656062,-0.0,0.2509157207659534,0.2509153364802881,28.098772245193942,29.956541135327882,0,-2
2023-06-11 17:16:00,2023-06-11 17:16:59,0.2492,0.2493,0.2492,0.2494,0.24946621374362987,0.24927500000000002,0.2492,0.24946621374362987,True,0.00042289984060002564,-5.250044740090181e-05,0,0.2500526912724243,0.2500130737476781,-9.11155800391819,-0.0,0.2508993951861927,0.2508992634804842,22.572033218780266,27.109046486766328,0,-2
2023-06-11 17:17:00,2023-06-11 17:17:59,0.2494,0.2492,0.2492,0.2494,0.24937060687181495,0.24930000000000002,0.2492,0.2494,True,0.0004069784234143099,-5.382519431648992e-05,0,0.2500328825100512,0.2499921190856058,-10.242210142693047,-0.0,0.2508834808062306,0.250882355386151,18.81870027328853,23.16316857908764,0,-2
2023-06-11 17:18:00,2023-06-11 17:18:59,0.2493,0.2496,0.2493,0.2496,0.24933530343590748,0.24945,0.2493,0.2496,True,0.0004064799645990009,-2.3606282139690047e-05,0,0.2500125007978285,0.2499719018193389,-4.883699779930325,-0.0,0.25086921731562134,0.2508695956310649,33.73123970111792,25.0406577310623,0,-1
2023-06-11 17:19:00,2023-06-11 17:19:59,0.2495,0.2493,0.2491,0.2495,0.24939265171795374,0.24935000000000002,0.2491,0.2495,True,0.0004131599671276437,-2.2311655354141082e-05,0,0.2499922013085837,0.24995171771557584,-5.198903954432886,-0.0,0.25085410072541614,0.25085397776408913,53.96859976017456,35.50617991152706,0,-2
2023-06-11 17:20:00,2023-06-11 17:20:59,0.2493,0.2494,0.2493,0.2495,0.24937132585897687,0.249375,0.2493,0.2495,True,0.00039793425518995534,-1.231059199092565e-05,0,0.2499719595120798,0.2499318697318888,-3.9740333683800273,-0.0,0.25083938330526273,0.2508395103236504,75.89819836192919,54.532679274407286,0,-1
2023-06-11 17:21:00,2023-06-11 17:21:59,0.2494,0.2495,0.2494,0.2495,0.24937316292948844,0.24945,0.2494,0.2495,True,0.0003766532369621006,2.8905207343367487e-06,0,0.2499519146219843,0.24991293713593699,-1.7028295465281502,-0.0,0.2508255585957576,0.2508261818627186,86.31950212084512,72.06210008098303,0,-1
2023-06-11 17:22:00,2023-06-11 17:22:59,0.2494,0.2495,0.2494,0.2496,0.24941158146474424,0.249475,0.2494,0.2496,True,0.0003640351486076633,1.3909263543999143e-05,0,0.24993242587896064,0.24989502665551566,-0.18869366529356313,-0.0,0.25081212020176996,0.25081298602328855,94.3851625238168,85.53428766886377,0,2
2023-06-11 17:23:00,2023-06-11 17:23:59,0.2495,0.2498,0.2495,0.2499,0.24944329073237212,0.24967499999999998,0.2495,0.2499,True,0.0003666040665642596,4.227797667628641e-05,0,0.24991372626723815,0.24987941599147542,5.031738784592733,5.031738784592733,0.25080080557289663,0.25080290656037024,100.0000000000001,93.56822154822073,0,2
2023-06-11 17:24:00,2023-06-11 17:24:59,0.2498,0.2497,0.2497,0.2498,0.24955914536618606,0.24975,0.2497,0.2498,True,0.00034756091895252596,5.309268272276436e-05,0,0.2498965711293568,0.24986623767456229,6.399891373998166,6.399891373998166,0.2507903497960519,0.2507919323657397,100.0000000000001,98.12838750793907,0,2
2023-06-11 17:25:00,2023-06-11 17:25:59,0.2497,0.2494,0.2492,0.2497,0.24965457268309305,0.2495,0.2492,0.2497,True,0.0003584494247416313,3.827165994478259e-05,0,0.24988140440195952,0.24985334951305047,2.21871566453796,0.0,0.2507775104945987,0.25077808229244875,83.76437152581597,94.5881238419388,0,1
2023-06-11 17:26:00,2023-06-11 17:26:59,0.2494,0.2495,0.2494,0.2496,0.24957728634154652,0.249475,0.2494,0.2496,True,0.00034713160868865605,3.490787447613965e-05,0,0.249867376957505,0.24984060669283414,1.1842969823330165,0.0,0.25076455019116983,0.25076536505570796,66.04365090642189,83.26934081074604,0,2
2023-06-11 17:27:00,2023-06-11 17:27:59,0.2495,0.25,0.2495,0.25,0.24952614317077326,0.24975,0.2495,0.25,True,0.0003580507794966092,6.647414974286355e-05,0,0.24985399182516957,0.2498299525225929,6.597583480294048,6.597583480294048,0.25075445516439204,0.2507577494830143,65.39716646136895,71.73506296453566,0,2
2023-06-11 17:28:00,2023-06-11 17:28:59,0.25,0.2501,0.25,0.2502,0.24963807158538664,0.250075,0.25,0.2502,True,0.0003467614381039927,9.166941657141262e-05,0,0.24984197217388124,0.24982324570572997,11.069590278742702,11.069590278742702,0.25074769441648764,0.25075120471203904,81.63279493555308,71.02453743444802,1,2
2023-06-11 17:29:00,2023-06-11 17:29:59,0.2501,0.2503,0.2501,0.2503,0.24985653579269332,0.2502,0.2501,0.2503,True,0.0003362784782394242,0.00011832189385568353,0,0.2498326089398056,0.24982055031677114,15.652313243667223,15.652313243667223,0.2507422447208012,0.2507467151129143,99.35351555494715,82.12782565062311,0,2
2023-06-11 17:30:00,2023-06-11 17:30:59,0.2503,0.2498,0.2498,0.2504,0.25002826789634663,0.250075,0.2498,0.2504,True,0.0003551157297937523,9.652668186860995e-05,0,0.24982657962828836,0.2498201740135135,10.611845968618347,10.611845968618347,0.25073560546984797,0.2507372950620395,94.47946879082652,91.82192642710896,0,1
2023-06-11 17:31:00,2023-06-11 17:31:59,0.2498,0.25,0.2498,0.25,0.2500516339481733,0.2499,0.2498,0.2500516339481733,True,0.00034403603480848475,9.222952163062142e-05,0,0.24982337682090092,0.24982042543847183,9.47449743565285,9.47449743565285,0.2507272909875609,0.2507299587927655,80.48822707738161,91.44040380771848,0,2
2023-06-11 17:32:00,2023-06-11 17:32:59,0.2499,0.25,0.2499,0.25,0.24997581697408666,0.24995,0.2499,0.25,True,0.00032660488946502077,8.557345670292106e-05,0,0.24982190112968636,0.24982151240639974,8.716265080342517,8.716265080342517,0.2507195567488787,0.2507226955211957,68.28026024654349,81.0826520382506,0,2
2023-06-11 17:33:00,2023-06-11 17:33:59,0.25,0.2503,0.25,0.2503,0.24996290848704333,0.25015,0.25,0.2503,True,0.0003247045402175209,9.812284821881e-05,0,0.24982170676804305,0.2498246219581207,11.428201750514916,11.428201750514916,0.2507138895175466,0.25071848959561166,68.12167230979658,72.29671987790728,0,2
2023-06-11 17:34:00,2023-06-11 17:34:59,0.2504,0.2504,0.2502,0.2505,0.25005645424352163,0.250375,0.2502,0.2505,True,0.00032293993020198527,0.00010865122689669695,0,0.24982316436308186,0.24983084630873378,14.150419481321507,14.150419481321507,0.25071051748254614,0.2507153205449091,82.11291402324149,72.8382821931939,0,2
2023-06-11 17:35:00,2023-06-11 17:35:59,0.2503,0.2503,0.25,0.2503,0.2502157271217608,0.25022500000000003,0.25,0.2503,True,0.0003284442209018443,0.00010350858071849196,0,0.24982700533590782,0.24983845109723546,13.869871932728337,13.869871932728337,0.2507056864628193,0.2507111880021737,85.889152733123,78.70791302205375,0,2
2023-06-11 17:36:00,2023-06-11 17:36:59,0.2503,0.2503,0.2503,0.2504,0.2502203635608804,0.250325,0.2503,0.2504,True,0.00031212677655171174,9.515318081973133e-05,0,0.24983272821657165,0.2498477766436048,13.682840233666226,13.682840233666226,0.25070189853781616,0.2507070965792665,86.67415206241242,84.89207293959237,0,2
2023-06-11 17:37:00,2023-06-11 17:37:59,0.2502,0.2507,0.2502,0.2507,0.2502726817804402,0.25044999999999995,0.2502,0.2507,True,0.0003255462925123038,0.00011236899699124948,0,0.24984025243008823,0.24985925060451236,17.743645100521064,17.743645100521064,0.25069939208470354,0.2507070259665375,86.08496155549784,86.21608878367782,0,2
2023-06-11 17:38:00,2023-06-11 17:38:59,0.2506,0.2504,0.2503,0.2506,0.2503613408902201,0.250475,0.2503,0.2506,True,0.0003308644144757075,9.716097254582447e-05,0,0.2498497515173003,0.24987250883030743,14.496109988845703,14.496109988845703,0.2506971593276418,0.2507039709817958,94.51668967645446,89.09193443145496,0,1
2023-06-11 17:39:00,2023-06-11 17:39:59,0.2504,0.2507,0.2504,0.2508,0.25041817044511006,0.250575,0.2504,0.2508,True,0.00033580267058458635,0.0001026569788194518,0,0.24986113017380385,0.24988776696121429,15.41540569250887,15.41540569250887,0.2506959438119439,0.2507039314695391,99.41080949308552,93.33748690834601,0,2
2023-06-11 17:40:00,2023-06-11 17:40:59,0.2508,0.2506,0.2506,0.2508,0.250496585222555,0.25070000000000003,0.2506,0.2508,True,0.00032610247982854684,9.36958406251323e-05,0,0.24987444856750907,0.24990535257740878,14.212670906451507,14.212670906451507,0.25069598417202404,0.2507028973255636,100.0000000000001,97.97583305651342,0,1
2023-06-11 17:41:00,2023-06-11 17:41:59,0.2506,0.2506,0.2505,0.2506,0.25059829261127753,0.250575,0.2505,0.2506,True,0.0003099523026979355,8.249422283963725e-05,0,0.24988990057245894,0.24992379235017662,13.410847715746606,13.410847715746606,0.25069478034941683,0.2507018734715779,88.98747846596238,96.13276265301607,0,1
2023-06-11 17:42:00,2023-06-11 17:42:59,0.2507,0.2509,0.2507,0.251,0.25058664630563876,0.25082499999999996,0.2507,0.251,True,0.00031638428107665524,9.078374031644624e-05,1,0.24990684646131778,0.24994449335583652,16.176003140833785,16.176003140833785,0.2506960760673331,0.2507038448798209,88.71821832429067,92.56856559675111,0,2
2023-06-11 17:43:00,2023-06-11 17:43:59,0.251,0.2509,0.2506,0.251,0.25070582315281936,0.25087499999999996,0.2506,0.251,True,0.0003223568324283235,9.058304406747323e-05,0,0.24992566990857715,0.2499671756683143,18.01944009089189,18.01944009089189,0.25069785640497155,0.2507057966720615,88.71821832429067,88.80797170484796,0,2
2023-06-11 17:44:00,2023-06-11 17:44:59,0.2509,0.2509,0.2509,0.251,0.2507904115764097,0.250925,0.2509,0.251,True,0.0003064742015405853,8.475428490803654e-05,0,0.24994642278844573,0.24999160530597134,19.2483980575973,19.2483980575973,0.2507001165402455,0.25070772904348376,99.73073985832839,92.38905883563662,0,1
2023-06-11 17:45:00,2023-06-11 17:45:59,0.2509,0.25,0.25,0.2509,0.2508577057882049,0.25045,0.25,0.2509,True,0.00034886890143054437,1.369585012323183e-05,0,0.24996901404720853,0.25001398400659003,6.364351071727214,0.0,0.250697627818452,0.2507006869634491,66.66666666666676,85.03854161642865,0,1
2023-06-11 17:46:00,2023-06-11 17:46:59,0.2502,0.2501,0.25,0.2504,0.25065385289410247,0.250175,0.25,0.25065385289410247,True,0.0003525211227569349,-2.7796120075772096e-05,0,0.24999149902689927,0.25003270765591695,-0.5821533970590167,-0.0,0.2506924275416515,0.25069470997873816,33.33333333333343,66.57691328610957,0,1
2023-06-11 17:47:00,2023-06-11 17:47:59,0.2501,0.2501,0.2499,0.2501,0.25041442644705125,0.25005,0.2499,0.25041442644705125,True,0.00034162675684572366,-5.5121322476353444e-05,0,0.2500121033414081,0.250047567560578,-5.2131563762498345,-5.2131563762498345,0.2506860352278042,0.25068879246651193,9.473903143468003e-14,33.33333333333348,0,1
2023-06-11 17:48:00,2023-06-11 17:48:59,0.25,0.2498,0.2498,0.25,0.2502322132235256,0.2499,0.2498,0.2502322132235256,True,0.0003386534170710287,-9.254186457220191e-05,-1,0.25002983545099305,0.2500582543976228,-11.080410422052182,-11.080410422052182,0.2506782139817564,0.25067994876037747,9.473903143468003e-14,11.111111111111255,0,1
2023-06-11 17:49:00,2023-06-11 17:49:59,0.2498,0.2499,0.2498,0.25,0.2500661066117628,0.249875,0.2498,0.2500661066117628,True,0.0003287496015659556,-0.0001072295866633225,0,0.25004404492430793,0.25006541089953205,-12.908375288325146,-12.908375288325146,0.25067022180283344,0.2506721880761946,9.473903143468003e-14,1.4289803908064237e-13,0,1
2023-06-11 17:50:00,2023-06-11 17:50:59,0.25,0.2498,0.2498,0.25,0.24997055330588142,0.2499,0.2498,0.25,True,0.000319553201454102,-0.00012009961297319575,0,0.25005472791191996,0.25006991036913445,-15.167879654513037,-15.167879654513037,0.25066255790429776,0.25066350958787426,0.864564270735534,0.2881880902452893,0,-2
2023-06-11 17:51:00,2023-06-11 17:51:59,0.2498,0.2497,0.2495,0.2498,0.2499352766529407,0.2497,0.2495,0.2499352766529407,True,0.00031815654420738005,-0.00013102052439995852,0,0.2500623191405272,0.2500709148546764,-17.692484891580897,-17.692484891580897,0.25065298021370774,0.2506539224277959,0.864564270735534,0.5763761804904357,-1,-2
2023-06-11 17:52:00,2023-06-11 17:52:59,0.2496,0.2497,0.2496,0.2497,0.24981763832647036,0.24964999999999998,0.2496,0.24981763832647036,True,0.00030257393390685413,-0.00013311989283520557,0,0.2500666169976018,0.2500688177696765,-19.375555049626136,-19.375555049626136,0.2506430003110838,0.25064443066234515,0.864564270735534,0.8645642707355821,0,-2
2023-06-11 17:53:00,2023-06-11 17:53:59,0.2497,0.25,0.2496,0.25,0.24973381916323517,0.24982500000000002,0.2496,0.25,True,0.00030953293862779393,-0.00010863283914885572,0,0.25006771738363914,0.2500654938707165,-13.143293693831211,-13.143293693831211,0.2506348610045058,0.25063801841694866,5.626319814642664,2.4518161187046252,0,-1
2023-06-11 17:54:00,2023-06-11 17:54:59,0.2499,0.25,0.2499,0.25,0.2497794095816176,0.24995,0.2499,0.25,True,0.0002945663001543793,-8.84503372617892e-05,0,0.25006660562717786,0.25006208453091294,-8.98845278996793,-8.98845278996793,0.25062804646714754,0.250631669974989,14.94155175013178,7.144145278503373,0,-1
2023-06-11 17:55:00,2023-06-11 17:55:59,0.2501,0.2502,0.2501,0.2505,0.2498647047908088,0.250225,0.2501,0.2505,True,0.0003092401358576379,-5.809831860279298e-05,0,0.2500643450790454,0.2500605181070819,-2.409029521962914,-0.0,0.2506240360545391,0.25062737475135727,31.355860352651117,17.307910639141898,0,-1
2023-06-11 17:56:00,2023-06-11 17:56:59,0.2501,0.2501,0.2501,0.2501,0.2500448523954044,0.2501,0.2501,0.2501,True,0.0002942944118678059,-4.301071390753478e-05,0,0.2500624315930637,0.25005955573835675,-0.4361426062525169,-0.0,0.2506188217654392,0.2506221272413935,38.860545431410536,28.38598584473119,0,-1
2023-06-11 17:57:00,2023-06-11 17:57:59,0.2501,0.2501,0.2501,0.2503,0.2500724261977022,0.25015,0.2501,0.2503,True,0.00028755909673439356,-3.154205834675186e-05,0,0.2500609936657102,0.25005941860251063,0.879115337554417,0.0,0.25061415687225075,0.2506169319454592,43.94934422931391,38.055250004458564,0,-1
2023-06-11 17:58:00,2023-06-11 17:58:59,0.2503,0.25,0.2498,0.2503,0.2501112130988511,0.2501,0.2498,0.2503,True,0.00030273344696765323,-2.9733729033841547e-05,0,0.25006020613411045,0.25005958906603826,-0.8567563081985838,-0.0,0.25060904088347213,0.2506107933191362,52.227924801425424,45.01260482071667,0,-2
2023-06-11 17:59:00,2023-06-11 17:59:59,0.2501,0.2502,0.2499,0.2502,0.25010560654942554,0.2501,0.2499,0.2502,True,0.00030253820075567563,-1.363231322500164e-05,0,0.25005989760007435,0.2500600005351549,2.6964731879738864,0.0,0.2506039758000545,0.2506067058234234,65.52312836124796,53.90013246399581,0,2
2023-06-11 18:00:00,2023-06-11 18:00:59,0.2503,0.2501,0.2501,0.2504,0.2501028032747128,0.250225,0.2501,0.2504,True,0.0003023569007017004,-9.56207189638563e-06,0,0.25005994906761464,0.25006145655948414,2.374203545746475,0.0,0.25060020489657137,0.2506016639744341,84.4524309611888,67.40116137462077,0,2
2023-06-11 18:01:00,2023-06-11 18:01:59,0.2501,0.2503,0.2501,0.2504,0.25016390163735636,0.250225,0.2501,0.2504,True,0.00030218855065158054,7.133941417877982e-06,0,0.2500607028135494,0.2500637249796028,6.096769405619753,6.096769405619753,0.2505964715145159,0.2505986623428477,93.09287511989127,81.02281148077606,1,2
2023-06-11 18:02:00,2023-06-11 18:02:59,0.2504,0.2502,0.2501,0.2505,0.2501944508186782,0.25029999999999997,0.2501,0.2505,True,0.00030917508274789704,1.0660210077027127e-05,0,0.2500622138965761,0.25006713202062514,5.866762233686366,0.0,0.25059352154919734,0.25059469555336666,100.00000000000007,92.51510202702677,0,2
2023-06-11 18:03:00,2023-06-11 18:03:59,0.2502,0.2503,0.2501,0.2503,0.2502472254093391,0.250225,0.2501,0.2503,True,0.00030137686255162107,1.9210394684570634e-05,0,0.2500646729586007,0.25007089755020795,7.692975131251124,7.692975131251124,0.2505898546681108,0.2505917632593033,95.11865761004888,96.07051090998014,0,2
2023-06-11 18:04:00,2023-06-11 18:04:59,0.2503,0.2505,0.2503,0.2505,0.2502361127046695,0.2504,0.2503,0.2505,True,0.00029413565808364655,3.745058785399502e-05,0,0.2500677852544044,0.2500761201709244,12.031222261771944,12.031222261771944,0.2505879655669356,0.2505908501920466,95.1186576100489,96.74577174003268,0,2
2023-06-11 18:05:00,2023-06-11 18:05:59,0.2504,0.2502,0.2502,0.2505,0.25031805635233473,0.25032499999999996,0.2502,0.2505,True,0.00029455453964910203,2.6789862640585223e-05,0,0.2500719527126644,0.2500819395572454,7.767632956482494,7.767632956482494,0.25058534899413026,0.2505869611354093,90.67684835972777,93.63805452660858,0,1
2023-06-11 18:06:00,2023-06-11 18:06:59,0.2502,0.2499,0.2498,0.2502,0.2503215281761674,0.250025,0.2498,0.2503215281761674,True,0.00030208635824559353,-2.121284775134601e-06,0,0.2500769461349549,0.25008613053510537,0.5422197314830512,0.0,0.25057977338224835,0.2505801257012261,68.96506035875798,84.92018877617828,0,1
2023-06-11 18:07:00,2023-06-11 18:07:59,0.2499,0.25,0.2498,0.2501,0.2501732640880837,0.24995,0.2498,0.2501732640880837,True,0.0003019373326566222,-1.4101802563731685e-05,0,0.25008153833503016,0.2500884961212071,-2.218852185608384,-0.0,0.25057350698043496,0.25057435330618905,35.63172702542465,65.09121191463686,0,1
2023-06-11 18:08:00,2023-06-11 18:08:59,0.2501,0.2504,0.2501,0.2504,0.25006163204404186,0.25025,0.2501,0.2504,True,0.0003089418088954357,5.996202707421305e-06,0,0.2500850172281186,0.2500914666521434,2.033677290791971,0.0,0.25057028800550524,0.250572618447421,27.453619999615853,44.01680246126622,0,2
2023-06-11 18:09:00,2023-06-11 18:09:59,0.2504,0.2504,0.2504,0.2505,0.2501558160220209,0.250425,0.2504,0.2505,True,0.00029401739397433237,1.8493234564736938e-05,0,0.25008824194013096,0.25009609376550734,4.868696941725538,0.0,0.2505688423537092,0.25057090085092926,51.36574566936519,38.150364231468615,0,2
2023-06-11 18:10:00,2023-06-11 18:10:59,0.2505,0.2501,0.2501,0.2505,0.25029040801101043,0.25029999999999997,0.2501,0.2505,True,0.00030158758011902375,4.913291593377955e-06,0,0.2500921678528191,0.2501011357380151,1.6171056777637176,0.0,0.2505661673054136,0.250566215270323,73.31234298543406,50.71056955147176,0,1
2023-06-11 18:11:00,2023-06-11 18:11:59,0.2502,0.2499,0.2499,0.2502,0.2502952040055052,0.25005,0.2499,0.2502952040055052,True,0.0003014741815390911,-1.8067380997592946e-05,0,0.25009665179541707,0.25010475447288477,-3.0968615940286313,-3.0968615940286313,0.2505610313123249,0.2505595862626581,59.18960863676262,61.28923243052068,0,1
2023-06-11 18:12:00,2023-06-11 18:12:59,0.2498,0.25,0.2498,0.2501,0.2501726020027526,0.249925,0.2498,0.2501726020027526,True,0.0003013688828577271,-2.5493201428807022e-05,0,0.2501007031341509,0.25010637022145016,-4.317427124194168,-4.317427124194168,0.2505547026425505,0.2505540182401441,28.537280024600932,53.67974388226592,-1,-2
2023-06-11 18:13:00,2023-06-11 18:13:59,0.25,0.25,0.2498,0.25,0.2500488010013763,0.24995,0.2498,0.2500488010013763,True,0.00029412824836788984,-2.9344450890890226e-05,0,0.2501035366778005,0.2501065694456452,-5.131137477637857,-5.131137477637857,0.25054868570083355,0.2505485056208392,8.304637885594603,32.0105088489861,0,-2
2023-06-11 18:14:00,2023-06-11 18:14:59,0.25,0.2502,0.2499,0.2502,0.24999940050068814,0.250075,0.2499,0.2502,True,0.0002945476591987525,-1.6949522532812907e-05,0,0.2501050530617228,0.2501065096962849,-1.703109105983387,-0.0,0.250543972410278,0.2505450379032189,11.927308679815974,16.256408863337217,0,-1
2023-06-11 18:15:00,2023-06-11 18:15:59,0.2502,0.2506,0.2502,0.2506,0.25003720025034404,0.25039999999999996,0.2502,0.2506,True,0.0003020799692559852,1.913450853458904e-05,0,0.25010578137900386,0.25010847631079347,5.589576563403895,0.0,0.25054253984898167,0.25054558478975403,40.858077648125054,20.363341404511925,1,2
2023-06-11 18:16:00,2023-06-11 18:16:59,0.2507,0.2508,0.2506,0.2508,0.250218600125172,0.250725,0.2506,0.2508,True,0.0002947885428805601,5.516864459794362e-05,1,0.25010712884489866,0.25011425464838566,12.115050039492722,12.115050039492722,0.2505443553728724,0.25054811628438334,72.47745580439585,41.75428071077901,0,2
2023-06-11 18:17:00,2023-06-11 18:17:59,0.2507,0.2508,0.2506,0.2508,0.25047180006258596,0.250725,0.2506,0.2508,True,0.0002880179326748082,7.574830587283973e-05,0,0.25011069174664213,0.25012299433682694,16.46536569021862,16.46536569021862,0.2505461528318488,0.2505506225900114,95.59743563497581,69.64432302916562,0,2
2023-06-11 18:18:00,2023-06-11 18:18:59,0.2507,0.2507,0.2506,0.2507,0.25059840003129297,0.250675,0.2506,0.2507,True,0.00028173093748375285,7.843137774823236e-05,0,0.25011684304173454,0.2501336625008874,16.67133688744751,16.67133688744751,0.2505474348932234,0.2505521089323993,97.1997592074133,88.42488354892838,0,2
2023-06-11 18:19:00,2023-06-11 18:19:59,0.2507,0.2508,0.2507,0.2508,0.2506367000156465,0.25075000000000003,0.2507,0.2508,True,0.00026875015623491655,8.300952675590058e-05,0,0.250125252771311,0.2501462903521742,18.062669763482603,18.062669763482603,0.2505494504664251,0.2505545755101864,97.0812562472377,96.62615036320899,0,2
2023-06-11 18:20:00,2023-06-11 18:20:59,0.2507,0.2507,0.2505,0.2507,0.2506933500078232,0.25065,0.2505,0.2507,True,0.0002709822879324241,7.475754012255199e-05,0,0.2501357715617426,0.2501596883321604,16.14207459278674,16.14207459278674,0.2505504509592965,0.2505560225200353,91.05973032057209,95.11358192507443,0,1
2023-06-11 18:21:00,2023-06-11 18:21:59,0.2506,0.2509,0.2506,0.2509,0.25067167500391163,0.25075000000000003,0.2506,0.2509,True,0.0002730549816515383,7.903035084183508e-05,0,0.2501477299469515,0.2501742868218431,17.682574491610325,17.682574491610325,0.2505524365218906,0.25055944518152745,91.72665450860501,93.28921369213833,0,2
2023-06-11 18:22:00,2023-06-11 18:22:59,0.2508,0.2508,0.2506,0.2509,0.25071083750195583,0.25077499999999997,0.2506,0.2509,True,0.00027497962581928714,7.050852826475626e-05,0,0.2501610083843973,0.250189901846675,15.909686735771544,15.909686735771544,0.2505546510838618,0.25056183876181076,90.68773669520266,91.15804050812665,0,1
2023-06-11 18:23:00,2023-06-11 18:23:59,0.2508,0.2509,0.2508,0.2509,0.2507429187509779,0.25085,0.2508,0.2509,True,0.0002624810811179087,6.769636578118438e-05,0,0.2501754551155361,0.2502067246408622,16.29192816053741,16.29192816053741,0.2505575898790473,0.25056520355025047,96.70926262186829,93.04121794189204,0,2
2023-06-11 18:24:00,2023-06-11 18:24:59,0.251,0.2508,0.2508,0.251,0.25079645937548894,0.2509,0.2508,0.251,True,0.0002580181467523422,5.487712329683324e-05,0,0.25019108987819916,0.2502247259512712,13.637734577950859,13.637734577950859,0.25056099694492745,0.2505675398333326,98.84257922642216,95.4131928478311,0,1
2023-06-11 18:25:00,2023-06-11 18:25:59,0.2508,0.2509,0.2508,0.2509,0.25084822968774445,0.25085,0.2508,0.2509,True,0.00024673113627003126,4.978824548960734e-05,0,0.2502079079147352,0.25024318855448335,13.744540237810405,13.744540237810405,0.25056387259721674,0.25057084789469247,96.67919265498074,97.41034483442378,0,1
2023-06-11 18:26:00,2023-06-11 18:26:59,0.2509,0.251,0.2509,0.2511,0.25084911484387223,0.250975,0.2509,0.2511,True,0.00024339319796502743,4.984447838659391e-05,0,0.25022554823460924,0.25026274529660414,15.491503180472577,15.491503180472577,0.25056796341714493,0.2505751180648945,96.67919265498074,97.40032151212795,0,2
2023-06-11 18:27:00,2023-06-11 18:27:59,0.251,0.2512,0.251,0.2513,0.2509120574219361,0.251125,0.251,0.2513,True,0.0002474365409675271,6.000042223185906e-05,0,0.2502441467656067,0.25028405844145324,19.24899584079519,19.24899584079519,0.2505735060697107,0.2505813357955921,96.67919265498074,96.6791926549808,0,2
2023-06-11 18:28:00,2023-06-11 18:28:59,0.2512,0.2514,0.2512,0.2516,0.2510185287109681,0.25134999999999996,0.2512,0.2516,True,0.00025833393089841886,7.613219735475647e-05,0,0.25026410260353,0.2503081519229626,23.545790785059523,23.545790785059523,0.25058123237747476,0.25058948170807377,100.0000000000001,97.78612843665393,0,2
2023-06-11 18:29:00,2023-06-11 18:29:59,0.2514,0.2515,0.2513,0.2517,0.251184264355484,0.251475,0.2513,0.2517,True,0.0002684529358342429,8.842180622901599e-05,0,0.2502861272632463,0.2503351267091048,27.13597001547204,27.13597001547204,0.25059012558764915,0.2505985415915755,100.0000000000001,98.89306421832704,0,2
2023-06-11 18:30:00,2023-06-11 18:30:59,0.2516,0.2517,0.2515,0.2518,0.251329632177742,0.25165,0.2515,0.2518,True,0.00027070629756037,0.00010438833937310445,0,0.25031062698617557,0.25036538557703425,30.712601501218714,30.712601501218714,0.2506006716017024,0.250609501376734,100.0000000000001,100.00000000000017,0,2
2023-06-11 18:31:00,2023-06-11 18:31:59,0.2517,0.2518,0.2517,0.2518,0.251489816088871,0.25175000000000003,0.2517,0.2518,True,0.00025851299059177535,0.00011498767906413363,0,0.2503380062816049,0.2503987085239836,33.58059741251469,33.58059741251469,0.25061210770516806,0.25062134713417944,100.0000000000001,100.00000000000017,0,2
2023-06-11 18:32:00,2023-06-11 18:32:59,0.2518,0.2518,0.2518,0.2521,0.2516199080444355,0.251875,0.2518,0.2521,True,0.00026147634840664616,0.0001145961973217578,0,0.2503683574027943,0.25043507284397304,35.49259468671201,35.49259468671201,0.25062467379765396,0.2506330750233916,100.0000000000001,100.00000000000017,0,2
2023-06-11 18:33:00,2023-06-11 18:33:59,0.2518,0.2518,0.2517,0.2519,0.25174745402221776,0.2518,0.2517,0.2519,True,0.00025708518066331666,0.00010692929396786683,0,0.25040171512338366,0.25047306758067844,36.76725953617688,36.76725953617688,0.250636368585737,0.2506446862171887,94.3320028056567,98.11066760188571,0,2
2023-06-11 18:34:00,2023-06-11 18:34:59,0.2519,0.252,0.2519,0.252,0.2517737270111089,0.25195,0.2519,0.252,True,0.00025300766775879246,0.00010844254341416451,0,0.250437391352031,0.25051311443115026,38.65824530920463,38.65824530920463,0.2506494395450829,0.25065817192647044,91.60123491695514,95.31107924087071,0,2
2023-06-11 18:35:00,2023-06-11 18:35:59,0.2519,0.2515,0.2515,0.2519,0.25186186350555445,0.25170000000000003,0.2515,0.2519,True,0.000270649977204593,6.764605180851471e-05,0,0.2504752528915906,0.2505527868953732,25.520548703432155,25.520548703432155,0.25065989288294277,0.250666548325212,69.24300310019858,85.05874694093687,0,1
2023-06-11 18:36:00,2023-06-11 18:36:59,0.2516,0.2515,0.2513,0.2517,0.25178093175277727,0.251525,0.2513,0.25178093175277727,True,0.0002798892645471189,3.55019683837398e-05,0,0.2505140198934819,0.25059069172126824,16.762084299583833,16.762084299583833,0.25066850091395826,0.25067484137670243,41.57766696120864,67.47396832612084,0,1
2023-06-11 18:37:00,2023-06-11 18:37:59,0.2515,0.2515,0.2515,0.2516,0.25165296587638863,0.251525,0.2515,0.25165296587638863,True,0.00026704003136518103,1.0337173065742855e-05,0,0.25055235580737506,0.25062694480566067,10.92310803035162,0.0,0.25067702329292385,0.2506830519102676,10.975101516576876,40.59859052599476,0,1
2023-06-11 18:38:00,2023-06-11 18:38:59,0.2516,0.2515,0.2515,0.2517,0.2515889829381943,0.251575,0.2515,0.2517,True,0.00026225145769623797,-9.202327903700108e-06,0,0.25058965030651786,0.2506619917808124,7.030457184196813,0.0,0.25068595838453656,0.2506911807469813,2.045740362286877,18.199502946690856,0,1
2023-06-11 18:39:00,2023-06-11 18:39:59,0.2516,0.2516,0.2516,0.2517,0.25158199146909715,0.251625,0.2516,0.2517,True,0.000257804925003648,-1.735545309099163e-05,0,0.25062582104366515,0.25069619177132935,7.181713402584208,0.0,0.25069530208220286,0.2507002237246233,6.162845940636717,6.394562606500215,0,1
2023-06-11 18:40:00,2023-06-11 18:40:59,0.2516,0.2516,0.2514,0.2517,0.25160349573454854,0.251575,0.2514,0.2517,True,0.0002608188589319565,-2.4609686514176217e-05,0,0.2506610064074973,0.2507291472234082,7.282550881509145,0.0,0.25070405529531525,0.25070917672238824,6.540627780826849,4.916404694583539,0,1
2023-06-11 18:41:00,2023-06-11 18:41:59,0.2516,0.252,0.2516,0.252,0.25158924786727427,0.2518,0.2516,0.252,True,0.0002707603690082461,-3.4883081100909393e-06,0,0.2506950768154528,0.2507624404714538,14.197802863249592,0.0,0.2507149602177499,0.2507220207351008,14.143200134774801,8.948891285412847,0,2
2023-06-11 18:42:00,2023-06-11 18:42:59,0.252,0.252,0.2517,0.252,0.2516946239336372,0.251925,0.2517,0.252,True,0.0002728489140790873,7.6075889643407e-06,0,0.2507287586434533,0.25079662887448484,18.807970851076547,18.807970851076547,0.25072700041458823,0.25073473694669185,24.110605457959508,14.931477791187111,0,2
2023-06-11 18:43:00,2023-06-11 18:43:59,0.2518,0.2519,0.2518,0.2519,0.2518098119668186,0.25185,0.2518,0.2519,True,0.00026764542021629373,4.853958912186338e-06,0,0.2507626937589691,0.2508307728907684,18.027357888683582,18.027357888683582,0.2507381745398162,0.2507463316039387,32.01263176475617,23.422145785830214,0,1
2023-06-11 18:44:00,2023-06-11 18:44:59,0.2519,0.2519,0.2518,0.2519,0.2518299059834093,0.251875,0.2518,0.2519,True,0.00025567074734370054,1.1903600353308473e-07,0,0.25079673332486874,0.25086481922337744,17.506949247088272,17.506949247088272,0.25074948623593746,0.2507578108914617,31.631906337171785,29.251714519962544,0,1
2023-06-11 18:45:00,2023-06-11 18:45:59,0.2519,0.2524,0.2518,0.2525,0.25185245299170467,0.25215,0.2518,0.2525,True,0.00028740855110486325,2.860125492801219e-05,0,0.2508307762741231,0.25090044184734667,22.92986349508989,22.92986349508989,0.2507634216962764,0.2507741510815964,36.46191121142823,33.36881643778545,0,2
2023-06-11 18:46:00,2023-06-11 18:46:59,0.2524,0.2526,0.2521,0.2527,0.2520012264958523,0.25245,0.2521,0.2527,True,0.00030973651174022937,5.6662454898348394e-05,0,0.25086560906073485,0.25093911940654473,27.619017838820113,27.619017838820113,0.2507802035699453,0.2507923187325258,57.50965794026954,41.86782516295657,0,2
2023-06-11 18:47:00,2023-06-11 18:47:59,0.2525,0.2526,0.2525,0.2527,0.25222561324792614,0.252575,0.2525,0.2527,True,0.0003018981894730685,6.938476677082573e-05,0,0.25090236423363976,0.25098079440147736,30.745120734640267,30.745120734640267,0.25079806224089113,0.2508103056108091,80.63092728613931,58.20083214594575,0,2
2023-06-11 18:48:00,2023-06-11 18:48:59,0.2527,0.2528,0.2527,0.253,0.25240030662396307,0.2528,0.2527,0.253,True,0.00030890546165356444,8.52198165534776e-05,0,0.25094157931755856,0.25102608710313806,33.79293801215819,33.79293801215819,0.2508179820195887,0.2508301035649304,95.04974484368165,77.73011002336357,0,2
2023-06-11 18:49:00,2023-06-11 18:49:59,0.2528,0.253,0.2528,0.253,0.25260015331198155,0.2529,0.2528,0.253,True,0.00030112650010687966,0.00010221725086979807,0,0.2509838332103483,0.25107460340099347,36.53473181362651,36.53473181362651,0.25083869861640873,0.25085169457423456,99.05552330118688,91.57873181033601,0,2
2023-06-11 18:50:00,2023-06-11 18:50:59,0.2529,0.2527,0.2527,0.253,0.2527500766559908,0.25282499999999997,0.2527,0.253,True,0.0003010460358135327,8.475045266488287e-05,0,0.2510292183056709,0.2511248102056447,29.93049154223671,29.93049154223671,0.25085846280928026,0.2508700856729984,94.48203446940312,96.1957675380906,0,1
2023-06-11 18:51:00,2023-06-11 18:51:59,0.2527,0.2524,0.2524,0.2527,0.2527875383279954,0.25255,0.2524,0.2527875383279954,True,0.0003009713189697066,4.5647328614392755e-05,0,0.25107701425565776,0.25117411669365897,20.01073432620619,20.01073432620619,0.25087529402510833,0.2508853087011278,70.68032410049416,88.07262729036144,0,1
2023-06-11 18:52:00,2023-06-11 18:52:59,0.2525,0.2528,0.2525,0.253,0.2526687691639977,0.25270000000000004,0.2525,0.253,True,0.00032233051047186965,4.223678178498567e-05,0,0.25112556547465836,0.2512234052206297,18.116743027422643,0.0,0.25089345030346544,0.25090436035584296,50.95457979977064,72.03897945655602,0,1
2023-06-11 18:53:00,2023-06-11 18:53:59,0.2528,0.2526,0.2523,0.2529,0.2526843845819989,0.25265000000000004,0.2523,0.2529,True,0.0003421640454381639,2.084389019735343e-05,0,0.251174485347644,0.2512719983818596,13.731018259955128,0.0,0.2509109284098986,0.25092123239210323,33.653532750275964,51.762812216846974,0,1
2023-06-11 18:54:00,2023-06-11 18:54:59,0.2527,0.2528,0.2525,0.2528,0.25266719229099943,0.25270000000000004,0.2525,0.2528,True,0.0003391523279068681,1.617990000428774e-05,0,0.2512232418647518,0.2513200537291616,13.040799403878054,0.0,0.2509287301172628,0.2509399265971569,30.015353436113504,38.20782199538675,0,1
2023-06-11 18:55:00,2023-06-11 18:55:59,0.2528,0.2524,0.2522,0.2528,0.25268359614549973,0.25255000000000005,0.2522,0.2528,True,0.0003577843044849522,-1.862821299273025e-05,0,0.2512716477969567,0.25136632678146864,7.172832322347475,0.0,0.250944862155897,0.25095445469071753,16.407764403503688,26.69221686329777,0,1
2023-06-11 18:56:00,2023-06-11 18:56:59,0.2524,0.2528,0.2524,0.2529,0.2526167980727499,0.252625,0.2524,0.2529,True,0.0003679425684503128,-1.6475054659073228e-05,0,0.25131898728921265,0.2514113937178032,7.625299794713193,0.0,0.2509615799453906,0.2509728183256358,8.68271091700452,18.36860958554062,0,1
2023-06-11 18:57:00,2023-06-11 18:57:59,0.2528,0.253,0.2527,0.253,0.25262089903637497,0.25287499999999996,0.2527,0.253,True,0.0003630895278467207,-4.20936302347936e-06,0,0.2513651905035079,0.25145691712930635,9.66672494453394,0.0,0.2509806189509091,0.25099298928756975,13.917181708238545,13.002552342915635,0,2
2023-06-11 18:58:00,2023-06-11 18:58:59,0.2529,0.2527,0.2527,0.253,0.25274794951818746,0.25282499999999997,0.2527,0.253,True,0.00035858313300052795,-2.023515541953614e-05,0,0.2514110538164071,0.25150214453473124,7.1027738395871935,0.0,0.2509989710011488,0.251009974468788,21.56375455652727,14.721215727256828,0,1
2023-06-11 18:59:00,2023-06-11 18:59:59,0.2527,0.2529,0.2527,0.2532,0.2527864747590937,0.25287499999999996,0.2527,0.2532,True,0.0003686843377862046,-1.951398166086043e-05,0,0.2514565991755692,0.25154717163756335,7.45437882117232,0.0,0.2510176379563613,0.2510287806929791,28.10914919031903,21.196695151695,0,1
2023-06-11 19:00:00,2023-06-11 19:00:59,0.253,0.2528,0.2528,0.2534,0.25283073737954687,0.253,0.2528,0.2534,True,0.0003852068850871892,-2.8537329860454626e-05,0,0.25150188540656626,0.2515925897398784,6.298722804399887,0.0,0.2510373629518204,0.2510464047656858,30.41431947989332,26.69574107557992,0,1
2023-06-11 19:01:00,2023-06-11 19:01:59,0.2527,0.2524,0.2523,0.2527,0.25291536868977343,0.252525,0.2523,0.25291536868977343,True,0.0003934063932952472,-6.398051690105293e-05,0,0.25154723757322234,0.2516347450572079,0.9203935904785112,0.0,0.2510521653105087,0.2510598733749825,22.76774663160459,27.097071767272364,0,1
2023-06-11 19:02:00,2023-06-11 19:02:59,0.2525,0.2527,0.2525,0.2528,0.25272018434488674,0.252625,0.2525,0.2528,True,0.00039387736520273036,-6.680915377109528e-05,0,0.2515909913152151,0.25167472843701133,1.070380752917714,0.0,0.2510678154069216,0.2510761930428931,16.16191755301539,23.11466122150448,0,1
2023-06-11 19:03:00,2023-06-11 19:03:59,0.2528,0.2527,0.2524,0.2529,0.25267259217244337,0.25270000000000004,0.2524,0.2529,True,0.00040145755340253536,-6.888683793054948e-05,0,0.2516328598761132,0.25171324208637963,1.1703721945438446,0.0,0.2510840560496388,0.2510923503260484,8.136486570426124,15.688716918348748,0,1
2023-06-11 19:04:00,2023-06-11 19:04:59,0.2526,0.253,0.2525,0.2531,0.25268629608622173,0.2528,0.2525,0.2531,True,0.00041563915673092493,-4.9701827517357404e-05,0,0.2516730509812464,0.25175102046839426,4.680160960695801,0.0,0.2511011301187966,0.2511113319148439,20.536215565885175,14.94487322977561,0,2
2023-06-11 19:05:00,2023-06-11 19:05:59,0.2529,0.2527,0.2527,0.2531,0.2527431480431109,0.25285,0.2527,0.2531,True,0.00041452207410728824,-5.869291328065412e-05,0,0.25171203572482037,0.2517883038225472,2.8425764842750993,0.0,0.25111853180915683,0.2511271395574823,32.40995080612103,20.36088431414416,0,1
2023-06-11 19:06:00,2023-06-11 19:06:59,0.2527,0.2528,0.2527,0.253,0.2527965740215554,0.2528,0.2527,0.253,True,0.00040634192595676927,-5.797262976089051e-05,0,0.2517501697736838,0.25182459858115097,2.8907433071733806,0.0,0.2511352628359314,0.25114378493501976,37.966979009563936,30.304381793856763,0,1
2023-06-11 19:07:00,2023-06-11 19:07:59,0.2527,0.2532,0.2527,0.2532,0.2527982870107777,0.25295,0.2527,0.2532,True,0.00041303178838842866,-3.0339910210012663e-05,0,0.2517873841774174,0.25186089515040405,7.076831067371302,0.0,0.251153319922141,0.2511642447864126,43.47454218658319,37.95049066742277,0,2
2023-06-11 19:08:00,2023-06-11 19:08:59,0.2532,0.2528,0.2528,0.2533,0.25287414350538884,0.253025,0.2528,0.2533,True,0.0004192438035035409,-4.135573793928902e-05,0,0.25182413966391076,0.2518974586918887,4.602703824782779,0.0,0.2511719436045078,0.25118052095769206,50.0558985832832,43.832473259810165,0,1
2023-06-11 19:09:00,2023-06-11 19:09:59,0.2529,0.2529,0.2526,0.2529,0.2529495717526944,0.25282499999999997,0.2526,0.2529495717526944,True,0.0004107263889675753,-4.2511212562381935e-05,0,0.2518607991778997,0.2519326093450171,4.08623257283859,0.0,0.251188391926851,0.2511976302018941,45.37757624301819,46.302672337628245,0,1
2023-06-11 19:10:00,2023-06-11 19:10:59,0.2529,0.2529,0.2528,0.2529,0.2528872858763472,0.252875,0.2528,0.2529,True,0.000388531646898462,-4.4027525398162345e-05,0,0.25189670426145844,0.2519667495035178,3.741918404875797,0.0,0.2512051740967331,0.25121456920486035,36.28075020596719,43.90474167742291,0,1
2023-06-11 19:11:00,2023-06-11 19:11:59,0.2529,0.2526,0.2526,0.2529,0.2528811429381736,0.25275000000000003,0.2526,0.2529,True,0.00038220795783428776,-6.620859872995927e-05,0,0.2519317268824881,0.2519990022217643,-0.4806454881106035,-0.0,0.25122054549875567,0.25122835458590653,15.096825747086264,32.251717398690595,0,-2
2023-06-11 19:12:00,2023-06-11 19:12:59,0.2527,0.2528,0.2525,0.253,0.25281557146908684,0.25275000000000003,0.2525,0.253,True,0.0003906216751318387,-6.636037743498719e-05,0,0.2519653645521262,0.25202954765707836,-0.29051756705521115,-0.0,0.2512357639515044,0.25124399284873333,8.81046613542741,20.06268069616033,0,-2
2023-06-11 19:13:00,2023-06-11 19:13:59,0.2528,0.2531,0.2528,0.2532,0.25278278573454344,0.252975,0.2528,0.2532,True,0.0003912915554795614,-4.529724191295584e-05,0,0.2519974561046023,0.2520600831016424,3.428605027809354,0.0,0.2512530697828327,0.25126246058158175,12.256796310591449,12.05469606436842,0,-1
2023-06-11 19:14:00,2023-06-11 19:14:59,0.2532,0.253,0.2528,0.2534,0.2528788928672717,0.2531,0.2528,0.2534,True,0.0004061993015167348,-3.8818323453888436e-05,0,0.25202876960312237,0.25209125880772876,4.2949487228455965,0.0,0.2512714471979289,0.2512797495310187,40.830221896190416,20.63249478073647,0,-1
2023-06-11 19:15:00,2023-06-11 19:15:59,0.2531,0.2531,0.2529,0.2531,0.25298944643363586,0.25305,0.2529,0.2531,True,0.00039147077997982356,-2.828177542927603e-05,0,0.25206001420542556,0.25212238164454304,6.149122638291622,0.0,0.25128914424073556,0.2512978614759837,63.118004204895804,38.73500747055927,0,-1
2023-06-11 19:16:00,2023-06-11 19:16:59,0.253,0.253,0.2529,0.253,0.2530197232168179,0.252975,0.2529,0.2530197232168179,True,0.0003777942956955489,-2.9263026567545494e-05,0,0.2520911979249843,0.25215273474148914,5.4972183419885,0.0,0.25130591892490733,0.25131479817771524,63.76307262678196,55.90376624262277,0,-2
2023-06-11 19:17:00,2023-06-11 19:17:59,0.253,0.2534,0.253,0.2535,0.25299736160840897,0.253225,0.253,0.2535,True,0.0003865232745744383,-3.313340621172666e-06,0,0.25212196633323675,0.25218398882816545,9.831669131183254,0.0,0.25132501425898784,0.2513355464545539,67.39024999442398,64.75710894203397,0,2
2023-06-11 19:18:00,2023-06-11 19:18:59,0.2533,0.2536,0.2533,0.2536,0.25311118080420447,0.25345,0.2533,0.2536,True,0.0003803430406762618,2.5174056447842697e-05,0,0.2521529775807011,0.25221728157340007,14.378446057454212,0.0,0.25134615839571434,0.251358078330628,78.43580101905194,69.86304121341935,0,2
2023-06-11 19:19:00,2023-06-11 19:19:59,0.2536,0.2536,0.2534,0.2537,0.25328059040210227,0.253575,0.2534,0.2537,True,0.00037460425205652643,4.0267749237205344e-05,0,0.2521851295770506,0.2522528085781498,17.409630674968184,0.0,0.25136833592411517,0.2513803860089302,98.86726961990776,81.56444021112794,0,2
2023-06-11 19:20:00,2023-06-11 19:20:59,0.2536,0.2537,0.2536,0.2537,0.25342779520105113,0.25365,0.2536,0.2537,True,0.0003549896626239166,5.2815725788719924e-05,0,0.25221896907760016,0.25229036545785394,20.332721673408372,20.332721673408372,0.25139103904924837,0.25140346674515973,100.00000000000011,92.43435687965332,0,2
2023-06-11 19:21:00,2023-06-11 19:21:59,0.2537,0.2536,0.2536,0.2539,0.25353889760052556,0.2537,0.2536,0.2539,True,0.00035106182957935275,4.9353924852703075e-05,0,0.25225466726772705,0.2523296058454231,19.511338986216515,19.511338986216515,0.2514140137850767,0.2514253227974467,100.00000000000011,99.62242320663604,0,2
2023-06-11 19:22:00,2023-06-11 19:22:59,0.2536,0.2536,0.2535,0.2538,0.25361944880026277,0.253625,0.2535,0.2538,True,0.000347414556037972,4.247330549350095e-05,0,0.25229213655657506,0.25236938786002433,18.96375052808861,18.96375052808861,0.2514360136479118,0.2514469613765766,93.97503799694613,97.99167933231551,0,1
2023-06-11 19:23:00,2023-06-11 19:23:59,0.2535,0.2537,0.2535,0.2538,0.2536222244001314,0.253625,0.2535,0.2538,True,0.00034402780203526134,4.047903981802643e-05,0,0.2523307622082997,0.2524093233544701,20.052770533090197,20.052770533090197,0.25145779460663903,0.25146937967133703,87.95007599389214,93.97503799694618,0,2
2023-06-11 19:24:00,2023-06-11 19:24:59,0.2536,0.2538,0.2535,0.254,0.2536236122000657,0.25372500000000003,0.2535,0.254,True,0.000355168673318457,4.1667401612027386e-05,0,0.25237004278138486,0.25244979179106136,22.07552877055096,22.07552877055096,0.2514803538642844,0.25149256992336355,85.51626531383083,89.14712643488976,0,2
2023-06-11 19:25:00,2023-06-11 19:25:59,0.2537,0.2537,0.2534,0.2539,0.25367430610003283,0.253675,0.2534,0.2539,True,0.0003655137680814244,3.107776034799476e-05,0,0.2524099172862231,0.2524900591070668,19.77234722549784,19.77234722549784,0.25150219113926664,0.25151453440173804,84.66170218930866,86.04268116567727,0,1
2023-06-11 19:26:00,2023-06-11 19:26:59,0.2535,0.2537,0.2535,0.2538,0.2536746530500164,0.253625,0.2535,0.2538,True,0.0003608342132184671,2.015513649360277e-05,0,0.2524499881966449,0.2525295487496366,18.236892862129096,18.236892862129096,0.25152331361549285,0.2515362803280889,76.22384850346019,82.13393866886662,0,1
2023-06-11 19:27:00,2023-06-11 19:27:59,0.2536,0.254,0.2536,0.254,0.2536498265250082,0.2538,0.2536,0.254,True,0.00036363176941714887,3.0046154947383527e-05,0,0.2524897684731407,0.25256935586960405,21.66469761413343,21.66469761413343,0.2515459672113586,0.25156079495169,73.22232802402628,78.0359595722651,0,2
2023-06-11 19:28:00,2023-06-11 19:28:59,0.254,0.2539,0.2538,0.254,0.2537249132625041,0.253925,0.2538,0.254,True,0.0003519437858873509,2.547211738742884e-05,0,0.25252956217137235,0.25260999745551593,20.469905441816522,20.469905441816522,0.2515696391794048,0.2515840706238125,80.10185315160243,76.5160098930297,0,1
2023-06-11 19:29:00,2023-06-11 19:29:59,0.2539,0.2539,0.2538,0.2539,0.25382495663125204,0.253875,0.2538,0.2539,True,0.0003339478011811108,1.8566898985181623e-05,0,0.25256977981344414,0.25265067412466086,19.673377326938578,19.673377326938578,0.25159257809304253,0.25160711469720737,88.73659825668226,80.68692647743705,0,1
2023-06-11 19:30:00,2023-06-11 19:30:59,0.254,0.254,0.2537,0.254,0.25384997831562606,0.253925,0.2537,0.254,True,0.0003315229582396045,1.7291360572329435e-05,0,0.2526102269690525,0.2526914423830466,20.852129132917227,20.852129132917227,0.2516157862712212,0.25163092450121527,88.40272360605002,85.74705833811163,0,1
2023-06-11 19:31:00,2023-06-11 19:31:59,0.254,0.254,0.2535,0.254,0.253887489157813,0.253875,0.2535,0.254,True,0.00034355703265106136,1.2827478031422475e-05,0,0.25265083467604954,0.25273165998350433,21.63796367023633,21.63796367023633,0.25163826600981604,0.25165449739175044,66.5379317460966,81.22575120294302,0,1
2023-06-11 19:32:00,2023-06-11 19:32:59,0.254,0.2542,0.254,0.2545,0.2538812445789065,0.254175,0.254,0.2545,True,0.0003547315303188427,2.019599551855353e-05,0,0.25269124732977694,0.2527732264306331,24.98716015094716,24.98716015094716,0.2516635071440467,0.25167982577591214,72.36600232991923,75.768885894022,0,2
2023-06-11 19:33:00,2023-06-11 19:33:59,0.2542,0.2543,0.2542,0.2544,0.25402812228945326,0.254275,0.2542,0.2544,True,0.0003436792781532135,2.7993574531667766e-05,0,0.252732236880205,0.2528162557505466,28.193933118709197,28.193933118709197,0.25168949214758857,0.25170589716122643,78.13520814004667,72.34638073868756,0,2
2023-06-11 19:34:00,2023-06-11 19:34:59,0.2543,0.2538,0.2537,0.2543,0.2541515611447266,0.254025,0.2537,0.2543,True,0.0003619879011422729,-5.470101366384999e-06,0,0.2527742463153758,0.25285842630773037,16.538512198802024,0.0,0.25171273103169217,0.25172673400539336,66.66666666666674,72.38929237887761,0,1
2023-06-11 19:35:00,2023-06-11 19:35:59,0.2538,0.2536,0.2534,0.2539,0.2540882805723633,0.25367500000000004,0.2534,0.2540882805723633,True,0.00037184590820353916,-4.352763156038371e-05,0,0.2528163363115531,0.2528972300478957,6.02867937276573,0.0,0.25173225609605343,0.2517453734680263,33.33333333333341,59.378402713349004,0,1
2023-06-11 19:36:00,2023-06-11 19:36:59,0.2535,0.2536,0.2535,0.2537,0.25388164028618165,0.253575,0.2535,0.25388164028618165,True,0.0003595712004747133,-6.906117251242604e-05,0,0.25285678317972443,0.25293243072807464,-0.9778758445918001,-0.0,0.2517505918562917,0.2517638274633693,7.579122514774402e-14,33.33333333333347,0,-2
2023-06-11 19:37:00,2023-06-11 19:37:59,0.2535,0.2537,0.2535,0.2537,0.2537283201430908,0.2536,0.2535,0.2537283201430908,True,0.0003481732575836608,-7.838127136076901e-05,0,0.25289460695389954,0.25296472470627335,-3.040448007430598,-3.040448007430598,0.2517689939273734,0.2517830928617437,0.892325475697949,11.408552936343874,0,-2
2023-06-11 19:38:00,2023-06-11 19:38:59,0.2536,0.2538,0.2535,0.2538,0.2536641600715454,0.25367500000000004,0.2535,0.2538,True,0.00034473231061340093,-7.667246071892911e-05,0,0.25292966583008647,0.25299502322628725,-2.0098252076743037,-0.0,0.2517879591619269,0.25180316158948757,4.502240307632706,1.7981885944436404,0,-2
2023-06-11 19:39:00,2023-06-11 19:39:59,0.2537,0.2536,0.2536,0.2539,0.2536695800357727,0.2537,0.2536,0.2539,True,0.0003415371455695882,-8.835609362615814e-05,0,0.2529623445281869,0.25302371435455695,-5.202341516912277,-5.202341516912277,0.2518069844438978,0.2518210405786469,9.030547275948592,4.808371019759813,0,-2
2023-06-11 19:40:00,2023-06-11 19:40:59,0.2537,0.2539,0.2536,0.2539,0.25368479001788635,0.25377500000000003,0.2536,0.2539,True,0.0003385702066003335,-7.37438108547523e-05,0,0.2529930294413719,0.2530514577001102,-1.2733040214278475,-0.0,0.25182656668823716,0.25184172674204347,15.44862667298039,9.66047141885396,0,-1
2023-06-11 19:41:00,2023-06-11 19:41:59,0.2538,0.2538,0.2538,0.2539,0.25372989500894316,0.253825,0.2538,0.2539,True,0.00032152947755745173,-7.009464866564711e-05,0,0.2530222435707411,0.2530786075539842,-0.6450831403898647,-0.0,0.2518464515968119,0.2518612120480928,20.98852764008546,15.155900529671547,0,-2
2023-06-11 19:42:00,2023-06-11 19:42:59,0.2538,0.2537,0.2536,0.2539,0.2537774475044716,0.25375000000000003,0.2536,0.2539,True,0.00031999165773192106,-7.358287923100879e-05,0,0.2530504255623626,0.2531045892910549,-2.123109531428277,-0.0,0.2518653923769431,0.25187950844562423,21.896376056780014,19.44451012328202,0,-2
2023-06-11 19:43:00,2023-06-11 19:43:59,0.2536,0.2538,0.2536,0.2539,0.2537637237522358,0.25372500000000003,0.2536,0.2539,True,0.0003185636821796426,-6.769461724285175e-05,0,0.25307750742670876,0.25312930157261787,-0.9258057586385888,-0.0,0.25188389593538146,0.2518986178143245,18.779212738175282,20.554705478346985,0,-2
2023-06-11 19:44:00,2023-06-11 19:44:59,0.2539,0.2538,0.2538,0.254,0.25374436187611793,0.253875,0.2538,0.254,True,0.00031009484773823797,-6.27551577628874e-05,0,0.2531034044996633,0.2531538740099197,-0.12760324344546348,-0.0,0.25190370791612393,0.2519175370400526,19.905943313212376,20.193844036055953,0,-2
2023-06-11 19:45:00,2023-06-11 19:45:59,0.2537,0.2538,0.2537,0.2539,0.253809680938059,0.25377500000000003,0.2537,0.2539,True,0.00030223093004265195,-5.8548442399078535e-05,0,0.25312863925479145,0.25317748164745285,0.4045317666832844,0.0,0.25192232773785406,0.2519362680147784,19.600043840677234,19.428399964021693,0,-2
2023-06-11 19:46:00,2023-06-11 19:46:59,0.2538,0.2537,0.2535,0.2538,0.25379234046902954,0.25370000000000004,0.2535,0.2538,True,0.0003020715778967498,-6.176589503550163e-05,0,0.2531530604511221,0.2531996531380839,-2.1644849367219194,-0.0,0.25194001601906946,0.25195381758677066,16.87276386346721,18.792917005785668,0,-2
2023-06-11 19:47:00,2023-06-11 19:47:59,0.2538,0.254,0.2538,0.2541,0.2537461702345148,0.253925,0.2538,0.2541,True,0.0003090664651898399,-4.210942879116436e-05,0,0.253176356794603,0.2532220855594344,3.3856279619288685,0.0,0.2519597671034568,0.2519741776107829,25.091979288905236,20.521595664349956,0,-1
2023-06-11 19:48:00,2023-06-11 19:48:59,0.2541,0.2539,0.2538,0.2543,0.2538355851172574,0.254025,0.2538,0.2543,True,0.0003227045748191371,-3.590663032831682e-05,0,0.25319922117701865,0.25324525560945516,4.248003198923264,0.0,0.2519803166845169,0.2519933400226159,53.29505670976328,31.75326662071197,0,-1
2023-06-11 19:49:00,2023-06-11 19:49:59,0.2539,0.2543,0.2538,0.2543,0.2539302925586287,0.254075,0.2538,0.2543,True,0.00033536853376062734,-4.336195569718589e-06,0,0.2532222383932369,0.25326919048170515,10.515379187111257,0.0,0.2520011593045715,0.2520162918631869,85.1624284661817,54.51648815495013,0,-1
2023-06-11 19:50:00,2023-06-11 19:50:59,0.2542,0.2541,0.2539,0.2542,0.25400264627931435,0.2541,0.2539,0.2542,True,0.00033998506706344047,1.081966883289062e-06,0,0.253245714437471,0.2532937348117839,10.096540315148687,0.0,0.2520220432915907,0.25203702527748356,100.00000000000007,79.48582839198174,0,-1
2023-06-11 19:51:00,2023-06-11 19:51:59,0.2542,0.2542,0.2541,0.2543,0.25405132313965717,0.2542,0.2541,0.2543,True,0.0003299861337017685,9.91828236916487e-06,0,0.25326972462462743,0.25331927667843745,11.199110190242656,0.0,0.2520437145026197,0.252058547414026,100.00000000000007,95.05414282206067,0,-1
2023-06-11 19:52:00,2023-06-11 19:52:59,0.2541,0.2543,0.2541,0.2543,0.2541256615698286,0.2542,0.2541,0.2543,True,0.0003207014098659303,2.0551612782058413e-05,0,0.2532945006515324,0.25334542866828347,13.261524696402894,13.261524696402894,0.2520651700797081,0.2520808504248317,100.00000000000004,100.00000000000011,0,-1
2023-06-11 19:53:00,2023-06-11 19:53:59,0.2542,0.2541,0.2541,0.2544,0.2541628307849143,0.2542,0.2541,0.2544,True,0.0003192227377326512,1.1264371296107527e-05,0,0.2533199646599079,0.25337188158194757,9.985144994238233,0.0,0.2520864121684672,0.25210094146538065,100.0,100.0000000000001,0,-2
2023-06-11 19:54:00,2023-06-11 19:54:59,0.2541,0.254,0.2538,0.2541,0.25418141539245714,0.254,0.2538,0.25418141539245714,True,0.00031784968503745947,-3.646399499819211e-06,0,0.25334592312092774,0.2533970177072375,5.832554322761908,0.0,0.25210545284340785,0.25211983757020273,76.72847015721622,92.24282338573882,0,-2
2023-06-11 19:55:00,2023-06-11 19:55:59,0.2539,0.2539,0.2539,0.254,0.25409070769622855,0.253925,0.2539,0.25409070769622855,True,0.0003022889932490687,-2.1517537659644106e-05,0,0.25337147041408264,0.25342043007546927,1.2091892707439058,0.0,0.2521235577902396,0.2521375506292057,45.94993273020461,74.226134295807,0,-2
2023-06-11 19:56:00,2023-06-11 19:56:59,0.2539,0.2535,0.2533,0.2539,0.2540078538481143,0.25365000000000004,0.2533,0.2540078538481143,True,0.00032355406515984875,-6.103656420973171e-05,0,0.25339595024477596,0.2534404378914496,-6.905828713826395,-6.905828713826395,0.2521387462699387,0.25215110733936286,12.616599396871308,45.098334094764105,0,-2
2023-06-11 19:57:00,2023-06-11 19:57:59,0.2536,0.2532,0.253,0.2537,0.2538289269240572,0.25337499999999996,0.253,0.2538289269240572,True,0.00035044306050557226,-0.00010582049526302895,0,0.2534181940681128,0.2534557412121514,-14.506280706894373,-14.506280706894373,0.2521510473020786,0.2521615440822548,2.5547959063217456,20.37377601113261,0,-2
2023-06-11 19:58:00,2023-06-11 19:58:59,0.2533,0.2533,0.2531,0.2535,0.25360196346202857,0.2533,0.2531,0.25360196346202857,True,0.0003539828418980322,-0.00012439630155558287,0,0.2534369676401321,0.2534667210738213,-17.20528614825343,-17.20528614825343,0.25216247966723204,0.2521728720018343,6.365278674517565e-14,5.057131767731096,-1,-2
2023-06-11 19:59:00,2023-06-11 19:59:59,0.2533,0.2532,0.253,0.2534,0.2534509817310143,0.253225,0.253,0.2534509817310143,True,0.0003572697817624593,-0.00013870492681977546,0,0.2534518443569767,0.25347370713250256,-19.8869489379885,-19.8869489379885,0.25217305200885165,0.25218309218092055,6.365278674517565e-14,0.8515986354406805,0,-2
2023-06-11 20:00:00,2023-06-11 20:00:59,0.2532,0.2529,0.2525,0.2534,0.2533379908655071,0.253,0.2525,0.2534,True,0.0003960362259222845,-0.00016310008953896875,-1,0.25346277574473963,0.2534759571709326,-23.803704754739744,-23.803704754739744,0.25218128034707205,0.2521902255920557,6.365278674517565e-14,1.198054001684391e-13,0,-2
2023-06-11 20:01:00,2023-06-11 20:01:59,0.2529,0.2525,0.2525,0.2529,0.25316899543275356,0.25270000000000004,0.2525,0.25316899543275356,True,0.00039631935264212217,-0.0001995120714710275,0,0.2534693664578361,0.25347240475061633,-28.20362294618615,-28.20362294618615,0.25218644173665344,0.25219330792447303,6.365278674517565e-14,1.198054001684391e-13,0,-2
2023-06-11 20:02:00,2023-06-11 20:02:59,0.2526,0.2527,0.2526,0.2528,0.25293449771637677,0.252675,0.2526,0.25293449771637677,True,0.0003894393988819722,-0.00020058988007029392,0,0.2534708856042262,0.2534641368605175,-26.810423677476482,-26.810423677476482,0.25219130301290565,0.2521983496366673,6.365278674517565e-14,1.198054001684391e-13,0,-2
2023-06-11 20:03:00,2023-06-11 20:03:59,0.2528,0.2531,0.2528,0.2531,0.2528047488581884,0.25295,0.2528,0.2531,True,0.00039019372753326074,-0.00016473289314904318,0,0.2534675112323719,0.2534540999668684,-19.376289511576676,-19.376289511576676,0.25219885223665783,0.2522073212820736,8.65796575602705,2.885988585342448,0,-1
2023-06-11 20:04:00,2023-06-11 20:04:59,0.2531,0.254,0.2531,0.2546,0.2528773744290942,0.2537,0.2531,0.2546,True,0.0004694656041380279,-7.205166985401316e-05,0,0.25346080559962014,0.25344788498564647,-6.864788404832588,-6.864788404832588,0.25221378903032293,0.25222515888125696,32.57964115734518,13.745868971124153,0,-1
2023-06-11 20:05:00,2023-06-11 20:05:59,0.2539,0.2538,0.2538,0.2541,0.2532886872145471,0.2539,0.2538,0.2541,True,0.0004573609181281664,-2.210397205567917e-05,0,0.2534543452926333,0.2534460938770299,-0.7916362715632133,-0.0,0.2522305672489267,0.25224082894213995,59.33486357499688,33.52415682945642,0,-1
2023-06-11 20:06:00,2023-06-11 20:06:59,0.2538,0.2539,0.2537,0.254,0.25359434360727356,0.25385,0.2537,0.254,True,0.00044612085254758466,1.8580160331873227e-05,0,0.25345021958483155,0.2534474549501634,3.985049991701942,0.0,0.2522466810076438,0.25225733810689477,76.49933359121174,56.13794610785132,0,-1
2023-06-11 20:07:00,2023-06-11 20:07:59,0.254,0.254,0.2539,0.2541,0.25372217180363676,0.254,0.2539,0.2541,True,0.00042854079165132705,5.141814463180664e-05,0,0.25344883726749745,0.25345231757926745,7.941314299622654,0.0,0.25226412696776673,0.25227467802622916,85.91099152322693,73.91506289647857,0,-1
2023-06-11 20:08:00,2023-06-11 20:08:59,0.254,0.254,0.2539,0.2542,0.2538610859018184,0.254025,0.2539,0.2542,True,0.00041935930653337275,7.076790467775081e-05,0,0.25345057742338245,0.25346007517179175,10.578823838236453,10.578823838236453,0.25228164809246556,0.25229184540905275,92.48910243890856,84.96647585111579,1,-1
2023-06-11 20:09:00,2023-06-11 20:09:59,0.2539,0.2539,0.2539,0.2542,0.2539430429509092,0.253975,0.2539,0.2542,True,0.00041083364178098663,7.355566780855749e-05,0,0.2534553262975871,0.25346971571086807,10.498021951052976,10.498021951052976,0.25229849736517734,0.25230784694727115,98.71600895918256,92.37203430710606,0,-1
2023-06-11 20:10:00,2023-06-11 20:10:59,0.254,0.2541,0.2539,0.2541,0.25395902147545457,0.254025,0.2539,0.2541,True,0.00039577409593948606,8.596176574375524e-05,0,0.2534625210042276,0.2534811156158296,12.657583397722512,12.657583397722512,0.2523156764958721,0.252325679315955,98.37952530292034,96.52821223367054,0,-1
2023-06-11 20:11:00,2023-06-11 20:11:59,0.2541,0.2539,0.2538,0.2541,0.25399201073772726,0.253975,0.2538,0.2541,True,0.00038893308908666323,7.646048592156978e-05,0,0.25347181831002863,0.25349347941328076,10.362446360548198,10.362446360548198,0.2523321871775052,0.25234134419838333,96.63699734209307,97.91084386806538,0,-1
2023-06-11 20:12:00,2023-06-11 20:12:59,0.254,0.2541,0.254,0.2542,0.2539835053688636,0.254075,0.254,0.2542,True,0.00038258072558047064,8.052574180105387e-05,0,0.25348264886165467,0.2535072033676152,11.297109886349197,11.297109886349197,0.2523495285986246,0.252358843261086,97.92098838291055,97.64583700930804,0,-1
2023-06-11 20:13:00,2023-06-11 20:13:59,0.2541,0.254,0.2537,0.2541,0.25402925268443177,0.253975,0.2537,0.2541,True,0.0003838249594675807,7.247675745087161e-05,0,0.2534949261146349,0.253521217915761,10.000665877721303,10.000665877721303,0.2523657024434144,0.25237517317888614,95.32712120802705,96.62836897767694,0,2
2023-06-11 20:14:00,2023-06-11 20:14:59,0.254,0.2538,0.2538,0.254,0.25400212634221586,0.2539,0.2538,0.25400212634221586,True,0.00037069460521989473,4.998145666195469e-05,0,0.253508072015198,0.2535348505159941,5.701079426889308,0.0,0.25238096908576846,0.25238935056019074,91.99318772020456,95.08043243704743,0,-2
2023-06-11 20:15:00,2023-06-11 20:15:59,0.2539,0.2541,0.2538,0.2541,0.25395106317110794,0.253975,0.2538,0.2541,True,0.0003656449905613284,5.336027506527751e-05,0,0.25352146126559605,0.2535486034515739,7.140950815642775,0.0,0.25239683008989017,0.25240637194765153,88.70014205995444,92.00681699606207,0,-1
2023-06-11 20:16:00,2023-06-11 20:16:59,0.2541,0.2542,0.254,0.2542,0.253963031585554,0.254125,0.254,0.2542,True,0.000353813205521232,5.9514397009840353e-05,0,0.253535032358585,0.2535633859277743,9.28684339989914,9.28684339989914,0.2524140258103888,0.25242421899294853,91.63049289110018,90.77460755708644,0,2
2023-06-11 20:17:00,2023-06-11 20:17:59,0.2542,0.2541,0.2541,0.2542,0.254044015792777,0.25415,0.2541,0.2542,True,0.0003356836908411432,5.337507805943829e-05,0,0.25354920914317963,0.2535790490716248,8.672560572889822,8.672560572889822,0.2524312991854098,0.25244089343082965,96.70695433974997,92.34586309693492,0,2
2023-06-11 20:18:00,2023-06-11 20:18:59,0.2541,0.2544,0.254,0.2544,0.2540970078963885,0.254225,0.254,0.2544,True,0.0003402777129239195,6.690474457624294e-05,1,0.2535641291074022,0.2535958126852456,11.920130644917137,11.920130644917137,0.2524491469547092,0.25246038702853285,100.00000000000007,96.11248241028346,0,2
2023-06-11 20:19:00,2023-06-11 20:19:59,0.2544,0.2544,0.2543,0.2546,0.25416100394819424,0.254425,0.2543,0.2546,True,0.00033740073342935145,7.186289708689591e-05,0,0.25357997089632395,0.2536146999029316,14.085177359602014,14.085177359602014,0.2524688071840156,0.25247968666008974,100.00000000000007,98.90231811325009,0,2
2023-06-11 20:20:00,2023-06-11 20:20:59,0.2545,0.2546,0.2544,0.2547,0.2542930019740971,0.25455,0.2544,0.2547,True,0.0003347292524701097,8.46536510055722e-05,0,0.2535973353996278,0.25363598709556656,17.617281867750364,17.617281867750364,0.2524895155702443,0.25250078430526296,100.00000000000007,100.00000000000011,0,2
2023-06-11 20:21:00,2023-06-11 20:21:59,0.2546,0.2549,0.2545,0.2551,0.2544215009870485,0.254775,0.2545,0.2551,True,0.00035367716300795826,0.00010865307557539285,0,0.2536166612475972,0.25366056149185673,22.19278565866024,22.19278565866024,0.2525122567088488,0.2525246570982454,100.00000000000007,100.00000000000011,0,2
2023-06-11 20:22:00,2023-06-11 20:22:59,0.2549,0.2549,0.2546,0.2549,0.25459825049352425,0.25482499999999997,0.2546,0.2549,True,0.0003498430799359628,0.00011807290231113888,0,0.25363861136972693,0.2536878983733829,25.243121519266822,25.243121519266822,0.25253526907990503,0.2525482923509992,100.00000000000007,100.00000000000011,0,2
2023-06-11 20:23:00,2023-06-11 20:23:59,0.2548,0.2548,0.2545,0.2548,0.2547116252467621,0.254725,0.2545,0.2548,True,0.00035342571708339487,0.0001105937267940501,0,0.2536632548715549,0.2537165365125372,24.235976990130084,24.235976990130084,0.25255705744726914,0.25257069740223304,92.62832741490656,97.54277580496894,0,2
2023-06-11 20:24:00,2023-06-11 20:24:59,0.2548,0.2551,0.2546,0.2551,0.25471831262338107,0.2549,0.2546,0.2551,True,0.0003638953087202953,0.00011977263896313569,0,0.25368989569204603,0.25374720333898954,26.227597267579696,26.227597267579696,0.25258037030849034,0.2525958645922606,90.42908627257002,94.35247122915894,0,2
2023-06-11 20:25:00,2023-06-11 20:25:59,0.255,0.2547,0.2547,0.2552,0.25480915631169054,0.2549,0.2547,0.2552,True,0.00037361707238313136,9.111385317327403e-05,0,0.25371854951551776,0.2537792569581759,19.129290635990486,19.129290635990486,0.2526034512009432,0.25261680126298436,88.22984513023346,90.42908627257007,0,1
2023-06-11 20:26:00,2023-06-11 20:26:59,0.2548,0.2547,0.2546,0.2549,0.2548545781558453,0.25475000000000003,0.2546,0.2549,True,0.0003683587100700522,6.655837246797474e-05,0,0.2537489032368468,0.2538111533275993,14.397086214931008,14.397086214931008,0.25262480989546116,0.2526375296086263,82.27543559354518,86.97812233211629,0,1
2023-06-11 20:27:00,2023-06-11 20:27:59,0.2547,0.2546,0.2543,0.2547,0.2548022890779227,0.254575,0.2543,0.2548022890779227,True,0.00037061880220790245,3.879248549399386e-05,0,0.253780028282223,0.25384150636405717,9.37653672502077,9.37653672502077,0.25264421477212323,0.2526570566771972,59.71289964273429,76.73939345550437,0,1
2023-06-11 20:28:00,2023-06-11 20:28:59,0.2547,0.2553,0.2547,0.2553,0.25468864453896134,0.255,0.2547,0.2553,True,0.0003941460306216261,6.499141243657044e-05,0,0.25381076732314006,0.25387335202148076,13.817956088740011,13.817956088740011,0.2526676554211568,0.2526833546207077,50.578702848224964,64.18901269483487,0,2
2023-06-11 20:29:00,2023-06-11 20:29:59,0.2553,0.2555,0.2552,0.2555,0.25484432226948067,0.255375,0.2552,0.2555,True,0.0003874213141486544,9.051214249355879e-05,0,0.2538420596723104,0.25390872723361024,18.021290375353388,18.021290375353388,0.2526945941731851,0.2527113809428897,62.469209677232136,57.586937389397185,0,2
2023-06-11 20:30:00,2023-06-11 20:30:59,0.2555,0.2554,0.2553,0.2555,0.2551096611347403,0.255425,0.2553,0.2555,True,0.0003740340774237489,9.372936530849192e-05,0,0.2538753934529603,0.2539469816305793,18.894583558805834,18.894583558805834,0.25272176239036737,0.2527381333713187,87.2309867703796,66.7596330986123,0,2
2023-06-11 20:31:00,2023-06-11 20:31:59,0.2554,0.2544,0.2544,0.2554,0.25526733056737017,0.2549,0.2544,0.2554,True,0.0004187459290363383,2.0514927942904605e-05,0,0.2539111875417698,0.25398363830585635,8.267149842076776,0.0,0.2527434363964334,0.2527546693576737,65.23109137389214,71.64376260716801,0,1
2023-06-11 20:32:00,2023-06-11 20:32:59,0.2544,0.254,0.254,0.2544,0.2550836652836851,0.2542,0.254,0.2550836652836851,True,0.0004174069341051721,-5.771837527063044e-05,0,0.25394741292381307,0.2540139828354082,-1.112598942796069,-0.0,0.25275792956661813,0.2527670607073486,33.333333333333414,61.93180382586845,0,1
2023-06-11 20:33:00,2023-06-11 20:33:59,0.254,0.2541,0.2538,0.2541,0.25464183264184254,0.254,0.2538,0.25464183264184254,True,0.0004090207245262289,-0.00010130406487131999,0,0.25398069787961064,0.2540377773598039,-6.134813982029158,-6.134813982029158,0.25277028847640304,0.2527803237848874,8.052817671947803e-14,32.85480823574194,0,-2
2023-06-11 20:34:00,2023-06-11 20:34:59,0.2541,0.2542,0.254,0.2543,0.25432091632092124,0.25415,0.254,0.25432091632092124,True,0.00040123352991721414,-0.00012036670872578862,0,0.25400923761970723,0.2540572809228543,-8.167325535671075,-8.167325535671075,0.25278401694927466,0.25279444991638106,3.083828550906546,12.13905396141341,0,-2
2023-06-11 20:35:00,2023-06-11 20:35:59,0.2542,0.2542,0.254,0.2543,0.2542354581604606,0.254175,0.254,0.2543,True,0.00039400256349455756,-0.00012937920477580796,0,0.25403325927128073,0.25407344389326375,-9.522333238099023,-9.522333238099023,0.2527978575766451,0.2528084354893524,6.688336482196296,3.2573883443677034,0,-2
2023-06-11 20:36:00,2023-06-11 20:36:59,0.2542,0.2542,0.254,0.2542,0.2542052290802303,0.25415,0.254,0.2542052290802303,True,0.000380145237530659,-0.00013127809857810388,0,0.2540533515822722,0.2540866943698416,-10.425671706384321,-10.425671706384321,0.2528113117301113,0.25282228190239364,9.834658807650486,6.535607946917839,0,-2
2023-06-11 20:37:00,2023-06-11 20:37:59,0.2541,0.2535,0.2535,0.2541,0.2541776145401151,0.2538,0.2535,0.2541776145401151,True,0.0004029920062784675,-0.00017627824271797648,-1,0.2540700229760569,0.25409515953497,-16.303751094730096,-16.303751094730096,0.25282114942433903,0.2528290253660514,6.750830256744021,7.757941848863664,-1,-2
2023-06-11 20:38:00,2023-06-11 20:38:59,0.2536,0.2536,0.2532,0.2537,0.25398880727005757,0.253525,0.2532,0.25398880727005757,True,0.0004099211486871484,-0.00019197930592253248,0,0.25408259125551347,0.2540979123182532,-18.47844318447894,-18.47844318447894,0.2528281529126541,0.2528366967554439,3.146322325454271,6.577270463282989,0,-2
2023-06-11 20:39:00,2023-06-11 20:39:59,0.2536,0.2539,0.2536,0.2539,0.2537569036350288,0.25375000000000003,0.2536,0.2539,True,0.0004020696380666394,-0.00017400494938107935,0,0.2540902517868833,0.25409769255539544,-15.209237737854423,-15.209237737854423,0.2528373255204884,0.2528472768872305,4.412375888991932,4.769842823730138,0,-2
2023-06-11 20:40:00,2023-06-11 20:40:59,0.2539,0.2539,0.2537,0.2542,0.2537534518175144,0.253925,0.2537,0.2542,True,0.00040906466391902235,-0.00015535275387814647,0,0.2540939721711394,0.25409633467996956,-13.029767440104742,-13.029767440104742,0.2528481481521253,0.252857751744074,12.01957606914892,6.526091427865104,0,-1
2023-06-11 20:41:00,2023-06-11 20:41:59,0.254,0.254,0.2539,0.254,0.2538392259087572,0.253975,0.2539,0.254,True,0.0003869886164962343,-0.00012998898024247488,0,0.2540951534255545,0.2540944331301576,-9.907719823415036,-9.907719823415036,0.2528593606083231,0.2528691173983618,20.531849734743382,12.321267230961475,0,-1
2023-06-11 20:42:00,2023-06-11 20:42:59,0.254,0.2543,0.254,0.2543,0.2539071129543786,0.25415,0.254,0.2543,True,0.000380775143889362,-8.749823494014752e-05,0,0.25409479327785606,0.2540933172744384,-3.622193218755413,-3.622193218755413,0.25287220279132483,0.2528833550361891,27.759563392608175,20.103663065500225,0,-1
2023-06-11 20:43:00,2023-06-11 20:43:59,0.2542,0.2541,0.2541,0.2543,0.2540285564771893,0.254175,0.2541,0.2543,True,0.00036786263361155276,-6.998498593318461e-05,0,0.25409405527614726,0.2540929991837474,-2.5416961065664836,-0.0,0.25288516594763005,0.252895460956227,32.2375387842916,26.842983970547788,0,-1
2023-06-11 20:44:00,2023-06-11 20:44:59,0.2541,0.2542,0.2541,0.2542,0.25410177823859464,0.25415,0.2541,0.2542,True,0.00034872958835358394,-4.87210722644739e-05,0,0.2540935272299473,0.2540931398349272,-0.36495987954438647,-0.0,0.25289775136108644,0.25290844144422475,43.14988462864708,34.38232893518235,0,-1
2023-06-11 20:45:00,2023-06-11 20:45:59,0.2542,0.2542,0.2539,0.2542,0.25412588911929734,0.254125,0.2539,0.2542,True,0.0003452489034711827,-3.276454365306336e-05,0,0.25409333353243724,0.25409346916520476,1.0861976051370164,0.0,0.25290996279032935,0.25292129277313796,62.2493974459098,45.8789402862829,0,-1
2023-06-11 20:46:00,2023-06-11 20:46:59,0.2541,0.2538,0.2538,0.2541,0.2541254445596487,0.25395,0.2538,0.2541254445596487,True,0.0003491596960803808,-4.833089581850922e-05,0,0.254093401348821,0.2540927440982006,-3.9413278305083708,-3.9413278305083708,0.2529203114192813,0.25293003612862913,71.76904916985517,59.05611041480409,0,-2
2023-06-11 20:47:00,2023-06-11 20:47:59,0.2537,0.2536,0.2535,0.2537,0.25365,0.253625,0.2535,0.2537,True,0.0003456482892174981,-6.97856646488973e-05,0,0.25409307272351084,0.2540889640259061,-9.292167795325554,-9.292167795325554,0.2529273232459551,0.25293670243580696,59.411876746857274,64.47677445420749,0,-2
2023-06-11 20:48:00,2023-06-11 20:48:59,0.2535,0.2534,0.2532,0.2535,0.25363749999999996,0.2534,0.2532,0.25363749999999996,True,0.00034953055427339186,-9.397026399661469e-05,0,0.2540910183747085,0.25408126092249816,-14.52567717442691,-14.52567717442691,0.25293202649723917,0.2529413123618188,28.672274382737914,53.28440009981686,0,-2
2023-06-11 20:49:00,2023-06-11 20:49:59,0.2533,0.2531,0.2531,0.2533,0.25351875,0.2532,0.2531,0.25351875,True,0.0003459926575395798,-0.00012553766520354532,0,0.2540861396486034,0.254069149827894,-19.937677947184973,-19.937677947184973,0.2529346929002517,0.2529428913432933,7.067447086952143,31.717199405515853,0,-2
2023-06-11 20:50:00,2023-06-11 20:50:59,0.253,0.2533,0.253,0.2533,0.253359375,0.25315,0.253,0.253359375,True,0.00034270746771532565,-0.00012597028818659852,0,0.25407764473824873,0.25405330833263695,-19.351452729327562,-19.351452729327562,0.2529368352594532,0.2529464446632605,8.644936618414552e-14,11.913240489896788,0,-2
2023-06-11 20:51:00,2023-06-11 20:51:59,0.2533,0.2529,0.2527,0.2533,0.2532546875,0.25305,0.2527,0.2533,True,0.00036108550573566274,-0.00014719109141963732,0,0.25406547653544287,0.2540339524498693,-21.847391247154526,-21.847391247154526,0.2529379612767721,0.25294598252730766,8.644936618414552e-14,2.355815695650846,0,-2
2023-06-11 20:52:00,2023-06-11 20:52:59,0.2528,0.2526,0.2525,0.2529,0.25315234375,0.25270000000000004,0.2525,0.25315234375,True,0.00036386511246883047,-0.0001738018639566326,0,0.2540497144926561,0.2540095610948267,-25.03029684531757,-25.03029684531757,0.25293559350287387,0.25294253991509563,8.644936618414552e-14,1.605629209835671e-13,0,-2
2023-06-11 20:53:00,2023-06-11 20:53:59,0.2527,0.2523,0.2522,0.2527,0.252926171875,0.252475,0.2522,0.252926171875,True,0.00037358903300677116,-0.00020241888912322605,0,0.25402963779374144,0.253979828888405,-28.336699088154162,-28.336699088154162,0.25293101048294475,0.25293614648310464,8.644936618414552e-14,1.605629209835671e-13,0,-2
2023-06-11 20:54:00,2023-06-11 20:54:59,0.2524,0.2519,0.2517,0.2524,0.2527005859375,0.2521,0.2517,0.2527005859375,True,0.0003969041020777185,-0.00023757483504105193,0,0.25400473334107326,0.25394352288788835,-31.715263468411923,-31.715263468411923,0.2529227417219204,0.2529258365678499,8.644936618414552e-14,1.605629209835671e-13,0,-2
2023-06-11 20:55:00,2023-06-11 20:55:59,0.2519,0.2515,0.2515,0.2519,0.25240029296875,0.25170000000000003,0.2515,0.25240029296875,True,0.0003971252376435966,-0.0002749920858890122,0,0.25397412811448083,0.2538995459654378,-34.810269807524676,-34.810269807524676,0.2529105751376227,0.2529116491393141,8.644936618414552e-14,1.605629209835671e-13,0,-2
2023-06-11 20:56:00,2023-06-11 20:56:59,0.2515,0.2514,0.2513,0.2515,0.252050146484375,0.251425,0.2513,0.252050146484375,True,0.0003830448635261953,-0.00029117098615427054,0,0.25393683703995934,0.25384794460820526,-37.05878028564471,-37.05878028564471,0.2528957932954573,0.25289660785434576,8.644936618414552e-14,1.605629209835671e-13,0,-2
2023-06-11 20:57:00,2023-06-11 20:57:59,0.2514,0.2516,0.2513,0.2517,0.2517375732421875,0.2515,0.2513,0.2517375732421875,True,0.0003842559447028925,-0.000271845433237234,0,0.2538923908240823,0.2537912090997961,-34.62002288411206,-34.62002288411206,0.25288190480495526,0.25288370628365575,2.2410655864289324,0.7470218621431092,0,-2
2023-06-11 20:58:00,2023-06-11 20:58:59,0.2517,0.2514,0.2513,0.2517,0.2516187866210937,0.251525,0.2513,0.2517,True,0.0003853805200812541,-0.0002574175845026311,0,0.25384179996193923,0.25373099223056966,-33.89952358555217,-33.89952358555217,0.25286840326460747,0.2528689430370522,5.309514486711755,2.5168600243803323,0,-2
2023-06-11 20:59:00,2023-06-11 20:59:59,0.2514,0.2512,0.2512,0.2515,0.25157189331054686,0.25132499999999997,0.2512,0.25157189331054686,True,0.0003792819115040233,-0.0002463837588080176,0,0.2537863960962545,0.25366707540055733,-34.229558126494815,-34.229558126494815,0.2528530460181935,0.25285233663867357,7.152001430531023,4.900860501223978,0,-2
2023-06-11 21:00:00,2023-06-11 21:00:59,0.2513,0.2518,0.2512,0.252,0.25144844665527344,0.251575,0.2512,0.252,True,0.00040933320353945185,-0.0001827802671078391,0,0.25372673574840593,0.2536023993686913,-25.030866634114847,-25.030866634114847,0.2528403291423906,0.2528418656273435,18.378809919086503,10.280108612109835,0,-1
2023-06-11 21:01:00,2023-06-11 21:01:59,0.2518,0.2516,0.2516,0.2521,0.2515117233276367,0.251775,0.2516,0.2521,True,0.00041580940328663385,-0.0001426032701284353,0,0.2536645675585486,0.25353894157091894,-20.596910620274123,-20.596910620274123,0.25282972885241656,0.25282950875542964,40.85286731103692,22.12789288688489,0,-1
2023-06-11 21:02:00,2023-06-11 21:02:59,0.2517,0.2517,0.2515,0.2518,0.2516433616638184,0.251675,0.2515,0.2518,True,0.00040753730305187594,-9.857183405714582e-05,0,0.2536017545647338,0.25347619217904727,-16.285855426400317,-16.285855426400317,0.25281823901308903,0.2528182698623408,66.63549680065574,41.95572467692646,0,-1
2023-06-11 21:03:00,2023-06-11 21:03:59,0.2516,0.251,0.251,0.2517,0.2516591808319092,0.25132499999999997,0.251,0.2517,True,0.00042842749569102614,-0.00010872151598997144,0,0.2535389733718905,0.25341202967547044,-18.43805709267367,-18.43805709267367,0.2528033809134563,0.2528001776249046,74.18484954036548,60.557737884019446,0,-2
2023-06-11 21:04:00,2023-06-11 21:04:59,0.251,0.2509,0.2508,0.251,0.25149209041595455,0.250925,0.2508,0.25149209041595455,True,0.0004121112459988084,-0.0001121248876541686,0,0.2534755015236805,0.2533444504167335,-20.39568978586791,-20.39568978586791,0.25278469055610847,0.25278127038485576,63.24494462549159,68.02176365550434,0,-2
2023-06-11 21:05:00,2023-06-11 21:05:59,0.251,0.251,0.251,0.2514,0.2512085452079773,0.2511,0.251,0.2514,True,0.00041838901414175067,-9.711641201262514e-05,0,0.253409975970207,0.2532758454743198,-20.100813804259428,-20.100813804259428,0.25276792746599797,0.25276354630142434,60.69049929544415,66.04009782043381,0,-1
2023-06-11 21:06:00,2023-06-11 21:06:59,0.251,0.2512,0.2509,0.2512,0.25115427260398865,0.251075,0.2509,0.2512,True,0.0004099326559887661,-6.386226312213739e-05,0,0.2533429107222634,0.25320673218021145,-16.794427049782286,-16.794427049782286,0.25275108241658506,0.25274798862678327,64.19408515543576,62.70984302545724,0,-1
2023-06-11 21:07:00,2023-06-11 21:07:59,0.2513,0.2517,0.2513,0.2517,0.2511146363019943,0.2515,0.2513,0.2517,True,0.00041636603770385424,3.7092213595805827e-07,0,0.2532748214512374,0.2531406087999086,-8.831571003899818,-0.0,0.2527386338353255,0.2527375608792531,82.92481711140975,69.26980052076328,0,-1
2023-06-11 21:08:00,2023-06-11 21:08:59,0.2518,0.2516,0.2516,0.2519,0.25130731815099716,0.25172500000000003,0.2516,0.2519,True,0.0004080541778678663,4.060560108363803e-05,0,0.253207715125573,0.25307883681575993,-4.749650031856731,-0.0,0.25272854792651633,0.25272624186552917,91.18747934135241,79.43546053606605,0,-1
2023-06-11 21:09:00,2023-06-11 21:09:59,0.2516,0.2516,0.2514,0.2517,0.2515161590754986,0.251575,0.2514,0.2517,True,0.0004003360223058735,7.030890407858461e-05,0,0.25314327597066644,0.253019885378389,-2.0283693838280072,-0.0,0.25271706983769526,0.25271503547880747,97.26824828649654,90.46018157975298,0,-1
2023-06-11 21:10:00,2023-06-11 21:10:59,0.2516,0.2519,0.2516,0.2519,0.2515455795377493,0.25175000000000003,0.2516,0.2519,True,0.00039316916356974126,0.00011232637096945399,0,0.2530815806745277,0.2529647597329913,3.1679105877850944,3.1679105877850944,0.25270744725224553,0.2527069256730482,97.26824828649654,95.24132530478191,0,-1
2023-06-11 21:11:00,2023-06-11 21:11:59,0.2519,0.2511,0.2511,0.2519,0.2516477897688747,0.2515,0.2511,0.2519,True,0.0004222285090290471,8.48068618477816e-05,0,0.2530231702037595,0.25291130911520493,-2.0695067196870056,-0.0,0.2526954328517257,0.2526909363628686,92.54674015180906,95.69441224160079,0,-2
2023-06-11 21:12:00,2023-06-11 21:12:59,0.2511,0.2508,0.2502,0.2514,0.2515738948844374,0.250875,0.2502,0.2515738948844374,True,0.00047778361552697473,4.771239295149425e-05,0,0.2529672396594822,0.2528552558218519,-7.508675590256459,-0.0,0.252677319092007,0.2526721210756759,81.07953980887424,90.29817608239335,0,-2
2023-06-11 21:13:00,2023-06-11 21:13:59,0.2508,0.2507,0.2506,0.2509,0.2512244474422187,0.25075000000000003,0.2506,0.2512244474422187,True,0.00046508478584647816,1.9729273330169818e-05,0,0.25291124774066703,0.25279668037599184,-11.753676172585983,-0.0,0.2526581417876089,0.2526524979803955,61.64796731041023,78.42474909036459,0,-2
2023-06-11 21:14:00,2023-06-11 21:14:59,0.2506,0.2507,0.2504,0.2507,0.2509872237211094,0.2506,0.2504,0.2509872237211094,True,0.00045329301542887027,5.718236695270089e-06,0,0.25285396405832944,0.25273549195205747,-14.58367656080567,-0.0,0.25263766276484667,0.2526330701397946,44.60988974187122,62.44579895371863,0,-2
2023-06-11 21:15:00,2023-06-11 21:15:59,0.2508,0.2509,0.2505,0.2509,0.2507936118605547,0.25077499999999997,0.2505,0.2509,True,0.0004494863714696661,1.5074596196524345e-05,0,0.2527947280051934,0.25267386681587545,-13.08285580560998,-0.0,0.2526191288069875,0.25261582566079166,43.33903780071241,49.86563161766469,0,-1
2023-06-11 21:16:00,2023-06-11 21:16:59,0.2509,0.2511,0.2508,0.2511,0.25078430593027734,0.250975,0.2508,0.2511,True,0.0004388087735075447,3.909399959555024e-05,0,0.25273429741053444,0.252613692879733,-9.11975043834709,-0.0,0.2526027693163707,0.25260074281839573,54.135829358720194,47.361585633768016,0,-1
2023-06-11 21:17:00,2023-06-11 21:17:59,0.2511,0.2509,0.2509,0.2511,0.2508796529651387,0.251,0.2509,0.2511,True,0.0004217510039712899,4.402268918312171e-05,0,0.2526739951451337,0.2525552458673688,-8.930247623721314,-0.0,0.252586821362974,0.25258382000428237,68.11388669385974,55.19625128443085,0,-1
2023-06-11 21:18:00,2023-06-11 21:18:59,0.2508,0.2508,0.2507,0.2509,0.25093982648256935,0.2508,0.2507,0.25093982648256935,True,0.00040591164654477156,4.317262885690531e-05,0,0.2526146205062513,0.2524971872702082,-9.94995308864005,-0.0,0.2525690420459295,0.25256607055150343,68.45363077822768,63.56778227693594,0,-1
2023-06-11 21:19:00,2023-06-11 21:19:59,0.2508,0.2505,0.2505,0.2508,0.2508699132412847,0.25065000000000004,0.2505,0.2508699132412847,True,0.00039834652893443233,2.4839824145817153e-05,0,0.25255590388822974,0.252438803659269,-13.543260494923132,-0.0,0.25254994710019885,0.25254551263556807,58.17737969919884,64.91496572376215,0,-2
2023-06-11 21:20:00,2023-06-11 21:20:59,0.2506,0.2512,0.2506,0.2512,0.2507599566206424,0.2509,0.2506,0.2512,True,0.0004198932054391142,6.455786927795704e-05,0,0.2524973537737494,0.2523822800022224,-6.704430001543294,-0.0,0.25253352971611726,0.2525321244501395,56.992534582684584,61.20784835337043,0,-1
2023-06-11 21:21:00,2023-06-11 21:21:59,0.2511,0.2512,0.251,0.2512,0.25082997831032117,0.251125,0.251,0.2512,True,0.00040418654790774734,9.191890612850358e-05,0,0.2524398168879859,0.2523291522516336,-2.145209672623402,-0.0,0.2525195144950614,0.25251886948048635,72.12259449591383,62.43083625926582,0,-1
2023-06-11 21:22:00,2023-06-11 21:22:59,0.2511,0.2513,0.2511,0.2513,0.2509774891551606,0.2512,0.2511,0.2513,True,0.0003896017944857678,0.00011676937530722537,0,0.2523844845698097,0.2522795772147094,1.9637030014129877,0.0,0.2525063849975981,0.25250674142595414,91.0336265153989,73.3829185313325,0,-1
2023-06-11 21:23:00,2023-06-11 21:23:59,0.2512,0.2513,0.2511,0.2514,0.2510887445775803,0.25125,0.2511,0.2514,True,0.00038320166630821456,0.0001318331635458413,0,0.25233203089225953,0.252233482444886,4.702978117437247,4.702978117437247,0.2524938836543384,0.25249473404858147,100.00000000000007,87.71874033710434,0,-1
2023-06-11 21:24:00,2023-06-11 21:24:59,0.2512,0.251,0.251,0.2514,0.2511693722887901,0.25115,0.251,0.2514,True,0.00038440154728620006,0.00011910656322549056,0,0.25228275666857275,0.25218975786662107,1.6416225077601396,0.0,0.2524805116776783,0.2524798610729737,96.43660070579544,95.82340907373153,0,-1
2023-06-11 21:25:00,2023-06-11 21:25:59,0.2509,0.2502,0.2502,0.251,0.25115968614439504,0.250575,0.2502,0.25115968614439504,True,0.00041408715105147314,5.45038503765216e-05,0,0.2522362572675969,0.2521442542424528,-7.046422288354869,-0.0,0.25246155136247755,0.252457175888168,75.83843938816896,90.75834669798822,0,-2
2023-06-11 21:26:00,2023-06-11 21:26:59,0.2502,0.2505,0.2501,0.2505,0.2508673430721975,0.25032499999999996,0.2501,0.2508673430721975,True,0.00041308092597636874,3.4601758248602025e-05,0,0.25219025575502485,0.2520959469003206,-8.75324025828072,-0.0,0.25244029214494046,0.2524377015012211,49.36942555622226,73.88148855006229,0,-2
2023-06-11 21:27:00,2023-06-11 21:27:59,0.2505,0.251,0.2503,0.251,0.2505961715360987,0.25070000000000003,0.2503,0.251,True,0.0004335751455494837,5.81513421709566e-05,0,0.2521431013276727,0.2520483365098576,-4.757081698686584,-0.0,0.2524229758051898,0.2524233960136467,41.96089847591192,55.722921140101114,0,-1
2023-06-11 21:28:00,2023-06-11 21:28:59,0.251,0.2509,0.2508,0.251,0.25064808576804937,0.250925,0.2508,0.251,True,0.0004168912065816619,6.749863844576689e-05,0,0.25209571891876514,0.25200314523153516,-3.0888981582168995,-0.0,0.25240807057329734,0.2524082378443567,59.04569326824316,50.12533910012585,0,-1
2023-06-11 21:29:00,2023-06-11 21:29:59,0.251,0.2508,0.2508,0.251,0.2507865428840247,0.2509,0.2508,0.251,True,0.00040139897754011306,6.713384460723607e-05,0,0.2520494320751501,0.2519599970708557,-3.0336306890251876,-0.0,0.2523930648959511,0.25239223547774614,81.06223016425635,60.68960730280387,0,-1
2023-06-11 21:30:00,2023-06-11 21:30:59,0.2508,0.2505,0.2505,0.251,0.25084327144201235,0.25070000000000003,0.2505,0.251,True,0.00040844190771581934,4.668237370923428e-05,0,0.2520047145730029,0.2519173813006408,-5.901555109904891,-0.0,0.25237621847907593,0.25237340726403723,80.10819252996372,73.40537198748781,0,-2
2023-06-11 21:31:00,2023-06-11 21:31:59,0.2506,0.2506,0.2505,0.2507,0.2507716357210062,0.2506,0.2505,0.2507716357210062,True,0.0003935532000218307,4.151483580784143e-05,0,0.25196104793682184,0.25187479096834026,-6.3971032932637115,-0.0,0.2523585446633637,0.252355761420614,68.07962129250285,76.41668132890771,0,-1
2023-06-11 21:32:00,2023-06-11 21:32:59,0.2506,0.2512,0.2506,0.2512,0.2506858178605031,0.2509,0.2506,0.2512,True,0.00040829940002027064,8.067877533198453e-05,0,0.251917919452581,0.25183457119750097,-0.38203434975688566,-0.0,0.2523440317811412,0.25234426130697607,71.93672652507092,73.37484678251258,0,2
2023-06-11 21:33:00,2023-06-11 21:33:59,0.2512,0.2505,0.2505,0.2512,0.2507929089302515,0.25085,0.2505,0.2512,True,0.00042913515716167834,5.747141354716474e-05,0,0.251876245325041,0.25179615068359834,-2.8886941819272494,-0.0,0.25232916579326914,0.2523259104482002,81.21488663676156,73.74374481811185,0,1
2023-06-11 21:34:00,2023-06-11 21:34:59,0.2506,0.2506,0.2506,0.2507,0.25082145446512577,0.250625,0.2506,0.25082145446512577,True,0.0004127683602215569,4.9744371300647025e-05,0,0.25183619800431967,0.25175786660364,-3.5646368110027566,-0.0,0.2523122089197043,0.25230873720990965,85.13192462592149,79.4278459292514,0,1
2023-06-11 21:35:00,2023-06-11 21:35:59,0.2506,0.2506,0.2505,0.2506,0.2507232272325629,0.250575,0.2505,0.2507232272325629,True,0.00039042776306287346,4.5434399793120334e-05,0,0.2517970323039798,0.2517196095554146,-4.015265230386426,-0.0,0.2522949232588117,0.25229173484961204,72.16503838919022,79.50394988395783,0,2
2023-06-11 21:36:00,2023-06-11 21:36:59,0.2506,0.2507,0.2506,0.2508,0.25064911361628145,0.250675,0.2506,0.2508,True,0.00037682577998695633,5.031014229259315e-05,0,0.2517583209296972,0.25168232237984495,-3.050476194950818,-0.0,0.25227880461942054,0.2522758966919045,66.87354094194131,74.72350131901776,0,2
2023-06-11 21:37:00,2023-06-11 21:37:59,0.2507,0.2507,0.2507,0.2507,0.2506620568081407,0.2507,0.2507,0.2507,True,0.0003499096528450309,5.396653734022279e-05,0,0.25172032165477104,0.25164622614810245,-2.4072835046604055,-0.0,0.2522630951207198,0.2522602161278059,72.4863791643014,70.50831949847772,0,2
2023-06-11 21:38:00,2023-06-11 21:38:59,0.2507,0.2505,0.2505,0.2509,0.25068102840407036,0.25065000000000004,0.2505,0.2509,True,0.0003534875347846723,4.286802791100776e-05,0,0.25168327390143674,0.25161097216017414,-4.683290967392139,-0.0,0.2522470444230012,0.25224270153946954,77.63096217663411,72.33029409429236,0,1
2023-06-11 21:39:00,2023-06-11 21:39:59,0.2504,0.2503,0.2502,0.2504,0.2506655142020352,0.250325,0.2502,0.2506655142020352,True,0.0003496669965857687,2.265833286310096e-05,0,0.25164712303080544,0.25157439331094633,-8.457891067619386,-0.0,0.25222791960287183,0.2522233711758927,62.88398949061325,71.00044361051634,0,1
2023-06-11 21:40:00,2023-06-11 21:40:59,0.2502,0.2502,0.25,0.2504,0.2504952571010176,0.2502,0.25,0.2504952571010176,True,0.0003532622111153575,4.285501122875649e-06,0,0.25161075817087586,0.2515361647259732,-12.001300535891552,-0.0,0.25220774129836565,0.2522032381293664,35.56271770851604,58.69255645858788,0,-2
2023-06-11 21:41:00,2023-06-11 21:41:59,0.2502,0.2504,0.2501,0.2504,0.2503476285505088,0.25027499999999997,0.2501,0.2504,True,0.0003494577674642621,8.489592226071439e-06,0,0.2515734614484245,0.25149741416095334,-10.249034965431136,-0.0,0.2521885100416655,0.2521852954614125,17.00128748354453,38.48266489422468,0,-1
2023-06-11 21:42:00,2023-06-11 21:42:59,0.2504,0.2502,0.25,0.2506,0.2503113142752544,0.25029999999999997,0.25,0.2506,True,0.000367353641216814,-3.4083202027574214e-07,0,0.25153543780468895,0.2514586900340444,-11.62639452499161,-0.0,0.2521697188969723,0.25216554127771684,14.889072627988023,22.484359273349607,0,-2
2023-06-11 21:43:00,2023-06-11 21:43:59,0.2502,0.2501,0.25,0.2502,0.2503056571376272,0.250125,0.25,0.2503056571376272,True,0.00035539980970132574,-1.0344302110889061e-05,0,0.25149706391936666,0.2514190517246321,-13.681849817452182,-0.0,0.2521493734353109,0.2521449886281873,14.889072627988023,15.593144246506933,0,-2
2023-06-11 21:44:00,2023-06-11 21:44:59,0.2501,0.2501,0.2501,0.2501,0.25021532856881357,0.2501,0.2501,0.25021532856881357,True,0.0003300141090083739,-1.3783015343894734e-05,0,0.25145805782199937,0.2513787941072757,-15.05215334575923,-15.05215334575923,0.25212898165983516,0.25212464048263317,8.53484444739019,12.77099656778882,0,-2
2023-06-11 21:45:00,2023-06-11 21:45:59,0.2502,0.25,0.2498,0.2502,0.2501576642844068,0.25005,0.2498,0.2502,True,0.0003350131012220603,-1.9657661075110904e-05,0,0.25141842596463754,0.25133798206131397,-17.26695008994544,-17.26695008994544,0.2521082952751602,0.2521034997813134,9.473903143468003e-14,7.807972358459512,0,-2
2023-06-11 21:46:00,2023-06-11 21:46:59,0.2499,0.2494,0.2494,0.2499,0.2501038321422034,0.24965,0.2494,0.2501038321422034,True,0.00035394073684905526,-6.109707227667816e-05,0,0.2513782040129757,0.2512942690984637,-23.140059712027934,-23.140059712027934,0.25208383462565614,0.252076599285977,9.473903143468003e-14,2.8449481491302024,0,-2
2023-06-11 21:47:00,2023-06-11 21:47:59,0.2497,0.2502,0.2493,0.2504,0.24987691607110168,0.2499,0.2493,0.2504,True,0.0004072306842169811,-2.756989775732705e-05,0,0.25133623655571974,0.25125028740662475,-14.969439901303083,-14.969439901303083,0.25206210492788844,0.25205792665626575,16.010120032171056,5.336706677390491,0,-1
2023-06-11 21:48:00,2023-06-11 21:48:59,0.2502,0.2504,0.2502,0.2505,0.24988845803555085,0.25032499999999996,0.2502,0.2505,True,0.00039957134963005547,1.1822322548031236e-05,0,0.25129326198117224,0.25120931185571466,-7.6811978078574015,-0.0,0.2520448203017403,0.25204142987361633,49.34345336550439,21.78452446589192,0,-1
2023-06-11 21:49:00,2023-06-11 21:49:59,0.2504,0.2505,0.2504,0.2505,0.2501067290177754,0.25045,0.2504,0.2505,True,0.00037817339608505076,4.636139958859558e-05,0,0.25125128691844345,0.2511718418294872,-1.9056281071314984,-0.0,0.2520289514430165,0.2520260922629336,82.67678669883772,49.343453365504466,0,2
2023-06-11 21:50:00,2023-06-11 21:50:59,0.2505,0.2506,0.2505,0.2508,0.25027836450888774,0.25060000000000004,0.2505,0.2508,True,0.00037258958207897735,7.613634479076905e-05,0,0.25121156437396536,0.25113841797124303,2.9014068787664797,0.0,0.25201473302069793,0.25201190229016807,100.0000000000001,77.34008002144748,0,2
2023-06-11 21:51:00,2023-06-11 21:51:59,0.2505,0.2497,0.2497,0.2505,0.2504391822544439,0.2501,0.2497,0.2505,True,0.0004102617547876207,3.279856583638882e-05,0,0.2511749911726042,0.2511049784809874,-2.9464763401877505,-0.0,0.25199568095084024,0.2519888982872808,87.26291962257203,89.9799021071367,0,1
2023-06-11 21:52:00,2023-06-11 21:52:59,0.2497,0.2499,0.2494,0.2499,0.2502695911272219,0.24972500000000003,0.2494,0.2502695911272219,True,0.0004166716294456478,1.951197315045182e-05,0,0.25113998482679584,0.25106918321520477,-4.608064732553075,-0.0,0.25197308711053334,0.2519681132296959,67.1434106327833,84.80211008511856,0,1
2023-06-11 21:53:00,2023-06-11 21:53:59,0.25,0.2497,0.2494,0.25,0.24999729556361097,0.24977500000000002,0.2494,0.25,True,0.00042976651305667217,-1.2094944938233925e-06,0,0.25110458402100033,0.25103212187754603,-7.269249386536686,-0.0,0.2519512155969957,0.2519455449388532,48.550752310458655,67.6523608552714,0,-2
2023-06-11 21:54:00,2023-06-11 21:54:59,0.2497,0.2495,0.2494,0.2497,0.2498861477818055,0.249575,0.2494,0.2498861477818055,True,0.00042049747640976665,-2.5805510103483055e-05,0,0.25106835294927315,0.25099294582009224,-10.506509178052461,-10.506509178052461,0.2519275716607072,0.2519212111583671,38.94635134554436,51.54683809626218,0,-2
2023-06-11 21:55:00,2023-06-11 21:55:59,0.2495,0.25,0.2492,0.2502,0.24973057389090275,0.249725,0.2492,0.2502,True,0.00046189051380906714,-3.7600972313803953e-06,0,0.25103064938468267,0.2509534027778081,-6.851576409705487,-0.0,0.2519056555247797,0.2519020946294281,41.51101231909583,43.00270532503302,0,-1
2023-06-11 21:56:00,2023-06-11 21:56:59,0.25,0.25,0.2494,0.2504,0.2497277869454514,0.24995,0.2494,0.2504,True,0.0005003269056798481,1.3171057554229367e-05,0,0.2509920260812454,0.25091538585238843,-4.414954564140842,-0.0,0.2518861962658267,0.2518831683147074,49.270163863757,43.24250917613247,0,-1
2023-06-11 21:57:00,2023-06-11 21:57:59,0.2499,0.2498,0.2497,0.2502,0.2498388934727257,0.2499,0.2497,0.2502,True,0.0005003035552741426,1.2299724149765121e-05,0,0.25095370596681693,0.25087848823287356,-4.983978544260566,-0.0,0.25186643311890305,0.251862440271775,59.63281566694985,50.137997283267644,0,-1
2023-06-11 21:58:00,2023-06-11 21:58:59,0.2499,0.2499,0.2497,0.2499,0.24986944673636285,0.24985000000000002,0.2497,0.2499,True,0.00047885330132599004,2.050900563710682e-05,0,0.25091609709984525,0.2508423819545051,-4.005766564950285,-0.0,0.2518463691077697,0.2518429135029016,64.02300477790008,57.64199476953572,0,2
2023-06-11 21:59:00,2023-06-11 21:59:59,0.2499,0.2498,0.2498,0.2499,0.24985972336818144,0.24985000000000002,0.2498,0.2499,True,0.00045179235123127764,2.0472832839704322e-05,0,0.25087923952717517,0.2508071464320537,-4.634007346768158,-0.0,0.2518265047385382,0.2518225860053603,61.69185265027653,61.78255769837556,0,2
2023-06-11 22:00:00,2023-06-11 22:00:59,0.2497,0.2501,0.2495,0.2501,0.2498548616840907,0.24985000000000002,0.2495,0.2501,True,0.0004623786118576142,4.250249191550565e-05,0,0.25084319297961444,0.2507728382150153,-0.8827904378754425,-0.0,0.25180683802472187,0.251805445846103,54.2257746674454,59.98021069854074,0,2
2023-06-11 22:01:00,2023-06-11 22:01:59,0.2501,0.2502,0.25,0.2504,0.24985243084204536,0.250175,0.25,0.2504,True,0.00045792299672492827,6.402562251015345e-05,0,0.25080801559731486,0.2507417253085304,2.8062915375669277,0.0,0.251790600830446,0.2517894712605696,64.18707832574002,60.03490188115405,0,2
2023-06-11 22:02:00,2023-06-11 22:02:59,0.2502,0.2503,0.2502,0.2506,0.2500137154210227,0.25032499999999996,0.2502,0.2506,True,0.00045378563981600563,8.415039066822792e-05,0,0.2507748704529226,0.2507143707196613,6.456955232240389,6.456955232240389,0.2517760177376058,0.2517746506510117,77.35173723102704,65.25486340807089,0,2
2023-06-11 22:03:00,2023-06-11 22:03:59,0.2504,0.2507,0.2504,0.2509,0.2501693577105113,0.25060000000000004,0.2504,0.2509,True,0.00046422952268629017,0.00012290155386316624,0,0.250744620586292,0.2506920495547049,12.528345962406412,12.528345962406412,0.25176431606857486,0.2517639576097081,96.79664475300768,79.44515343659165,0,2
2023-06-11 22:04:00,2023-06-11 22:04:59,0.2508,0.2508,0.2507,0.2509,0.25038467885525567,0.2508,0.2507,0.2509,True,0.00044535598535155754,0.0001511833193322439,0,0.25071833507049845,0.2506752165994154,17.27543633462743,17.27543633462743,0.2517547208838129,0.25175436599170103,100.00000000000007,91.38279399467832,1,2
2023-06-11 22:05:00,2023-06-11 22:05:59,0.2508,0.2507,0.2506,0.251,0.2505923394276278,0.25077499999999997,0.2506,0.251,True,0.0004421162721121614,0.00015746538950468797,0,0.2506967758349569,0.2506626485155808,18.12609136670507,18.12609136670507,0.2517449724173073,0.2517438747878035,99.14985442075778,98.64883305792189,0,2
2023-06-11 22:06:00,2023-06-11 22:06:59,0.2507,0.2506,0.2503,0.2507,0.2506836697138139,0.250575,0.2503,0.2507,True,0.00043910796696128957,0.00014898484472737343,0,0.25067971217526885,0.25065215221276366,16.41467388700515,16.41467388700515,0.2517333309007172,0.2517324929491189,91.67614729736009,96.94200057270604,0,2
2023-06-11 22:07:00,2023-06-11 22:07:59,0.2505,0.2505,0.2505,0.2508,0.25062933485690697,0.250575,0.2505,0.2508,True,0.0004291716836069133,0.00013109733605874756,0,0.2506659321940163,0.2506433590535113,13.066453594101581,13.066453594101581,0.25172180522011306,0.2517202293376849,84.20244017396239,91.67614729736015,0,1
2023-06-11 22:08:00,2023-06-11 22:08:59,0.2505,0.2504,0.2502,0.2505,0.2506021674284535,0.2504,0.2502,0.2506021674284535,True,0.00041994513477784965,0.00010771701343314003,0,0.2506546456237638,0.2506347664354824,8.729526472278415,8.729526472278415,0.2517086529293657,0.2517070927273597,69.93791042673496,81.93883263268587,0,1
2023-06-11 22:09:00,2023-06-11 22:09:59,0.2504,0.2501,0.25,0.2504,0.25050108371422675,0.250225,0.25,0.25050108371422675,True,0.00041852048229371833,6.794499698194161e-05,0,0.25064470602962313,0.25062518997336025,1.043369105134289,0.0,0.2516938902136506,0.25169110175494813,52.96484488560943,69.03506516210231,0,1
2023-06-11 22:10:00,2023-06-11 22:10:59,0.2501,0.2503,0.2501,0.2503,0.25036304185711333,0.2502,0.2501,0.25036304185711333,True,0.00040291187641559796,5.3535714735641746e-05,0,0.25063494800149166,0.25061473310199234,-0.07251965458365817,-0.0,0.25167902563441025,0.2516772599464412,35.0269854807778,52.643246931040785,0,1
2023-06-11 22:11:00,2023-06-11 22:11:59,0.2504,0.2507,0.2504,0.2508,0.25028152092855666,0.250575,0.2504,0.2508,True,0.0004098467423859124,6.979804439487746e-05,0,0.250624840551742,0.250606227722291,4.582877150809118,4.582877150809118,0.2516680403047146,0.25166753596687463,39.178673482052666,42.39016794948002,0,2
2023-06-11 22:12:00,2023-06-11 22:12:59,0.2506,0.251,0.2505,0.251,0.25042826046427835,0.25077499999999997,0.2505,0.251,True,0.0004162862607869187,9.818926581667666e-05,0,0.2506155341370165,0.2506006893343458,10.309804473473797,10.309804473473797,0.2516591543315334,0.2516608938179505,59.013225592311336,44.40629485171399,0,2
2023-06-11 22:13:00,2023-06-11 22:13:59,0.2509,0.2509,0.2509,0.251,0.25060163023213916,0.250925,0.2509,0.251,True,0.0003936943850164237,0.00010555859872108143,0,0.25060811173568115,0.25059855403862674,12.209396986711319,12.209396986711319,0.2516518493133092,0.2516533227351848,84.19937585950028,60.79709164462148,0,2
2023-06-11 22:14:00,2023-06-11 22:14:59,0.2508,0.2508,0.2508,0.2508,0.2507633151160696,0.2508,0.2508,0.2508,True,0.00037271621465810687,9.883342859442728e-05,0,0.2506033328871539,0.25059825503881616,11.544251746979633,11.544251746979633,0.25164337320073893,0.2516448319617004,87.36556062803653,76.85938735994944,0,2
2023-06-11 22:15:00,2023-06-11 22:15:59,0.2508,0.2507,0.2505,0.2508,0.25078165755803483,0.25070000000000003,0.2505,0.2508,True,0.00036752219932538655,8.313631650797881e-05,0,0.250600793962985,0.25059871771279846,9.187954822296206,9.187954822296206,0.2516339864027216,0.25163543064864863,78.34877997914852,83.30457215556184,0,1
2023-06-11 22:16:00,2023-06-11 22:16:59,0.2507,0.2509,0.2506,0.2509,0.25074082877901743,0.25077499999999997,0.2506,0.2509,True,0.00036269918508786053,8.277903340073304e-05,0,0.25059975583789174,0.2506002914632387,10.441901184688938,10.441901184688938,0.25162543927433634,0.2516281129307516,68.34074858114796,78.01836306277774,0,2
2023-06-11 22:17:00,2023-06-11 22:17:59,0.2509,0.2516,0.2509,0.2516,0.2507579143895087,0.25125,0.2509,0.2516,True,0.00038679210043872614,0.00012650602544093224,1,0.2506000236505652,0.2506059881795322,16.69682676474696,16.69682676474696,0.25162170356016383,0.25162783320009735,76.13755113780657,74.27569323270109,0,2
2023-06-11 22:18:00,2023-06-11 22:18:59,0.2517,0.2521,0.2515,0.2525,0.2510039571947543,0.25195,0.2515,0.2525,True,0.00043059266469310295,0.00018285077201481403,0,0.25060300591504875,0.2506196945947305,22.761097662984824,22.761097662984824,0.251624970191406,0.2516325313772108,89.76655234095915,78.08161735330464,0,2
2023-06-11 22:19:00,2023-06-11 22:19:59,0.2521,0.2518,0.2518,0.2521,0.25147697859737717,0.25195,0.2518,0.2521,True,0.00042126461721502185,0.00018966784429076604,0,0.2506113502548896,0.25063961306162086,22.15127704164361,22.15127704164361,0.2516282043188547,0.2516341977316664,100.00000000000007,88.63470115958866,0,2
2023-06-11 22:20:00,2023-06-11 22:20:59,0.2518,0.2511,0.2511,0.252,0.2517134892986886,0.2515,0.2511,0.252,True,0.000455460001699664,0.0001364194531317969,0,0.25062548165825527,0.2506611981800706,14.290954972848297,14.290954972848297,0.25162692865399044,0.25162888233135133,86.26707939204691,92.01121057766879,0,1
2023-06-11 22:21:00,2023-06-11 22:21:59,0.2511,0.2512,0.2511,0.2513,0.2516067446493443,0.251175,0.2511,0.2516067446493443,True,0.000437212858721119,0.00010136206243575207,0,0.25064333991916293,0.2506817175225203,9.92971220333262,9.92971220333262,0.25162243185146316,0.2516246148454672,64.38929091759407,83.55212343654709,0,1
2023-06-11 22:22:00,2023-06-11 22:22:59,0.2512,0.2512,0.2508,0.2512,0.25139087232467217,0.2511,0.2508,0.25139087232467217,True,0.00043455479738389305,7.26170837642762e-05,0,0.2506625287208416,0.25070074240775925,7.022217023655507,7.022217023655507,0.25161723352458293,0.25162038982212925,40.743269912227106,63.7998800739561,0,1
2023-06-11 22:23:00,2023-06-11 22:23:59,0.2512,0.2512,0.2511,0.2514,0.2512454361623361,0.251225,0.2511,0.2514,True,0.0004249437404279023,4.912530507877237e-05,0,0.2506816355643004,0.2507193177983144,5.083886903870763,5.083886903870763,0.2516133307034428,0.25161620683882446,33.26098153783022,46.131180789217204,0,1
2023-06-11 22:24:00,2023-06-11 22:24:59,0.2513,0.2513,0.2513,0.2515,0.251235218081168,0.25135,0.2513,0.2515,True,0.0004160191875401966,3.686155219443976e-05,0,0.2507004766813074,0.2507382694845435,5.115376199112447,5.115376199112447,0.2516107104974384,0.25161306050211973,28.60583266649844,34.20336137218533,0,1
2023-06-11 22:25:00,2023-06-11 22:25:59,0.2513,0.2512,0.251,0.2513,0.25129260904058404,0.2512,0.251,0.2513,True,0.00040773210271589845,1.863321134173236e-05,0,0.2507193730829254,0.25075635824276127,3.4998643636253135,0.0,0.2516066238258221,0.25160895044737225,20.10175034369639,27.322854849341756,0,1
2023-06-11 22:26:00,2023-06-11 22:26:59,0.2512,0.2507,0.2507,0.2513,0.251246304520292,0.250975,0.2507,0.2513,True,0.0004214655239504804,-3.0091995916442895e-05,0,0.25073786566284334,0.25077209976428944,-3.4091114080255736,-3.4091114080255736,0.2516003390116348,0.2515999061643138,7.983625992713115,18.897069667636057,0,1
2023-06-11 22:27:00,2023-06-11 22:27:59,0.2507,0.2504,0.2503,0.2507,0.251110652260146,0.250525,0.2503,0.251110652260146,True,0.0004199322722397286,-8.258328301307159e-05,0,0.2507549827135664,0.2507827978077273,-10.204106066180756,-10.204106066180756,0.25158963912097176,0.2515879667994948,1.1832300051644005,9.756202113858043,0,1
2023-06-11 22:28:00,2023-06-11 22:28:59,0.2504,0.2501,0.2499,0.2507,0.250817826130073,0.25027499999999997,0.2499,0.250817826130073,True,0.0004470799670797457,-0.00013501787449804705,-1,0.25076889026064686,0.25078773641957475,-16.427393863137986,-16.427393863137986,0.25157655813469343,0.25157316115969885,8.038014698286133e-14,3.055618665959272,0,1
2023-06-11 22:29:00,2023-06-11 22:29:59,0.2502,0.25,0.25,0.2502,0.25054641306503644,0.2501,0.25,0.25054641306503644,True,0.0004294313980026194,-0.0001711268813257691,0,0.2507783133401108,0.2507869060201917,-21.082983885268344,-21.082983885268344,0.2515618660139502,0.2515575078148262,8.038014698286133e-14,0.3944100017215937,-1,-2
2023-06-11 22:30:00,2023-06-11 22:30:59,0.25,0.25,0.2497,0.25,0.2503232065325182,0.249925,0.2497,0.2503232065325182,True,0.0004201862981452891,-0.00018792314351131424,0,0.25078260968015126,0.25078033864901234,-24.186710566688582,-24.186710566688582,0.2515455787899308,0.25154201022462896,8.038014698286133e-14,1.5365486660812167e-13,0,-2
2023-06-11 22:31:00,2023-06-11 22:31:59,0.25,0.2499,0.2499,0.25,0.2501241032662591,0.24995,0.2499,0.2501241032662591,True,0.0003973158482777676,-0.0001980293367467917,0,0.2507814741645818,0.250769471105329,-26.86946581735773,-26.86946581735773,0.2515297023840608,0.25152567181443364,0.5005839676585278,0.16686132255296945,0,-2
2023-06-11 22:32:00,2023-06-11 22:32:59,0.2499,0.2498,0.2497,0.2499,0.25003705163312956,0.24982500000000002,0.2497,0.25003705163312956,True,0.0003832218591150703,-0.0002030331349537167,0,0.25077547263495537,0.25075443493556576,-29.25760001421706,-29.25760001421706,0.25151274017128405,0.25150850095060845,0.5005839676585278,0.33372264510578525,0,-2
2023-06-11 22:33:00,2023-06-11 22:33:59,0.2498,0.2499,0.2497,0.2499,0.2499310258165648,0.24982500000000002,0.2497,0.2499310258165648,True,0.0003701345834639943,-0.00019046764986770662,0,0.25076495378526054,0.2507362199412886,-27.814753092438036,-27.814753092438036,0.2514959467367439,0.2514924959660253,0.5005839676585278,0.500583967658601,0,-2
2023-06-11 22:34:00,2023-06-11 22:34:59,0.2499,0.2497,0.2496,0.2499,0.2498780129082824,0.24977500000000002,0.2496,0.2499,True,0.00036512497035942485,-0.00018736771091393712,0,0.2507505868632745,0.2507152841571747,-28.57748277845387,-28.57748277845387,0.2514788228886171,0.2514746601852688,8.038014698286133e-14,0.33372264510578525,0,-2
2023-06-11 22:35:00,2023-06-11 22:35:59,0.2497,0.2495,0.2494,0.2497,0.24982650645414123,0.249575,0.2494,0.24982650645414123,True,0.00036047318676232266,-0.00019022081176212427,0,0.2507329355102246,0.25069097770513876,-30.402418891584585,-30.402418891584585,0.2514598793772876,0.2514550118252164,8.038014698286133e-14,0.16686132255296945,0,-2
2023-06-11 22:36:00,2023-06-11 22:36:59,0.2495,0.2497,0.2495,0.2497,0.2497007532270706,0.2496,0.2495,0.2497007532270706,True,0.00034901081627930003,-0.00016905550065349502,0,0.25071195660768164,0.25066435579723984,-26.22940013451421,-26.22940013451421,0.251441373114827,0.2514375490209854,0.9066380808583667,0.3022126936195824,0,-1
2023-06-11 22:37:00,2023-06-11 22:37:59,0.2497,0.2498,0.2497,0.2498,0.24965037661353529,0.24975,0.2497,0.2498,True,0.0003312243294022064,-0.00013989296410801493,0,0.2506881562024607,0.25063712272877575,-21.105929441754334,-21.105929441754334,0.2514245435315949,0.2514212550008761,7.223623057934495,2.7100870462643876,0,-1
2023-06-11 22:38:00,2023-06-11 22:38:59,0.2498,0.25,0.2497,0.25,0.24970018830676766,0.249875,0.2497,0.25,True,0.00032899402015919125,-9.97837753469373e-05,0,0.25066263946561823,0.25061045297004486,-13.654531200306813,-13.654531200306813,0.2514091251879969,0.25140711316007136,19.191540831555624,9.10726732344957,0,-1
2023-06-11 22:39:00,2023-06-11 22:39:59,0.2501,0.25,0.25,0.2502,0.24978759415338384,0.250075,0.25,0.2502,True,0.0003197801615763903,-6.794943497469465e-05,0,0.25063654621783155,0.25058578190462866,-8.686932372675138,-8.686932372675138,0.2513958503105044,0.2513931120341005,41.67123153996092,22.695465143150418,0,-1
2023-06-11 22:40:00,2023-06-11 22:40:59,0.2499,0.2499,0.2498,0.25,0.24993129707669193,0.2499,0.2498,0.25,True,0.0003112244357495057,-4.964053931636603e-05,0,0.2506111640612301,0.2505616530081543,-7.515502870532046,-7.515502870532046,0.2513809662278128,0.25137825519794027,60.55980716933049,40.47419318028242,0,-1
2023-06-11 22:41:00,2023-06-11 22:41:59,0.2499,0.2502,0.2499,0.2502,0.24991564853834597,0.25005,0.2499,0.2502,True,0.00031042269033882433,-1.3388672552744373e-05,0,0.25058640853469216,0.25053914567451047,-1.0179009480836214,-0.0,0.25136772278275993,0.2513665312656225,81.92522272904269,61.38542047944477,0,-1
2023-06-11 22:42:00,2023-06-11 22:42:59,0.2501,0.2497,0.2497,0.2501,0.24998282426917298,0.2499,0.2497,0.2501,True,0.0003239639267431921,-2.1999044329072996e-05,0,0.2505627771046013,0.2505170402734117,-4.605970377102302,-0.0,0.2513531185759663,0.25134994886496953,84.96181376057878,75.81561455298406,0,-2
2023-06-11 22:43:00,2023-06-11 22:43:59,0.2497,0.2495,0.2495,0.2497,0.24994141213458648,0.2496,0.2495,0.24994141213458648,True,0.0003151093605472502,-3.862029315627427e-05,0,0.2505399086890065,0.25049334466415274,-8.977874036148272,-8.977874036148272,0.2513356746100363,0.2513315414135768,74.02410156120042,80.30371268360737,0,-2
2023-06-11 22:44:00,2023-06-11 22:44:59,0.2496,0.2498,0.2496,0.2498,0.24977070606729324,0.24969999999999998,0.2496,0.2498,True,0.00031403012050816055,-2.5325791250791808e-05,0,0.25051662667657965,0.25046924575625146,-6.957963578942625,-6.957963578942625,0.2513193992407822,0.25131630219553125,61.142439768970924,73.37611836358344,0,-1
2023-06-11 22:45:00,2023-06-11 22:45:59,0.2497,0.2493,0.2491,0.2497,0.2497353530336466,0.24945,0.2491,0.2497353530336466,True,0.0003415993976147209,-4.810253133878797e-05,0,0.25049293621641555,0.2504432794067631,-10.385403564180827,-10.385403564180827,0.25130079825331175,0.251296239487118,45.715543478311076,60.29402826949422,0,-2
2023-06-11 22:46:00,2023-06-11 22:46:59,0.2493,0.2498,0.2493,0.2498,0.24959267651682332,0.24955,0.2493,0.2498,True,0.0003529137263565266,-2.4527841133993177e-05,0,0.25046810781158935,0.25041670707049857,-6.676597301267314,-0.0,0.25128337737516937,0.2512813515320223,48.73610139071777,51.864694879333335,0,-1
2023-06-11 22:47:00,2023-06-11 22:47:59,0.2498,0.25,0.2496,0.25,0.24957133825841166,0.24985000000000002,0.2496,0.25,True,0.0003562770316167755,7.4246290813643275e-06,0,0.25044240744104396,0.2503918982701085,-2.3361799681357382,-0.0,0.2512691149137249,0.2512686017655345,61.61776318294727,52.02313601732545,0,-1
2023-06-11 22:48:00,2023-06-11 22:48:59,0.25,0.25,0.2499,0.2501,0.24971066912920584,0.25,0.2499,0.2501,True,0.00034511438650128995,2.9632582274920422e-05,0,0.25041715285557625,0.2503696772881883,0.5574315872853077,0.0,0.2512564869046331,0.25125597886239487,83.95507298614079,64.76964585326868,0,-1
2023-06-11 22:49:00,2023-06-11 22:49:59,0.25,0.2499,0.2499,0.25,0.2498553345646029,0.24995,0.2499,0.25,True,0.0003276062160369113,3.7637792553010395e-05,0,0.2503934150718823,0.2503493031203425,1.0646387146471739,0.0,0.25124348703493526,0.2512424865354059,97.98831252373475,81.18704956427435,0,-1
2023-06-11 22:50:00,2023-06-11 22:50:59,0.2498,0.2499,0.2498,0.2499,0.24990266728230145,0.24985000000000002,0.2498,0.24990266728230145,True,0.0003113486291771331,4.289677055398591e-05,0,0.2503713590961124,0.2503298366443174,1.4027767995550846,0.0,0.2512296214922991,0.2512291284604267,90.112666204312,90.68535057139593,0,-1
2023-06-11 22:51:00,2023-06-11 22:51:59,0.2499,0.25,0.2499,0.25,0.24987633364115075,0.24995,0.2499,0.25,True,0.0002962522985216228,5.293121525328523e-05,0,0.2503505978702149,0.2503119044675202,3.198407407691036,0.0,0.25121688894013694,0.25121689832649213,88.29248939956324,92.13115604253674,0,2
2023-06-11 22:52:00,2023-06-11 22:52:59,0.25,0.2499,0.2499,0.25,0.24991316682057538,0.24995,0.2499,0.25,True,0.000282234277198649,5.180191524731156e-05,0,0.25033125116886756,0.25029530328909827,2.3981385169515548,0.0,0.25120428308003606,0.2512037948605569,88.48400007107976,88.96305189165174,0,2
2023-06-11 22:53:00,2023-06-11 22:53:59,0.25,0.2496,0.2496,0.25,0.2499315834102877,0.2498,0.2496,0.25,True,0.00029064611454160345,2.9706755537882993e-05,0,0.25031327722898294,0.2502788347572765,-2.796604533240213,-0.0,0.25119031011406556,0.2511878367027404,85.7635314120356,87.51334029422628,0,1
2023-06-11 22:54:00,2023-06-11 22:54:59,0.2495,0.2496,0.2495,0.2496,0.24986579170514384,0.24955,0.2495,0.24986579170514384,True,0.0002770285349314881,1.557148104297236e-05,0,0.25029605599312976,0.2502608683848318,-6.259766566701394,-0.0,0.25117398862039325,0.2511720373325639,64.09521153093517,79.44758100468358,0,-2
2023-06-11 22:55:00,2023-06-11 22:55:59,0.2496,0.2497,0.2496,0.2498,0.24970789585257192,0.24967499999999998,0.2496,0.2498,True,0.0002715264967220965,1.4048881017500936e-05,0,0.2502784621889808,0.25024270365328555,-6.110316156441478,-0.0,0.2511590733107376,0.25115739019492644,51.18988994456979,67.0162109625136,0,-1
2023-06-11 22:56:00,2023-06-11 22:56:59,0.2498,0.2498,0.2497,0.2499,0.24969144792628595,0.2498,0.2497,0.2499,True,0.00026641746124194716,2.072618582396306e-05,0,0.2502605829211332,0.2502253650145328,-3.7251987667216966,-0.0,0.2511455501932178,0.25114388382482766,55.409162246278974,56.898087907261385,0,2
2023-06-11 22:57:00,2023-06-11 22:57:59,0.2498,0.25,0.2498,0.25,0.24974572396314298,0.2499,0.2498,0.25,True,0.0002616733568675228,3.922848694954724e-05,0,0.250242973967833,0.25020948183229325,1.5806313571709225,0.0,0.25113315665895697,0.25113250189622244,78.89765893212817,61.83223704099239,0,2
2023-06-11 22:58:00,2023-06-11 22:58:59,0.25,0.25,0.25,0.2501,0.2498228619815715,0.250025,0.25,0.2501,True,0.00025012525994841324,5.076696240079035e-05,0,0.25022622790006316,0.25019571114965666,5.1178514397659995,5.1178514397659995,0.2511221302245395,0.2511212332206381,93.62315732324237,75.97665950054991,0,2
2023-06-11 22:59:00,2023-06-11 22:59:59,0.2499,0.2501,0.2499,0.2501,0.24992393099078575,0.25,0.2499,0.2501,True,0.0002465448842378107,6.40593153959579e-05,0,0.25021096952485994,0.2501835266077548,9.251125775927875,9.251125775927875,0.25111096474966843,0.2511110716960547,98.35355472521229,90.29145699352769,0,2
2023-06-11 23:00:00,2023-06-11 23:00:59,0.25,0.25,0.2498,0.2501,0.24996196549539287,0.249975,0.2498,0.2501,True,0.0002503631067922524,6.406993203950687e-05,0,0.2501972480663074,0.2501725029179366,8.752593400591408,8.752593400591408,0.2510996616178309,0.2511000162562929,94.65025411709009,95.54232205518167,0,2
2023-06-11 23:01:00,2023-06-11 23:01:59,0.2502,0.2501,0.25,0.2504,0.24996848274769645,0.250175,0.25,0.2504,True,0.00026105145630709236,6.910270462592757e-05,0,0.250184875492122,0.25016384102205613,10.50220228800189,10.50220228800189,0.25109046100471816,0.25109006584578253,94.65025411709009,95.88468765313091,0,2
2023-06-11 23:02:00,2023-06-11 23:02:59,0.25,0.2501,0.2499,0.2501,0.25007174137384824,0.250025,0.2499,0.2501,True,0.0002566906379994413,7.018652995132083e-05,0,0.25017435825708906,0.25015606885345004,11.66860821294221,11.66860821294221,0.2510798594026812,0.25108021444433193,87.2554730209293,92.18532708503658,0,2
2023-06-11 23:03:00,2023-06-11 23:03:59,0.2501,0.2501,0.25,0.2502,0.2500483706869241,0.2501,0.25,0.2502,True,0.0002526413067137654,6.855398818813747e-05,0,0.25016521355526955,0.25014956507848607,12.446212162902427,12.446212162902427,0.2510701095578784,0.2510704610667764,85.91873655876635,89.274821232262,1,2
2023-06-11 23:04:00,2023-06-11 23:04:59,0.25,0.2498,0.2497,0.25,0.25007418534346204,0.249875,0.2497,0.25007418534346204,True,0.00026316692766278096,4.455517629144663e-05,0,0.2501573893168778,0.25014256080228986,3.707959963715993,3.707959963715993,0.25105821792048655,0.25105781966312685,68.16241981474063,80.44554313147886,-1,1
2023-06-11 23:05:00,2023-06-11 23:05:59,0.2498,0.25,0.2498,0.2501,0.24997459267173103,0.249925,0.2498,0.2501,True,0.0002657978614011534,4.1386354889454114e-05,0,0.25014997505958386,0.2501355535879104,3.3596216882799013,3.3596216882799013,0.2510469421202827,0.2510472940943395,62.341148918411356,72.14076843063954,0,2
2023-06-11 23:06:00,2023-06-11 23:06:59,0.25,0.2502,0.25,0.2502,0.2499497963358655,0.2501,0.25,0.2502,True,0.0002610980141582123,5.1759464050004075e-05,0,0.25014276432374716,0.25012979282332753,6.854081991375637,6.854081991375637,0.25103751981062816,0.25103886330733116,62.13638148404234,64.21331673906488,1,2
2023-06-11 23:07:00,2023-06-11 23:07:59,0.2502,0.2504,0.2501,0.2504,0.2500248981679327,0.25027499999999997,0.2501,0.2504,True,0.0002638767274326273,7.033760918899644e-05,0,0.2501362785735374,0.25012625360851304,11.845230166451742,11.845230166451742,0.2510299325488309,0.251032506458502,79.89269822806807,68.12340954350736,0,2
2023-06-11 23:08:00,2023-06-11 23:08:59,0.2504,0.2505,0.2503,0.2507,0.25014994908396637,0.250475,0.2503,0.2507,True,0.00027359981833029363,8.641446069036646e-05,0,0.2501312660910252,0.25012585993092484,16.271350237889223,16.271350237889223,0.2510244108319271,0.2510272078867756,94.7551954953459,78.92809173581888,0,2
2023-06-11 23:09:00,2023-06-11 23:09:59,0.2505,0.2506,0.2505,0.2506,0.2503124745419832,0.25055,0.2505,0.2506,True,0.00026119983130670044,0.00010001124662851644,1,0.250128563010975,0.250128460037723,20.24294944896343,20.24294944896343,0.2510196903261368,0.2510229570620316,100.00000000000007,91.54929790780479,0,2
2023-06-11 23:10:00,2023-06-11 23:10:59,0.2507,0.2508,0.2505,0.2508,0.2504312372709916,0.25070000000000003,0.2505,0.2508,True,0.000263971271927652,0.0001180879855087716,0,0.250128511524349,0.25013442849204454,24.549095737505453,24.549095737505453,0.2510165093278668,0.2510207385838024,100.00000000000007,98.25173183178212,0,2
2023-06-11 23:11:00,2023-06-11 23:11:59,0.2506,0.2505,0.2504,0.2506,0.2505656186354958,0.250525,0.2504,0.2506,True,0.00027368760964710623,0.00010377103142631162,0,0.2501314700081968,0.25014180723400925,19.35179003240718,19.35179003240718,0.2510116186877885,0.2510155571053566,89.61482502642788,96.53827500880944,0,1
2023-06-11 23:12:00,2023-06-11 23:12:59,0.2505,0.2505,0.2505,0.2506,0.2505453093177479,0.250525,0.2505,0.2506,True,0.00026128135181516926,8.955537169919286e-05,0,0.250136638621103,0.25015024567933647,15.88691956234166,15.88691956234166,0.2510067767107956,0.25101042718391026,79.22965005285569,89.61482502642798,0,1
2023-06-11 23:13:00,2023-06-11 23:13:59,0.2504,0.2506,0.2504,0.2507,0.25053515465887394,0.250525,0.2504,0.2507,True,0.0002640469695426548,8.275438598914974e-05,0,0.2501434421502197,0.2501594605398645,15.254009924535922,15.254009924535922,0.2510019829126782,0.25100634333133404,68.8444750792835,79.22965005285579,0,2
2023-06-11 23:14:00,2023-06-11 23:14:59,0.2507,0.2507,0.2507,0.251,0.250530077329437,0.25077499999999997,0.2507,0.251,True,0.0002737579002896089,8.091745518825792e-05,0,0.2501514513450421,0.2501709387196636,16.37137099984473,16.37137099984473,0.2509997243762337,0.25100329513898245,78.33279151615433,75.46897221609794,0,2
2023-06-11 23:15:00,2023-06-11 23:15:59,0.2507,0.2507,0.2507,0.2509,0.2506525386647185,0.25075000000000003,0.2507,0.2509,True,0.0002684894788403535,7.538315930297429e-05,0,0.25016119503235285,0.25018394854753523,17.116278383383943,17.116278383383943,0.25099723955656966,0.25100027727690305,86.13772751483269,77.77166470342361,0,2
2023-06-11 23:16:00,2023-06-11 23:16:59,0.2508,0.2506,0.2506,0.2509,0.25070126933235926,0.250725,0.2506,0.2509,True,0.00027074023035175845,6.072666489383063e-05,0,0.250172571789944,0.2501979034648644,14.048276282478781,14.048276282478781,0.2509945307052605,0.2509962944184264,92.18380569066555,85.5514415738843,0,1
2023-06-11 23:17:00,2023-06-11 23:17:59,0.2505,0.2503,0.2503,0.2507,0.2507131346661796,0.25045,0.2503,0.2507131346661796,True,0.00027997307104091543,2.7017005286166662e-05,0,0.2501852376274042,0.25021061991974375,5.064216401146709,5.064216401146709,0.2509891124892878,0.2509893661157555,71.40122411921762,83.24091910823874,0,1
2023-06-11 23:18:00,2023-06-11 23:18:59,0.2504,0.2507,0.2503,0.2507,0.2505815673330898,0.250525,0.2503,0.2507,True,0.0002885464231094183,3.0458276642288394e-05,0,0.25019792877357394,0.25022278865578257,6.730738519198383,6.730738519198383,0.2509844944545685,0.2509864868509221,54.31062894106376,72.63188625031576,0,2
2023-06-11 23:19:00,2023-06-11 23:19:59,0.2507,0.2507,0.2506,0.2507,0.2505532836665449,0.250675,0.2506,0.2507,True,0.0002750788214587448,3.0285956851871187e-05,0,0.2502103587146782,0.2502354718379759,7.841753264566165,7.841753264566165,0.2509814149077569,0.2509836362354901,41.421628495749104,55.711160518676934,0,1
2023-06-11 23:20:00,2023-06-11 23:20:59,0.2506,0.2505,0.2505,0.2506,0.25061414183327246,0.25055,0.2505,0.25061414183327246,True,0.00026971604849740426,1.4021344397522728e-05,0,0.25022291527632706,0.25024761539419343,4.414710603949253,0.0,0.25097712222210755,0.25097882393463944,33.764137829579276,43.16546508879748,0,1
2023-06-11 23:21:00,2023-06-11 23:21:59,0.2505,0.2504,0.2504,0.2506,0.2505820709166362,0.250475,0.2504,0.2506,True,0.00026473633074758807,-5.082929112868812e-06,0,0.25023526533526025,0.25025873620161554,0.36977860824435993,0.0,0.25097212598109153,0.25097306449250373,20.101638649293633,31.76246832487411,0,1
2023-06-11 23:22:00,2023-06-11 23:22:59,0.2504,0.2501,0.25,0.2504,0.2505285354583181,0.250225,0.25,0.2505285354583181,True,0.00027439802140847544,-3.8871374586587254e-05,0,0.25024700076843787,0.25026726022528667,-6.351430846900357,-6.351430846900357,0.25096469189172743,0.2509643772836231,3.99640255901429,19.287393012629174,0,1
2023-06-11 23:23:00,2023-06-11 23:23:59,0.25,0.2499,0.2499,0.25,0.25037676772915907,0.24995,0.2499,0.25037676772915907,True,0.0002690838770221542,-7.371594817847142e-05,0,0.25025713049686227,0.25027179450652837,-12.704702719413433,-12.704702719413433,0.2509545954549938,0.2509537864648806,8.230453355887828e-14,8.032680402769442,0,1
2023-06-11 23:24:00,2023-06-11 23:24:59,0.2499,0.2499,0.2499,0.25,0.25016338386457954,0.249925,0.2499,0.25016338386457954,True,0.0002570064572348567,-9.384425240349911e-05,0,0.2502644625016953,0.25027298499891915,-16.940217301088815,-16.940217301088815,0.2509443507240984,0.2509433010274191,8.230453355887828e-14,1.3321341863382588,-1,-2
2023-06-11 23:25:00,2023-06-11 23:25:59,0.2499,0.2499,0.2497,0.25,0.25004419193228977,0.249875,0.2497,0.25004419193228977,True,0.00026007742457522366,-0.00010340110309741337,0,0.25026872375030723,0.250271191681615,-19.7638936888724,-19.7638936888724,0.25093371041838597,0.25093291992266864,8.230453355887828e-14,1.8937937637828224e-13,0,-2
2023-06-11 23:26:00,2023-06-11 23:26:59,0.2498,0.2499,0.2498,0.2499,0.2499595959661449,0.24985000000000002,0.2498,0.2499595959661449,True,0.00024864332281985174,-0.00010552528424758007,0,0.2502699577159611,0.25026688996743135,-21.64634461406146,-21.64634461406146,0.2509229272301433,0.2509226421124928,8.230453355887828e-14,1.8937937637828224e-13,0,-2
2023-06-11 23:27:00,2023-06-11 23:27:59,0.2499,0.2502,0.2499,0.2502,0.24990479798307247,0.25005,0.2499,0.2502,True,0.0002523116569041457,-8.200493085867096e-05,0,0.25026842384169623,0.25026201510177093,-13.689530767893011,-13.689530767893011,0.2509142413870573,0.2509154516437118,8.31121325898061,2.7704044196603648,0,-1
2023-06-11 23:28:00,2023-06-11 23:28:59,0.2502,0.2503,0.2502,0.2505,0.24997739899153623,0.25029999999999997,0.2502,0.2505,True,0.00025571796712527974,-5.654101683279468e-05,0,0.2502652194717336,0.250258437702551,-6.349023553146566,-6.349023553146566,0.2509081295324597,0.25090932774675945,25.802862198396923,11.371358485792646,0,-1
2023-06-11 23:29:00,2023-06-11 23:29:59,0.2503,0.2502,0.2502,0.2503,0.2501386994957681,0.25025,0.2502,0.2503,True,0.00024459525518776297,-4.4585782981045526e-05,0,0.2502618285871423,0.2502555632993741,-4.041565192798124,-4.041565192798124,0.25090158097989795,0.2509022697592295,42.14996741708316,25.42134762482034,0,-1
2023-06-11 23:30:00,2023-06-11 23:30:59,0.2502,0.2501,0.25,0.2503,0.250194349747884,0.25015,0.25,0.2503,True,0.0002485527369600672,-4.182829687930195e-05,0,0.2502586959432582,0.25025257598504186,-4.823583192807256,-4.823583192807256,0.2508941025621875,0.2508942869755556,48.976343901276586,38.97639117225233,0,-2
2023-06-11 23:31:00,2023-06-11 23:31:59,0.25,0.2498,0.2496,0.25,0.250172174873942,0.24985000000000002,0.2496,0.250172174873942,True,0.0002665132557486339,-5.878723637742964e-05,0,0.25025563596415007,0.25024746195207676,-10.161637478785174,-10.161637478785174,0.25088371348196675,0.2508833985479381,35.762263192954194,42.29619150377142,0,-2
2023-06-11 23:32:00,2023-06-11 23:32:59,0.2498,0.2499,0.2498,0.25,0.250011087436971,0.249875,0.2498,0.250011087436971,True,0.00026176230890944616,-6.020747622655403e-05,0,0.2502515489581134,0.250240880152867,-10.957125042767707,-10.957125042767707,0.2508736765318974,0.2508736134877596,24.902244866106496,36.54695065344586,0,-2
2023-06-11 23:33:00,2023-06-11 23:33:59,0.2499,0.25,0.2499,0.2502,0.2499430437184855,0.25,0.2499,0.2502,True,0.0002644935725587691,-5.141940728693703e-05,0,0.2502462145554902,0.2502340455620458,-8.920144075968977,-8.920144075968977,0.25086498323307255,0.2508649208162396,23.912480737565318,28.192329598875443,0,-1
2023-06-11 23:34:00,2023-06-11 23:34:59,0.2499,0.2501,0.2499,0.2501,0.24997152185924276,0.25,0.2499,0.2501,True,0.00025988688880456974,-3.634197052405621e-05,0,0.250240130058768,0.25022705883917257,-5.208522917293173,-5.208522917293173,0.2508563764347335,0.25085730966383923,35.97045472407996,28.261726775917364,0,-1
2023-06-11 23:35:00,2023-06-11 23:35:59,0.2501,0.25,0.2498,0.2501,0.24998576092962138,0.25,0.2498,0.2501,True,0.0002627521110328144,-3.153016295694739e-05,0,0.25023359444897025,0.2502200002780139,-5.063150366941812,-5.063150366941812,0.250847855276179,0.25084877921942295,48.27783620114957,36.05359055426505,0,-1
2023-06-11 23:36:00,2023-06-11 23:36:59,0.2499,0.2497,0.2497,0.2499,0.2499928804648107,0.24980000000000002,0.2497,0.2499928804648107,True,0.00026541267453047013,-4.723424715581879e-05,-1,0.25022679736349207,0.250211561374611,-9.867631344982676,-9.867631344982676,0.25083742885552046,0.2508373485804237,39.46716038902159,41.238483771417144,0,-2
2023-06-11 23:37:00,2023-06-11 23:37:59,0.2495,0.2495,0.2495,0.2495,0.24989644023240537,0.2495,0.2495,0.24989644023240537,True,0.000260740340635437,-6.856314209221661e-05,0,0.2502191793690515,0.2502000352988642,-15.170703909577995,-15.170703909577995,0.2508241211057143,0.2508240416293747,23.131618171413038,36.958871587194835,0,-2
2023-06-11 23:38:00,2023-06-11 23:38:59,0.2495,0.2495,0.2495,0.2496,0.24969822011620268,0.249525,0.2495,0.24969822011620268,True,0.00024925888773290496,-7.874479996605415e-05,0,0.25020960733395786,0.25018632927834406,-18.7060856193082,-18.7060856193082,0.25081119452754796,0.25081086708579886,7.058014819875844,23.218931126770258,0,-2
2023-06-11 23:39:00,2023-06-11 23:39:59,0.2496,0.2497,0.2494,0.2497,0.24961161005810134,0.2496,0.2494,0.2497,True,0.0002528832528948399,-6.741944352434994e-05,0,0.25019796830615093,0.2501715155896097,-15.275558637797914,-15.275558637797914,0.2507991428407067,0.2507998136819601,8.67731960767741,12.955650866322197,0,-1
2023-06-11 23:40:00,2023-06-11 23:40:59,0.2497,0.2498,0.2495,0.2499,0.24960580502905066,0.249725,0.2495,0.2499,True,0.00026339159197378073,-4.944469963724237e-05,0,0.2501847419478803,0.25015678909649225,-10.635222001955164,-10.635222001955164,0.25078845485224194,0.2507898652871147,23.94824356621749,13.227859331257013,0,-1
2023-06-11 23:41:00,2023-06-11 23:41:59,0.2497,0.2496,0.2492,0.2497,0.24966540251452535,0.24955,0.2492,0.2497,True,0.00028743504968993847,-4.846865506258005e-05,0,0.25017076552218626,0.25014103160639467,-11.187545767567364,-11.187545767567364,0.25077613191838877,0.25077802583152153,30.024192714432104,20.883251962775766,0,-2
2023-06-11 23:42:00,2023-06-11 23:42:59,0.2495,0.2493,0.249,0.2496,0.24960770125726267,0.24935000000000002,0.249,0.24960770125726267,True,0.0003097611175692278,-6.53046227303084e-05,0,0.25015589856429044,0.25012319830557067,-15.1771449311737,-15.1771449311737,0.2507619415510416,0.25076331910682975,23.534866863768656,25.83576771480618,0,-2
2023-06-11 23:43:00,2023-06-11 23:43:59,0.2493,0.2493,0.2492,0.2494,0.24947885062863134,0.24930000000000002,0.2492,0.24947885062863134,True,0.0003019210377428548,-7.222265262561537e-05,0,0.2501395484349305,0.250103510006599,-17.83687770691126,-17.83687770691126,0.25074739486894165,0.2507487587177071,8.263942905228575,20.607667494476544,0,-2
2023-06-11 23:44:00,2023-06-11 23:44:59,0.2494,0.2495,0.2494,0.2496,0.24938942531431568,0.249475,0.2494,0.2496,True,0.000301783820761222,-5.858562646766523e-05,0,0.25012152922076475,0.2500836970233153,-14.326612429642111,-14.326612429642111,0.2507347342234795,0.2507363332578294,17.92297212994447,16.573927299647334,0,-1
2023-06-11 23:45:00,2023-06-11 23:45:59,0.2495,0.2498,0.2494,0.2499,0.24943221265715784,0.24964999999999998,0.2494,0.2499,True,0.00031594211927827757,-2.5318609119148272e-05,0,0.25010261312204,0.25006512249943796,-6.626941993323882,-6.626941993323882,0.2507239408481215,0.25072701650899526,50.25671713387951,25.481210723017615,0,-1
2023-06-11 23:46:00,2023-06-11 23:46:59,0.2499,0.2504,0.2499,0.2504,0.2495411063285789,0.25015,0.2499,0.2504,True,0.00033623196790125897,3.975894234119963e-05,0,0.250083867810739,0.2500510809960804,4.036229231663739,0.0,0.25071822999391136,0.25072376261338336,83.59005046721285,50.58991324367904,0,-1
2023-06-11 23:47:00,2023-06-11 23:47:59,0.2504,0.2504,0.2504,0.2504,0.24984555316428944,0.2504,0.2504,0.2504,True,0.00031221539876545476,8.127335894569427e-05,0,0.2500674744034097,0.25004241997716886,11.145010048322149,11.145010048322149,0.25071506352631023,0.2507205410948422,99.46754041024472,77.77143600377913,0,2
2023-06-11 23:48:00,2023-06-11 23:48:59,0.2503,0.2503,0.2502,0.2503,0.2501227765821447,0.250275,0.2502,0.2503,True,0.0003042000131393533,9.869974090774433e-05,0,0.2500549471902893,0.2500371968423677,13.671768091746486,13.671768091746486,0.2507106847847549,0.25071635660633634,96.13081518607584,93.06280202117792,0,2
2023-06-11 23:49:00,2023-06-11 23:49:59,0.2503,0.2503,0.2503,0.2504,0.2501988882910724,0.250325,0.2503,0.2504,True,0.000289614297915113,0.00010646606252159197,0,0.2500460720163285,0.2500350592673365,15.356273454029377,15.356273454029377,0.2507068471252051,0.250712213754532,93.34979670196724,96.31605076609605,1,2
2023-06-11 23:50:00,2023-06-11 23:50:59,0.2504,0.2498,0.2498,0.2505,0.2502619441455362,0.250125,0.2498,0.2505,True,0.0003189275623497482,7.317863098476628e-05,0,0.2500405656418325,0.2500339934285566,7.589715784185458,7.589715784185458,0.2507010576015712,0.2507031370007556,84.4487954292591,91.30980243910085,0,1
2023-06-11 23:51:00,2023-06-11 23:51:59,0.2498,0.2494,0.2494,0.2498,0.2501934720727681,0.2496,0.2494,0.2501934720727681,True,0.00032471845075333645,2.1580896572200007e-05,0,0.25003727953519456,0.2500301766297329,-1.3929369808026024,-0.0,0.25069010180454065,0.2506901704634346,66.91441431912575,81.57100215011748,-1,1
2023-06-11 23:52:00,2023-06-11 23:52:59,0.2495,0.2499,0.2494,0.2499,0.24989673603638404,0.249675,0.2494,0.2499,True,0.0003372385614138124,2.2140675402072528e-05,0,0.25003372808246377,0.25002473474777925,-0.6922150778641196,-0.0,0.2506800012890726,0.25068230807076364,50.255863790209666,67.20635784619829,0,2
2023-06-11 23:53:00,2023-06-11 23:53:59,0.2499,0.2498,0.2498,0.2499,0.24978586801819203,0.24985000000000002,0.2498,0.2499,True,0.0003202929498842556,1.5217745090346558e-05,0,0.2500292314151215,0.2500192514496526,-1.3225945919669257,-0.0,0.2506717425697783,0.25067352888597993,44.1605238451907,53.77693398484215,0,1
2023-06-11 23:54:00,2023-06-11 23:54:59,0.2498,0.2496,0.2495,0.2498,0.24981793400909602,0.24967499999999998,0.2495,0.24981793400909602,True,0.00031884345346395125,-3.1141484566303416e-06,0,0.25002424143238705,0.25001257247943176,-3.873807007293159,-0.0,0.2506618247332631,0.2506628470065175,46.650345292669094,47.0222443093566,0,-2
2023-06-11 23:55:00,2023-06-11 23:55:59,0.2497,0.2504,0.2497,0.2504,0.249746467004548,0.25005,0.2497,0.2504,True,0.00035321177821652776,4.057729151450186e-05,0,0.2500184069559094,0.25000757087180037,2.1491436667711383,0.0,0.2506557369249719,0.25066023161341777,55.9075791766395,48.906149438166544,0,2
2023-06-11 23:56:00,2023-06-11 23:56:59,0.2503,0.2501,0.2501,0.2504,0.249898233502274,0.250225,0.2501,0.2504,True,0.00034941093691534883,4.6912238722270156e-05,0,0.25001298891385487,0.2500051248659856,2.949580364017379,0.0,0.2506514509854199,0.2506546571695032,64.23972384560584,55.59921610497158,1,2
2023-06-11 23:57:00,2023-06-11 23:57:59,0.2501,0.2501,0.25,0.2502,0.250061616751137,0.2501,0.25,0.2502,True,0.0003387387271356795,4.9305480752545103e-05,0,0.25000905688992026,0.2500038500527216,3.4832048288482014,3.4832048288482014,0.25064596391093813,0.2506491381926922,70.61672688480917,63.588009969018266,0,2
2023-06-11 23:58:00,2023-06-11 23:58:59,0.25,0.2502,0.25,0.2502,0.25008080837556845,0.2501,0.25,0.2502,True,0.000328828818054558,5.5819482151184424e-05,0,0.25000645347132094,0.250003506074164,4.857993034825668,4.857993034825668,0.2506405314342124,0.25064466915594896,65.63874494235888,66.83173189092473,0,2
2023-06-11 23:59:00,2023-06-11 23:59:59,0.2503,0.25,0.2499,0.2504,0.2500904041877842,0.25015,0.2499,0.2504,True,0.00034105533105066105,4.404265283840982e-05,0,0.2500049797727425,0.25000424036154895,3.105463486164062,3.105463486164062,0.2506356505244192,0.2506382545374818,58.94661917740003,65.06736366818946,0,1
