start_time,end_time,open,close,low,high,h_open,h_close,h_low,h_high,finish,atr_14,macd_13_34,st_signal,av2_open,av2_close,histo2,qqe,ema_h200,ema_200,fastk,fastd,xo_signal,macd_hists
2023-06-21 00:00:00,2023-06-21 00:00:59,0.01722,0.0172,0.0172,0.01722,0.017216213560983948,0.01721,0.0172,0.01722,True,2.1788029134580987e-05,2.576897286333773e-06,0,0.01710261412664249,0.017110055215594888,18.99061393150484,18.99061393150484,0.017163373162405512,0.01716410144835435,28.63085730469157,45.864079135827616,0,1
2023-06-21 00:01:00,2023-06-21 00:01:59,0.01719,0.01718,0.01717,0.01719,0.017213106780491975,0.0171825,0.01717,0.017213106780491975,True,2.2374598482110827e-05,-1.218659576525925e-06,0,0.01710633467111869,0.017113448238155,6.943124380651355,0.0,0.017163563479197497,0.01716425964289809,9.216180978391463,28.30698078919384,0,1
2023-06-21 00:02:00,2023-06-21 00:02:59,0.01719,0.0172,0.01719,0.01722,0.017197803390245986,0.0172,0.01719,0.01722,True,2.363355573338851e-05,-2.5404882562750437e-06,0,0.017109891454636844,0.017116713425809324,5.108782024970296,0.0,0.017163926031643295,0.01716461526834189,5.123266217923845,14.323434833668907,0,1
2023-06-21 00:03:00,2023-06-21 00:03:59,0.01721,0.01718,0.01718,0.01722,0.017198901695122993,0.0171975,0.01718,0.01722,True,2.4802587466717783e-05,-4.942337936090116e-06,0,0.017113302440223084,0.01711983841282493,-0.3902064792201685,-0.0,0.017164260100980176,0.017164768350248938,9.136991291746051,7.825479496020402,0,1
2023-06-21 00:04:00,2023-06-21 00:04:59,0.01718,0.0172,0.01718,0.01721,0.017198200847561497,0.0171925,0.01718,0.01721,True,2.5173831219094997e-05,-5.183689839405672e-06,0,0.017116570426524005,0.01712279727284013,0.6569977719729252,0.0,0.017164541095000273,0.01716511891392805,10.873053552715573,8.377770354128439,0,1
2023-06-21 00:05:00,2023-06-21 00:05:59,0.01721,0.01721,0.01719,0.01722,0.017195350423780748,0.0172075,0.01719,0.01722,True,2.5518557560588125e-05,-4.694628703249278e-06,0,0.017119683849682068,0.01712570795492524,3.267420209138727,0.0,0.017164968546791316,0.017165565491898918,14.12902663964457,11.379690494702013,0,1
2023-06-21 00:06:00,2023-06-21 00:06:59,0.01721,0.0172,0.0172,0.01723,0.017201425211890373,0.01721,0.0172,0.01723,True,2.58386605919746e-05,-5.119054895927793e-06,0,0.017122695902303652,0.017128577888471316,2.5283269028357296,0.0,0.017165416620952598,0.017165908123820323,19.849275038848322,14.950451743736105,0,1
2023-06-21 00:07:00,2023-06-21 00:07:59,0.01721,0.01722,0.0172,0.01722,0.017205712605945188,0.0172125,0.0172,0.01722,True,2.54216134068335e-05,-4.049522242934114e-06,0,0.017125636895387483,0.01713141320226851,5.8511210910330576,0.0,0.0171658851122864,0.017166446351444,28.899572553189035,20.959291410560592,0,2
2023-06-21 00:08:00,2023-06-21 00:08:59,0.01722,0.01722,0.01721,0.01722,0.017209106302972593,0.0172175,0.01721,0.01722,True,2.4320069592059648e-05,-3.4269364027190275e-06,0,0.017128525048827996,0.01713423611174336,8.066317216497943,0.0,0.017166398693258676,0.017166979223568937,33.452685532952046,27.400511041663083,0,1
2023-06-21 00:09:00,2023-06-21 00:09:59,0.01721,0.01721,0.0172,0.01723,0.017213303151486295,0.0172125,0.0172,0.01723,True,2.472577890691244e-05,-3.8013874801587306e-06,0,0.01713138058028568,0.01713699558172961,6.541098081109013,0.0,0.017166857412728737,0.017167407290996112,32.66993564454465,31.674064576895194,0,1
2023-06-21 00:10:00,2023-06-21 00:10:59,0.01722,0.01722,0.01721,0.01722,0.017212901575743147,0.0172175,0.01721,0.01722,True,2.3673937556418665e-05,-3.4260064388768e-06,0,0.017134188081007643,0.01713972047777896,7.809921055297636,0.0,0.017167361319069745,0.017167930601533463,35.48959879139068,33.87073998962908,0,1
2023-06-21 00:11:00,2023-06-21 00:11:59,0.01722,0.01721,0.01721,0.01722,0.017215200787871573,0.017215,0.01721,0.01722,True,2.269722773096016e-05,-3.948524912993487e-06,0,0.0171369542793933,0.01714238230518125,5.631940476294993,0.0,0.01716783533579542,0.01716834920251323,33.59229468272128,33.91727637288549,0,1
2023-06-21 00:12:00,2023-06-21 00:12:59,0.01722,0.01721,0.01721,0.01722,0.017215100393935787,0.017215,0.01721,0.01722,True,2.1790282893034407e-05,-4.3359420404079864e-06,0,0.017139668292287275,0.017144976215227436,4.179953423626564,0.0,0.017168304635936757,0.01716876363830912,39.8214901926382,36.301127888916675,0,1
2023-06-21 00:13:00,2023-06-21 00:13:59,0.01721,0.01722,0.01721,0.01722,0.017215050196967896,0.017215,0.01721,0.01722,True,2.0948119829246206e-05,-3.9258243982926265e-06,0,0.017142322253757353,0.017147498856480075,6.102033441648736,0.0,0.01716876926642495,0.01716927345285331,42.95609465030953,38.78995984188962,0,1
2023-06-21 00:14:00,2023-06-21 00:14:59,0.01721,0.01723,0.01721,0.01723,0.01721502509848395,0.01722,0.01721,0.01723,True,2.088039698429999e-05,-3.012080049281803e-06,0,0.017144910555118714,0.017149982384625943,9.732719603520238,0.0,0.017169279024967985,0.017169877697103524,63.229765700187556,48.66911684771171,0,2
2023-06-21 00:15:00,2023-06-21 00:15:59,0.01723,0.01721,0.01721,0.01723,0.017217512549241976,0.01722,0.01721,0.01723,True,2.081751148542136e-05,-3.865976049034935e-06,0,0.01714744646987233,0.01715241807910356,5.522630290272481,0.0,0.01716978371128671,0.017170276923998015,78.89678101769125,61.694213789396066,0,1
2023-06-21 00:16:00,2023-06-21 00:16:59,0.01721,0.01722,0.01721,0.01722,0.017218756274620987,0.017215,0.01721,0.01722,True,2.004483209360552e-05,-3.7609128031852663e-06,0,0.017149932274487942,0.01715476509702605,5.38214332941218,0.0,0.01717023362460724,0.017170771680973158,75.2044090213025,72.44365191306039,0,1
2023-06-21 00:17:00,2023-06-21 00:17:59,0.01722,0.01724,0.01722,0.01724,0.017216878137310494,0.01723,0.01722,0.01724,True,2.0041629801205067e-05,-2.3487156229653408e-06,0,0.017152348685756994,0.017157129112186115,9.273623947674658,0.0,0.017170828314909656,0.01717146051996845,77.22902312881139,77.11007105593501,0,2
2023-06-21 00:18:00,2023-06-21 00:18:59,0.01723,0.01723,0.01723,0.01726,0.017223439068655248,0.0172375,0.01723,0.01726,True,2.075294195826201e-05,-2.20812933062115e-06,0,0.017154738898971553,0.0171595417477088,8.788791940611937,0.0,0.017171491714761303,0.017172043002356824,79.71492205010554,77.38278473340644,0,1
2023-06-21 00:19:00,2023-06-21 00:19:59,0.01724,0.01723,0.01723,0.01724,0.017230469534327622,0.017235,0.01723,0.01724,True,1.998487467552898e-05,-2.206671046938061e-06,0,0.017157140323340175,0.017161958956480802,8.465570602570118,0.0,0.01717212363799751,0.017172619688900537,92.74278515738644,83.22891011210109,0,1
2023-06-21 00:20:00,2023-06-21 00:20:59,0.01724,0.01721,0.01721,0.01724,0.01723273476716381,0.017224999999999997,0.01721,0.01724,True,2.0700240770133965e-05,-3.663054597030783e-06,0,0.01715954963991049,0.017164294570546714,2.775659598184525,0.0,0.017172649770952758,0.017172991632294562,59.4094518240531,77.28905301051499,0,1
2023-06-21 00:21:00,2023-06-21 00:21:59,0.01722,0.01723,0.01722,0.01723,0.017228867383581904,0.017224999999999997,0.01722,0.01723,True,2.0650223572267193e-05,-3.2477512311208634e-06,0,0.0171619221052286,0.01716654991973036,3.9482541396703184,0.0,0.017173170668754224,0.01717355887973442,26.076118490719768,59.409451824053065,0,1
2023-06-21 00:22:00,2023-06-21 00:22:59,0.01723,0.01724,0.01723,0.01726,0.01722693369179095,0.01724,0.01723,0.01726,True,2.1318064745676842e-05,-2.3214030857703117e-06,0,0.01716423601247948,0.01716882951766582,6.658016908865278,0.0,0.01717383563722433,0.017174219985408704,22.73272302710377,36.07276444729218,0,2
2023-06-21 00:23:00,2023-06-21 00:23:59,0.01724,0.01728,0.01724,0.01729,0.017233466845895475,0.0172625,0.01724,0.01729,True,2.336677440670003e-05,9.546929154909913e-07,0,0.01716653276507265,0.017171266940275962,13.375039865479309,0.0,0.01717471786968976,0.017175272522867324,56.0660563604371,34.95829929275351,0,2
2023-06-21 00:24:00,2023-06-21 00:24:59,0.01728,0.01731,0.01728,0.01731,0.017247983422947737,0.017294999999999998,0.01728,0.01731,True,2.38405762347928e-05,4.915609844081521e-06,0,0.017168899852674304,0.017174034880613784,19.85558920812207,19.85558920812207,0.017175914706807276,0.01717661309477909,89.39938969377044,56.066056360437074,0,2
2023-06-21 00:25:00,2023-06-21 00:25:59,0.01731,0.01729,0.01728,0.01731,0.017271491711473866,0.0172975,0.01728,0.01731,True,2.4280535075164655e-05,5.70485046547851e-06,0,0.017171467366644044,0.017177061201527344,19.43706882299125,19.43706882299125,0.017177124510719642,0.017177741322691738,100.00000000000006,81.8218153514025,0,2
2023-06-21 00:26:00,2023-06-21 00:26:59,0.01728,0.01728,0.01728,0.01728,0.017284495855736933,0.01728,0.01728,0.017284495855736933,True,2.3260496855510007e-05,5.084470213074062e-06,0,0.017174264284085694,0.01718015011489478,17.022754369557404,0.0,0.0171781481474289,0.017178758821968437,82.58679319348894,90.66206096241979,0,1
2023-06-21 00:27:00,2023-06-21 00:27:59,0.01728,0.01727,0.01727,0.01728,0.017282247927868467,0.017275,0.01727,0.017282247927868467,True,2.2313318508687833e-05,3.572279545489864e-06,0,0.017177207199490237,0.01718323280919336,13.324211026490865,0.0,0.017179111847454482,0.017179666694386662,60.65223015458193,81.07967444935694,0,1
2023-06-21 00:28:00,2023-06-21 00:28:59,0.01727,0.01726,0.01726,0.01727,0.01727862396393423,0.017265000000000003,0.01726,0.01727862396393423,True,2.1433795758067245e-05,1.545568125909137e-06,0,0.0171802200043418,0.017186220845979427,8.847483520027616,0.0,0.017179966455937522,0.017180466030760923,30.02494992840035,57.75465775882372,0,1
2023-06-21 00:29:00,2023-06-21 00:29:59,0.01726,0.01727,0.01726,0.01728,0.017271811981967117,0.0172675,0.01726,0.01728,True,2.1331381775348097e-05,6.461036910179372e-07,0,0.017183220425160614,0.017189131009788836,7.777256889209312,0.0,0.017180837436475457,0.017181356916026985,18.099664226508246,36.25894810316348,0,1
2023-06-21 00:30:00,2023-06-21 00:30:59,0.01728,0.01728,0.01727,0.01732,0.01726965599098356,0.0172875,0.01727,0.01732,True,2.3379140219965946e-05,5.147681936049347e-07,0,0.017186175717474727,0.017192097118106785,8.851701743018815,0.0,0.017181898755515502,0.017182338439250596,20.027732808371862,22.717448987760132,0,1
2023-06-21 00:31:00,2023-06-21 00:31:59,0.01727,0.01727,0.01725,0.01727,0.017278577995491783,0.017265000000000003,0.01725,0.017278577995491783,True,2.3852058775682578e-05,-4.863207450725798e-07,0,0.017189136417790758,0.017194932547344367,6.99165269875467,0.0,0.017182725633570074,0.01718321069358641,17.32167970122011,18.48302557870005,0,1
2023-06-21 00:32:00,2023-06-21 00:32:59,0.01726,0.01727,0.01725,0.01728,0.017271788997745893,0.017265000000000003,0.01725,0.01728,True,2.4291197434562306e-05,-1.3182767795567898e-06,0,0.017192034482567564,0.01719764563796302,5.751620002578576,0.0,0.017183544283982312,0.017184074268774607,13.326838876289992,16.892083795293967,0,1
2023-06-21 00:33:00,2023-06-21 00:33:59,0.01727,0.01727,0.01725,0.01727,0.01726839449887295,0.017265000000000003,0.01725,0.01727,True,2.398468333209351e-05,-2.001377797241411e-06,0,0.017194840060265292,0.017200243795839707,4.924931538461173,0.0,0.017184354788619304,0.01718492925117486,5.684341886080802e-14,10.216172859170031,0,1
2023-06-21 00:34:00,2023-06-21 00:34:59,0.01727,0.01729,0.01727,0.01729,0.017266697249436476,0.01728,0.01727,0.01729,True,2.370006309408677e-05,-1.1828735211538035e-06,0,0.0171975419280525,0.01720283655618626,9.117312050129058,0.0,0.01718530648226488,0.01718597473126267,7.119117133617178,6.815318669969053,0,2
2023-06-21 00:35:00,2023-06-21 00:35:59,0.0173,0.0173,0.01729,0.01732,0.017273348624718236,0.0173025,0.01729,0.01732,True,2.4150058587366198e-05,-1.1406769035177342e-07,0,0.01720018924211938,0.01720556165185405,13.585796677269506,0.0,0.017186472586918963,0.017187109311051104,22.940755639378292,10.019957590998487,0,2
2023-06-21 00:36:00,2023-06-21 00:36:59,0.0173,0.01728,0.01728,0.01731,0.017287924312359117,0.017292500000000002,0.01728,0.01731,True,2.456791154541138e-05,-9.883780668819235e-07,0,0.017202875446986718,0.017208303628361944,10.025900087850026,0.0,0.0171875275860541,0.01718803359651328,31.62383397994868,20.561235584314698,0,1
2023-06-21 00:37:00,2023-06-21 00:37:59,0.01729,0.01728,0.01728,0.01729,0.01729021215617956,0.017285000000000002,0.01728,0.01729021215617956,True,2.3527346435024822e-05,-1.70667555309389e-06,0,0.017205589537674332,0.017210988624423135,7.652635694903708,0.0,0.01718849746081973,0.01718894868510519,28.08536047020205,27.54998336317632,0,1
2023-06-21 00:38:00,2023-06-21 00:38:59,0.01728,0.01729,0.01728,0.01729,0.01728760607808978,0.017285000000000002,0.01728,0.01729,True,2.256110740395159e-05,-1.603355143814884e-06,0,0.017208289081048735,0.01721361033744954,8.629331353594502,0.0,0.01718945768509018,0.017189954170825538,15.844365588311435,25.1845200128207,0,1
2023-06-21 00:39:00,2023-06-21 00:39:59,0.01728,0.01729,0.01728,0.01729,0.01728630303904489,0.017285000000000002,0.01728,0.01729,True,2.166388544652645e-05,-1.6565690520790776e-06,0,0.01721094970924914,0.017216164239558154,9.280461792721695,0.0,0.017190408354890278,0.017190949651712847,13.80160072881002,19.243775595774476,0,1
2023-06-21 00:40:00,2023-06-21 00:40:59,0.01729,0.0173,0.01729,0.0173,0.017285651519522445,0.017294999999999998,0.01729,0.0173,True,2.083075077177453e-05,-1.1201791043775517e-06,0,0.017213556974403646,0.017218715841804504,12.212369337174124,0.0,0.01719144906777694,0.017192034729805256,27.97452221107513,19.206829509398837,0,2
2023-06-21 00:41:00,2023-06-21 00:41:59,0.0173,0.01731,0.0173,0.01732,0.01729032575976122,0.0173075,0.0173,0.01732,True,2.0771411430933432e-05,-2.2484616482584623e-07,0,0.017216136408104075,0.017221333889941477,16.1436130835898,16.1436130835898,0.017192603803420952,0.017193208513588288,53.59277039428165,31.78963111138891,0,2
2023-06-21 00:42:00,2023-06-21 00:42:59,0.01731,0.01728,0.01727,0.01731,0.017298912879880612,0.0172925,0.01727,0.01731,True,2.21448820430095e-05,-1.8801342618474748e-06,0,0.017218735149022776,0.017223883372849032,8.878859344136409,0.0,0.017193597795426712,0.017194072110468007,51.87519327513419,44.480828626830295,0,1
2023-06-21 00:43:00,2023-06-21 00:43:59,0.01728,0.01731,0.01728,0.01731,0.017295706439940307,0.017294999999999998,0.01728,0.01731,True,2.2705961897080162e-05,-9.928025605871438e-07,0,0.017221309260935905,0.017226378534363908,10.059429769105243,0.0,0.017194606772586645,0.017195225621806635,41.60952707428774,49.02583024790116,0,2
2023-06-21 00:44:00,2023-06-21 00:44:59,0.0173,0.01729,0.01729,0.01731,0.017295353219970153,0.0172975,0.01729,0.01731,True,2.251267890443152e-05,-1.928379233377451e-06,0,0.01722384389764991,0.01722883096146146,6.555870416344973,0.0,0.01719563058579474,0.017196168650445376,22.551888036030636,38.67886946181749,0,1
2023-06-21 00:45:00,2023-06-21 00:45:59,0.01729,0.01728,0.01726,0.01729,0.017296426609985077,0.01728,0.01726,0.017296426609985077,True,2.3047487554114894e-05,-3.3116538300668525e-06,0,0.017226337429555684,0.017231112848583124,2.4016604381602065,0.0,0.017196470082453497,0.017197002793227015,17.62915167410914,27.263522261475813,0,-2
2023-06-21 00:46:00,2023-06-21 00:46:59,0.01728,0.01729,0.01728,0.01729,0.01728821330499254,0.017285000000000002,0.01728,0.01729,True,2.211552415739237e-05,-3.5454372800237285e-06,0,0.017228725139069402,0.017233279117527395,1.8070545318276245,0.0,0.017197350977155454,0.01719792813856804,14.187435252025002,18.122824987388235,0,-2
2023-06-21 00:47:00,2023-06-21 00:47:59,0.01729,0.01729,0.01727,0.0173,0.01728660665249627,0.0172875,0.01727,0.0173,True,2.267870100329283e-05,-3.705468932001356e-06,0,0.0172310021282984,0.017235356649217465,1.4106505942725676,0.0,0.017198247982357886,0.017198844276492736,10.141341077734252,13.985976001289439,0,-2
2023-06-21 00:48:00,2023-06-21 00:48:59,0.0173,0.01731,0.0173,0.01732,0.017287053326248136,0.0173075,0.0173,0.01732,True,2.320165093162897e-05,-2.433154377676863e-06,0,0.017233179388757933,0.017237487284635773,5.2872227581420645,0.0,0.017199335067110542,0.01719995030359231,30.890110147768382,18.406295492509187,0,-1
2023-06-21 00:49:00,2023-06-21 00:49:59,0.01731,0.01731,0.0173,0.01731,0.01729727666312407,0.017307499999999996,0.0173,0.01731,True,2.2258675865084015e-05,-1.6593645550594007e-06,0,0.017235333336696853,0.017239645110567952,7.871604200721727,0.0,0.017200411335099492,0.017201045325447112,49.460008257940466,30.16381982781434,0,-1
2023-06-21 00:50:00,2023-06-21 00:50:59,0.01731,0.0173,0.0173,0.01732,0.017302388331562033,0.0173075,0.0173,0.01732,True,2.2097341874720813e-05,-1.9256329354166695e-06,0,0.017237489223632402,0.017241809538802253,6.372159300427704,0.0,0.017201476893954223,0.017202029949074504,65.98093025679115,48.77701622083331,0,-2
2023-06-21 00:51:00,2023-06-21 00:51:59,0.01731,0.01728,0.01728,0.01731,0.017304944165781017,0.017294999999999998,0.01728,0.01731,True,2.266181745509781e-05,-3.534946270848026e-06,0,0.017239649381217328,0.017243878551502657,0.5862935496784019,0.0,0.017202407472123833,0.017202805770476746,52.03007816446882,55.82367222640013,0,-2
2023-06-21 00:52:00,2023-06-21 00:52:59,0.01727,0.01725,0.01725,0.01727,0.017299972082890507,0.01726,0.01725,0.017299972082890507,True,2.318597335116216e-05,-6.620267343775458e-06,0,0.017241763966359992,0.017245618110033487,-7.513864886695075,-7.513864886695075,0.0172029805321027,0.01720327536480036,29.413997571091713,49.1416686641172,0,-2
2023-06-21 00:53:00,2023-06-21 00:53:59,0.01725,0.01726,0.01725,0.01727,0.017279986041445254,0.017257500000000002,0.01725,0.017279986041445254,True,2.295840382607909e-05,-7.767682240698277e-06,0,0.01724369103819674,0.017247069199099557,-10.077507845795964,-10.077507845795964,0.017203523014370333,0.017203839789031204,6.797916977711869,29.41399757109077,0,-2
2023-06-21 00:54:00,2023-06-21 00:54:59,0.01726,0.01726,0.01726,0.01727,0.017268743020722628,0.0172625,0.01726,0.01727,True,2.2032803552787696e-05,-8.283697239492947e-06,0,0.017245380118648148,0.01724831752343048,-11.786603151863218,-11.786603151863218,0.01720410985004824,0.017204398597100545,2.896632221689585,13.036182256831026,0,-2
2023-06-21 00:55:00,2023-06-21 00:55:59,0.01727,0.01728,0.01727,0.01728,0.017265621510361314,0.017275,0.01727,0.01728,True,2.1887603299017086e-05,-6.983371880139722e-06,0,0.01724684882103931,0.017249483408120308,-7.502948077777333,-7.502948077777333,0.017204815224674624,0.017205150849865715,14.682059069535237,8.125536089645534,0,-1
2023-06-21 00:56:00,2023-06-21 00:56:59,0.01728,0.01731,0.01728,0.01731,0.017270310755180658,0.017294999999999998,0.01728,0.01731,True,2.2467060206230064e-05,-3.869993122709744e-06,0,0.01724816611457981,0.01725071360956139,0.40826255267886324,0.0,0.017205712585623135,0.017206194124991428,37.61170517888309,18.396798823369277,0,-1
2023-06-21 00:57:00,2023-06-21 00:57:59,0.0173,0.0173,0.0173,0.0173,0.017282655377590328,0.0173,0.0173,0.0173,True,2.1576555905785033e-05,-2.4607429808952897e-06,0,0.0172494398620706,0.017252020312860206,3.2474059014363874,0.0,0.017206650768850765,0.017207127516782557,60.13927637279042,37.477680207069554,0,-1
2023-06-21 00:58:00,2023-06-21 00:58:59,0.01731,0.0173,0.0173,0.01731,0.017291327688795162,0.017305,0.0173,0.01731,True,2.0749659055371784e-05,-1.5268047863562889e-06,0,0.017250730087465405,0.017253412586552688,5.140168133941408,0.0,0.017207629368165684,0.01720805162109318,76.27237409429766,58.0077852153237,0,-1
2023-06-21 00:59:00,2023-06-21 00:59:59,0.01731,0.01731,0.0173,0.01732,0.01729816384439758,0.01731,0.0173,0.01732,True,2.0696111979988026e-05,-2.5389520680792797e-07,0,0.017252071337009046,0.01725489698325704,8.278531055865088,0.0,0.017208647981417767,0.017209066032823597,83.74850480194597,73.38671842301132,0,-1
2023-06-21 01:00:00,2023-06-21 01:00:59,0.0173,0.01731,0.0173,0.01732,0.01730408192219879,0.0173075,0.0173,0.01732,True,2.064638969570311e-05,4.957189445476799e-07,0,0.017253484160133045,0.017256426571857848,10.370773003814207,10.370773003814207,0.017209631583592715,0.017210070350904955,86.77609730061245,82.26565873228533,0,-1
2023-06-21 01:01:00,2023-06-21 01:01:59,0.0173,0.0173,0.01729,0.01731,0.017305790961099396,0.0173,0.01729,0.01731,True,2.060021900315283e-05,1.8682681399014702e-07,0,0.017254955365995448,0.017257929787776096,8.218681404804762,0.0,0.017210530771815672,0.01721096517328401,81.50434700954604,84.0096497040348,0,-2
2023-06-21 01:02:00,2023-06-21 01:02:59,0.0173,0.01733,0.0173,0.01735,0.017302895480549696,0.017320000000000002,0.0173,0.01735,True,2.270020336007059e-05,1.9499987146803946e-06,0,0.017256442576885772,0.01725953914790538,12.504839053790995,12.504839053790995,0.017211620017867257,0.01721214959942049,84.24883091587499,84.17642507534447,0,-1
2023-06-21 01:03:00,2023-06-21 01:03:59,0.01734,0.0173,0.0173,0.01735,0.01731144774027485,0.0173225,0.0173,0.01735,True,2.4650188834351367e-05,8.561912364165712e-07,0,0.017257990862395576,0.017261238186855155,8.044580113259975,0.0,0.017212723301271562,0.017213023732759587,89.130368334945,84.96118208678865,0,-2
2023-06-21 01:04:00,2023-06-21 01:04:59,0.01731,0.01732,0.01731,0.01732,0.017316973870137427,0.017314999999999997,0.01731,0.01732,True,2.4318032489040497e-05,1.391542419948842e-06,0,0.017259614524625367,0.01726294471538093,8.431148867684882,0.0,0.017213740979865874,0.01721408817322964,93.96052417324579,89.11324114135523,0,-1
2023-06-21 01:05:00,2023-06-21 01:05:59,0.01732,0.01732,0.01731,0.01732,0.017315986935068712,0.0173175,0.01731,0.01732,True,2.3295315882680435e-05,1.5824578975279723e-06,0,0.01726127962000315,0.017264662584560702,8.688861370634818,0.0,0.01721477340792691,0.01721514202225223,89.60737247323898,90.89942166047656,0,-1
2023-06-21 01:06:00,2023-06-21 01:06:59,0.01732,0.01732,0.01732,0.01732,0.017316743467534354,0.01732,0.01732,0.01732,True,2.163136474820326e-05,1.5395298272095476e-06,0,0.017262971102281928,0.017266394748566314,8.860669705934775,0.0,0.017215820438693807,0.017216185385214897,86.43191779401855,89.99993814683442,0,-1
2023-06-21 01:07:00,2023-06-21 01:07:59,0.01732,0.01736,0.01732,0.01736,0.017318371733767178,0.01734,0.01732,0.01736,True,2.294341012333173e-05,4.0876857522170385e-06,0,0.017264682925424123,0.017268263503770965,14.502209453552197,14.502209453552197,0.017217056056219242,0.01721761637640679,92.28832101076465,89.44253709267404,0,2
2023-06-21 01:08:00,2023-06-21 01:08:59,0.01735,0.0174,0.01735,0.0174,0.01732918586688359,0.017375,0.01735,0.0174,True,2.4876023685950747e-05,8.18997602573121e-06,0,0.017266473214597546,0.017270467113760415,20.909371336386485,20.909371336386485,0.0172186276377494,0.017219431138830604,96.82454532077965,91.84826137518759,0,2
2023-06-21 01:09:00,2023-06-21 01:09:59,0.01741,0.01738,0.01737,0.01741,0.017352092933441796,0.017392499999999998,0.01737,0.01741,True,2.595630770838272e-05,8.985220166121709e-06,0,0.01726847016417898,0.017273039306779484,20.593620089891758,20.593620089891758,0.017220357711005625,0.017221028838941742,100.00000000000007,96.3709554438481,0,2
2023-06-21 01:10:00,2023-06-21 01:10:59,0.01739,0.01737,0.01736,0.01739,0.017372296466720897,0.0173775,0.01736,0.01739,True,2.624514287206958e-05,8.277697444889502e-06,0,0.017270754735479232,0.017275781123878342,18.289658967832224,18.289658967832224,0.01722192131587124,0.017222511139051773,88.97360697155897,95.26605076411288,0,2
2023-06-21 01:11:00,2023-06-21 01:11:59,0.01736,0.01737,0.01736,0.01737,0.01737489823336045,0.017365,0.01736,0.01737489823336045,True,2.508477552406458e-05,7.302555948447877e-06,0,0.017273267929678787,0.01727855191213368,16.753684886459197,16.753684886459197,0.017223344984370035,0.01722397868990698,69.66570270964405,86.21310322706768,0,1
2023-06-21 01:12:00,2023-06-21 01:12:59,0.01737,0.0174,0.01736,0.0174,0.017369949116680224,0.0173825,0.01736,0.0174,True,2.6150148700916993e-05,8.243392901349932e-06,0,0.017275909920906236,0.017281446567640826,19.11256199690729,19.11256199690729,0.017224928616366354,0.017225730145728802,55.89411020326758,71.51113996149019,0,2
2023-06-21 01:13:00,2023-06-21 01:13:59,0.01739,0.01738,0.01738,0.01739,0.017376224558340113,0.017384999999999998,0.01738,0.01739,True,2.571085236513715e-05,6.938696885817723e-06,0,0.01727867824427353,0.017284436036949943,16.188769430149833,16.188769430149833,0.017226521366452262,0.017227265169154387,53.899871399301695,59.81989477073776,0,1
2023-06-21 01:14:00,2023-06-21 01:14:59,0.01738,0.01736,0.01736,0.0174,0.017380612279170055,0.017375,0.01736,0.0174,True,2.6731505767627237e-05,4.229444769126991e-06,0,0.017281557140611737,0.01728741103225884,10.622712179726726,0.0,0.017227998765791046,0.017228585913739915,53.482658740610596,54.42554678105994,0,1
2023-06-21 01:15:00,2023-06-21 01:15:59,0.01736,0.01736,0.01734,0.01736,0.017377806139585027,0.017355000000000002,0.01734,0.017377806139585027,True,2.6250683927082378e-05,2.0982673828561304e-06,0,0.01728448408643529,0.017290216999184652,6.9120073461113165,0.0,0.01722926245966377,0.017229893516588275,33.92091791365374,47.10114935118866,0,1
2023-06-21 01:16:00,2023-06-21 01:16:59,0.01736,0.01737,0.01736,0.01737,0.017366403069792515,0.017365,0.01736,0.01737,True,2.508992078943361e-05,1.1188070643139168e-06,0,0.01728735054280997,0.017292939247593245,6.368162070439858,0.0,0.017230613081955674,0.01723128761095058,17.81366827180327,35.07241497535585,0,1
2023-06-21 01:17:00,2023-06-21 01:17:59,0.01737,0.01737,0.01737,0.01739,0.017365701534896257,0.017375,0.01737,0.01739,True,2.472635501875972e-05,2.4040194661732134e-07,0,0.017290144895201608,0.01729564551694002,6.005598553325555,0.0,0.01723204976770736,0.01723266783372719,12.401857788916194,21.37881465812438,0,1
2023-06-21 01:18:00,2023-06-21 01:18:59,0.01737,0.01734,0.01734,0.01737,0.01737035076744813,0.017355000000000002,0.01734,0.01737035076744813,True,2.5103043945991082e-05,-2.590764643203529e-06,0,0.017292895206070812,0.017298183416704017,-0.338948146515321,-0.0,0.017233273153103305,0.01723373581548115,12.401857788916194,14.205794616545198,0,1
2023-06-21 01:19:00,2023-06-21 01:19:59,0.01734,0.01735,0.01733,0.01735,0.017362675383724067,0.0173425,0.01733,0.017362675383724067,True,2.4738540806991663e-05,-3.81025073848992e-06,0,0.017295539311387415,0.017300485581926758,-2.11097126315218,-0.0,0.017234359987400784,0.017234892673038554,8.19640592984034,11.000040502557555,0,1
2023-06-21 01:20:00,2023-06-21 01:20:59,0.01734,0.01735,0.01732,0.01735,0.017352587691862036,0.01734,0.01732,0.017352587691862036,True,2.5114359320778136e-05,-4.612477088151397e-06,0,0.017298012446657084,0.017302569203726983,-3.2923200075767554,-3.2923200075767554,0.017235411131804757,0.017236038019575482,8.171241461241152e-14,6.866087906252184,0,-2
2023-06-21 01:21:00,2023-06-21 01:21:59,0.01735,0.01736,0.01734,0.01736,0.01734629384593102,0.0173525,0.01734,0.01736,True,2.4749047940722497e-05,-4.415669052554387e-06,0,0.017300290825192032,0.017304552232185636,-1.4053600592965196,-0.0,0.017236576195169884,0.01723727147211702,4.624194563061249,4.27353349763387,0,-2
2023-06-21 01:22:00,2023-06-21 01:22:59,0.01735,0.01733,0.01732,0.01735,0.01734939692296551,0.017337500000000002,0.01732,0.01735,True,2.583840165924245e-05,-6.317438870612822e-06,0,0.017302421528688834,0.01730633954116296,-6.1116693313606945,-6.1116693313606945,0.017237580412133368,0.017238194144036253,4.624194563061249,3.0827963753741727,0,-2
2023-06-21 01:23:00,2023-06-21 01:23:59,0.01732,0.01732,0.01731,0.01734,0.017343448461482756,0.017322499999999998,0.01731,0.017343448461482756,True,2.6135658683582436e-05,-8.10887517223074e-06,0,0.017304380534925896,0.017307857580023917,-10.630950800666511,-10.630950800666511,0.017238425383156918,0.01723900813265281,4.624194563061249,4.624194563061228,0,-2
2023-06-21 01:24:00,2023-06-21 01:24:59,0.01731,0.01731,0.0173,0.01732,0.01733297423074138,0.01731,0.0173,0.01733297423074138,True,2.5697397349040774e-05,-9.7353066640919e-06,0,0.01730611905747491,0.01730906744197432,-14.918601258274713,-14.918601258274713,0.01723913756839914,0.01723971451939258,8.171241461241152e-14,3.0827963753741727,0,-2
2023-06-21 01:25:00,2023-06-21 01:25:59,0.01731,0.01733,0.01731,0.01733,0.01732148711537069,0.017320000000000002,0.01731,0.01733,True,2.529044039553805e-05,-9.108996805169617e-06,0,0.017307593249724616,0.01731009498377078,-12.085792945177623,-12.085792945177623,0.0172399421697086,0.0172406128823837,4.195568998331172,2.939921187130814,0,-2
2023-06-21 01:26:00,2023-06-21 01:26:59,0.01732,0.01733,0.01732,0.01734,0.017320743557685345,0.017327500000000003,0.01732,0.01734,True,2.491255179585695e-05,-8.410897475887799e-06,0,0.0173088441167477,0.017311023391574372,-10.19725406977956,-10.19725406977956,0.017240813391900554,0.017241502306439584,11.430428327888613,5.208665775406602,0,-2
2023-06-21 01:27:00,2023-06-21 01:27:59,0.01733,0.01732,0.01732,0.01733,0.017324121778842676,0.017325,0.01732,0.01733,True,2.384736952472453e-05,-8.369709499777064e-06,0,0.017309933754161035,0.017311850227964682,-11.019858500341243,-11.019858500341243,0.017241651069593085,0.0172422833780173,18.92779715326993,11.517931493163218,-1,-2
2023-06-21 01:28:00,2023-06-21 01:28:59,0.01732,0.01733,0.01732,0.01734,0.017324560889421338,0.017327500000000003,0.01732,0.01734,True,2.3572557415815824e-05,-7.36999067582705e-06,0,0.01731089199106286,0.01731260857614872,-8.503384055321163,-8.503384055321163,0.01724250528780609,0.017243156180226083,24.683239040013135,18.34715484039054,0,-1
2023-06-21 01:29:00,2023-06-21 01:29:59,0.01733,0.01734,0.01733,0.01734,0.01732603044471067,0.017335000000000003,0.01733,0.01734,True,2.2603089028971807e-05,-5.783405013082939e-06,0,0.01731175028360579,0.017313359257987274,-4.157348261716201,-4.157348261716201,0.017243425633201054,0.017244119800323338,31.839590236350762,25.150208809877924,0,-1
2023-06-21 01:30:00,2023-06-21 01:30:59,0.01734,0.01734,0.01734,0.01735,0.017330515222355337,0.0173425,0.01734,0.01735,True,2.170286838404522e-05,-4.564898423891047e-06,0,0.01731255477079653,0.01731415021155837,-1.2599910659795555,-0.0,0.01724441144779607,0.017245073832160916,43.01989392396305,33.1809077334423,0,-1
2023-06-21 01:31:00,2023-06-21 01:31:59,0.01735,0.01736,0.01735,0.01737,0.01733650761117767,0.0173575,0.01735,0.01737,True,2.2295520642327617e-05,-2.2601932157680705e-06,0,0.01731335249117745,0.017315070360517028,5.237371241517479,0.0,0.017245536707021978,0.017246217376119515,66.40221637222209,47.08723351084527,1,-1
2023-06-21 01:32:00,2023-06-21 01:32:59,0.01737,0.01736,0.01735,0.01737,0.017347003805588835,0.0173625,0.01735,0.01737,True,2.21315548821613e-05,-7.244423699492233e-07,0,0.01731421142584724,0.01731612021802982,9.568946113182172,9.568946113182172,0.017246700520882455,0.017247349541531263,85.34433917966037,64.9221498252818,0,-1
2023-06-21 01:33:00,2023-06-21 01:33:59,0.01736,0.01735,0.01735,0.01736,0.017354751902794417,0.017355000000000002,0.01735,0.01736,True,2.1265015247721177e-05,-4.393276602335305e-07,0,0.017315165821938528,0.017317213534884454,8.402538232369025,8.402538232369025,0.017247778127639845,0.017248370939127965,93.9800385089692,81.90886468695054,0,-1
2023-06-21 01:34:00,2023-06-21 01:34:59,0.01735,0.01734,0.01734,0.01735,0.01735487595139721,0.017345,0.01734,0.01735487595139721,True,2.046037130145535e-05,-9.74871296235862e-07,0,0.01731618967841149,0.01731826495563358,4.3316041748186365,0.0,0.017248745509454374,0.017249282671076942,80.38556625120667,86.56998131327873,0,-2
2023-06-21 01:35:00,2023-06-21 01:35:59,0.01735,0.01734,0.01734,0.01735,0.017349937975698605,0.017345,0.01734,0.01735,True,1.9713201922779938e-05,-1.3296449463117396e-06,0,0.017317227317022534,0.01731927617741971,1.617648136451713,0.0,0.017249703265579206,0.017250185331066224,66.79109399344412,80.38556625120664,0,-2
2023-06-21 01:36:00,2023-06-21 01:36:59,0.01733,0.01733,0.01733,0.01733,0.0173474689878493,0.01733,0.01733,0.0173474689878493,True,1.9019401785438482e-05,-2.2351600906679736e-06,0,0.01731825174722112,0.017320145896270747,-3.307723510354009,-3.307723510354009,0.017250502238061006,0.01725097950687651,48.376165508221675,65.18427525095747,0,-2
2023-06-21 01:37:00,2023-06-21 01:37:59,0.01733,0.01732,0.01732,0.01734,0.017338734493924653,0.017327500000000003,0.01732,0.01734,True,1.9089444515050206e-05,-3.4524414475587523e-06,0,0.017319198821745933,0.017320881089010958,-8.991002551586966,-8.991002551586966,0.01725126838494597,0.017251666277952365,35.843315901898016,50.33685846785459,-1,-2
2023-06-21 01:38:00,2023-06-21 01:38:59,0.01732,0.01731,0.01731,0.01732,0.017333117246962328,0.017314999999999997,0.01731,0.017333117246962328,True,1.8440198478260875e-05,-4.810999116940438e-06,0,0.017320039955378445,0.017321419560900688,-14.65669438952176,-14.65669438952176,0.017251902530369394,0.017252246712997615,16.104454826327228,33.44131207881562,0,-2
2023-06-21 01:39:00,2023-06-21 01:39:59,0.01731,0.0173,0.0173,0.01731,0.017324058623481162,0.017305,0.0173,0.017324058623481162,True,1.7837327158385068e-05,-6.192045087908536e-06,0,0.017320729758139565,0.01732173084795692,-19.919569923967195,-19.919569923967195,0.017252430863400545,0.017252721870082217,7.206011469247229,19.717927399157475,0,-2
2023-06-21 01:40:00,2023-06-21 01:40:59,0.01731,0.01731,0.01731,0.01732,0.01731452931174058,0.017312499999999998,0.01731,0.01732,True,1.799180378992893e-05,-6.144086255836057e-06,0,0.017321230303048243,0.01732191259301178,-18.543182954745003,-18.543182954745003,0.01725302856625228,0.01725329180172319,5.597226167350459,9.635897487641623,0,-2
2023-06-21 01:41:00,2023-06-21 01:41:59,0.01732,0.01731,0.01731,0.01732,0.01731351465587029,0.017314999999999997,0.01731,0.01732,True,1.7420960662076837e-05,-5.850068451718729e-06,0,0.01732157144803001,0.01732200825443225,-17.625591641930214,-17.625591641930214,0.017253645197433852,0.01725385606240256,13.047743884637422,8.616993840411688,0,-2
2023-06-21 01:42:00,2023-06-21 01:42:59,0.01731,0.01731,0.01731,0.01733,0.017314257327935144,0.017315,0.01731,0.01733,True,1.7605177757642964e-05,-5.400615656959015e-06,0,0.017321789851231128,0.017322035485262895,-17.013864100053688,-17.013864100053688,0.017254255692981772,0.01725441470854781,20.49826160192709,13.047743884638308,0,-1
2023-06-21 01:43:00,2023-06-21 01:43:59,0.01731,0.01733,0.01731,0.01734,0.017314628663967574,0.0173225,0.01731,0.01734,True,1.849052220352577e-05,-3.4906029926593554e-06,0,0.01732191266824701,0.017322060111352455,-8.13338567804756,-8.13338567804756,0.0172549347408128,0.01725516680100007,28.246889374529086,20.59763162036452,0,-1
2023-06-21 01:44:00,2023-06-21 01:44:59,0.01734,0.01734,0.01733,0.01735,0.01731856433198379,0.01734,0.01733,0.01735,True,1.8598342046131013e-05,-1.4020646743759154e-06,0,0.01732198638979973,0.017322202586360514,0.31943681731185336,0.0,0.017255781161302223,0.017256010912432906,45.987567716765035,31.577572897740392,0,-1
2023-06-21 01:45:00,2023-06-21 01:45:59,0.01735,0.01738,0.01734,0.0174,0.017329282165991895,0.0173675,0.01734,0.0174,True,2.1555603328550052e-05,2.7675567784341066e-06,0,0.017322094488080125,0.017322625546366103,11.139581216610068,11.139581216610068,0.017256892791538022,0.017257244634697255,71.8703833328087,48.70161347470093,1,-1
2023-06-21 01:46:00,2023-06-21 01:46:59,0.01738,0.01743,0.01738,0.01748,0.017348391082995948,0.0174175,0.01738,0.01748,True,2.715877451936786e-05,8.77665051621313e-06,0,0.017322360017223114,0.01732360948540058,20.740012393602655,20.740012393602655,0.01725849087321426,0.017258963593555988,91.85786272618968,69.90527125858779,0,2
2023-06-21 01:47:00,2023-06-21 01:47:59,0.01743,0.01748,0.01743,0.01751,0.017382945541497975,0.0174625,0.01743,0.01751,True,3.093314776798446e-05,1.5690894125894933e-05,0,0.01732298475131185,0.017325337084157396,28.256520460115937,28.256520460115937,0.017260520814774315,0.017261162960784285,100.0000000000001,87.90941535299947,0,2
2023-06-21 01:48:00,2023-06-21 01:48:59,0.01749,0.0175,0.01747,0.01757,0.017422722770748987,0.0175075,0.01747,0.01757,True,3.586649435598553e-05,2.0797148765589966e-05,0,0.017324160917734623,0.017327947066134667,33.575705403412684,33.575705403412684,0.017262978319104918,0.01726353944873668,100.0000000000001,97.28595424206327,0,2
2023-06-21 01:49:00,2023-06-21 01:49:59,0.01751,0.01752,0.0175,0.01752,0.017465111385374495,0.0175125,0.0175,0.01752,True,3.4733173330557936e-05,2.447126824859398e-05,0,0.017326053991934643,0.017331268152692175,37.3954539145211,37.3954539145211,0.017265461121899892,0.017266091295017907,100.0000000000001,100.00000000000007,0,2
2023-06-21 01:50:00,2023-06-21 01:50:59,0.01751,0.01749,0.01749,0.01753,0.017488805692687247,0.017505,0.01749,0.01753,True,3.510937523551822e-05,2.3585983525752596e-05,0,0.017328661072313407,0.017335074852724983,33.49779783767153,33.49779783767153,0.017267844593323773,0.017268319242331163,97.93260342128015,99.31086780709342,0,2
2023-06-21 01:51:00,2023-06-21 01:51:59,0.0175,0.01747,0.01746,0.01751,0.017496902846343622,0.017485,0.01746,0.01751,True,3.617299129012416e-05,2.0439858445094735e-05,0,0.017331867962519194,0.017339100540382204,27.367527095313974,27.367527095313974,0.01727000534363896,0.01727032601603931,90.63775609028283,96.19011983718765,0,1
2023-06-21 01:52:00,2023-06-21 01:52:59,0.01748,0.01749,0.01747,0.01754,0.01749095142317181,0.017495,0.01747,0.01754,True,3.858920619797249e-05,1.8682771404563973e-05,0,0.0173354842514507,0.017343339628672315,24.953247778723735,24.953247778723735,0.01727224409643857,0.01727251182682499,84.23665535255743,90.93567162137343,0,2
2023-06-21 01:53:00,2023-06-21 01:53:59,0.01749,0.0175,0.01749,0.01751,0.017492975711585906,0.0174975,0.01749,0.01751,True,3.726140575526036e-05,1.7186412831135306e-05,0,0.017339411940061507,0.017347734796786335,24.134710138354222,24.134710138354222,0.017274485448712816,0.01727477539073718,79.59389041224658,84.82276728502892,0,2
2023-06-21 01:54:00,2023-06-21 01:54:59,0.0175,0.01746,0.01745,0.0175,0.017495237855792954,0.0174775,0.01745,0.0175,True,3.817130534417044e-05,1.2469175761236449e-05,0,0.01734357336842392,0.017352085470846695,16.91872346999172,16.91872346999172,0.017276505493999256,0.01727661842167512,74.1773788534001,79.33597487273467,0,1
2023-06-21 01:55:00,2023-06-21 01:55:59,0.01747,0.01749,0.01746,0.0175,0.017486368927896477,0.01748,0.01746,0.0175,True,3.830192639101553e-05,1.0660978624493748e-05,0,0.017347829419635308,0.01735638841683352,15.259571001664,15.259571001664,0.017278530314954486,0.017278741621459447,68.20008923446733,73.99045283337131,0,1
2023-06-21 01:56:00,2023-06-21 01:56:59,0.01749,0.0175,0.01748,0.0175,0.01748318446394824,0.0174925,0.01748,0.0175,True,3.6994645934514615e-05,9.42591496720433e-06,0,0.017352108918234414,0.017360710026680205,15.088782120369899,15.088782120369899,0.01728065936654698,0.017280943197365322,63.076074610655475,68.48451423284094,0,1
2023-06-21 01:57:00,2023-06-21 01:57:59,0.0175,0.0175,0.01749,0.01751,0.01748784223197412,0.0175,0.01749,0.01751,True,3.578074265347805e-05,7.915747952317738e-06,0,0.01735640947245731,0.01736506813785157,14.974922866173827,14.974922866173827,0.017282841860412186,0.01728312286704328,62.175470007527814,64.48387795088351,0,1
2023-06-21 01:58:00,2023-06-21 01:58:59,0.0175,0.01748,0.01748,0.01751,0.017493921115987063,0.017492499999999998,0.01748,0.01751,True,3.536783246394406e-05,4.911169370651843e-06,0,0.01736073880515444,0.017369373627519242,11.118994747120219,11.118994747120219,0.01728492801105485,0.017285081843490608,50.09137212314416,58.44763891377579,0,1
2023-06-21 01:59:00,2023-06-21 01:59:59,0.01748,0.01749,0.01747,0.01749,0.01749321055799353,0.017482499999999998,0.01747,0.01749321055799353,True,3.427013014509085e-05,3.1244320317334737e-06,0,0.01736505621633684,0.01737353953703448,10.025264700244158,0.0,0.017286893901492115,0.017287120830122543,28.592214932653473,46.95301902110845,0,1
2023-06-21 02:00:00,2023-06-21 02:00:59,0.01748,0.01751,0.01748,0.01752,0.017487855278996763,0.0174975,0.01748,0.01752,True,3.467940656329878e-05,2.8859003694120397e-06,0,0.01736929787668566,0.0173776698874965,11.907583152263733,11.907583152263733,0.017288989484561843,0.017289338533305405,14.06474846492394,30.916111840240493,0,1
2023-06-21 02:01:00,2023-06-21 02:01:59,0.01751,0.01753,0.0175,0.01753,0.017492677639498383,0.017517500000000002,0.0175,0.01753,True,3.434516323734878e-05,3.654328981825264e-06,0,0.01737348388209108,0.01738188112473849,15.248729508569383,15.248729508569383,0.017291263221033866,0.017291733174765053,16.516010025297646,19.724324474291656,0,2
2023-06-21 02:02:00,2023-06-21 02:02:59,0.01752,0.01752,0.01751,0.01754,0.017505088819749194,0.0175225,0.01751,0.01754,True,3.403479443468092e-05,2.976178252155339e-06,0,0.017377682503414784,0.017386161456462535,15.111843979639787,15.111843979639787,0.017293564084506167,0.017294004486458934,29.27398293786317,19.951580476028223,0,1
2023-06-21 02:03:00,2023-06-21 02:03:59,0.01752,0.01751,0.0175,0.01753,0.0175137944098746,0.017515000000000003,0.0175,0.01753,True,3.3746594832203626e-05,1.3883582120324182e-06,0,0.01738192197993866,0.017390415361154623,12.733771841526483,12.733771841526483,0.017295767426948893,0.017296153695548894,32.65596498735889,26.148652650173204,0,1
2023-06-21 02:04:00,2023-06-21 02:04:59,0.01752,0.01753,0.01752,0.01754,0.0175143972049373,0.0175275,0.01752,0.01754,True,3.3478980915617565e-05,1.3385751448947224e-06,0,0.017386168670546643,0.017394705036641842,13.985104309683898,13.985104309683898,0.01729807322369567,0.017298480524448906,41.94774750135213,34.6258984755247,0,1
2023-06-21 02:05:00,2023-06-21 02:05:59,0.01753,0.01758,0.01753,0.01759,0.017520948602468653,0.017557500000000004,0.01753,0.01759,True,3.537333942164496e-05,4.340372650006138e-06,0,0.017390436853594243,0.01739919927489582,19.041117537488304,19.041117537488304,0.01730065458465392,0.01730128171326036,62.52310792211995,45.708940136943625,0,2
2023-06-21 02:06:00,2023-06-21 02:06:59,0.01758,0.01758,0.01756,0.01758,0.017539224301234328,0.017575,0.01756,0.01758,True,3.427524374867026e-05,5.744678077678951e-06,0,0.017394818064245032,0.017403943800211413,22.411793022691228,22.411793022691228,0.017303384389781743,0.017304055029546326,87.28055583332521,63.91713708559907,0,2
2023-06-21 02:07:00,2023-06-21 02:07:59,0.01758,0.01758,0.01757,0.01759,0.017557112150617164,0.01758,0.01757,0.01759,True,3.325558348090829e-05,6.043726460447085e-06,0,0.017399380932228224,0.017408887131118808,24.65891001282651,24.65891001282651,0.017306136783913267,0.017306800750645366,100.0000000000001,83.26788791848173,0,2
2023-06-21 02:08:00,2023-06-21 02:08:59,0.01759,0.0176,0.01758,0.01761,0.01756855607530858,0.017595,0.01758,0.01761,True,3.302304180370071e-05,6.976326930129611e-06,0,0.017404134031673516,0.017414055982511636,27.596265092281755,27.596265092281755,0.01730901104476985,0.01730971815611158,100.0000000000001,95.76018527777512,0,2
2023-06-21 02:09:00,2023-06-21 02:09:59,0.0176,0.01758,0.01756,0.0176,0.01758177803765429,0.017585,0.01756,0.0176,True,3.352139596057936e-05,5.522419296248789e-06,0,0.017409095007092576,0.017419298313316546,24.01569628502162,24.01569628502162,0.017311757203528358,0.017312407527692558,90.63300744303193,96.87766914767737,0,1
2023-06-21 02:10:00,2023-06-21 02:10:59,0.01758,0.01759,0.01756,0.01759,0.017583389018827146,0.01758,0.01756,0.01759,True,3.3269867677680996e-05,4.638965265022662e-06,0,0.01741419666020456,0.017424528221697655,22.80748944817742,22.80748944817742,0.017314426286080313,0.01731516964184487,76.62737374246753,89.08679372849984,0,1
2023-06-21 02:11:00,2023-06-21 02:11:59,0.01758,0.0176,0.01758,0.0176,0.017581694509413572,0.01759,0.01758,0.0176,True,3.2322019986418255e-05,4.156418412971119e-06,0,0.01741936244095111,0.017429781077718476,23.122259295634223,23.122259295634223,0.01731716831308449,0.017318003774761836,65.92210159681022,77.72749426076987,0,1
2023-06-21 02:12:00,2023-06-21 02:12:59,0.0176,0.0176,0.01759,0.01762,0.017585847254706785,0.0176025,0.01759,0.01762,True,3.215616141595972e-05,3.262235418834326e-06,0,0.017424571759334793,0.017435101723692205,23.332105860605424,23.332105860605424,0.01732000743434733,0.01732080970735127,68.47397983212676,70.34115172380149,0,1
2023-06-21 02:13:00,2023-06-21 02:13:59,0.01761,0.01763,0.01761,0.01764,0.017594173627353393,0.0176225,0.01761,0.01764,True,3.271643560053391e-05,4.193880807804181e-06,0,0.0174298367415135,0.01744057645715219,26.350647395461664,26.350647395461664,0.017323017310622482,0.017323886227676135,80.9104930950655,71.76885817466749,0,2
2023-06-21 02:14:00,2023-06-21 02:14:59,0.01763,0.01765,0.01762,0.01765,0.017608336813676698,0.0176375,0.01762,0.01765,True,3.252240448620997e-05,5.571589724456379e-06,0,0.017435206599332845,0.017446237858231992,29.586268260525088,29.586268260525088,0.017326146491611315,0.017327131140833587,91.6157652407228,80.33341272263834,0,2
2023-06-21 02:15:00,2023-06-21 02:15:59,0.01764,0.01761,0.0176,0.01766,0.01762291840683835,0.0176275,0.0176,0.01766,True,3.448508988005194e-05,3.052453860749802e-06,0,0.01744072222878242,0.017451938770174875,22.180436153188495,22.180436153188495,0.01732914503398334,0.017329945756347682,86.3515104253172,86.29258958703515,0,1
2023-06-21 02:16:00,2023-06-21 02:16:59,0.01761,0.0176,0.01759,0.01762,0.017625209203419173,0.017605000000000003,0.01759,0.017625209203419173,True,3.4164726317191e-05,1.7915187356571142e-07,0,0.01744633049947865,0.01745747730105152,15.504607267230512,0.0,0.017331889859515844,0.017332632863249695,54.58729752960952,77.5181910652165,0,1
2023-06-21 02:17:00,2023-06-21 02:17:59,0.0176,0.01759,0.01758,0.0176,0.017615104601709588,0.0175925,0.01758,0.017615104601709588,True,3.315296015167755e-05,-2.7944164517786617e-06,0,0.017451903900265086,0.0174627642246676,9.343980147573603,0.0,0.017334482995242054,0.017335193730282035,21.25396419627619,54.064257383734294,0,1
2023-06-21 02:18:00,2023-06-21 02:18:59,0.01759,0.0176,0.01759,0.01762,0.017603802300854794,0.0176,0.01759,0.01762,True,3.292774871227192e-05,-4.323312000819297e-06,0,0.017457334062466343,0.017467868240175505,7.101336540144288,0.0,0.017337124955488403,0.017337828618537936,2.8004975440740103,26.21391975665323,0,1
2023-06-21 02:19:00,2023-06-21 02:19:59,0.0176,0.0176,0.01758,0.01762,0.017601901150427396,0.0176,0.01758,0.01762,True,3.3432909518538345e-05,-5.528193902485816e-06,0,0.017462601151320926,0.017472793231869205,5.606240801858078,0.0,0.017339740627573094,0.017340437289000244,5.60099508814793,9.885152276166034,0,1
2023-06-21 02:20:00,2023-06-21 02:20:59,0.01761,0.01763,0.01761,0.01763,0.0176009505752137,0.01762,0.01761,0.01763,True,3.3187701695785514e-05,-4.403325844057579e-06,0,0.017467697191595067,0.017477680707443703,9.556962760937118,0.0,0.017342529278045003,0.017343318510005215,15.777920353577144,8.059804328599684,0,2
2023-06-21 02:21:00,2023-06-21 02:21:59,0.01762,0.01766,0.01761,0.01767,0.01761047528760685,0.01764,0.01761,0.01767,True,3.510286586037234e-05,-1.8155182943076749e-06,0,0.017472688949519387,0.017482642334302915,15.154167786122372,0.0,0.01734548918572615,0.017346469569607153,29.448103224852435,16.942339555525827,0,2
2023-06-21 02:22:00,2023-06-21 02:22:59,0.01766,0.01762,0.01762,0.01766,0.017625237643803422,0.01764,0.01762,0.01766,True,3.545266115605991e-05,-3.195098745796864e-06,0,0.01747766564191115,0.017487628298953284,11.144927572713392,0.0,0.01734841964158957,0.017349191265431958,43.118286096127726,29.448103224852428,0,1
2023-06-21 02:23:00,2023-06-21 02:23:59,0.01763,0.01762,0.01762,0.01764,0.01763261882190171,0.0176275,0.01762,0.01764,True,3.4348899644912715e-05,-4.329703013336271e-06,0,0.017482646970432215,0.017492513452604583,8.472100763774073,0.0,0.01735119656057873,0.017351885879706267,39.72827028523479,37.43155320207165,0,1
2023-06-21 02:24:00,2023-06-21 02:24:59,0.01763,0.01761,0.01761,0.01763,0.017630059410950853,0.01762,0.01761,0.017630059410950853,True,3.332397824170461e-05,-5.933626645421614e-06,0,0.0174875802115184,0.017497234261722127,4.942516319463479,0.0,0.017353871221667497,0.017354454179410683,24.499872853891976,35.78214307841816,0,1
2023-06-21 02:25:00,2023-06-21 02:25:59,0.01761,0.01761,0.01761,0.01763,0.01762502970547543,0.017615,0.01761,0.01763,True,3.2372265510154215e-05,-7.073564876416115e-06,0,0.017492407236620263,0.01750175898614419,2.5894600232564144,0.0,0.017356469517969313,0.01735699692389416,8.029192438542763,24.08577852588984,0,1
2023-06-21 02:26:00,2023-06-21 02:26:59,0.01761,0.0176,0.01759,0.01761,0.017620014852737714,0.0176025,0.01759,0.017620014852737714,True,3.1488532259428854e-05,-8.536507050169044e-06,0,0.017497083111382226,0.01750601252399179,-0.9653082683581218,-0.0,0.01735891758246713,0.017359414864949938,1.2422829840064817,11.25711609214707,0,-2
2023-06-21 02:27:00,2023-06-21 02:27:59,0.01759,0.01761,0.01758,0.01761,0.017611257426368855,0.017597500000000002,0.01758,0.017611257426368855,True,3.138220852661267e-05,-8.757232316991448e-06,0,0.017501547817687008,0.017509989065631722,-0.8201539076290345,-0.0,0.017361291536870445,0.017361908249378298,8.245256329549495e-14,3.0904918075164383,0,-2
2023-06-21 02:28:00,2023-06-21 02:28:59,0.0176,0.0176,0.01759,0.01761,0.01760437871318443,0.0176,0.01759,0.01761,True,3.056919363185456e-05,-9.522047261693509e-06,0,0.017505768441659367,0.01751373739556346,-2.947479234152901,-0.0,0.0173636667454588,0.017364277321523788,1.1910378185811796,0.8111069341959105,0,-2
2023-06-21 02:29:00,2023-06-21 02:29:59,0.01759,0.01761,0.01759,0.01761,0.017602189356592215,0.0176,0.01759,0.01761,True,2.9814251229579176e-05,-9.217319437738451e-06,0,0.017509752918611413,0.017517280335282864,-1.709540900301917,-0.0,0.01736601832013085,0.01736672232329967,2.708969263459385,1.3000023606802118,0,-2
2023-06-21 02:30:00,2023-06-21 02:30:59,0.01761,0.01762,0.01761,0.01762,0.017601094678296108,0.017615,0.01761,0.01762,True,2.839894757032349e-05,-8.219732445346565e-06,0,0.01751351662694714,0.017520740177461382,1.4662100497492077,0.0,0.01736849574978129,0.017369242499187233,13.508559793364435,5.802855625134995,0,-2
2023-06-21 02:31:00,2023-06-21 02:31:59,0.01762,0.01759,0.01758,0.01764,0.01760804733914805,0.0176075,0.01758,0.01764,True,3.0656165601014746e-05,-9.54841758217159e-06,0,0.017517128402204263,0.017524059400188818,-2.9730737647566627,-0.0,0.01737087390152476,0.017371439091235123,16.61615059268863,10.944559883170811,0,-2
2023-06-21 02:32:00,2023-06-21 02:32:59,0.01759,0.0176,0.01759,0.01761,0.01760777366957403,0.017597500000000002,0.01759,0.01761,True,2.989501091522792e-05,-9.563007215854057e-06,0,0.01752059390119654,0.017527176528201058,-3.463085980239036,-3.463085980239036,0.01737312888757924,0.017373713329133282,15.098219147810426,15.07430984462116,0,-2
2023-06-21 02:33:00,2023-06-21 02:33:59,0.01759,0.01757,0.01756,0.01759,0.017602636834787015,0.0175775,0.01756,0.017602636834787015,True,3.061679584985463e-05,-1.1454582904416442e-05,0,0.017523885214698796,0.017529975937540365,-8.365006930946954,-8.365006930946954,0.017375162430986413,0.017375666430335935,4.298628617905375,12.004332786134805,0,-2
2023-06-21 02:34:00,2023-06-21 02:34:59,0.01758,0.01755,0.01753,0.01758,0.01759006841739351,0.01756,0.01753,0.01759006841739351,True,3.200131043200773e-05,-1.3770344002600235e-05,0,0.01752693057611958,0.017532385929198306,-13.693680683107075,-13.693680683107075,0.01737700161077759,0.01737740109272065,8.289665250534502e-14,6.4656159219052896,0,-2
2023-06-21 02:35:00,2023-06-21 02:35:59,0.01755,0.01758,0.01754,0.01759,0.017575034208696754,0.017564999999999997,0.01754,0.01759,True,3.328693111543585e-05,-1.280532738324162e-05,0,0.01752965825265894,0.017534507099788703,-10.826279301140872,-10.826279301140872,0.017378872241516123,0.01737941700224582,2.1184910076778367,2.1390398751944266,0,-2
2023-06-21 02:36:00,2023-06-21 02:36:59,0.01758,0.01758,0.01756,0.01758,0.017570017104348377,0.017575,0.01756,0.01758,True,3.233786460719037e-05,-1.1798751014501081e-05,0,0.017532082676223817,0.01753645493667007,-8.914678379830065,-8.914678379830065,0.017380823761501036,0.017381412852969742,9.60805702130096,3.908849342992955,0,-2
2023-06-21 02:37:00,2023-06-21 02:37:59,0.01757,0.01758,0.01756,0.01758,0.01757250855217419,0.017572499999999998,0.01756,0.01758,True,3.1456588563819574e-05,-1.0791234953303021e-05,0,0.017534268806446943,0.01753823578981221,-7.640277765622862,-7.640277765622862,0.017382730987754755,0.01738338884448248,16.866841647790338,9.531129892256374,0,-2
2023-06-21 02:38:00,2023-06-21 02:38:59,0.01759,0.0176,0.01758,0.0176,0.017572504276087093,0.0175925,0.01758,0.0176,True,3.0638260809261226e-05,-8.439299852949858e-06,0,0.017536252298129575,0.017540010178204994,-2.5701825541523533,-0.0,0.017384818241607942,0.017385544179363253,34.15437528082767,20.209757983306318,0,-1
2023-06-21 02:39:00,2023-06-21 02:39:59,0.0176,0.01759,0.01758,0.0176,0.01758250213804355,0.0175925,0.01758,0.0176,True,2.987838503717133e-05,-7.3671181826379745e-06,0,0.017538131238167283,0.017541767302663772,-1.5156598130382548,-0.0,0.017386884726766073,0.017387578565638245,47.22263543203591,32.74795078688464,0,-1
2023-06-21 02:40:00,2023-06-21 02:40:59,0.01759,0.01762,0.01759,0.01763,0.017587501069021773,0.0176075,0.01759,0.01763,True,3.060135753451612e-05,-4.415589958936146e-06,0,0.017539949270415526,0.017543601695315443,4.189777768051492,0.0,0.01738907990361417,0.017389891216726423,68.73271132349933,50.03657401212096,0,-1
2023-06-21 02:41:00,2023-06-21 02:41:59,0.01763,0.01761,0.0176,0.01763,0.01759750053451089,0.0176175,0.0176,0.01763,True,3.055840342490774e-05,-3.1171722675607145e-06,0,0.017541775482865483,0.01754555294650902,5.6244079656896915,0.0,0.01739135274039413,0.017392081353873424,82.66002001611757,66.20512225721758,0,-1
2023-06-21 02:42:00,2023-06-21 02:42:59,0.01761,0.01762,0.01761,0.01763,0.017607500267255445,0.0176175,0.01761,0.01763,True,2.9804231751699982e-05,-1.5693196129976362e-06,0,0.01754366421468725,0.017547582813596183,8.172565320629076,0.0,0.017393602961882745,0.017394349201098565,95.43552718461956,82.27608617474547,0,-1
2023-06-21 02:43:00,2023-06-21 02:43:59,0.01762,0.01762,0.01761,0.01763,0.017612500133627723,0.01762,0.01761,0.01763,True,2.9103929483721353e-05,-6.128471755172585e-07,0,0.01754562351414172,0.01754967780114099,9.871336890588672,0.0,0.01739585566872968,0.017396594482679675,100.0000000000001,92.69851573357907,0,-1
2023-06-21 02:44:00,2023-06-21 02:44:59,0.01762,0.01762,0.01761,0.01762,0.01761625006681386,0.0176175,0.01761,0.01762,True,2.773936309202694e-05,-8.066324549930591e-08,0,0.017547650657641356,0.017551792531978902,11.003851270561732,0.0,0.017398061084961225,0.017398817423150525,97.94470496578164,97.79341071680041,0,-1
2023-06-21 02:45:00,2023-06-21 02:45:59,0.01762,0.01762,0.01761,0.01764,0.01761687503340693,0.0176225,0.01761,0.01764,True,2.7900837156882072e-05,1.53442898745741e-07,0,0.017549721594810132,0.017553942602865157,11.758860857210443,0.0,0.017400294307996438,0.017401018244810718,97.94470496578164,98.6298033105211,0,-1
2023-06-21 02:46:00,2023-06-21 02:46:59,0.01763,0.01763,0.01763,0.01763,0.017619687516703467,0.01763,0.01763,0.01763,True,2.6622205931390467e-05,8.697855082487152e-07,0,0.017551832098837646,0.017556157203423184,14.620495093475157,14.620495093475157,0.01740257993677259,0.017403296670235487,97.94470496578164,97.94470496578161,0,-1
2023-06-21 02:47:00,2023-06-21 02:47:59,0.01764,0.01767,0.01764,0.01767,0.017624843758351733,0.017655,0.01764,0.01767,True,2.7577762650576996e-05,3.921469232806106e-06,0,0.017553994651130417,0.017558578940717252,21.277160663094634,21.277160663094634,0.017405091579192764,0.017405950434710757,100.0000000000001,98.6298033105211,0,-1
2023-06-21 02:48:00,2023-06-21 02:48:59,0.01767,0.01768,0.01766,0.01768,0.017639921879175867,0.0176725,0.01766,0.01768,True,2.7036493889821686e-05,6.282462851084549e-06,0,0.017556286795923835,0.01756126721113768,26.361956354557506,26.361956354557506,0.017407752359499304,0.01740867729605692,100.0000000000001,99.3149016552606,0,2
2023-06-21 02:49:00,2023-06-21 02:49:59,0.01768,0.0177,0.01768,0.01771,0.017656210939587934,0.0176925,0.01768,0.01771,True,2.724817289769148e-05,8.766357580481539e-06,0,0.017558777003530757,0.017564284101838235,30.793995309775283,30.793995309775283,0.017410585669355032,0.017411576029429488,100.0000000000001,100.0000000000001,0,2
2023-06-21 02:50:00,2023-06-21 02:50:59,0.01769,0.0177,0.01769,0.01772,0.017674355469793967,0.0177,0.01769,0.01772,True,2.7444731976427716e-05,9.832448844347984e-06,0,0.017561530552684498,0.017567590476493814,33.74868794658714,33.74868794658714,0.017413465413938563,0.01741444591968392,100.0000000000001,100.0000000000001,0,2
2023-06-21 02:51:00,2023-06-21 02:51:59,0.01771,0.01773,0.01771,0.01775,0.017687177734896982,0.017725,0.01771,0.01775,True,2.9055822549539876e-05,1.197511132298957e-05,0,0.017564560514589156,0.017571273605243274,36.869753199232264,36.869753199232264,0.01741656526056604,0.017417585761279105,100.0000000000001,100.0000000000001,0,2
2023-06-21 02:52:00,2023-06-21 02:52:59,0.01773,0.01774,0.01772,0.01774,0.01770608886744849,0.017732499999999998,0.01772,0.01774,True,2.840897808171554e-05,1.3326629102147506e-05,0,0.017567917059916217,0.017575279542936292,39.22103498611868,39.22103498611868,0.017419708889814138,0.017420793863156925,100.0000000000001,100.0000000000001,0,2
2023-06-21 02:53:00,2023-06-21 02:53:59,0.01774,0.01774,0.01773,0.01775,0.017719294433724244,0.01774,0.01773,0.01775,True,2.7808336790164373e-05,1.3398495176776058e-05,0,0.017571598301426256,0.017579563603363994,40.78855617737628,40.78855617737628,0.017422895866034894,0.017423970043623026,100.0000000000001,100.0000000000001,0,2
2023-06-21 02:54:00,2023-06-21 02:54:59,0.01773,0.01773,0.01773,0.01775,0.01772964721686212,0.017735,0.01773,0.01775,True,2.7250598448009716e-05,1.1932211231446993e-05,0,0.017575580952395125,0.01758400293324883,37.291573095668156,37.291573095668156,0.01742600137980569,0.01742701511781583,96.01829404070709,98.67276468023574,0,1
2023-06-21 02:55:00,2023-06-21 02:55:59,0.01774,0.01773,0.01772,0.01775,0.01773232360843106,0.017735,0.01772,0.01775,True,2.744698427315179e-05,1.0203532493240484e-05,0,0.017579791942821978,0.01758853404934513,34.960251041196074,34.960251041196074,0.017429075992941953,0.017430029892762936,92.0365880814141,96.01829404070708,0,1
2023-06-21 02:56:00,2023-06-21 02:56:59,0.01774,0.01774,0.01772,0.01775,0.017733661804215532,0.0177375,0.01772,0.01775,True,2.762934253935515e-05,9.051877093526943e-06,0,0.017584162996083556,0.017593123493754775,34.540943190598014,34.540943190598014,0.01743214488853457,0.017433114172436936,88.56096639584497,92.20528283932202,0,1
2023-06-21 02:57:00,2023-06-21 02:57:59,0.01774,0.01774,0.01773,0.01776,0.017735580902107764,0.017742499999999998,0.01773,0.01776,True,2.779867521511566e-05,7.62449906269817e-06,0,0.017588643244919166,0.01759776167730367,34.26140462353264,34.26140462353264,0.017435232999096415,0.017436167762760947,90.09371121409175,90.23042189711691,0,1
2023-06-21 02:58:00,2023-06-21 02:58:59,0.01775,0.01774,0.01774,0.01775,0.01773904045105388,0.017744999999999997,0.01774,0.01775,True,2.65273412711788e-05,6.070496109200258e-06,0,0.01759320246111142,0.017602423563306636,34.0750455788224,34.0750455788224,0.017438315257811875,0.017439190969101633,91.99787461388667,90.2175174079411,0,1
2023-06-21 02:59:00,2023-06-21 02:59:59,0.01775,0.01776,0.01774,0.01776,0.017742020225526938,0.0177525,0.01774,0.01776,True,2.606110260895193e-05,5.865915385473136e-06,0,0.01759781301220903,0.017607123582898634,35.98211111194307,35.98211111194307,0.017441441474152056,0.017442383098762313,95.00184531284977,92.3644770469427,0,2
2023-06-21 03:00:00,2023-06-21 03:00:59,0.01776,0.01778,0.01775,0.01779,0.01774726011276347,0.01777,0.01775,0.01779,True,2.7056738136884067e-05,6.5333856944073e-06,0,0.017602468297553835,0.017611941446811382,38.306937602370965,38.306937602370965,0.01744471071321522,0.017445742470913933,97.45080645389599,94.81684212687746,0,2
2023-06-21 03:01:00,2023-06-21 03:01:59,0.01778,0.01777,0.01776,0.01778,0.017758630056381737,0.0177725,0.01776,0.01778,True,2.6552685412820863e-05,5.666886027414574e-06,0,0.017607204872182612,0.017616836187375202,35.00101999086469,35.00101999086469,0.017447972298158355,0.017448968913989418,99.52834901339408,97.32700026004659,0,1
2023-06-21 03:02:00,2023-06-21 03:02:59,0.01778,0.01773,0.01773,0.01779,0.01776556502819087,0.0177575,0.01773,0.01779,True,2.894177931190516e-05,1.781136963437352e-06,0,0.01761202052977891,0.017621654954389426,21.579726241980467,21.579726241980467,0.01745105217578862,0.017451765243203455,66.66666666666677,87.88194071131893,0,1
2023-06-21 03:03:00,2023-06-21 03:03:59,0.01773,0.0177,0.01769,0.01773,0.017761532514095436,0.0177125,0.01769,0.017761532514095436,True,2.9731652218197528e-05,-3.1993807518191736e-06,0,0.017616837742084168,0.017626072097171538,8.476277031559249,0.0,0.017453653646676295,0.01745423524078352,33.333333333333435,66.5094496711314,0,1
2023-06-21 03:04:00,2023-06-21 03:04:59,0.0177,0.01769,0.01767,0.0177,0.017737016257047718,0.017690000000000004,0.01767,0.017737016257047718,True,2.9750819916897616e-05,-7.287432782155897e-06,0,0.017621454919627855,0.017629988358146328,-1.33817729058066,-0.0,0.01745600535168449,0.017456581158785674,1.0421293457814802e-13,33.33333333333342,0,-2
2023-06-21 03:05:00,2023-06-21 03:05:59,0.01768,0.01767,0.01767,0.01771,0.01771350812852386,0.017682500000000004,0.01767,0.01771350812852386,True,3.0482904208547667e-05,-1.1288749669888549e-05,0,0.017625721638887093,0.01763343194366064,-9.75869504514381,-9.75869504514381,0.01745825902977718,0.01745870472934502,1.0421293457814802e-13,11.111111111111198,0,-2
2023-06-21 03:06:00,2023-06-21 03:06:59,0.01768,0.01768,0.01767,0.01769,0.017698004064261932,0.01768,0.01767,0.017698004064261932,True,2.973412533650849e-05,-1.2978765201614139e-05,0,0.017629576791273867,0.017636462609143363,-12.710073207170147,-12.710073207170147,0.017460465407590345,0.01746090667233661,1.0421293457814802e-13,8.684411214845668e-14,0,-2
2023-06-21 03:07:00,2023-06-21 03:07:59,0.01768,0.01769,0.01768,0.0177,0.017689002032130967,0.017687500000000002,0.01768,0.0177,True,2.9038830669614967e-05,-1.3077385583457033e-05,0,0.017633019700208613,0.017639198844169084,-12.134245469920259,-12.134245469920259,0.017462724458261088,0.01746318620793525,2.1420852694394377,0.7140284231465314,0,-2
2023-06-21 03:08:00,2023-06-21 03:08:59,0.01769,0.01764,0.01764,0.01769,0.017688251016065484,0.017665,0.01764,0.01769,True,3.053605705035686e-05,-1.6235627311524926e-05,-1,0.01763610927218885,0.017641530124615275,-16.955379634313005,-16.955379634313005,0.01746473715021869,0.017464945549149825,2.1420852694394377,1.4280568462929757,0,-2
2023-06-21 03:09:00,2023-06-21 03:09:59,0.01764,0.01766,0.01764,0.01766,0.017676625508032742,0.01765,0.01764,0.017676625508032742,True,2.978348154675988e-05,-1.6403702146977156e-05,0,0.017638819698402062,0.017643423670458055,-16.055054521689122,-16.055054521689122,0.017466580561659298,0.01746688638945679,2.1420852694394377,2.1420852694394203,0,-2
2023-06-21 03:10:00,2023-06-21 03:10:59,0.01765,0.01766,0.01765,0.01767,0.01766331275401637,0.0176575,0.01765,0.01767,True,2.908466143627722e-05,-1.5975643350432297e-05,0,0.017641121684430057,0.017645011051006947,-15.454837779939865,-15.454837779939865,0.017468480257563184,0.017468807917919906,1.9378646629548204,2.074011733944548,-1,-2
2023-06-21 03:11:00,2023-06-21 03:11:59,0.01766,0.0177,0.01766,0.01771,0.017660406377008185,0.0176825,0.01766,0.01771,True,3.057861419082895e-05,-1.2412445052308577e-05,0,0.0176430663677185,0.017646518020934757,-8.265488409094814,-8.265488409094814,0.017470609807239173,0.01747110833664707,9.587066148885723,4.555672027093309,1,-1
2023-06-21 03:12:00,2023-06-21 03:12:59,0.0177,0.01772,0.0177,0.01773,0.01767145318850409,0.0177125,0.0177,0.01773,True,3.053728460576965e-05,-8.333426779523075e-06,0,0.017644792194326627,0.017648157175502725,-1.1349110672385407,-0.0,0.017473016674828833,0.01747358487061078,22.611432239429025,11.378787683756505,0,-1
2023-06-21 03:13:00,2023-06-21 03:13:59,0.01772,0.01772,0.01771,0.01773,0.017691976594252045,0.01772,0.01771,0.01773,True,2.978462141964319e-05,-5.461877675321479e-06,0,0.017646474684914676,0.017649940611599958,3.6188071606656464,0.0,0.017475474220352925,0.0174760367624455,34.874855272417115,22.35778455357727,0,-1
2023-06-21 03:14:00,2023-06-21 03:14:59,0.01773,0.01773,0.01772,0.01774,0.017705988297126024,0.01773,0.01772,0.01774,True,2.9085719889668615e-05,-2.8052894094064615e-06,0,0.01764820764825732,0.017651894015926255,8.05620160760516,0.0,0.017478006815175282,0.0174785637598341,42.96259663207056,33.48296138130555,0,-1
2023-06-21 03:15:00,2023-06-21 03:15:59,0.01773,0.01773,0.01773,0.01774,0.01771799414856301,0.017732499999999998,0.01773,0.01774,True,2.7722454183263684e-05,-1.0880895187765845e-06,0,0.017650050832091785,0.017653984987662213,11.014464572231503,0.0,0.01748053908567105,0.01748106561297008,50.33076208382156,42.72273799610306,0,-1
2023-06-21 03:16:00,2023-06-21 03:16:59,0.01774,0.01774,0.01771,0.01774,0.017725247074281504,0.017732499999999998,0.01771,0.01774,True,2.788513602731619e-05,6.321590182414559e-07,0,0.017652017909877,0.017656169920897472,14.412602698328115,0.0,0.017483046159445466,0.017483642074532568,69.46280772121209,54.25205547903473,0,-1
2023-06-21 03:17:00,2023-06-21 03:17:59,0.01773,0.01774,0.01772,0.01774,0.01772887353714075,0.017732499999999998,0.01772,0.01774,True,2.7321912025364974e-05,1.5903965678005537e-06,0,0.017654093915387237,0.017658413839716332,16.67802811572585,16.67802811572585,0.017485528287212178,0.017486192899661596,87.05919820896109,68.95092267133157,0,-1
2023-06-21 03:18:00,2023-06-21 03:18:59,0.01774,0.01772,0.01772,0.01774,0.017730686768570376,0.01773,0.01772,0.01774,True,2.6798918309267417e-05,6.389226394635917e-07,0,0.017656253877551785,0.01766067164997189,11.745416304660857,0.0,0.017487960841568277,0.017488519338470933,98.47870791949765,85.00023794989026,0,-2
2023-06-21 03:19:00,2023-06-21 03:19:59,0.01772,0.0177,0.0177,0.01772,0.01773034338428519,0.01771,0.0177,0.01773034338428519,True,2.631328128717683e-05,-1.5055621212971685e-06,0,0.01765846276376184,0.017662787684804504,4.208106362049364,0.0,0.017490170186428296,0.017490623623660276,85.76978597486838,90.4358973677757,0,-2
2023-06-21 03:20:00,2023-06-21 03:20:59,0.01769,0.01771,0.01769,0.01771,0.017720171692142593,0.0177,0.01769,0.017720171692142593,True,2.5862332623806998e-05,-2.2654809989509957e-06,0,0.01766062522428317,0.017664708969965658,1.789887902236785,0.0,0.017492258045269805,0.017492806473176095,68.17230939423564,84.14026776286721,0,-2
2023-06-21 03:21:00,2023-06-21 03:21:59,0.01771,0.01769,0.01768,0.01771,0.017710085846071297,0.0176975,0.01768,0.017710085846071297,True,2.6157880293534983e-05,-4.1495609544089954e-06,0,0.017662667097124413,0.017666446592622786,-3.510856528644183,-3.510856528644183,0.017494300253774582,0.01749476859782111,50.88826403808804,68.276786469064,0,-2
2023-06-21 03:22:00,2023-06-21 03:22:59,0.01769,0.01768,0.01768,0.01769,0.01770379292303565,0.017685,0.01768,0.01770379292303565,True,2.5003745986853884e-05,-5.983365035713174e-06,0,0.0176645568448736,0.017667941931266237,-8.526693149257099,-8.526693149257099,0.01749619776368727,0.017496611696350254,38.95044258877763,52.67033867370043,0,-2
2023-06-21 03:23:00,2023-06-21 03:23:59,0.01769,0.01767,0.01767,0.01769,0.017694396461517825,0.01768,0.01767,0.017694396461517825,True,2.4646335559221405e-05,-7.692561405283095e-06,0,0.01766624938806992,0.017669201953071173,-13.227017006317936,-13.227017006317936,0.017498026641660534,0.01749833695310299,26.012932898656057,38.6172131751739,0,-2
2023-06-21 03:24:00,2023-06-21 03:24:59,0.01768,0.01771,0.01767,0.01771,0.017687198230758913,0.017692500000000003,0.01767,0.01771,True,2.574302587641976e-05,-5.80332493335913e-06,0,0.017667725670570546,0.017670353826478004,-7.083928119121232,-7.083928119121232,0.01749996169995247,0.017500443053072114,20.390850114701948,28.451408534045203,0,-1
2023-06-21 03:25:00,2023-06-21 03:25:59,0.01771,0.01773,0.01771,0.01773,0.017689849115379457,0.01772,0.01771,0.01773,True,2.5332809742389718e-05,-3.0343680905201276e-06,0,0.017669039748524275,0.017671601330059176,-0.19713559292353722,-0.0,0.017502151135773837,0.017502727201797765,36.55059919698882,27.65146073678227,0,-1
2023-06-21 03:26:00,2023-06-21 03:26:59,0.01773,0.01773,0.01773,0.01773,0.017704924557689728,0.01773,0.01773,0.01773,True,2.3523323332219026e-05,-1.1874401100546936e-06,0,0.017670320539291726,0.01767298417538254,4.394059424541602,0.0,0.01750441828865171,0.0175049886226754,63.44145759781858,40.12763563650311,0,-1
2023-06-21 03:27:00,2023-06-21 03:27:59,0.01772,0.01772,0.01771,0.01772,0.017717462278844864,0.0177175,0.01771,0.01772,True,2.327165737991761e-05,-7.033309195539186e-07,0,0.01767165235733713,0.017674378325128498,4.94091635016283,0.0,0.01750653850468503,0.017507128039365195,76.07856668022598,58.69020782501112,0,-1
2023-06-21 03:28:00,2023-06-21 03:28:59,0.01771,0.0177,0.0177,0.01771,0.017717481139422432,0.017705,0.0177,0.017717481139422432,True,2.3037967567066293e-05,-1.8066273007187745e-06,0,0.017673015341232813,0.017675686046282668,1.1662170253856061,0.0,0.017508513245931945,0.01750904716335161,65.31787114253054,68.27929847352503,0,-2
2023-06-21 03:29:00,2023-06-21 03:29:59,0.01771,0.01771,0.0177,0.01771,0.017711240569711215,0.0177075,0.0177,0.017711240569711215,True,2.210668416941867e-05,-1.82660176938666e-06,0,0.01767435069375774,0.017676933901899533,0.8554757523637804,0.0,0.017510493213634116,0.01751104669406453,51.15578468879837,64.18407417051829,0,-2
2023-06-21 03:30:00,2023-06-21 03:30:59,0.01771,0.01771,0.01771,0.01774,0.017709370284855606,0.017717499999999997,0.01771,0.01774,True,2.2670492443031534e-05,-1.8280107245768867e-06,0,0.017675642297828635,0.017678194673975935,0.6483149036825608,0.0,0.017512552982652682,0.01751302632894946,50.84245695735558,55.77203759622816,0,-2
2023-06-21 03:31:00,2023-06-21 03:31:59,0.01772,0.01773,0.01772,0.01773,0.017713435142427802,0.017724999999999998,0.01772,0.01773,True,2.247974298281494e-05,-4.429401690241285e-07,0,0.017676918485902287,0.017679508423010526,4.700759757527507,0.0,0.017514666883322805,0.017515185270949963,63.58826537673095,55.19550234096163,0,-1
2023-06-21 03:32:00,2023-06-21 03:32:59,0.01773,0.01773,0.01773,0.01775,0.017719217571213898,0.017735,0.01773,0.01775,True,2.2302618484042387e-05,4.0563958840076603e-07,0,0.017678213454456408,0.017680923478096005,7.402389660090812,0.0,0.017516859252642975,0.01751732273094051,81.39447970038769,65.27506734482473,0,-1
2023-06-21 03:33:00,2023-06-21 03:33:59,0.01773,0.01774,0.01773,0.01775,0.01772710878560695,0.0177375,0.01773,0.01775,True,2.213814573518216e-05,1.5543141393314324e-06,0,0.01767956846627621,0.01768242573602371,11.111454534672312,0.0,0.017519054682964937,0.01751953842516001,93.49811857002722,79.49362121571528,0,-1
2023-06-21 03:34:00,2023-06-21 03:34:59,0.01774,0.01774,0.01774,0.01775,0.017732304392803475,0.017742499999999998,0.01774,0.01775,True,2.127113532552626e-05,2.1571840762830214e-06,0,0.01768099710114996,0.0176840206475927,13.584164451059983,0.0,0.017521278019452847,0.017521732072670854,100.00000000000011,91.63086609013833,0,-1
2023-06-21 03:35:00,2023-06-21 03:35:59,0.01774,0.01772,0.01771,0.01774,0.017737402196401734,0.0177275,0.01771,0.01774,True,2.1894625659417156e-05,1.0051564875588846e-06,0,0.017682508874371332,0.0176855746472836,8.217482180464259,0.0,0.01752332997945829,0.01752370488786816,88.66898272017363,94.05570043006696,0,-2
2023-06-21 03:36:00,2023-06-21 03:36:59,0.01773,0.01772,0.01771,0.01773,0.017732451098200867,0.0177225,0.01771,0.017732451098200867,True,2.1759295255173012e-05,1.400451144007731e-07,0,0.017684041760827468,0.01768705146935734,4.639694000067109,0.0,0.01752531177070746,0.0175256580730635,73.8423521798104,87.50377829999469,0,-2
2023-06-21 03:37:00,2023-06-21 03:37:59,0.01773,0.0177,0.01769,0.01773,0.01772747554910043,0.0177125,0.01769,0.01773,True,2.3062202736946253e-05,-1.8723816236383859e-06,0,0.017685546615092404,0.017688388785745704,-2.598798324331362,-0.0,0.01752717434015316,0.017527392818605155,44.77258263848997,69.09463917949132,0,-2
2023-06-21 03:38:00,2023-06-21 03:38:59,0.0177,0.0177,0.01768,0.0177,0.017719987774550215,0.017695000000000002,0.01768,0.017719987774550215,True,2.2843473970021466e-05,-3.161743492407623e-06,0,0.017686967700419054,0.01768948702430364,-7.4244598739303385,-7.4244598739303385,0.01752884424721631,0.017529110302997145,22.770266584983116,47.128400467761146,0,-2
2023-06-21 03:39:00,2023-06-21 03:39:59,0.0177,0.01771,0.0177,0.01772,0.01770749388727511,0.0177075,0.0177,0.01772,True,2.2640368686448443e-05,-3.234855756092602e-06,0,0.017688227362361347,0.017690475263413205,-6.5981114512733825,-6.5981114512733825,0.017530621916398238,0.01753091020047976,13.014846532810642,26.85256525209456,0,-2
2023-06-21 03:40:00,2023-06-21 03:40:59,0.01772,0.01775,0.0177,0.01775,0.017707496943637553,0.01773,0.0177,0.01775,True,2.4594628065987695e-05,-4.5591857223165184e-07,0,0.017689351312887278,0.0176915244927402,2.463559958854482,0.0,0.017532605777926615,0.017533090198484938,30.788015258690123,22.191042792161273,0,-1
2023-06-21 03:41:00,2023-06-21 03:41:59,0.01775,0.01777,0.01774,0.01777,0.017718748471818778,0.0177575,0.01774,0.01777,True,2.498072606127445e-05,2.6715030642724395e-06,1,0.01769043790281374,0.01769280322051058,10.642258000210091,0.0,0.01753484353138008,0.0175354475099428,64.12134859202347,35.974736794508054,0,-1
2023-06-21 03:42:00,2023-06-21 03:42:59,0.01777,0.01778,0.01777,0.01779,0.01773812423590939,0.0177775,0.01777,0.01779,True,2.46249599140405e-05,5.193739794944462e-06,0,0.01769162056166216,0.01769439108185631,16.981627637913277,16.981627637913277,0.017537258023605153,0.01753788086805282,88.70339918455916,61.204254345090895,0,-1
2023-06-21 03:43:00,2023-06-21 03:43:59,0.01779,0.01779,0.01779,0.0178,0.017757812117954696,0.0177925,0.01779,0.0178,True,2.429460563446612e-05,7.202983100967776e-06,0,0.017693005821759235,0.017696314347774432,22.034316345860745,22.034316345860745,0.01753979774476331,0.017540389516131894,100.00000000000011,84.27491592552757,0,2
2023-06-21 03:44:00,2023-06-21 03:44:59,0.0178,0.01781,0.0178,0.01782,0.017775156058977348,0.0178075,0.0178,0.01782,True,2.4702133803432735e-05,9.464303843435454e-06,0,0.017694660084766833,0.01769859140037361,26.750253834072083,26.750253834072083,0.017542461448795517,0.017543072207513666,100.00000000000011,96.2344663948531,0,2
2023-06-21 03:45:00,2023-06-21 03:45:59,0.0178,0.0178,0.0178,0.01783,0.017791328029488674,0.0178075,0.0178,0.01783,True,2.5080552817473165e-05,9.714476897039449e-06,0,0.01769662574257022,0.017701131368712424,26.45943295218696,26.45943295218696,0.01754509864830999,0.01754562870296129,100.00000000000011,100.0000000000001,0,2
2023-06-21 03:46:00,2023-06-21 03:46:59,0.01779,0.01776,0.01774,0.01779,0.017799414014744337,0.01777,0.01774,0.017799414014744337,True,2.757479904479658e-05,6.580145916909013e-06,0,0.017698878555641322,0.017703603615698126,17.042864336297825,17.042864336297825,0.017547336472704917,0.01754776175069302,84.13391028578167,94.71130342859395,0,1
2023-06-21 03:47:00,2023-06-21 03:47:59,0.01776,0.01779,0.01776,0.0178,0.01778470700737217,0.017777499999999998,0.01776,0.0178,True,2.8462313398739566e-05,6.187611440743963e-06,0,0.017701241085669724,0.017706057040918786,15.030730750514621,15.030730750514621,0.017549626657056113,0.017550172081531895,70.1767251893992,84.77021182506031,0,2
2023-06-21 03:48:00,2023-06-21 03:48:59,0.01779,0.0178,0.01779,0.01781,0.017781103503686085,0.0177975,0.01779,0.01781,True,2.785786244168668e-05,6.203825539639241e-06,0,0.017703649063294257,0.017708616035794617,14.858403570199442,14.858403570199442,0.01755209305847844,0.0175526579314669,60.950935080295174,71.75385685182533,0,2
2023-06-21 03:49:00,2023-06-21 03:49:59,0.01781,0.01782,0.0178,0.01783,0.017789301751843043,0.017814999999999998,0.0178,0.01783,True,2.8010872267280403e-05,7.159165716024748e-06,0,0.017706132549544437,0.017711360657586772,16.843628207729893,16.843628207729893,0.017554709047946315,0.017555318051551805,71.24703652755727,67.45823226575054,0,2
2023-06-21 03:50:00,2023-06-21 03:50:59,0.01781,0.01782,0.01781,0.01784,0.01780215087592152,0.01782,0.01781,0.01784,True,2.8152952819617677e-05,7.295669820773375e-06,0,0.017708746603565605,0.017714266899048613,18.16711129941686,18.16711129941686,0.017557348758912024,0.017557951702780145,80.63398459933292,70.94398540239511,0,2
2023-06-21 03:51:00,2023-06-21 03:51:59,0.01783,0.01782,0.01782,0.01783,0.01781107543796076,0.017825,0.01782,0.01783,True,2.68563133325021e-05,6.8847312854036826e-06,0,0.01771150675130711,0.01771731475022321,19.0494333605415,19.0494333605415,0.017560011955340758,0.017560559148523627,86.30927700625682,79.39676604438232,0,2
2023-06-21 03:52:00,2023-06-21 03:52:59,0.01783,0.01787,0.01783,0.01787,0.01781803771898038,0.017849999999999998,0.01783,0.01787,True,2.850943380875205e-05,9.555635677303445e-06,0,0.01771441075076516,0.017720624706806826,23.860502809462474,23.860502809462474,0.017562897408521447,0.017563638161971155,91.87926527321316,86.27417562626762,0,2
2023-06-21 03:53:00,2023-06-21 03:53:59,0.01787,0.01785,0.01785,0.01787,0.017834018859490187,0.01786,0.01785,0.01787,True,2.7901617108126846e-05,9.283526669600888e-06,0,0.017717517728785995,0.017724186921634702,22.269696235764712,22.269696235764712,0.017565853653212775,0.01756648753349383,96.44950229781996,91.54601485909664,0,2
2023-06-21 03:54:00,2023-06-21 03:54:59,0.01785,0.01786,0.01784,0.01786,0.017847009429745094,0.0178525,0.01784,0.01786,True,2.7337215886117728e-05,9.162872624836368e-06,0,0.01772085232521035,0.017727871842594316,22.17521672636117,22.17521672636117,0.01756870585566837,0.01756940805554862,93.72751444323734,94.01876067142348,0,2
2023-06-21 03:55:00,2023-06-21 03:55:59,0.01786,0.01785,0.01784,0.01787,0.017849754714872546,0.017855000000000003,0.01784,0.01787,True,2.7527414751394947e-05,7.759167606896127e-06,0,0.017724362083902337,0.01773164524113649,19.685590031904695,19.685590031904695,0.01757155455362192,0.0175722000151949,88.31475223626263,92.83058965910664,0,1
2023-06-21 03:56:00,2023-06-21 03:56:59,0.01785,0.01787,0.01784,0.01789,0.017852377357436274,0.0178625,0.01784,0.01789,True,2.9132599412009446e-05,7.633429176722846e-06,0,0.017728003662519417,0.017735513867150745,20.323541844515347,20.323541844515347,0.01757444953318787,0.01757516319912331,85.51795827889539,89.18674165279845,0,2
2023-06-21 03:57:00,2023-06-21 03:57:59,0.01788,0.01785,0.01785,0.01788,0.017857438678718137,0.017865,0.01785,0.01788,True,2.9194556596865828e-05,5.584260781508414e-06,0,0.017731758764835084,0.017739448076193525,16.217330998799,16.217330998799,0.01757734058260889,0.017577897893659395,89.87690729291013,87.9032059360227,0,1
2023-06-21 03:58:00,2023-06-21 03:58:59,0.01786,0.01786,0.01785,0.01787,0.017861219339359066,0.01786,0.01785,0.01787,True,2.8537802554232497e-05,4.431565209032713e-06,0,0.017735603420514306,0.01774337262104063,14.911480007671528,14.911480007671528,0.017580153114125217,0.017580704879792138,88.39510477040551,87.92999011407034,0,1
2023-06-21 03:59:00,2023-06-21 03:59:59,0.01785,0.01785,0.01784,0.01786,0.017860609669679534,0.01785,0.01784,0.017860609669679534,True,2.7927959514644404e-05,2.5315566583370943e-06,0,0.01773948802077747,0.0177471940200126,11.770919703680683,0.0,0.017582838157765762,0.01758338443322704,74.60276715665152,84.29159307332237,0,1
2023-06-21 04:00:00,2023-06-21 04:00:59,0.01784,0.01786,0.01784,0.01787,0.01785530483483977,0.0178525,0.01784,0.01787,True,2.807596240645543e-05,1.6009893143511286e-06,0,0.017743341020395036,0.017750925145309484,11.397695260436798,0.0,0.017585521360176052,0.017586136826926276,59.39158210014174,74.12981800906626,0,1
2023-06-21 04:01:00,2023-06-21 04:01:59,0.01786,0.01789,0.01786,0.0179,0.017853902417419885,0.0178775,0.01786,0.0179,True,2.892767937742278e-05,2.707790673226734e-06,0,0.01774713308285226,0.01775473112460628,15.011779104507923,15.011779104507923,0.017588426620273802,0.017589160341086214,59.29057336114287,64.42830753931203,0,2
2023-06-21 04:02:00,2023-06-21 04:02:59,0.01789,0.01791,0.01788,0.01791,0.017865701208709943,0.0178975,0.01788,0.01791,True,2.900427370760678e-05,4.391984976249257e-06,0,0.017750932103729272,0.01775870714518742,19.185626487551218,19.185626487551218,0.017591501977286,0.017592352775503268,75.87970493226412,64.85395346451624,0,2
2023-06-21 04:03:00,2023-06-21 04:03:59,0.01791,0.01789,0.01789,0.01791,0.017881600604354973,0.0179,0.01789,0.01791,True,2.8361111299920525e-05,3.6238368753077364e-06,0,0.017754819624458348,0.01776280691339667,17.155671842705047,17.155671842705047,0.017594571609352808,0.01759531443942861,93.00442653152191,76.05823494164297,0,1
2023-06-21 04:04:00,2023-06-21 04:04:59,0.01789,0.01786,0.01785,0.01789,0.017890800302177486,0.017872500000000003,0.01785,0.017890800302177486,True,2.9192460492783226e-05,6.130318665042769e-07,0,0.01775881326892751,0.01776678730096864,10.522573813258148,0.0,0.017597337065976163,0.017597948126598473,66.66666666666679,78.51693271015093,0,1
2023-06-21 04:05:00,2023-06-21 04:05:59,0.01786,0.01782,0.01781,0.01787,0.017881650151088745,0.01784,0.01781,0.017881650151088745,True,3.139299902901307e-05,-4.399255639671266e-06,0,0.017762800284948078,0.017770423405070974,1.5865793662008656,0.0,0.017599751622533615,0.017600157597975605,33.33333333333345,64.3348088438407,0,1
2023-06-21 04:06:00,2023-06-21 04:06:59,0.01782,0.0178,0.0178,0.01783,0.017860825075544373,0.0178125,0.0178,0.017860825075544373,True,3.129349909836919e-05,-9.1019103407863e-06,0,0.01776661184500953,0.017773574825590163,-6.01951826045449,-6.01951826045449,0.01760186852181189,0.017602146079587787,1.1368683772161603e-13,33.333333333333435,0,-2
2023-06-21 04:07:00,2023-06-21 04:07:59,0.0178,0.01784,0.01778,0.01785,0.017836662537772184,0.017817500000000003,0.01778,0.01785,True,3.4058249162771434e-05,-9.264092379979132e-06,0,0.017770093335299848,0.017776357334536898,-4.907020558519115,-4.907020558519115,0.01760401410865953,0.01760451278526353,1.5283550459515594,11.620562793095027,0,-2
2023-06-21 04:08:00,2023-06-21 04:08:59,0.01785,0.01786,0.01785,0.01789,0.017827081268886096,0.017862500000000003,0.01785,0.01789,True,3.519694565114476e-05,-7.839741729247484e-06,0,0.017773225334918374,0.01777913905369368,-1.7923174535540625,-0.0,0.017606586107578343,0.01760705494660419,14.653495065463845,5.3939500371384925,0,-1
2023-06-21 04:09:00,2023-06-21 04:09:59,0.01786,0.01786,0.01784,0.01787,0.01786,0.017857500000000002,0.01784,0.01787,True,3.482573524749148e-05,-6.812228557629625e-06,0,0.017776182194306028,0.017781866760174278,0.28415128308930804,0.0,0.01760908276322433,0.017609571812807135,26.287460945899024,14.156437019104795,0,-1
2023-06-21 04:10:00,2023-06-21 04:10:59,0.01785,0.01787,0.01785,0.01788,0.01785875,0.017862500000000003,0.01785,0.01788,True,3.448103987267057e-05,-5.39057991726105e-06,0,0.017779024477240155,0.017784567532445113,3.0151372428125143,0.0,0.01761160432776936,0.017612163138052837,37.573409063974104,26.171455025112312,0,-1
2023-06-21 04:11:00,2023-06-21 04:11:59,0.01787,0.01786,0.01786,0.01788,0.017860625,0.0178675,0.01786,0.01788,True,3.3446679881765474e-05,-5.140567378228474e-06,0,0.017781796004842636,0.017787262874370557,2.9612114980717408,0.0,0.017614150553363694,0.01761462917648017,38.471485986417605,34.1107853320969,0,-2
2023-06-21 04:12:00,2023-06-21 04:12:59,0.01786,0.01786,0.01784,0.01787,0.0178640625,0.017857500000000002,0.01784,0.01787,True,3.320048846163928e-05,-4.965171449111714e-06,0,0.017784529439606598,0.017789866837400223,2.925261001577887,0.0,0.017616571940892414,0.017617070677211712,37.45524700011162,37.8333806835011,0,-2
2023-06-21 04:13:00,2023-06-21 04:13:59,0.01785,0.01786,0.01785,0.01786,0.01786078125,0.017855000000000003,0.01785,0.01786078125,True,3.15433107143793e-05,-4.837785959386245e-06,0,0.017787198138503414,0.01779236383856835,2.901294003915318,0.0,0.017618944359390997,0.017619487884403637,34.40129485102391,36.776009279184365,0,-2
2023-06-21 04:14:00,2023-06-21 04:14:59,0.01787,0.01784,0.01784,0.01787,0.017857890625,0.017855000000000003,0.01784,0.01787,True,3.143307423478069e-05,-6.110690182327035e-06,0,0.017789780988535883,0.017794759495827175,-1.5095160756633774,-0.0,0.017621293171735365,0.01762168203480758,30.13842892400694,33.99832359171415,0,-2
2023-06-21 04:15:00,2023-06-21 04:15:59,0.01785,0.01788,0.01785,0.01789,0.017856445312500004,0.0178675,0.01785,0.01789,True,3.2759283218010495e-05,-4.107511417355252e-06,0,0.01779227024218153,0.01779714469085032,3.0810385278131633,0.0,0.01762374299092208,0.017624252362819445,33.027189709374824,32.52230449480188,0,-1
2023-06-21 04:16:00,2023-06-21 04:16:59,0.01788,0.01788,0.01788,0.0179,0.017861972656250003,0.017884999999999998,0.01788,0.0179,True,3.18479058452954e-05,-2.8123343526385996e-06,0,0.017794707466515926,0.017799625352517938,6.141408263464193,0.0,0.01762634256315171,0.017626797115428205,41.47949742758889,34.88170535365687,0,-1
2023-06-21 04:17:00,2023-06-21 04:17:59,0.01788,0.01789,0.01788,0.01789,0.017873486328125,0.017884999999999998,0.01788,0.01789,True,3.0287341142059988e-05,-1.3427470156379817e-06,0,0.017797166409516934,0.017802164155768994,9.676068866908551,0.0,0.017628916268990994,0.01762941604960305,62.2483089236513,45.58499868687165,0,-1
2023-06-21 04:18:00,2023-06-21 04:18:59,0.01789,0.01791,0.01789,0.01791,0.0178792431640625,0.0179,0.01789,0.01791,True,2.9552531060484214e-05,8.615269549485561e-07,0,0.017799665282642964,0.017804834231359316,14.491820592497234,14.491820592497234,0.0176316136195483,0.017632207929706503,82.07515457748757,61.9343203095759,0,-1
2023-06-21 04:19:00,2023-06-21 04:19:59,0.01791,0.01791,0.0179,0.01793,0.01788962158203125,0.017912499999999998,0.0179,0.01793,True,2.9584493127592644e-05,2.0689957757465423e-06,0,0.01780224975700114,0.017807675102320758,17.702321742889694,17.702321742889694,0.017634408508906026,0.01763497202990843,97.19582917766802,80.50643089293561,0,2
2023-06-21 04:20:00,2023-06-21 04:20:59,0.01791,0.01793,0.01791,0.01793,0.017901060791015624,0.01792,0.01791,0.01793,True,2.8899886475621928e-05,3.945837286072696e-06,0,0.01780496242966095,0.017810682408259042,21.931131425508823,21.931131425508823,0.01763725021528507,0.01763790763160088,100.00000000000011,93.0903279183852,0,2
2023-06-21 04:21:00,2023-06-21 04:21:59,0.01792,0.01794,0.01792,0.01794,0.01791053039550781,0.01793,0.01792,0.01794,True,2.8264180298791978e-05,5.479025908617326e-06,0,0.017807822418959996,0.017813868726942808,25.579553208253287,25.579553208253287,0.017640163148466313,0.017640913525813807,100.00000000000011,99.06527639255604,0,2
2023-06-21 04:22:00,2023-06-21 04:22:59,0.01795,0.01794,0.01793,0.01796,0.017920265197753908,0.017945000000000003,0.01793,0.01796,True,2.8388167420306747e-05,6.026535744890054e-06,0,0.0178108455729514,0.01781727703803728,28.01183439674959,28.01183439674959,0.017643196350969136,0.01764388951063158,100.00000000000011,100.00000000000007,0,2
2023-06-21 04:23:00,2023-06-21 04:23:59,0.01795,0.01793,0.01791,0.01795,0.017932632598876955,0.017935,0.01791,0.01795,True,2.921758403314211e-05,5.216638469969215e-06,0,0.01781406130549434,0.017820768130044507,25.36662536508534,25.36662536508534,0.017646099869864967,0.017646736381172562,92.15822573615856,97.38607524538622,0,1
2023-06-21 04:24:00,2023-06-21 04:24:59,0.01792,0.01792,0.01791,0.01792,0.01793381629943848,0.017917499999999996,0.01791,0.01793381629943848,True,2.855918517363215e-05,3.55698171840756e-06,0,0.017817414717769424,0.017824180374832053,19.95079292332818,19.95079292332818,0.01764880036867228,0.01764945542215592,71.89364617381506,88.01729063665788,0,1
2023-06-21 04:25:00,2023-06-21 04:25:59,0.01792,0.01792,0.01792,0.01793,0.017925658149719238,0.0179225,0.01792,0.01793,True,2.72335290898015e-05,2.102351621869819e-06,0,0.01782079754630074,0.017827541436338322,16.340237962156735,16.340237962156735,0.017651523748088475,0.017652147408005116,53.62571946935842,72.55919712644398,0,1
2023-06-21 04:26:00,2023-06-21 04:26:59,0.01792,0.01792,0.01792,0.01792,0.01792407907485962,0.01792,0.01792,0.01792407907485962,True,2.5288277011958533e-05,8.421550460177554e-07,0,0.01782416949131953,0.017830821987772326,13.933201321375769,0.0,0.017654195153580132,0.017654812607925462,41.40951308720519,55.642959576792855,0,1
2023-06-21 04:27:00,2023-06-21 04:27:59,0.01792,0.01793,0.01792,0.01793,0.01792203953742981,0.017925,0.01792,0.01793,True,2.4196257225390283e-05,4.4858528646318855e-07,0,0.01782749573954593,0.017834050950305977,15.227177983901981,0.0,0.0176568897291664,0.01765755079093118,43.80869798648259,46.281310181015364,0,1
2023-06-21 04:28:00,2023-06-21 04:28:59,0.01793,0.01793,0.01792,0.01794,0.017923519768714903,0.01793,0.01792,0.01794,True,2.3896524566434025e-05,-5.345989781855242e-08,0,0.017830773344925954,0.01783725144773603,16.089829092252785,0.0,0.01765960724429907,0.01766026172833485,43.16665062103681,42.794953898241495,0,1
2023-06-21 04:29:00,2023-06-21 04:29:59,0.01794,0.01794,0.01793,0.01794,0.017926759884357452,0.017937500000000002,0.01793,0.01794,True,2.2903915668831564e-05,8.270460651251682e-08,0,0.017834012396330992,0.017840459033549843,19.18055580193321,19.18055580193321,0.017662372346345847,0.017663045193724553,42.95289406426269,43.30941422392733,0,2
2023-06-21 04:30:00,2023-06-21 04:30:59,0.01794,0.01794,0.01793,0.01795,0.01793212994217873,0.01794,0.01793,0.01795,True,2.2696493121057823e-05,-6.047161044247373e-08,0,0.01783723571494042,0.017843667345306857,21.241040275053493,21.241040275053493,0.01766513481056131,0.017665800962941222,42.307196752132846,42.808913812477414,0,1
2023-06-21 04:31:00,2023-06-21 04:31:59,0.01794,0.01794,0.01794,0.01794,0.017936064971089363,0.01794,0.01794,0.01794,True,2.1075315040982265e-05,-3.7772310584697626e-07,0,0.01784045153012364,0.01784685421617348,22.61469659046702,22.61469659046702,0.01766786978757065,0.017668529311568672,42.55393806240436,42.60467629293327,0,1
2023-06-21 04:32:00,2023-06-21 04:32:59,0.01794,0.01794,0.01791,0.01794,0.01793803248554468,0.0179325,0.01791,0.01794,True,2.1712792538055123e-05,-7.926589621300628e-07,0,0.017843652873148562,0.01784995088317706,23.530467467409366,23.530467467409366,0.017670502924012732,0.017671230512448587,32.28824833890003,39.04979438447905,0,1
2023-06-21 04:33:00,2023-06-21 04:33:59,0.01794,0.01796,0.01793,0.01796,0.017935266242772342,0.0179475,0.01793,0.01796,True,2.2304735928193956e-05,1.2060173358925837e-07,0,0.017846801878162812,0.017853058201568028,28.189973911828346,28.189973911828346,0.01767325911382355,0.01767410384068293,32.453867360210786,35.76535125383836,0,2
2023-06-21 04:34:00,2023-06-21 04:34:59,0.01796,0.01796,0.01795,0.01797,0.01794138312138617,0.01796,0.01795,0.01797,True,2.2140111933322902e-05,4.799531456017316e-07,0,0.01784993003986542,0.017856238349655818,31.296311541441,31.296311541441,0.017676112256969585,0.017676948578586583,41.491198561777644,35.41110475362945,0,2
2023-06-21 04:35:00,2023-06-21 04:35:59,0.01796,0.01797,0.01795,0.01797,0.017950691560693087,0.0179625,0.01795,0.01797,True,2.1987246795228352e-05,1.1499817930026964e-06,0,0.01785308419476062,0.017859471170536906,34.457993371786614,34.457993371786614,0.01767896188625347,0.01767986451312801,64.06599254357555,46.00368615518796,0,2
2023-06-21 04:36:00,2023-06-21 04:36:59,0.01797,0.01796,0.01796,0.01797,0.017956595780346543,0.017965000000000002,0.01796,0.01797,True,2.113101488128344e-05,6.174837720246076e-07,0,0.01785627768264876,0.017862740433148006,29.32804732748049,29.32804732748049,0.017681808036639008,0.01768265193090783,82.41146549746074,62.656218867604615,0,1
2023-06-21 04:37:00,2023-06-21 04:37:59,0.01797,0.01798,0.01797,0.01798,0.017960797890173272,0.017974999999999998,0.01797,0.01798,True,2.105022810404885e-05,1.3875582426776416e-06,0,0.017859509057898383,0.017866084566605815,29.668262972822674,29.668262972822674,0.017684725369607773,0.01768561061816248,92.03736705552478,79.50494169885366,0,2
2023-06-21 04:38:00,2023-06-21 04:38:59,0.01798,0.01799,0.01797,0.018,0.017967898945086637,0.017985,0.01797,0.018,True,2.168949752518813e-05,2.2772312447638215e-06,0,0.0178627968122521,0.017869533312730532,31.071075166285567,31.071075166285567,0.01768771317687536,0.017688639368230515,100.0000000000001,91.48294418432852,0,2
2023-06-21 04:39:00,2023-06-21 04:39:59,0.01799,0.01797,0.01797,0.01799,0.01797644947254332,0.01798,0.01797,0.01799,True,2.156881913053178e-05,1.1434230707588382e-06,0,0.017866165062491318,0.01787300645376025,23.587135880376167,23.587135880376167,0.017690621503473614,0.017691438976506827,92.17818223276186,94.73851642942888,0,1
2023-06-21 04:40:00,2023-06-21 04:40:59,0.01798,0.01799,0.01797,0.018,0.01797822473627166,0.017985,0.01797,0.018,True,2.217104633549371e-05,1.4932683759082555e-06,0,0.017869585758125785,0.017876509276946524,22.25915037433826,22.25915037433826,0.01769355064274253,0.017694409732959496,86.83677265752392,93.00498496342858,0,2
2023-06-21 04:41:00,2023-06-21 04:41:59,0.01798,0.01798,0.01797,0.01799,0.01798161236813583,0.01798,0.01797,0.01799,True,2.20159715972441e-05,7.270528867383863e-07,0,0.017873047517536152,0.017879977130693888,18.18642444783093,0.0,0.017696400885103304,0.017697251427158906,72.90939425658063,83.97478304895543,0,1
2023-06-21 04:42:00,2023-06-21 04:42:59,0.01798,0.01799,0.01798,0.01799,0.017980806184067916,0.017985,0.01798,0.01799,True,2.1157687911726637e-05,6.439129869772797e-07,0,0.01787651232411502,0.01788342796490875,17.356358786850393,0.0,0.01769927251808735,0.017700164348281703,70.23155530217281,76.65924073875908,0,1
2023-06-21 04:43:00,2023-06-21 04:43:59,0.01798,0.018,0.01798,0.01802,0.01798290309203396,0.017994999999999997,0.01798,0.01802,True,2.2503567346603435e-05,1.0050838915654894e-06,0,0.017879970144511884,0.017886910333768078,18.463011147340822,0.0,0.01770221508009643,0.017703147787602284,71.47023773078506,71.53706242984613,0,2
2023-06-21 04:44:00,2023-06-21 04:44:59,0.018,0.018,0.01799,0.01801,0.017988951546016978,0.018,0.01799,0.01801,True,2.232474110756052e-05,9.499442569753318e-07,0,0.01788344023913998,0.017890427942638332,19.200779387667765,19.200779387667765,0.017705178114125322,0.017706101540959477,84.27874982598344,75.32684761964707,0,1
2023-06-21 04:45:00,2023-06-21 04:45:59,0.018,0.01799,0.01798,0.01801,0.017994475773008486,0.017994999999999997,0.01798,0.01801,True,2.2872973885592075e-05,-5.914244344218752e-08,0,0.017886934090889154,0.017893914856361992,15.619152721457084,0.0,0.01770806191398477,0.017708926401248437,84.37654841768646,80.04184532481828,0,1
2023-06-21 04:46:00,2023-06-21 04:46:59,0.01799,0.01802,0.01799,0.01802,0.017994737886504242,0.018005,0.01799,0.01802,True,2.3382047179478515e-05,1.1032745110582052e-06,0,0.01789042447362557,0.017897422290279165,18.54425096894606,0.0,0.017711016521805817,0.017712021660937508,82.74574322808662,83.80034715725213,0,2
2023-06-21 04:47:00,2023-06-21 04:47:59,0.01801,0.01801,0.018,0.01804,0.01799986894325212,0.018015,0.018,0.01804,True,2.4569043809515895e-05,8.72786496722019e-07,0,0.017893923381952368,0.017900990425796945,17.19506393901986,0.0,0.01771404123303163,0.017714986619535144,83.86460953383154,83.6623003932015,0,1
2023-06-21 04:48:00,2023-06-21 04:48:59,0.01801,0.01803,0.01801,0.01804,0.01800743447162606,0.0180225,0.01801,0.01804,True,2.4956969251693245e-05,1.8078091211385435e-06,0,0.017897456903874655,0.01790463332888352,19.159846385491505,19.159846385491505,0.017717110474494,0.017718121081032306,94.26646766377458,86.95894014189753,0,2
2023-06-21 04:49:00,2023-06-21 04:49:59,0.01803,0.01801,0.01801,0.01804,0.01801496723581303,0.0180225,0.01801,0.01804,True,2.5317185733715068e-05,7.085807768293867e-07,0,0.017901045116379088,0.017908310102813543,14.986407551829117,0.0,0.01772014917624033,0.01772102534888273,100.0000000000001,92.7103590658687,0,1
2023-06-21 04:50:00,2023-06-21 04:50:59,0.01801,0.01797,0.01797,0.01801,0.018018733617906513,0.01799,0.01797,0.018018733617906513,True,2.6365958181306982e-05,-3.029085420415669e-06,0,0.017904677609596315,0.017911765332354924,5.5826650354709315,0.0,0.01772283425906381,0.01772350270859534,66.66666666666676,86.97771144348043,0,-2
2023-06-21 04:51:00,2023-06-21 04:51:59,0.01798,0.01798,0.01797,0.01799,0.018004366808953256,0.01798,0.01797,0.018004366808953256,True,2.591124688264214e-05,-4.871251999569379e-06,0,0.01790822147097562,0.017914953821257285,1.3198025944017857,0.0,0.0177253931221577,0.017726054920450113,33.33333333333343,66.66666666666673,0,-2
2023-06-21 04:52:00,2023-06-21 04:52:59,0.01798,0.01799,0.01798,0.01799,0.017992183404476628,0.017985,0.01798,0.017992183404476628,True,2.477472924816767e-05,-5.397257465757531e-06,0,0.017911587646116455,0.01791794473227127,0.4329195777629522,0.0,0.017727976275171056,0.017728681239649616,2.5002909459707436,34.16676364865694,0,-2
2023-06-21 04:53:00,2023-06-21 04:53:59,0.01798,0.01797,0.01797,0.01798,0.017988591702238314,0.017974999999999998,0.01797,0.017988591702238314,True,2.443367715901278e-05,-7.097038918035613e-06,0,0.017914766189193864,0.017920690957359323,-3.3612673112066886,-3.3612673112066886,0.017730434222681793,0.017731082421344645,2.5002909459707436,12.77797174175827,0,-2
2023-06-21 04:54:00,2023-06-21 04:54:59,0.01798,0.01798,0.01796,0.01798,0.017981795851119156,0.017974999999999998,0.01796,0.017981795851119156,True,2.4116985933368954e-05,-7.410655899516678e-06,0,0.017917728573276594,0.017923225697472494,-3.7385572467252572,-3.7385572467252572,0.017732867713003368,0.017733559213172063,2.5002909459707436,2.5002909459707077,0,-2
2023-06-21 04:55:00,2023-06-21 04:55:59,0.01798,0.01799,0.01797,0.018,0.017978397925559577,0.017985,0.01797,0.018,True,2.4537201223842513e-05,-6.8018953245446545e-06,0,0.017920477135374546,0.01792564515359952,-1.9414769573752864,-0.0,0.01773537649197846,0.01773611086279224,5.0240782711959255,3.3415533877124353,0,-2
2023-06-21 04:56:00,2023-06-21 04:56:59,0.01798,0.01799,0.01798,0.018,0.01798169896277979,0.0179875,0.01798,0.018,True,2.4213115422139416e-05,-6.298730681217544e-06,0,0.017923061144487034,0.01792797439845013,-0.7434234311419701,-0.0,0.017737885183600564,0.01773863712286396,11.257692696440635,6.2606873045357325,0,-2
2023-06-21 04:57:00,2023-06-21 04:57:59,0.01799,0.01799,0.01797,0.01799,0.017984599481389897,0.017985,0.01797,0.01799,True,2.3912178606272256e-05,-5.876144463916767e-06,0,0.017925517771468582,0.017930199485572996,0.05527891968024079,0.0,0.017740344037495085,0.01774113824601954,15.875867525006214,10.71921283088089,0,-2
2023-06-21 04:58:00,2023-06-21 04:58:59,0.018,0.01799,0.01798,0.018,0.01798479974069495,0.017992499999999998,0.01798,0.018,True,2.363273727725275e-05,-5.515034219218195e-06,0,0.01792785862852079,0.01793237876009633,0.5877471535617147,0.0,0.017742853052047373,0.017743614482377556,19.316671952961244,15.483410724802662,0,-2
2023-06-21 04:59:00,2023-06-21 04:59:59,0.01799,0.018,0.01798,0.018,0.017988649870347474,0.017992499999999998,0.01798,0.018,True,2.337325604316321e-05,-4.515164762538611e-06,0,0.017930118694308557,0.017934507013897056,3.9972739191622964,0.0,0.017745337101280734,0.01774616558205539,21.547940226867393,18.913493234944912,0,-1
2023-06-21 05:00:00,2023-06-21 05:00:59,0.01799,0.018,0.01798,0.01801,0.017990574935173736,0.017994999999999997,0.01798,0.01801,True,2.3846594897223142e-05,-3.825552607654319e-06,0,0.017932312854102805,0.017936597649298336,6.270291762896008,0.0,0.01774782130922819,0.01774869129765683,26.739568554779378,22.53472691153597,0,-1
2023-06-21 05:01:00,2023-06-21 05:01:59,0.018,0.01801,0.018,0.01802,0.017992787467586868,0.018007500000000003,0.018,0.01802,True,2.3571838118850253e-05,-2.675533388547442e-06,0,0.01793445525170057,0.017938730086780316,10.586140825722119,0.0,0.017750405176798056,0.01775129138424731,34.248635071785294,27.512047951143984,0,-1
2023-06-21 05:02:00,2023-06-21 05:02:59,0.01802,0.01799,0.01799,0.01802,0.018000143733793435,0.018005,0.01799,0.01802,True,2.403099253893254e-05,-3.332255063652458e-06,0,0.017936592669240442,0.017940863651886844,5.6243046157544185,0.0,0.01775293845862096,0.017753666594354303,39.69936791038959,33.562523845651384,0,-2
2023-06-21 05:03:00,2023-06-21 05:03:59,0.01799,0.018,0.01798,0.018,0.018002571866896716,0.017992499999999998,0.01798,0.018002571866896716,True,2.3743064500437302e-05,-3.065021298723197e-06,0,0.017938728160563643,0.017942897702961202,5.381330671069968,0.0,0.017755322155550105,0.017756117673017446,39.20399537448742,37.71733278555406,0,-1
2023-06-21 05:04:00,2023-06-21 05:04:59,0.01799,0.01798,0.01797,0.01801,0.017997535933448355,0.0179875,0.01797,0.01801,True,2.490427417897763e-05,-4.26455904886934e-06,0,0.01794081293176242,0.017944805144867352,-0.06828539628769903,-0.0,0.017757632382858064,0.017758345357863043,25.48055969274635,34.79464099254108,0,-2
2023-06-21 05:05:00,2023-06-21 05:05:59,0.01798,0.01798,0.01797,0.01799,0.01799251796672418,0.01798,0.01797,0.01799251796672418,True,2.455396888047917e-05,-4.980161570918838e-06,0,0.017942809038314887,0.017946548361429022,-3.701362774526146,-3.701362774526146,0.017759844995963954,0.017760550876690276,11.564944154991196,25.416499740741614,0,-2
2023-06-21 05:06:00,2023-06-21 05:06:59,0.01798,0.01804,0.01798,0.01805,0.01798625898336209,0.018012499999999997,0.01798,0.01805,True,2.7800113960444984e-05,-1.2283394705138085e-06,0,0.017944678699871954,0.017948373306465197,5.160170668129268,0.0,0.017762358976103617,0.017763331464981914,29.951918724405356,22.33247419071426,0,-1
2023-06-21 05:07:00,2023-06-21 05:07:59,0.01803,0.01802,0.01802,0.01804,0.017999379491681046,0.018027500000000002,0.01802,0.01804,True,2.7242962963270285e-05,-2.4034858284224583e-07,0,0.017946526003168574,0.017950352991792373,6.652837352427717,0.0,0.017764997195246865,0.01776588538075324,61.03473852332298,34.1838671342398,0,-1
2023-06-21 05:08:00,2023-06-21 05:08:59,0.01802,0.01802,0.01802,0.01803,0.018013439745840524,0.0180225,0.01802,0.01803,True,2.6011322751608092e-05,2.8820302145029616e-07,0,0.017948439497480474,0.017952406617174885,7.647948475293354,0.0,0.01776755941220958,0.017768413884427337,89.483708562612,60.15678860344673,0,-1
2023-06-21 05:09:00,2023-06-21 05:09:59,0.01803,0.01803,0.01802,0.01803,0.018017969872920262,0.018027500000000002,0.01802,0.01803,True,2.4867656840778912e-05,1.1812259263823634e-06,0,0.017950423057327677,0.017954538671346193,9.868057172027576,0.0,0.017770145885719933,0.017771016731348458,93.00777730144712,81.17540812912732,0,-1
2023-06-21 05:10:00,2023-06-21 05:10:59,0.01803,0.01805,0.01803,0.01806,0.01802273493646013,0.018042500000000003,0.01803,0.01806,True,2.5234252780723185e-05,2.9535815321178404e-06,0,0.017952480864336935,0.01795682076084747,13.933878101477035,0.0,0.017772855876906798,0.017773792684270363,93.00777730144712,91.83308772183535,0,-1
2023-06-21 05:11:00,2023-06-21 05:11:59,0.01805,0.01803,0.01803,0.01805,0.018032617468230067,0.01804,0.01803,0.01805,True,2.486037758210004e-05,2.4671981808362795e-06,0,0.017954650812592204,0.01795918816399961,11.675316886294446,0.0,0.017775514027385336,0.017776342010795036,95.62253397844496,93.87936286044635,0,-2
2023-06-21 05:12:00,2023-06-21 05:12:59,0.01803,0.01802,0.01801,0.01805,0.018036308734115034,0.0180275,0.01801,0.01805,True,2.594177918337849e-05,1.2239947756794143e-06,0,0.01795691948829591,0.017961520728992465,8.065976027754559,0.0,0.01777802135049593,0.017778766468399064,84.68223440414164,91.10418189467786,0,-2
2023-06-21 05:13:00,2023-06-21 05:13:59,0.01801,0.01798,0.01797,0.01801,0.018031904367057518,0.0179925,0.01797,0.018031904367057518,True,2.7660223527422987e-05,-2.511839882488576e-06,0,0.01795922010864419,0.01796356972455979,-0.21131457073340698,-0.0,0.01778015546641139,0.017780768792096585,51.3489010708083,77.21788981779825,0,-2
2023-06-21 05:14:00,2023-06-21 05:14:59,0.01798,0.01797,0.01797,0.01798,0.01801220218352876,0.017974999999999998,0.01797,0.01801220218352876,True,2.639877898974989e-05,-5.630261778551288e-06,0,0.01796139491660199,0.017965261337024904,-6.772347329473888,-6.772347329473888,0.01778209421798939,0.017782651689687665,20.28517435452143,52.105436609823734,0,-2
2023-06-21 05:15:00,2023-06-21 05:15:59,0.01797,0.01795,0.01795,0.01797,0.01799360109176438,0.01796,0.01795,0.01799360109176438,True,2.5941723347624838e-05,-8.886018666097293e-06,0,0.01796332812681345,0.01796655705704787,-12.995754730085068,-12.995754730085068,0.017783864424775565,0.017784316847004204,9.473903143468003e-14,23.878025141776558,0,-2
2023-06-21 05:16:00,2023-06-21 05:16:59,0.01796,0.01794,0.01792,0.01796,0.017976800545882188,0.017945,0.01792,0.017976800545882188,True,2.6945885965651764e-05,-1.1384167918633156e-05,-1,0.017964942591930662,0.0179674292821977,-17.959710710988716,-17.959710710988716,0.017785467763832524,0.017785865933103665,9.473903143468003e-14,6.761724784840488,-1,-2
2023-06-21 05:17:00,2023-06-21 05:17:59,0.01794,0.01794,0.0179,0.01794,0.017960900272941095,0.01793,0.0179,0.017960900272941095,True,2.7878322682391058e-05,-1.2576038157571478e-05,0,0.017966185937064182,0.01796785918651156,-21.269014698257816,-21.269014698257816,0.017786905895535682,0.01778739960541109,9.473903143468003e-14,4.223781818129485e-14,0,-2
2023-06-21 05:18:00,2023-06-21 05:18:59,0.01795,0.01795,0.01795,0.01797,0.01794545013647055,0.017955,0.01795,0.01797,True,2.8029871062220182e-05,-1.2163599891834872e-05,0,0.017967022561787872,0.01796810942550644,-20.219647113393723,-20.219647113393723,0.017788578473689556,0.01778901751978511,8.339252847173404,2.779750949057812,0,-2
2023-06-21 05:19:00,2023-06-21 05:19:59,0.01795,0.01793,0.01792,0.01796,0.017950225068235272,0.01794,0.01792,0.01796,True,2.8884880272061728e-05,-1.2769728621307666e-05,0,0.017967565993647155,0.017968113579874576,-21.978261253417074,-21.978261253417074,0.01779008515554339,0.01779042033053352,13.736638948129764,7.358630598434369,0,-2
2023-06-21 05:20:00,2023-06-21 05:20:59,0.01793,0.01794,0.01792,0.01795,0.017945112534117638,0.017935,0.01792,0.01795,True,2.8964531681200337e-05,-1.1929186757180766e-05,0,0.017967839786760868,0.01796788965626476,-20.083516197813854,-20.083516197813854,0.017791527094294202,0.01779190868545358,18.191893441691096,13.422595078998036,0,-2
2023-06-21 05:21:00,2023-06-21 05:21:59,0.01794,0.01791,0.01791,0.01794,0.01794005626705882,0.017925,0.01791,0.01794005626705882,True,2.9038493703971902e-05,-1.2914447602344698e-05,0,0.017967864721512815,0.01796741909097837,-22.2467066048728,-22.2467066048728,0.017792855182908192,0.017793083723409268,12.450509245982628,14.79301387860111,0,-2
2023-06-21 05:22:00,2023-06-21 05:22:59,0.01792,0.01789,0.01787,0.01792,0.01793252813352941,0.0179,0.01787,0.01793252813352941,True,3.053574415368805e-05,-1.4329110491652042e-05,0,0.017967641906245592,0.01796658604495716,-25.22034564282988,-25.22034564282988,0.017793921300491195,0.017794048064469874,7.053123145026267,12.565175277566611,0,-2
2023-06-21 05:23:00,2023-06-21 05:23:59,0.01789,0.01789,0.01789,0.01791,0.017916264066764706,0.017894999999999998,0.01789,0.017916264066764706,True,2.9783190999853133e-05,-1.4563056433254138e-05,0,0.017967113975601377,0.01796543902556854,-27.202771668134602,-27.202771668134602,0.017794927058695263,0.01779500281009704,2.5978686514649336,7.36716701415789,0,-2
2023-06-21 05:24:00,2023-06-21 05:24:59,0.01789,0.0179,0.01789,0.01792,0.01790563203338235,0.0179,0.01789,0.01792,True,2.9798677357006393e-05,-1.3313638324051319e-05,0,0.01796627650058496,0.01796408698782986,-25.176616671192807,-25.176616671192807,0.017795972560598793,0.017796047558255278,1.798006996939334,3.816332931143459,0,-1
2023-06-21 05:25:00,2023-06-21 05:25:59,0.01791,0.0179,0.0179,0.01792,0.017902816016691175,0.0179075,0.0179,0.01792,True,2.909877183150588e-05,-1.1825254003517295e-05,0,0.01796518174420741,0.017962634272095088,-23.82584667323161,-23.82584667323161,0.01779708228636398,0.017797081910909455,7.228395427497307,3.874757025300472,0,-1
2023-06-21 05:26:00,2023-06-21 05:26:59,0.01791,0.01793,0.0179,0.01793,0.017905158008345586,0.0179175,0.0179,0.01793,True,2.9163145272112765e-05,-8.172746736246699e-06,0,0.01796390800815125,0.01796118086967546,-14.666905005722235,-14.666905005722235,0.017798280472569313,0.017798404478960108,24.346150268932075,11.124184231122854,0,-1
2023-06-21 05:27:00,2023-06-21 05:27:59,0.01792,0.01789,0.01789,0.01792,0.01791132900417279,0.017904999999999997,0.01789,0.01792,True,2.993720632410484e-05,-8.071714597476967e-06,0,0.017962544438913357,0.017959651135216952,-14.96114191965956,-14.96114191965956,0.017799342358414395,0.017799315877179412,39.042686897618516,23.53907753134925,0,-2
2023-06-21 05:28:00,2023-06-21 05:28:59,0.01789,0.01789,0.01789,0.0179,0.017908164502086394,0.0178925,0.01789,0.017908164502086394,True,2.8513120158097322e-05,-7.515320532347628e-06,0,0.01796109778706516,0.017957986036319314,-15.15729986228444,-15.15729986228444,0.017800269300121713,0.017800218206759717,43.91858970940563,35.76914229198536,0,-1
2023-06-21 05:29:00,2023-06-21 05:29:59,0.01789,0.01788,0.01788,0.01789,0.017900332251043198,0.017884999999999998,0.01788,0.017900332251043198,True,2.7190754432518914e-05,-7.36294637484269e-06,0,0.017959541911692238,0.017956174330420013,-16.598705203472974,-16.598705203472974,0.01780111239166279,0.017801012055448675,32.873144007911996,38.611473538312,0,-2
2023-06-21 05:30:00,2023-06-21 05:30:59,0.01788,0.01784,0.01784,0.01788,0.017892666125521598,0.01786,0.01784,0.017892666125521598,True,2.810570054448173e-05,-9.52374646448426e-06,0,0.017957858121056127,0.01795408810343981,-21.160174571157107,-21.160174571157107,0.017801698338014402,0.017801399995195453,16.37860038228631,31.056778033201258,0,-2
2023-06-21 05:31:00,2023-06-21 05:31:59,0.01784,0.01783,0.01783,0.01785,0.017876333062760798,0.0178375,0.01783,0.017876333062760798,True,2.7526721934161798e-05,-1.101037717116902e-05,0,0.017955973112247968,0.01795164568388977,-24.83202030004821,-24.83202030004821,0.017802054573457043,0.017801684572357687,6.072309139941229,18.441351176713127,0,-2
2023-06-21 05:32:00,2023-06-21 05:32:59,0.01784,0.01784,0.01783,0.01786,0.0178569165313804,0.0178425,0.01783,0.01786,True,2.77033846531504e-05,-1.0604985351720568e-05,0,0.017953809398068867,0.017948973894337406,-24.450636197256898,-24.450636197256898,0.017802457015512196,0.01780206582039393,4.907360716604347,9.119423412943911,0,-2
2023-06-21 05:33:00,2023-06-21 05:33:59,0.01785,0.01784,0.01784,0.01785,0.017849708265690198,0.017845,0.01784,0.01785,True,2.6438857177925343e-05,-9.662944339352589e-06,0,0.017951391646203137,0.017946157004145494,-24.196380128729356,-24.196380128729356,0.017802880328790682,0.01780244327491737,12.343414384149403,7.774361413564942,0,-1
2023-06-21 05:34:00,2023-06-21 05:34:59,0.01785,0.01786,0.01785,0.01786,0.0178473541328451,0.017855000000000003,0.01785,0.01786,True,2.5978938808073474e-05,-7.029034107560312e-06,0,0.017948774325174315,0.017943313812696662,-18.39538936072774,-18.39538936072774,0.017803398932484307,0.01780301597864954,29.854420177504775,15.701731759419458,0,-1
2023-06-21 05:35:00,2023-06-21 05:35:59,0.01786,0.01786,0.01784,0.01787,0.01785117706642255,0.017857500000000002,0.01784,0.01787,True,2.626615746463957e-05,-4.779488424953351e-06,0,0.01794604406893549,0.017940486574058927,-14.528062182059998,-14.528062182059998,0.017803937251564064,0.017803582983837104,44.964143592048686,29.0539927179009,0,-1
2023-06-21 05:36:00,2023-06-21 05:36:59,0.01787,0.01786,0.01786,0.01787,0.017854338533211278,0.017865,0.01786,0.01787,True,2.510428907430814e-05,-2.871642953486567e-06,0,0.017943265321497207,0.017937742751021266,-11.949844062948166,-11.949844062948166,0.01780454484110074,0.01780414434718201,65.11621754110466,46.644927103552654,0,-1
2023-06-21 05:37:00,2023-06-21 05:37:59,0.01786,0.01786,0.01785,0.01786,0.01785966926660564,0.017857500000000002,0.01785,0.01786,True,2.4025411283286102e-05,-1.2656871001821729e-06,0,0.017940504036259235,0.017935031969240182,-10.231031983540277,-0.0,0.017805071758104713,0.01780470012482199,71.13228905662328,60.40421672992549,0,-1
2023-06-21 05:38:00,2023-06-21 05:38:59,0.01786,0.01785,0.01785,0.01786,0.01785858463330282,0.017855000000000003,0.01785,0.01786,True,2.302359619162278e-05,-6.10664124683574e-07,0,0.017937768002749706,0.017932348647259944,-11.851168690219936,-11.851168690219936,0.017805568556531533,0.017805150869848636,73.28306497777359,69.84385719183379,0,-1
2023-06-21 05:39:00,2023-06-21 05:39:59,0.01785,0.01785,0.01785,0.01785,0.01785679231665141,0.01785,0.01785,0.01785679231665141,True,2.1379053606506868e-05,8.685372867050687e-08,0,0.017935058325004825,0.017929671049699107,-12.931259828006368,-12.931259828006368,0.017806010660446642,0.017805597129850144,65.09409062499843,69.83648155313172,0,-1
2023-06-21 05:40:00,2023-06-21 05:40:59,0.01786,0.01785,0.01785,0.01786,0.017853396158325707,0.017855000000000003,0.01785,0.01786,True,2.056626406318492e-05,7.803868913077713e-07,0,0.017932364687351966,0.01792705063549804,-13.651320586530659,-13.651320586530659,0.0178064981165616,0.017806038949453627,72.11667752727148,70.16461104334779,0,-1
2023-06-21 05:41:00,2023-06-21 05:41:59,0.01786,0.01786,0.01784,0.01786,0.017854198079162855,0.017855000000000003,0.01784,0.01786,True,2.0525816630100226e-05,2.1246457904508615e-06,0,0.017929707661425005,0.01792449322098641,-8.724944422764935,-0.0,0.017806980722366958,0.01780657587532971,80.49848168612004,72.56974994612993,0,-1
2023-06-21 05:42:00,2023-06-21 05:42:59,0.01785,0.01801,0.01785,0.01804,0.017854599039581427,0.017937500000000002,0.01785,0.01804,True,3.263111544223587e-05,1.3425795507784342e-05,1,0.017927100441205705,0.01792256899089244,7.880080560628329,7.880080560628329,0.017808279421646887,0.017808599995973194,94.4326617556275,82.34927365633963,0,-1
2023-06-21 05:43:00,2023-06-21 05:43:59,0.018,0.01798,0.01793,0.018,0.017896049519790715,0.0179775,0.01793,0.018,True,3.601460719636189e-05,1.8292204574126397e-05,0,0.01792483471604907,0.01792143091614681,13.968944865080111,13.968944865080111,0.017809963208496173,0.01781030546865008,97.21633087781379,90.71582477318708,0,2
2023-06-21 05:44:00,2023-06-21 05:44:59,0.01797,0.01797,0.01796,0.018,0.017936774759895358,0.017975,0.01796,0.018,True,3.6299278110907356e-05,2.0121428739748632e-05,0,0.01792313281609794,0.017920902442780034,16.46515941135064,16.46515941135064,0.017811605365625566,0.01781189446896202,99.39417398334236,97.01438887226118,1,2
2023-06-21 05:45:00,2023-06-21 05:45:59,0.01797,0.01797,0.01794,0.01797,0.01795588737994768,0.0179625,0.01794,0.01797,True,3.584932967441388e-05,2.0557754433566143e-05,0,0.017922017629438985,0.0179207717754619,18.12930244219767,18.12930244219767,0.01781310680477357,0.01781346765832558,95.58019557738628,97.39690014618077,0,2
2023-06-21 05:46:00,2023-06-21 05:46:59,0.01797,0.01796,0.01794,0.01797,0.01795919368997384,0.01796,0.01794,0.01797,True,3.5431520411955656e-05,1.9354660526003344e-05,0,0.017921394702450442,0.017920938047501576,17.298610938177163,17.298610938177163,0.017814568428606667,0.017814925691576073,91.01418403230349,95.329517864344,0,2
2023-06-21 05:47:00,2023-06-21 05:47:59,0.01796,0.01798,0.01795,0.01799,0.017959596844986922,0.01797,0.01795,0.01799,True,3.5757840382530136e-05,1.9171191532370655e-05,0,0.017921166374976007,0.017921405571817536,18.617807598973116,18.617807598973116,0.017816115011406602,0.017816568222008153,88.21813477933581,91.60417146300848,0,2
2023-06-21 05:48:00,2023-06-21 05:48:59,0.01798,0.01797,0.01797,0.01799,0.01796479842249346,0.0179775,0.01797,0.01799,True,3.4632280355206494e-05,1.7566735880305287e-05,0,0.017921285973396768,0.01792215852443118,17.37512747734634,17.37512747734634,0.017817720832188626,0.01781809490636628,89.83010694979055,89.68747525380991,0,2
2023-06-21 05:49:00,2023-06-21 05:49:59,0.01798,0.01798,0.01797,0.01799,0.01797114921124673,0.01798,0.01797,0.01799,True,3.3587117472691685e-05,1.645835382466977e-05,0,0.01792172224891397,0.017923148183353887,17.67994921739532,17.67994921739532,0.017819335550276302,0.017819705902322836,92.62726614901305,90.22516929271309,0,2
2023-06-21 05:50:00,2023-06-21 05:50:59,0.01797,0.01798,0.01797,0.01799,0.017975574605623365,0.0179775,0.01797,0.01799,True,3.2616609081785077e-05,1.500787755987368e-05,0,0.017922435216133927,0.01792430026004704,17.88316371076131,17.88316371076131,0.017820909325895442,0.01782130086846888,93.33623301784093,91.93120203888147,0,2
2023-06-21 05:51:00,2023-06-21 05:51:59,0.01798,0.01797,0.01797,0.018,0.017976537302811683,0.01798,0.01797,0.018,True,3.2429708433086056e-05,1.2691133397766463e-05,0,0.01792336773809048,0.017925589457580434,15.232984241365884,15.232984241365884,0.017822492317677577,0.017822780461817445,93.33991636117855,93.10113850934414,0,1
2023-06-21 05:52:00,2023-06-21 05:52:59,0.01797,0.01798,0.01797,0.01799,0.01797826865140584,0.0179775,0.01797,0.01799,True,3.154187211643699e-05,1.1269045960107192e-05,0,0.017924478597835455,0.017926960613390906,15.176363879802594,15.176363879802594,0.01782403468267581,0.0178243448353317,91.88171593192725,92.85262177031554,0,1
2023-06-21 05:53:00,2023-06-21 05:53:59,0.01797,0.01796,0.01796,0.01798,0.017977884325702922,0.0179675,0.01796,0.01798,True,3.0717452679548574e-05,8.413689006457957e-06,0,0.017925719605613177,0.017928318277307616,10.040448447061351,10.040448447061351,0.017825462198271077,0.017825694637965215,86.74240523474373,90.65467917594981,0,1
2023-06-21 05:54:00,2023-06-21 05:54:59,0.01796,0.01796,0.01795,0.01797,0.01797269216285146,0.01796,0.01795,0.01797269216285146,True,2.9951920345295046e-05,6.117571071400926e-06,0,0.017927018941460395,0.017929604545967207,6.616504825233861,6.616504825233861,0.017826800882865396,0.017827031009726754,78.00224847212137,85.54212321293075,0,1
2023-06-21 05:55:00,2023-06-21 05:55:59,0.01797,0.01797,0.01796,0.01798,0.01796634608142573,0.01797,0.01796,0.01798,True,2.9241068892059626e-05,4.961835705332483e-06,0,0.0179283117437138,0.017930894390102512,6.757575945851087,6.757575945851087,0.017828225749702557,0.017828453586744397,56.64923883342656,73.79796418009718,0,1
2023-06-21 05:56:00,2023-06-21 05:56:59,0.01798,0.01797,0.01797,0.01799,0.017968173040712864,0.0179775,0.01797,0.01799,True,2.8580992542626736e-05,3.901467497108224e-06,0,0.017929603066908155,0.017932229657508507,6.851623359595912,6.851623359595912,0.017829711065625916,0.01782986200876684,46.119231410896965,60.25690623881493,0,1
2023-06-21 05:57:00,2023-06-21 05:57:59,0.01797,0.01797,0.01797,0.01798,0.01797283652035643,0.0179725,0.01797,0.01798,True,2.7253778789581938e-05,2.9439957015131043e-06,0,0.01793091636220833,0.01793355722030322,6.914321635425793,6.914321635425793,0.017831131851042573,0.017831256416639806,32.45759625438691,45.0753554995701,0,1
2023-06-21 05:58:00,2023-06-21 05:58:59,0.01798,0.01798,0.01797,0.018,0.017972668260178216,0.0179825,0.01797,0.018,True,2.7449937447468855e-05,2.7769458782943145e-06,0,0.017932236791255773,0.017934938219345345,9.821346298639178,9.821346298639178,0.017832638001778468,0.01783273645229513,43.93449001806386,40.8371058944492,0,1
2023-06-21 05:59:00,2023-06-21 05:59:59,0.01798,0.01797,0.01797,0.01799,0.017977584130089107,0.0179775,0.01797,0.01799,True,2.691779905836388e-05,1.752465892331566e-06,0,0.01793358750530056,0.017936317508681462,7.523381991602747,7.523381991602747,0.017834079414696096,0.017834102258739954,40.51557058902408,38.969218953824914,0,1
2023-06-21 06:00:00,2023-06-21 06:00:59,0.01797,0.01798,0.01796,0.01798,0.017977542065044552,0.0179725,0.01796,0.01798,True,2.6423670554194972e-05,1.5881955215146035e-06,0,0.01793495250699101,0.017937651683245015,8.949658856417457,8.949658856417457,0.017835456733952853,0.017835553977558462,34.70531564079737,39.718458749295074,0,1
2023-06-21 06:01:00,2023-06-21 06:01:59,0.01797,0.01802,0.01795,0.01804,0.017975021032522277,0.017995,0.01795,0.01804,True,3.096483694318103e-05,4.042002289099729e-06,0,0.017936302095118012,0.017939095558702458,15.949193631520316,15.949193631520316,0.017837044229137403,0.01783738926136385,41.20964208203639,38.810176103952585,0,2
2023-06-21 06:02:00,2023-06-21 06:02:59,0.01803,0.01802,0.01802,0.01803,0.01798501051626114,0.018025,0.01802,0.01803,True,2.946734859009664e-05,5.328848825520689e-06,0,0.017937698826910237,0.017940821727827943,20.615550148255565,20.615550148255565,0.017838914435812654,0.017839206283638834,62.99078803158678,46.30191525147348,0,2
2023-06-21 06:03:00,2023-06-21 06:03:59,0.01803,0.01798,0.01796,0.01803,0.01800500525813057,0.018000000000000002,0.01796,0.01803,True,3.2362537976518354e-05,3.0518857617440776e-06,0,0.01793926027736909,0.01794258677880099,12.901360842381777,12.901360842381777,0.017840517277247354,0.01784060721613994,68.78024298245937,57.66022436536082,0,1
2023-06-21 06:04:00,2023-06-21 06:04:59,0.01798,0.01799,0.01797,0.01799,0.018002502629065286,0.0179825,0.01797,0.018002502629065286,True,3.147949954962413e-05,1.9966304478717634e-06,0,0.017940923528085042,0.01794425026298868,9.660467338074746,9.660467338074746,0.017841930040657827,0.017842093711501732,42.04575185801645,57.938927624020835,0,1
2023-06-21 06:05:00,2023-06-21 06:05:59,0.01798,0.01797,0.01797,0.01798,0.017992501314532644,0.017974999999999998,0.01797,0.017992501314532644,True,3.065953529607949e-05,-2.817772584150528e-07,0,0.017942586895536863,0.017945770911685414,3.834292459844349,3.834292459844349,0.01784325411985526,0.017843366410889776,8.712418524683121,39.84613778838628,0,1
2023-06-21 06:06:00,2023-06-21 06:06:59,0.01798,0.01797,0.01797,0.01798,0.01798375065726632,0.017974999999999998,0.01797,0.01798375065726632,True,2.9183854203502353e-05,-1.876805957709473e-06,0,0.01794417890361114,0.017947168671728398,-0.04982412564258709,-0.0,0.017844565024135308,0.017844626446602316,6.158037043254201e-14,16.91939012756651,0,1
2023-06-21 06:07:00,2023-06-21 06:07:59,0.01798,0.01797,0.01797,0.01798,0.01797937532863316,0.017974999999999998,0.01797,0.01798,True,2.7813578903252154e-05,-2.955331502783528e-06,0,0.01794567378766977,0.017948460090549692,-2.6392351826338754,-0.0,0.017845862884591675,0.017845873944646075,8.67576852995932e-14,2.90413950822772,0,1
2023-06-21 06:08:00,2023-06-21 06:08:59,0.01797,0.01798,0.01797,0.01798,0.01797718766431658,0.017974999999999998,0.01797,0.01798,True,2.6541180410162685e-05,-2.96095903469601e-06,0,0.017947066939109732,0.017949658925672806,-1.444103892313258,-0.0,0.017847147831013647,0.017847208532261537,1.1193500016664438e-13,5.0338283544483305e-14,0,1
2023-06-21 06:09:00,2023-06-21 06:09:59,0.01798,0.01797,0.01797,0.01798,0.01797609383215829,0.017974999999999998,0.01797,0.01798,True,2.5359667523722464e-05,-3.639266845182456e-06,0,0.01794836293239127,0.017950776643715378,-3.260958404550223,-0.0,0.017848419991899084,0.017848430337910677,1.4970097246722114e-13,7.971181755604301e-14,0,1
2023-06-21 06:10:00,2023-06-21 06:10:59,0.01797,0.01798,0.01797,0.01798,0.017975546916079145,0.017974999999999998,0.01797,0.01798,True,2.4262548414885115e-05,-3.3446581800444598e-06,0,0.017949569788053326,0.017951822828975547,-1.5156868483718497,-0.0,0.017849679494467252,0.017849739488777237,1.6228962990074674e-13,1.048891324230942e-13,0,1
2023-06-21 06:11:00,2023-06-21 06:11:59,0.01798,0.01801,0.01798,0.01801,0.01797527345803957,0.017995,0.01798,0.01801,True,2.4672366385250623e-05,-1.0573673202344099e-06,0,0.01795069630851444,0.0179529427392989,5.4024287307164585,5.4024287307164585,0.01785112546964668,0.017851334120729704,12.730869992351238,4.243623330783813,0,2
2023-06-21 06:12:00,2023-06-21 06:12:59,0.01801,0.018,0.018,0.01801,0.017985136729019788,0.018005,0.018,0.01801,True,2.36243402148758e-05,-3.255719416247788e-07,0,0.01795181952390667,0.017954181620741822,7.11309634658943,7.11309634658943,0.017852656559500944,0.017852813383210004,30.827368660251654,14.519412884200982,0,2
2023-06-21 06:13:00,2023-06-21 06:13:59,0.01801,0.01806,0.018,0.01807,0.017995068364509894,0.018035000000000002,0.018,0.01807,True,2.6936887342384714e-05,4.168223418166269e-06,0,0.017953000572324247,0.017955711500843595,14.50361469243272,14.50361469243272,0.017854470922092976,0.017854874941586024,61.78165272711582,35.11329712657287,0,2
2023-06-21 06:14:00,2023-06-21 06:14:59,0.01805,0.01808,0.01805,0.01808,0.018015034182254946,0.018064999999999998,0.01805,0.01808,True,2.7155681103642863e-05,8.142842282833457e-06,0,0.01795435603658392,0.01795766582153543,20.533325845675492,20.533325845675492,0.017856565738788566,0.017857114991918503,82.38411606809805,58.33104581848847,0,2
2023-06-21 06:15:00,2023-06-21 06:15:59,0.01807,0.0181,0.01806,0.01813,0.018040017091127472,0.018090000000000002,0.01806,0.01813,True,3.0215989596239848e-05,1.1590050938309756e-05,0,0.017956010929059674,0.017960112425157063,25.486246063180644,25.486246063180644,0.017858888467755844,0.01785953175816807,97.62095073353093,80.59557317624824,0,2
2023-06-21 06:16:00,2023-06-21 06:16:59,0.0181,0.01807,0.01807,0.0181,0.018065008545563737,0.018085,0.01807,0.0181,True,3.020056176793716e-05,1.1094006154101279e-05,0,0.017958061677108367,0.017962895514971298,22.39843896055072,22.39843896055072,0.017861138333748323,0.017861625969529584,97.1175998339183,92.37422221184907,0,2
2023-06-21 06:17:00,2023-06-21 06:17:59,0.01808,0.01808,0.01807,0.01809,0.01807500427278187,0.01808,0.01807,0.01809,True,2.9471950213084448e-05,1.0795543187525115e-05,0,0.01796047859603983,0.017965890122458174,21.267596237076432,21.267596237076432,0.017863316061770728,0.01786379884545466,91.30892554439951,95.34915870394956,0,2
2023-06-21 06:18:00,2023-06-21 06:18:59,0.01808,0.01807,0.01807,0.01808,0.018077502136390936,0.018075,0.01807,0.01808,True,2.808109662643553e-05,9.249169344500742e-06,0,0.017963184359249002,0.017968996407786895,18.44402934335359,18.44402934335359,0.017865422369613804,0.017865850598236206,82.53729617426133,90.32127385085967,0,1
2023-06-21 06:19:00,2023-06-21 06:19:59,0.01807,0.01808,0.01807,0.01808,0.018076251068195468,0.018075,0.01807,0.01808,True,2.6789589724547245e-05,8.321739834969225e-06,0,0.017966090383517947,0.017972169305445103,17.770150103907298,17.770150103907298,0.017867507719169885,0.01786798143805475,76.6480669702049,83.49809622962188,0,1
2023-06-21 06:20:00,2023-06-21 06:20:59,0.01808,0.01808,0.01807,0.01809,0.018075625534097736,0.01808,0.01807,0.01809,True,2.6304619029936666e-05,7.136815676849937e-06,0,0.017969129844481523,0.017975407183323897,17.320897277609774,17.320897277609774,0.01786962207022292,0.01787009107548704,74.92790298440025,78.03775537628879,0,1
2023-06-21 06:21:00,2023-06-21 06:21:59,0.01808,0.01808,0.01807,0.01808,0.018077812767048868,0.0180775,0.01807,0.01808,True,2.514000338494116e-05,5.826962078455932e-06,0,0.017972268513902708,0.01797865685264306,17.021395393411424,17.021395393411424,0.017871690507335128,0.017872179721502096,74.44890718932008,75.34162571464172,0,1
2023-06-21 06:22:00,2023-06-21 06:22:59,0.01808,0.01809,0.01806,0.01809,0.018077656383524432,0.01808,0.01806,0.01809,True,2.5487146000302422e-05,5.171348404187406e-06,0,0.01797546268327288,0.01798191066191737,18.434861327086168,18.434861327086168,0.017873763238605424,0.0178743470874573,74.67293610936186,74.68324876102737,0,1
2023-06-21 06:23:00,2023-06-21 06:23:59,0.01808,0.01808,0.01808,0.0181,0.018078828191762215,0.018085,0.01808,0.0181,True,2.509520700028101e-05,3.58828499537747e-06,0,0.017978686672595123,0.01798517971133287,15.874666988234935,15.874666988234935,0.01787586509692776,0.01787639338509454,75.07956600378903,74.73380310082364,0,1
2023-06-21 06:24:00,2023-06-21 06:24:59,0.01809,0.01811,0.01808,0.01812,0.018081914095881106,0.018099999999999998,0.01808,0.01812,True,2.615983507168964e-05,4.213671976555619e-06,0,0.017981933191963995,0.017988541246215177,18.704081569950972,18.704081569950972,0.01787809529496828,0.01787871782902395,79.89399463002967,76.54883224772682,0,2
2023-06-21 06:25:00,2023-06-21 06:25:59,0.01811,0.0181,0.0181,0.01811,0.018090957047940552,0.018105000000000003,0.0181,0.01811,True,2.5005561137997493e-05,3.489074534020347e-06,0,0.017985237219089584,0.017991986837169068,17.571051005404584,17.571051005404584,0.017880353053227303,0.017880919641670476,85.12217834034402,80.03191299138756,0,1
2023-06-21 06:26:00,2023-06-21 06:26:59,0.01811,0.01813,0.0181,0.01813,0.018097978523970278,0.0181175,0.0181,0.01813,True,2.5362306770997587e-05,4.661364476540984e-06,0,0.017988612028129326,0.01799556072893435,20.34110217945087,20.34110217945087,0.01788271272433947,0.017883398053196144,92.24438672124029,85.75351989720464,0,2
2023-06-21 06:27:00,2023-06-21 06:27:59,0.01813,0.01813,0.01812,0.01814,0.01810773926198514,0.01813,0.01812,0.01814,True,2.4979284858783415e-05,4.942663507364151e-06,0,0.01799208637853184,0.01799929687542582,22.187802962148396,22.187802962148396,0.017885173294246538,0.01788585180391061,96.68058326021799,91.34904944060075,0,2
2023-06-21 06:28:00,2023-06-21 06:28:59,0.01813,0.01814,0.01812,0.01815,0.01811886963099257,0.018135,0.01812,0.01815,True,2.5337907368870227e-05,5.312924517147679e-06,0,0.01799569162697883,0.01800316943758342,24.44513883858113,24.44513883858113,0.017887659132114733,0.017888380641682643,100.00000000000004,96.30832332715276,0,2
2023-06-21 06:29:00,2023-06-21 06:29:59,0.01814,0.01815,0.01814,0.01818,0.018126934815496286,0.018152500000000002,0.01814,0.01818,True,2.6385199699665342e-05,5.71540404347461e-06,0,0.017999430532281126,0.018007242899470224,26.88159622726012,26.88159622726012,0.017890294364631004,0.017890983819377343,100.00000000000004,98.89352775340602,0,2
2023-06-21 06:30:00,2023-06-21 06:30:59,0.01816,0.01814,0.01814,0.01817,0.018139717407748144,0.018152500000000002,0.01814,0.01817,True,2.664339972111773e-05,4.739883474346452e-06,0,0.018003336715875676,0.018011446582846143,24.75939039062729,24.75939039062729,0.017892903375928207,0.017893461592318863,100.00000000000004,100.00000000000004,0,1
2023-06-21 06:31:00,2023-06-21 06:31:59,0.01815,0.01816,0.01812,0.01816,0.01814610870387407,0.018147499999999997,0.01812,0.01816,True,2.759744259818063e-05,4.9666468144004e-06,0,0.01800739164936091,0.018015689643460488,25.782917870931243,25.782917870931243,0.017895436675670215,0.017896113715778376,91.01489232332578,97.00496410777528,0,2
2023-06-21 06:32:00,2023-06-21 06:32:59,0.01816,0.01812,0.01812,0.01816,0.018146804351937034,0.01814,0.01812,0.01816,True,2.8483339555453326e-05,1.8381477697569055e-06,0,0.0180115406464107,0.01801988313616742,16.783065378229708,0.0,0.017897870141583946,0.017898341439999486,68.96181851175778,86.65890361169453,0,1
2023-06-21 06:33:00,2023-06-21 06:33:59,0.01813,0.01815,0.01813,0.01818,0.018143402175968517,0.0181475,0.01813,0.01818,True,3.073452958720674e-05,1.4778310461218243e-06,0,0.01801571189128906,0.018024060289868644,15.075677955287972,0.0,0.017900354020772166,0.017900845505273124,50.809657214455626,70.26212268317971,0,1
2023-06-21 06:34:00,2023-06-21 06:34:59,0.01815,0.01817,0.01814,0.01817,0.01814545108798426,0.0181575,0.01814,0.01817,True,3.0682063188120455e-05,2.2352793477463997e-06,0,0.018019886090578852,0.018028264530673768,16.077532379855597,0.0,0.017902912687232143,0.01790352365944951,46.46521878216587,55.41223150279308,0,2
2023-06-21 06:35:00,2023-06-21 06:35:59,0.01816,0.01816,0.01815,0.01816,0.01815147554399213,0.0181575,0.01815,0.01816,True,2.991905867468322e-05,1.620596779755836e-06,0,0.01802407531062631,0.018032461251783295,14.673422422862217,0.0,0.01790544589432436,0.017906075662838073,54.589422088474045,50.621432695031835,0,1
2023-06-21 06:36:00,2023-06-21 06:36:59,0.01816,0.01815,0.01814,0.01816,0.018154487771996065,0.0181525,0.01814,0.01816,True,2.921055448363436e-05,1.437417211099754e-07,0,0.018028268281204803,0.018036588953296403,11.701055702752882,0.0,0.017907904144132077,0.01790850277067053,46.568303184467624,49.20764801836916,0,1
2023-06-21 06:37:00,2023-06-21 06:37:59,0.01816,0.01816,0.01815,0.01817,0.01815349388599803,0.01816,0.01815,0.01817,True,2.8552657734803278e-05,-4.53032576571639e-07,0,0.0180324286172506,0.0180406854527498,11.281879649368598,0.0,0.017910412560608373,0.01791100523066386,32.90936251098307,44.689029261308235,0,1
2023-06-21 06:38:00,2023-06-21 06:38:59,0.01817,0.01816,0.01815,0.01817,0.018156746942999014,0.018162499999999998,0.01815,0.01817,True,2.79417536108887e-05,-1.1389884136715021e-06,0,0.0180365570350002,0.018044746432918084,11.002428947112413,0.0,0.017912920893338638,0.017913482790557753,21.921101675207037,33.79958912355257,0,1
2023-06-21 06:39:00,2023-06-21 06:39:59,0.01816,0.01816,0.01816,0.01817,0.018159623471499506,0.018162499999999998,0.01816,0.01817,True,2.6660199781539475e-05,-1.8499452559577717e-06,0,0.01804065173395914,0.018048751585860744,10.816128478941621,0.0,0.017915404267534272,0.017915935698114394,23.17725053547977,26.002571573889952,0,1
2023-06-21 06:40:00,2023-06-21 06:40:59,0.01816,0.01815,0.01815,0.01816,0.018161061735749752,0.018154999999999998,0.01815,0.018161061735749752,True,2.5470185511429482e-05,-3.2278394690770713e-06,0,0.018044701659909942,0.018052633848051544,7.574286106780832,0.0,0.017917788304673235,0.017918264696143105,16.832403984595015,20.643585398427266,0,1
2023-06-21 06:41:00,2023-06-21 06:41:59,0.01815,0.01815,0.01815,0.01816,0.018158030867874875,0.0181525,0.01815,0.01816,True,2.4365172260613063e-05,-4.284080243042789e-06,0,0.018048667753980743,0.01805637556838323,5.413057858673639,0.0,0.01792012374442773,0.01792057052006208,8.41620199229753,16.141952170790763,0,1
2023-06-21 06:42:00,2023-06-21 06:42:59,0.01815,0.01816,0.01815,0.01816,0.01815526543393744,0.018154999999999998,0.01815,0.01816,True,2.3339088527712103e-05,-4.392230464468183e-06,0,0.018052521661181986,0.018059998119598856,6.9429994754411055,0.0,0.017922460821597604,0.017922952902947036,1.9455225030898833,9.064709493327468,0,1
2023-06-21 06:43:00,2023-06-21 06:43:59,0.01816,0.01816,0.01814,0.01816,0.018155132716968718,0.018154999999999998,0.01814,0.01816,True,2.310058220430404e-05,-4.561098693472075e-06,0,0.01805625989039042,0.018063501993577546,7.962960553286081,0.0,0.017924774644268275,0.01792531158052965,3.891045006179755,4.750923167189048,0,1
2023-06-21 06:44:00,2023-06-21 06:44:59,0.01815,0.01816,0.01815,0.01816,0.018155066358484358,0.018154999999999998,0.01815,0.01816,True,2.2164826332568008e-05,-4.754194442489862e-06,0,0.01805988094198398,0.018066888391831248,8.642934605182731,0.0,0.017927065443827796,0.017927646788683586,6.443742604111475,4.093436704460363,0,1
2023-06-21 06:45:00,2023-06-21 06:45:59,0.01816,0.01817,0.01816,0.0182,0.018155033179242178,0.0181725,0.01816,0.0182,True,2.343876730881328e-05,-4.260808183973537e-06,0,0.018063384666907614,0.01807027913493781,12.288984834092076,0.0,0.017929507578715084,0.017930058263423053,28.012542976581585,12.782443528957595,0,1
2023-06-21 06:46:00,2023-06-21 06:46:59,0.01817,0.01816,0.01815,0.01817,0.01816376658962109,0.018162499999999998,0.01815,0.01817,True,2.3193141072469417e-05,-4.710214478831309e-06,0,0.01806683190092271,0.018073581424039285,9.542374438893866,0.0,0.017931825911265183,0.01793234624090143,26.067020473491713,20.174435351394916,0,1
2023-06-21 06:47:00,2023-06-21 06:47:59,0.01817,0.01818,0.01815,0.01818,0.018163133294810542,0.01817,0.01815,0.01818,True,2.3679345281578907e-05,-3.684154591728735e-06,0,0.018070206662480996,0.018076842873441377,13.05452093874429,0.0,0.01793419580269538,0.017934810457409873,31.197974689910396,28.42584604666122,0,2
2023-06-21 06:48:00,2023-06-21 06:48:59,0.01818,0.01822,0.01818,0.01822,0.01816656664740527,0.0182,0.01818,0.01822,True,2.4845106332894584e-05,-3.7278512788349263e-07,0,0.018073524767961185,0.018080255624353548,19.94098779801483,19.94098779801483,0.017936840620579007,0.017937648164301316,37.976670661319496,31.747221941573855,0,2
2023-06-21 06:49:00,2023-06-21 06:49:59,0.01822,0.01817,0.01817,0.01822,0.018183283323702636,0.018195,0.01817,0.01822,True,2.6641884451973646e-05,-1.9033867378993126e-06,0,0.018076890196157366,0.01808372977559072,13.202194563734281,0.0,0.017939409370622997,0.017939960122865483,59.821744463752225,42.99879660499403,0,1
2023-06-21 06:50:00,2023-06-21 06:50:59,0.01817,0.01819,0.01817,0.0182,0.018189141661851316,0.0181825,0.01817,0.0182,True,2.6881749848261404e-05,-1.6926424119736977e-06,0,0.01808030998587404,0.018087142668070134,11.443000444816072,0.0,0.017941828182855606,0.017942448081841946,52.13809264940182,49.9788359248245,0,1
2023-06-21 06:51:00,2023-06-21 06:51:59,0.01819,0.01816,0.01816,0.01819,0.01818582083092566,0.018175,0.01816,0.01819,True,2.710448200195718e-05,-3.7913345528509628e-06,0,0.01808372632697209,0.018090432457050873,5.88814108916759,0.0,0.017944148300439132,0.01794461277754501,21.84507380243277,44.60163697186226,0,1
2023-06-21 06:52:00,2023-06-21 06:52:59,0.01816,0.01816,0.01816,0.01818,0.018180410415462832,0.018165,0.01816,0.018180410415462832,True,2.6597019001817572e-05,-5.2255882813662525e-06,0,0.01808707939201148,0.018093534143695737,2.1849015187352663,0.0,0.017946345829787998,0.017946755933987348,4.263256414560601e-14,24.661055483944867,0,-2
2023-06-21 06:53:00,2023-06-21 06:53:59,0.01816,0.01819,0.01816,0.01819,0.018172705207731416,0.018175,0.01816,0.01819,True,2.6840089073116478e-05,-4.100192741127642e-06,0,0.01809030676785361,0.01809653506581445,4.2500291416049265,0.0,0.017948620995660754,0.017949176272952647,5.63840249470536,9.161158765712715,0,-1
2023-06-21 06:54:00,2023-06-21 06:54:59,0.0182,0.01819,0.01819,0.01821,0.018173852603865708,0.018197500000000002,0.01819,0.01821,True,2.6351511282179526e-05,-3.4208822199725494e-06,0,0.01809342091683403,0.01809959043972394,5.626780890184698,0.0,0.01795109740366413,0.01795157252894317,21.696592834234803,9.111665109646728,0,-1
2023-06-21 06:55:00,2023-06-21 06:55:59,0.0182,0.01821,0.01819,0.01822,0.018185676301932855,0.018205,0.01819,0.01822,True,2.6612117619166616e-05,-1.6834652901154008e-06,0,0.018096505678278987,0.018102719178772927,9.197742007544413,0.0,0.017953623797657522,0.017954143946565627,40.689825805164375,22.674940378034837,0,2
2023-06-21 06:56:00,2023-06-21 06:56:59,0.01821,0.01821,0.0182,0.01821,0.018195338150966425,0.0182075,0.0182,0.01821,True,2.5425537789226113e-05,-7.086367070899589e-07,0,0.01809961242852596,0.01810590136489367,11.578382752450885,0.0,0.017956149929024112,0.017956689777943083,55.01845276545299,39.13495713495072,0,2
2023-06-21 06:57:00,2023-06-21 06:57:59,0.0182,0.01822,0.0182,0.01822,0.018201419075483213,0.01821,0.0182,0.01822,True,2.5037999375709904e-05,4.1625859484181954e-07,0,0.018102756896709815,0.01810912094974761,14.523429245004436,0.0,0.017958675800377105,0.017959309780152605,59.93333407256457,51.8805375477273,0,2
2023-06-21 06:58:00,2023-06-21 06:58:59,0.01822,0.0182,0.0182,0.01822,0.01820570953774161,0.01821,0.0182,0.01822,True,2.4678142277444854e-05,-4.7015134194238996e-07,0,0.018105938923228714,0.01811234788911119,11.203725936478023,0.0,0.01796117653868181,0.017961704707713275,61.91317274827602,58.954986528764515,0,1
2023-06-21 06:59:00,2023-06-21 06:59:59,0.0182,0.01821,0.0182,0.01822,0.018207854768870803,0.0182075,0.0182,0.01822,True,2.4343989257627306e-05,-5.592232377901369e-07,0,0.018109143406169953,0.018115541325837498,10.792622168680516,0.0,0.01796362751839642,0.017964175307636526,60.24408391065135,60.69686357716396,0,1
2023-06-21 07:00:00,2023-06-21 07:00:59,0.01822,0.01821,0.01821,0.01823,0.018207677384435402,0.0182175,0.01821,0.01823,True,2.403370431065387e-05,-8.135938037057985e-07,0,0.018112342366003727,0.018118755085964472,10.51855299014884,0.0,0.017966153612740732,0.017966621324475966,62.17310755426494,61.44345473773075,0,1
2023-06-21 07:01:00,2023-06-21 07:01:59,0.01821,0.01819,0.01819,0.01821,0.0182125886922177,0.0182,0.01819,0.0182125886922177,True,2.3745582574178535e-05,-2.5335145557104497e-06,0,0.0181155487259841,0.01812184272842489,5.234023196992233,0.0,0.017968480442464706,0.017968843997864265,47.06568776537669,56.4942930767643,0,-2
2023-06-21 07:02:00,2023-06-21 07:02:59,0.0182,0.01819,0.01819,0.01821,0.01820629434610885,0.018197500000000002,0.01819,0.01821,True,2.3478040961737153e-05,-3.7481725133577373e-06,0,0.0181186957272045,0.018124792740389955,1.7110033348878275,0.0,0.01797075924403222,0.017971044555099448,33.181102738451884,47.473299352697815,0,-2
2023-06-21 07:03:00,2023-06-21 07:03:59,0.0182,0.0182,0.01819,0.01821,0.018201897173054427,0.0182,0.01819,0.01821,True,2.3229609464470154e-05,-3.889793192778402e-06,0,0.018121744233797227,0.018127631307337477,2.2255671756612614,0.0,0.017973040246579162,0.017973322718730297,17.84597098302501,32.69758716228451,0,-2
2023-06-21 07:04:00,2023-06-21 07:04:59,0.01821,0.01821,0.01821,0.01823,0.018200948586527214,0.018215,0.01821,0.01823,True,2.3713208788436486e-05,-3.3249532614961954e-06,0,0.018124687770567353,0.018130465573202935,5.015367857214152,0.0,0.017975447806314694,0.017975677716553878,31.59403215123844,27.54036862423843,0,-1
2023-06-21 07:05:00,2023-06-21 07:05:59,0.01821,0.0182,0.0182,0.01822,0.018207974293263606,0.0182075,0.0182,0.01822,True,2.3447979589262392e-05,-3.6947251555366744e-06,0,0.018127576671885144,0.018133225548742273,3.6726815966230077,0.0,0.01797775678336629,0.01797790977907573,36.6619481555013,28.70065042992157,0,-2
2023-06-21 07:06:00,2023-06-21 07:06:59,0.0182,0.0182,0.01819,0.0182,0.018207737146631806,0.0181975,0.01819,0.018207737146631806,True,2.2487409618600764e-05,-3.960403711760005e-06,0,0.018130401110313707,0.01813583948798342,2.777557422895576,0.0,0.017979943283034285,0.01798011963202025,29.094984620673568,32.45032164247109,0,-2
2023-06-21 07:07:00,2023-06-21 07:07:59,0.01819,0.01819,0.01819,0.0182,0.018202618573315902,0.0181925,0.01819,0.018202618573315902,True,2.159545178870068e-05,-4.8261026340513135e-06,0,0.01813312029914856,0.01813828621209963,-0.9783616412471545,-0.0,0.0179820582752429,0.017982207993890695,9.48127159470736,25.079401456960735,0,-2
2023-06-21 07:08:00,2023-06-21 07:08:59,0.01819,0.01817,0.01817,0.01819,0.01819755928665795,0.01818,0.01817,0.01819755928665795,True,2.1481490946650822e-05,-6.7186999105722136e-06,0,0.01813570325562409,0.01814049873614927,-7.750765351321057,-7.750765351321057,0.01798402784464347,0.01798407657106591,5.0922229396140515e-14,12.858752071793651,0,-2
2023-06-21 07:09:00,2023-06-21 07:09:59,0.01817,0.01816,0.01815,0.01817,0.018188779643328976,0.018162499999999998,0.01815,0.018188779643328976,True,2.1375670164747136e-05,-8.493561061802827e-06,0,0.01813810099588668,0.01814239162396092,-13.760103686460084,-13.760103686460084,0.017985803686985324,0.017985827052945852,5.0922229396140515e-14,3.1604238649024783,0,-2
2023-06-21 07:10:00,2023-06-21 07:10:59,0.01817,0.01816,0.01816,0.01818,0.018175639821664487,0.0181675,0.01816,0.01818,True,2.127740801012253e-05,-9.413033236157946e-06,0,0.018140246309923797,0.018144054178008434,-17.76632924321943,-17.76632924321943,0.01798761161049791,0.017987560117095645,2.6392146187235084,0.8797382062411944,0,-2
2023-06-21 07:11:00,2023-06-21 07:11:59,0.01817,0.01816,0.01816,0.01817,0.01817156991083224,0.018165,0.01816,0.01817156991083224,True,2.047187886654232e-05,-9.722819609906866e-06,0,0.018142150243966114,0.01814550682911611,-20.437146281058997,-20.437146281058997,0.01798937666909992,0.017989275936826036,4.2499561197914595,2.2963902461716637,0,-2
2023-06-21 07:12:00,2023-06-21 07:12:59,0.01816,0.01816,0.01815,0.01817,0.01816828495541612,0.01816,0.01815,0.01817,True,2.0438173233217813e-05,-9.608642682545064e-06,0,0.01814382853654111,0.018146749950114328,-22.21769097295204,-22.21769097295204,0.01799107441368599,0.01799097468372329,4.2499561197914595,3.7130422861021337,-1,-2
2023-06-21 07:13:00,2023-06-21 07:13:59,0.01817,0.01815,0.01815,0.01817,0.018164142477708062,0.01816,0.01815,0.01817,True,2.0406875145130765e-05,-9.89551351939887e-06,0,0.018145289243327718,0.01814781957745176,-25.379851162098646,-25.379851162098646,0.017992755265291104,0.01799255702517878,1.6107415010680095,3.3702179135503005,0,-2
2023-06-21 07:14:00,2023-06-21 07:14:59,0.01816,0.01814,0.01814,0.01817,0.01816207123885403,0.018152500000000002,0.01814,0.01817,True,2.109209834904991e-05,-1.041263815722472e-05,0,0.01814655441038974,0.018148693815252918,-28.871987273320567,-28.871987273320567,0.017994344765138955,0.017994024119455606,5.891583517344164e-14,1.9535658736198336,0,-2
2023-06-21 07:15:00,2023-06-21 07:15:59,0.01814,0.01811,0.01811,0.01814,0.018157285619427015,0.018125000000000002,0.01811,0.018157285619427015,True,2.17283770384034e-05,-1.2409839430945057e-05,-1,0.018147624112821326,0.01814921954405175,-33.319938855458545,-33.319938855458545,0.017995644817227124,0.017995178108316745,5.891583517344164e-14,0.5369138336893667,0,-2
2023-06-21 07:16:00,2023-06-21 07:16:59,0.01812,0.01809,0.01808,0.01812,0.01814114280971351,0.0181025,0.01808,0.01814114280971351,True,2.303349296423186e-05,-1.4568310048925331e-05,0,0.018148421828436536,0.018149312908275518,-36.971672560474104,-36.971672560474104,0.017996708052876606,0.01799612160972653,5.1299208564769633e-14,4.72978024580608e-14,0,-2
2023-06-21 07:17:00,2023-06-21 07:17:59,0.0181,0.01809,0.01809,0.0181,0.018121821404856756,0.018095,0.01809,0.018121821404856756,True,2.210252918107266e-05,-1.533892174165194e-05,0,0.018148867368356025,0.018149013770274846,-39.40616169715114,-39.40616169715114,0.017997686082201217,0.017997055723062583,5.1299208564769633e-14,4.4758926921836803e-14,0,-2
2023-06-21 07:18:00,2023-06-21 07:18:59,0.01809,0.01809,0.01807,0.01809,0.018108410702428378,0.018084999999999997,0.01807,0.018108410702428378,True,2.1952348525281693e-05,-1.5152598123860407e-05,0,0.018148940569315434,0.018148339054282724,-41.029154454935835,-41.029154454935835,0.017998554877403195,0.017997980541738578,5.1299208564769633e-14,4.22200513856128e-14,0,-2
2023-06-21 07:19:00,2023-06-21 07:19:59,0.01809,0.01811,0.01808,0.01811,0.018096705351214187,0.0180975,0.01808,0.01811,True,2.252718077347602e-05,-1.2959784576926943e-05,0,0.018148639811799077,0.0181474590356592,-32.25232165231028,-32.25232165231028,0.017999539405986247,0.017999095163213817,6.827079716423323,2.2756932388077993,0,-1
2023-06-21 07:20:00,2023-06-21 07:20:59,0.01811,0.01808,0.01807,0.01811,0.018097102675607095,0.0180925,0.01807,0.01811,True,2.3775239289656434e-05,-1.2975579317380817e-05,0,0.018148049423729135,0.018146389113376463,-30.64787519786857,-30.64787519786857,0.01800046438702121,0.017999900186465422,13.077804812891038,6.634961509771462,0,-2
2023-06-21 07:21:00,2023-06-21 07:21:59,0.01808,0.01807,0.01806,0.01809,0.01809480133780355,0.018075,0.01806,0.01809480133780355,True,2.4219865054680885e-05,-1.3025984583750604e-05,0,0.018147219268552797,0.018145056950801364,-30.526932992917487,-30.526932992917487,0.018001206034911548,0.018000597697047857,16.387915089494626,12.097599872936321,0,-2
2023-06-21 07:22:00,2023-06-21 07:22:59,0.01807,0.01809,0.01807,0.01809,0.018084900668901775,0.01808,0.01807,0.01809,True,2.3918446122203622e-05,-1.1018093750291932e-05,0,0.01814613810967708,0.01814356176996916,-24.226929227359317,-24.226929227359317,0.018001990054464668,0.01800148727220161,17.71565716964052,15.727125690675386,0,-1
2023-06-21 07:23:00,2023-06-21 07:23:59,0.01809,0.01808,0.01808,0.01809,0.018082450334450887,0.018084999999999997,0.01808,0.01809,True,2.2924271399189048e-05,-9.808755812566648e-06,0,0.018144849939823116,0.0181419828075646,-21.59223138084103,-21.59223138084103,0.018002816024071985,0.018002268493373733,23.81703782987887,19.30687002967133,0,-1
2023-06-21 07:24:00,2023-06-21 07:24:59,0.01808,0.01807,0.01807,0.01808,0.018083725167225444,0.018075,0.01807,0.018083725167225444,True,2.20011091563898e-05,-9.153989277597624e-06,0,0.018143416373693856,0.01814028010606554,-21.273181509618595,-21.273181509618595,0.018003534272588682,0.018002942438713296,29.867737301457282,23.80014410032555,0,-1
2023-06-21 07:25:00,2023-06-21 07:25:59,0.01808,0.01808,0.01808,0.0181,0.018079362583612722,0.018085,0.01808,0.0181,True,2.2572458502362115e-05,-7.500793952296688e-06,0,0.018141848239879698,0.01813856027688487,-17.92450964978662,-17.92450964978662,0.018004344876841532,0.018003709180616646,41.49191576843822,31.725563633258115,0,-1
2023-06-21 07:26:00,2023-06-21 07:26:59,0.01809,0.01812,0.01809,0.01812,0.01808218129180636,0.018105,0.01809,0.01812,True,2.381728289505067e-05,-3.206919894790823e-06,0,0.018140204258382284,0.01813697598408647,-7.732760064335807,-0.0,0.018005346420355547,0.018004866303197576,62.47314334506549,44.61093213832032,0,-1
2023-06-21 07:27:00,2023-06-21 07:27:59,0.01811,0.01812,0.01811,0.01813,0.018093590645903178,0.0181175,0.01811,0.01813,True,2.354461983111842e-05,-1.3617373725562733e-07,0,0.018138590121234376,0.018135595033261752,-0.9382603407019303,-0.0,0.01800646237637191,0.018006011912120982,86.44566693021682,63.4702420145735,0,-1
2023-06-21 07:28:00,2023-06-21 07:28:59,0.01813,0.01813,0.01812,0.01813,0.01810554532295159,0.018127499999999998,0.01812,0.01813,True,2.2577146986038508e-05,2.6918491647954413e-06,0,0.018137092577248062,0.01813445226042883,5.124114963106045,5.124114963106045,0.01800766673083587,0.018007245624438187,100.00000000000004,82.97293675842745,0,-1
2023-06-21 07:29:00,2023-06-21 07:29:59,0.01814,0.01815,0.01812,0.01815,0.018116522661475794,0.01814,0.01812,0.01815,True,2.3107350772749955e-05,5.917291024980679e-06,0,0.018135772418838444,0.018133590610734104,11.655636971053589,11.655636971053589,0.018008983479782775,0.018008666065986067,100.00000000000004,95.48188897673896,0,-1
2023-06-21 07:30:00,2023-06-21 07:30:59,0.01816,0.01813,0.01811,0.01816,0.018128261330737895,0.01814,0.01811,0.01816,True,2.5028254288981956e-05,6.502342624335268e-06,0,0.018134681514786272,0.01813295620309634,10.658088343416495,10.658088343416495,0.01801028712675011,0.018009873368812077,100.00000000000004,100.00000000000004,0,-1
2023-06-21 07:31:00,2023-06-21 07:31:59,0.01812,0.01813,0.01811,0.01813,0.018134130665368946,0.0181225,0.01811,0.018134130665368946,True,2.4669093268340327e-05,6.714845970796809e-06,0,0.018133818858941303,0.018132384988828555,9.993055924991772,9.993055924991772,0.018011403672752595,0.018011068658674644,93.37323708915959,97.79107902971988,0,-1
2023-06-21 07:32:00,2023-06-21 07:32:59,0.01812,0.01811,0.0181,0.01812,0.018128315332684473,0.0181125,0.0181,0.018128315332684473,True,2.5049872320601648e-05,5.294552915392965e-06,0,0.018133101923884926,0.018131798835648062,4.928839349099249,4.928839349099249,0.018012409606357048,0.01801205305013062,82.56878008273218,91.9806723906306,0,-2
2023-06-21 07:33:00,2023-06-21 07:33:59,0.01811,0.01809,0.01809,0.01811,0.018120407666342236,0.018099999999999998,0.01809,0.018120407666342236,True,2.4689167154844576e-05,2.8737310942241084e-06,0,0.01813245037976649,0.018131119179297394,-1.7464559676819178,-0.0,0.01801328115256245,0.018012828641671606,67.61910240325382,81.18703985838185,0,-2
2023-06-21 07:34:00,2023-06-21 07:34:59,0.01809,0.01811,0.01809,0.01811,0.018110203833171117,0.018099999999999998,0.01809,0.018110203833171117,True,2.435422664378444e-05,2.6528920938658918e-06,0,0.01813178477953194,0.018130370570408637,-1.649545748161941,-0.0,0.018014144026666307,0.018013795520858952,59.296187634615904,69.82802337353395,0,-1
2023-06-21 07:35:00,2023-06-21 07:35:59,0.01811,0.01811,0.0181,0.01812,0.018105101916585556,0.01811,0.0181,0.01812,True,2.4043210454942634e-05,2.488564730168308e-06,0,0.018131077674970287,0.01812964142158947,-1.584938935148621,-0.0,0.018015097817445747,0.01801475277935787,58.79167104791941,61.902320361929696,0,-1
2023-06-21 07:36:00,2023-06-21 07:36:59,0.01811,0.0181,0.01809,0.01812,0.01810755095829278,0.018105,0.01809,0.01812,True,2.446869542244689e-05,1.6783745842499484e-06,0,0.01813035954827988,0.018128898291238947,-3.663230266932544,-0.0,0.018015992366525888,0.018015601010409034,60.12494375624038,59.40426747959188,0,-2
2023-06-21 07:37:00,2023-06-21 07:37:59,0.0181,0.01811,0.0181,0.01811,0.018106275479146387,0.018105000000000003,0.0181,0.01811,True,2.3435217177986368e-05,1.8556786304464326e-06,0,0.018129628919759413,0.018128149251794956,-2.4288743885185085,-0.0,0.018016878014620156,0.0180165403038378,61.458216464563286,60.12494375624101,0,-1
2023-06-21 07:38:00,2023-06-21 07:38:59,0.01811,0.01811,0.0181,0.01812,0.018105637739573195,0.01811,0.0181,0.01812,True,2.3189844522415854e-05,1.9747233463187306e-06,0,0.018128889085777186,0.01812743500460461,-1.6059704695758157,-0.0,0.01801780460153936,0.018017470251063296,59.36732032277362,60.31682684785908,0,-1
2023-06-21 07:39:00,2023-06-21 07:39:59,0.01811,0.01811,0.0181,0.01811,0.018107818869786598,0.018107500000000002,0.0181,0.01811,True,2.224771277081469e-05,2.0475327187769306e-06,0,0.0181281620451909,0.01812673589743688,-1.0573678569473515,-0.0,0.01801869709306633,0.018018390945082566,49.124368602015075,56.64996846311731,0,-1
2023-06-21 07:40:00,2023-06-21 07:40:59,0.01811,0.0181,0.0181,0.01811,0.0181076594348933,0.018105000000000003,0.0181,0.01811,True,2.1372876144327896e-05,1.3981233378396507e-06,0,0.01812744897131389,0.018126036354075413,-3.8643805428949136,-0.0,0.018019555828458704,0.018019202975479754,36.344419565157274,48.27870282998197,0,-2
2023-06-21 07:41:00,2023-06-21 07:41:59,0.01809,0.01809,0.01808,0.0181,0.01810632971744665,0.01809,0.01808,0.01810632971744665,True,2.1274813562590377e-05,3.086519296258393e-07,0,0.018126742662694654,0.018125238350954975,-8.245865767917508,-0.0,0.018020256765488966,0.01801990742348493,16.41095596673751,33.95991471130326,0,-2
2023-06-21 07:42:00,2023-06-21 07:42:59,0.01809,0.01808,0.01808,0.01809,0.018098164858723325,0.018084999999999997,0.01808,0.018098164858723325,True,2.0469469736691035e-05,-1.0169219292060846e-06,0,0.018125990506824816,0.018124333999606602,-13.172078935760865,-13.172078935760865,0.018020900976777634,0.018020505359569658,6.936979325320116,19.897451619071607,0,-2
2023-06-21 07:43:00,2023-06-21 07:43:59,0.01808,0.01807,0.01807,0.01809,0.01809158242936166,0.0180775,0.01807,0.01809158242936166,True,2.043593618407019e-05,-2.433967408280152e-06,0,0.01812516225321571,0.018123300666386483,-18.070503897167384,-18.070503897167384,0.018021464151138054,0.01802099784355404,3.552713678800501e-14,7.782645097352528,0,-2
2023-06-21 07:44:00,2023-06-21 07:44:59,0.01808,0.01807,0.01806,0.01808,0.01808454121468083,0.0180725,0.01806,0.01808454121468083,True,2.0404797885207977e-05,-3.156841529859941e-06,0,0.018124231459801098,0.01812213856927914,-21.336120538105067,-21.336120538105067,0.018021971970529717,0.01802148542720027,3.552713678800501e-14,2.31232644177337,0,-2
2023-06-21 07:45:00,2023-06-21 07:45:59,0.01807,0.01808,0.01806,0.01809,0.018078520607340415,0.018075,0.01806,0.01809,True,2.109016946483589e-05,-2.7075887331636686e-06,0,0.01812318501454012,0.018120900221338512,-18.181469639232564,-18.181469639232564,0.018022499612614,0.01802206766175549,4.020759801700522,1.3402532672335052,0,-1
2023-06-21 07:46:00,2023-06-21 07:46:59,0.01808,0.0181,0.01807,0.01811,0.018076760303670208,0.018090000000000002,0.01807,0.01811,True,2.244087164591917e-05,-8.305556973478585e-07,0,0.018122042617939316,0.01811971325291638,-9.268167191412381,-0.0,0.01802317125825963,0.018022843107907176,29.939709942068973,11.320156581256484,0,-1
2023-06-21 07:47:00,2023-06-21 07:47:59,0.0181,0.01811,0.01809,0.01811,0.018083380151835103,0.0181025,0.01809,0.01811,True,2.2266523671210846e-05,1.2009477415710883e-06,0,0.018120877935427847,0.018118660643109477,-1.041680800979215,-0.0,0.018023960598973463,0.018023710340664318,63.2730432754023,32.41117100639057,0,-1
2023-06-21 07:48:00,2023-06-21 07:48:59,0.01811,0.01811,0.0181,0.01812,0.018092940075917552,0.01811,0.0181,0.01812,True,2.2104629123267158e-05,2.5534356495842774e-06,0,0.018119769289268662,0.01811777249478391,4.442643459309565,4.442643459309565,0.018024816712416514,0.0180245689442398,92.58561680703515,61.93279000816878,0,-1
2023-06-21 07:49:00,2023-06-21 07:49:59,0.01812,0.01811,0.01809,0.01812,0.018101470037958776,0.018109999999999998,0.01809,0.01812,True,2.2668584185891092e-05,3.4020264092545395e-06,0,0.018118770892026285,0.018117019921781212,8.09885963283542,8.09885963283542,0.01802566430731784,0.01802541900449612,99.99999999999717,85.28622002747818,0,-1
2023-06-21 07:50:00,2023-06-21 07:50:59,0.01811,0.0181,0.0181,0.01812,0.018105735018979385,0.018107500000000002,0.0181,0.01812,True,2.2477971029755954e-05,3.195463629264409e-06,0,0.01811789540690375,0.018116362098976133,5.69064695690458,5.69064695690458,0.018026478592817165,0.01802616110395387,97.84207171871056,96.80922950858093,0,-1
2023-06-21 07:51:00,2023-06-21 07:51:59,0.01811,0.01812,0.0181,0.01813,0.018106617509489692,0.018115,0.0181,0.01813,True,2.3015258813344727e-05,4.367911806191212e-06,0,0.01811712875293994,0.018115834845007974,9.78122799328473,9.78122799328473,0.018027359402838884,0.018027094824312535,97.84207171871056,98.56138114580607,0,-1
2023-06-21 07:52:00,2023-06-21 07:52:59,0.01812,0.01813,0.01812,0.01813,0.018110808754744846,0.018125000000000002,0.01812,0.01813,True,2.208559746953436e-05,5.68644668069994e-06,0,0.018116481798973957,0.018115482616960946,14.352257264247811,14.352257264247811,0.018028330951069343,0.018028118756408928,97.84207171871343,97.8420717187115,0,2
2023-06-21 07:53:00,2023-06-21 07:53:59,0.01812,0.0182,0.01812,0.01823,0.018117904377372422,0.0181675,0.01812,0.01823,True,2.8365197650281833e-05,1.114523327196636e-05,1,0.01811598220796745,0.01811556219990875,22.629249285342866,22.629249285342866,0.01802971571772537,0.018029829017539186,100.00000000000004,98.561381145808,1,2
2023-06-21 07:54:00,2023-06-21 07:54:59,0.0182,0.01825,0.0182,0.01831,0.01814270218868621,0.01824,0.0182,0.01831,True,3.419625496097591e-05,1.7646106092296213e-05,0,0.0181157722039381,0.018116478631767085,29.360826839508505,29.360826839508505,0.018031808098643527,0.018032019773583572,100.00000000000004,99.2806905729045,0,2
2023-06-21 07:55:00,2023-06-21 07:55:59,0.01825,0.01824,0.01824,0.01826,0.018191351094343104,0.0182475,0.01824,0.01826,True,3.3182236749477575e-05,2.0385747954356073e-05,0,0.018116125417852593,0.018118099090936736,31.53591567503281,31.53591567503281,0.018033954286716725,0.01803408922857279,100.00000000000004,100.00000000000004,0,2
2023-06-21 07:56:00,2023-06-21 07:56:59,0.01824,0.01823,0.01822,0.01825,0.018219425547171552,0.018235,0.01822,0.01825,True,3.2954934124514804e-05,2.0537351679869698e-05,0,0.018117112254394666,0.01812017695439321,30.62958775764075,30.62958775764075,0.018035954741575266,0.018036038589482512,96.4468539346996,98.81561797823322,0,2
2023-06-21 07:57:00,2023-06-21 07:57:59,0.01823,0.01823,0.01822,0.01823,0.01822721277358578,0.0182275,0.01822,0.01823,True,3.131529597276372e-05,1.966108674219211e-05,0,0.018118644604393937,0.0181225492211324,30.025369146046046,30.025369146046046,0.018037860664544665,0.018037968553766267,90.83239869657417,95.75975087709126,0,2
2023-06-21 07:58:00,2023-06-21 07:58:59,0.01823,0.01823,0.01822,0.01824,0.01822735638679289,0.01823,0.01822,0.01824,True,3.0507060546137685e-05,1.8127516022338376e-05,0,0.018120596912763166,0.018125154150032498,29.622556738316234,29.622556738316234,0.0180397724987283,0.01803987931442531,85.27973676248918,90.85299646458763,0,2
2023-06-21 07:59:00,2023-06-21 07:59:59,0.01824,0.01823,0.01822,0.01824,0.018228678193396443,0.0182325,0.01822,0.01824,True,2.9756556221413506e-05,1.6208235243769165e-05,0,0.018122875531397832,0.018127941535564258,29.35401513316303,29.35401513316303,0.01804169018530812,0.01804177106254048,82.34381192128681,86.1519824601167,0,1
2023-06-21 08:00:00,2023-06-21 08:00:59,0.01823,0.01819,0.01819,0.01824,0.01823058909669822,0.0182125,0.01819,0.01824,True,3.1202516491312396e-05,1.1356433327094955e-05,0,0.018125408533481043,0.018130716224786934,18.515862484700904,18.515862484700904,0.018043389785454306,0.018043245977341072,71.65336308438764,79.75897058938786,0,1
2023-06-21 08:01:00,2023-06-21 08:01:59,0.01819,0.01816,0.01816,0.0182,0.01822154454834911,0.0181775,0.01816,0.01822154454834911,True,3.18309081705045e-05,5.4936758980867294e-06,0,0.01812806237913399,0.01813322174357606,7.1142549929479415,7.1142549929479415,0.018044724215449785,0.018044407708909818,47.270154682464245,67.08910989604622,0,1
2023-06-21 08:02:00,2023-06-21 08:02:59,0.01816,0.01816,0.01815,0.01817,0.018199522274174554,0.01816,0.01815,0.018199522274174554,True,3.098584330118269e-05,1.288704216856702e-06,0,0.018130642061355024,0.01813537808345583,-0.4868166682206976,-0.0,0.01804587123818163,0.018045557880960468,20.425892255633727,46.44980334082853,0,1
2023-06-21 08:03:00,2023-06-21 08:03:59,0.01816,0.01816,0.01814,0.01817,0.018179761137087275,0.0181575,0.01814,0.018179761137087275,True,3.09154259225267e-05,-1.6577675898635116e-06,0,0.018133010072405427,0.0181372275648812,-5.554197775666459,-0.0,0.01804698197213007,0.0180466966085131,3.3974629973250026,23.697836645140985,0,1
2023-06-21 08:04:00,2023-06-21 08:04:59,0.01815,0.01814,0.01814,0.01816,0.018168630568543637,0.0181475,0.01814,0.018168630568543637,True,3.013575264234616e-05,-5.027012143389509e-06,0,0.01813511881864331,0.018138754154443326,-11.62646569716292,-11.62646569716292,0.018047982151511863,0.018047625000468193,7.046215462954326e-14,7.941118417652928,0,1
2023-06-21 08:05:00,2023-06-21 08:05:59,0.01814,0.01812,0.01811,0.01814,0.01815806528427182,0.0181275,0.01811,0.01815806528427182,True,3.0126056025035633e-05,-8.510112648542016e-06,0,0.01813693648654332,0.018139878833673587,-17.601354718617372,-17.601354718617372,0.01804877337388488,0.018048345149717267,7.046215462954326e-14,1.1324876657750427,0,-2
2023-06-21 08:06:00,2023-06-21 08:06:59,0.01812,0.01814,0.01811,0.01814,0.01814278264213591,0.0181275,0.01811,0.01814278264213591,True,3.0117052023247286e-05,-9.15368920316935e-06,0,0.018138407660108453,0.018140679369577525,-16.03884202521953,-16.03884202521953,0.01804955672339846,0.018049257138277295,7.046215462954326e-14,6.523177060242031e-14,0,-2
2023-06-21 08:07:00,2023-06-21 08:07:59,0.01814,0.01816,0.01814,0.01818,0.018135141321067957,0.018155,0.01814,0.01818,True,3.0822976878729754e-05,-7.917586526999155e-06,0,0.01813954351484299,0.018141407891878722,-10.789931957717137,-10.789931957717137,0.018050605910230316,0.01805035905729941,6.773840288829265,2.25794676294313,0,-1
2023-06-21 08:08:00,2023-06-21 08:08:59,0.01815,0.01815,0.01815,0.01816,0.01814507066053398,0.0181525,0.01815,0.01816,True,2.9335621387391885e-05,-7.565928359683757e-06,0,0.018140475703360855,0.01814205756626763,-9.070844202084793,-9.070844202084793,0.018051619781770313,0.018051350509465585,12.988845996102162,6.587562094977161,0,-2
2023-06-21 08:09:00,2023-06-21 08:09:59,0.01815,0.01815,0.01815,0.01817,0.018148785330266988,0.018154999999999998,0.01815,0.01817,True,2.8668791288292408e-05,-7.10381255440027e-06,0,0.018141266634814242,0.01814265785834214,-7.924785698329892,-7.924785698329892,0.01805264844065817,0.018052332096436075,20.828097685874795,13.530261323602069,0,-2
2023-06-21 08:10:00,2023-06-21 08:10:59,0.01816,0.01817,0.01816,0.01817,0.018151892665133493,0.018165,0.01816,0.01817,True,2.8049591910557178e-05,-5.208003928639076e-06,0,0.01814196224657819,0.018143283763365863,-2.7786482843281064,-0.0,0.01805376636662177,0.018053502921347157,25.410694905014505,19.742546195663817,0,-1
2023-06-21 08:11:00,2023-06-21 08:11:59,0.01816,0.01814,0.01814,0.01817,0.018158446332566747,0.018152500000000002,0.01814,0.01817,True,2.818890677408872e-05,-5.890455509197738e-06,0,0.018142623004972026,0.01814383977597723,-5.0689184093034285,-5.0689184093034285,0.018054748790834487,0.01805436358879644,26.64141943822021,24.293404009703163,0,-2
2023-06-21 08:12:00,2023-06-21 08:12:59,0.01815,0.01814,0.01814,0.01815,0.018155473166283374,0.018145,0.01814,0.018155473166283374,True,2.6889699147368068e-05,-6.142430628905368e-06,0,0.018143231390474628,0.01814428548898702,-6.595765159286977,-6.595765159286977,0.018055646812816233,0.018055215692390505,24.01411136470641,25.3554085693137,0,-2
2023-06-21 08:13:00,2023-06-21 08:13:59,0.01815,0.01818,0.01815,0.01819,0.018150236583141688,0.0181675,0.01815,0.01819,True,2.8540434922556165e-05,-3.3518907691520694e-06,0,0.018143758439730824,0.01814479567820751,-0.3710905176156416,-0.0,0.018056759779852886,0.018056457327292094,28.887314964647373,26.514281922524656,0,-1
2023-06-21 08:14:00,2023-06-21 08:14:59,0.01818,0.01818,0.01815,0.01819,0.018158868291570845,0.018175,0.01815,0.01819,True,2.9358975285230857e-05,-1.4569460498191394e-06,0,0.018144277058969167,0.018145404587537484,3.778692576831915,0.0,0.01805793629945634,0.018057686607617546,54.774918057502106,35.89211479561862,0,-1
2023-06-21 08:15:00,2023-06-21 08:15:59,0.01818,0.01823,0.01818,0.01823,0.01816693414578542,0.018205,0.01818,0.01823,True,3.0833334193428506e-05,3.2048399603881142e-06,0,0.018144840823253326,0.0181462928740423,11.551036635989256,11.551036635989256,0.018059399619859758,0.01805940116873578,82.89630777457661,55.51951359890868,0,2
2023-06-21 08:16:00,2023-06-21 08:16:59,0.01823,0.01825,0.01823,0.01825,0.01818596707289271,0.01824,0.01823,0.01825,True,3.0059524608183556e-05,7.383793637443523e-06,0,0.018145566848647814,0.0181476351587928,17.952056811588562,17.952056811588562,0.01806119663856762,0.018061297674519507,100.00000000000007,79.22374194402624,0,2
2023-06-21 08:17:00,2023-06-21 08:17:59,0.01824,0.01821,0.01821,0.01824,0.018212983536446355,0.018224999999999998,0.01821,0.01824,True,3.076955856474176e-05,6.936614051342056e-06,0,0.018146601003720307,0.01814922275410208,14.760115119306874,14.760115119306874,0.018062826522760977,0.018062777299648666,93.99490518898801,92.29707098785487,0,2
2023-06-21 08:18:00,2023-06-21 08:18:59,0.01821,0.01819,0.01819,0.01821,0.018218991768223176,0.0182,0.01819,0.018218991768223176,True,3.000030438154586e-05,4.878678632354499e-06,0,0.018147911878911193,0.018150821064960656,9.858053048659357,9.858053048659357,0.01806419143298226,0.0180640431971646,79.12017240925802,91.03835919941535,0,1
2023-06-21 08:19:00,2023-06-21 08:19:59,0.01819,0.01817,0.01817,0.01819,0.01820949588411159,0.01818,0.01817,0.01820949588411159,True,2.928599692572135e-05,1.8637721693910861e-06,0,0.018149366471935924,0.018152279624865018,4.152646521836736,0.0,0.018065343757032188,0.018065097493710224,58.077311298072516,77.06412963210617,0,1
2023-06-21 08:20:00,2023-06-21 08:20:59,0.01818,0.01821,0.01817,0.01821,0.018194747942055795,0.0181925,0.01817,0.01821,True,3.0051282859598527e-05,2.4767605997335742e-06,0,0.01815082304840047,0.018153703913881557,5.303584882694047,0.0,0.018066608993280622,0.018066539309693208,42.2125383394378,59.8033406822561,0,2
2023-06-21 08:21:00,2023-06-21 08:21:59,0.01822,0.01827,0.01822,0.01828,0.018193623971027896,0.0182475,0.01822,0.01828,True,3.290476265534153e-05,6.7751570877293214e-06,0,0.018152263481141014,0.01815546880754033,10.571172970625817,10.571172970625817,0.018068408903795245,0.018068563794173872,49.73836932567466,50.00940632106165,0,2
2023-06-21 08:22:00,2023-06-21 08:22:59,0.01827,0.01825,0.01825,0.01829,0.018220561985513948,0.018265,0.01825,0.01829,True,3.341156532281727e-05,7.76651770686742e-06,0,0.018153866144340673,0.0181576098211925,11.40479126838816,11.40479126838816,0.01807036503410574,0.018070369129555227,67.0896549674385,53.013520877516974,0,2
2023-06-21 08:23:00,2023-06-21 08:23:59,0.01826,0.0183,0.01826,0.01836,0.018242780992756974,0.018295,0.01826,0.01836,True,3.888216779975907e-05,1.136258830347438e-05,0,0.01815573798276659,0.01816023809903397,15.07673607869053,15.07673607869053,0.018072600207895733,0.01807265401383826,88.95952273708527,68.59584901006612,0,2
2023-06-21 08:24:00,2023-06-21 08:24:59,0.0183,0.01829,0.01828,0.01831,0.018268890496378486,0.018295,0.01828,0.01831,True,3.824772724263334e-05,1.2348390526799203e-05,0,0.01815798804090028,0.01816323197061733,16.14200225186559,16.14200225186559,0.018074813141150503,0.018074816660466737,96.30842453057839,84.11920074503404,0,2
2023-06-21 08:25:00,2023-06-21 08:25:59,0.01829,0.01826,0.01826,0.01829,0.01828194524818924,0.018275,0.01826,0.01829,True,3.7658603868159684e-05,1.0210724623617629e-05,0,0.018160610005758804,0.018166355914312517,12.961782120615972,12.961782120615972,0.01807680505019378,0.0180766592807606,92.10200323145845,92.45665016637402,0,1
2023-06-21 08:26:00,2023-06-21 08:26:59,0.01826,0.01831,0.01826,0.01831,0.01827847262409462,0.018285,0.01826,0.01831,True,3.854013216329124e-05,1.1618661511644408e-05,0,0.01816348296003566,0.01816962944175478,14.527454978961288,14.527454978961288,0.018078876641734142,0.018078981078961987,84.71889281771017,91.04310685991567,0,2
2023-06-21 08:27:00,2023-06-21 08:27:59,0.01831,0.01829,0.01829,0.01831,0.01828173631204731,0.0183,0.01829,0.01831,True,3.721583700877039e-05,1.0436756406836065e-05,0,0.01816655620089522,0.018173101193605518,13.113615262284618,13.113615262284618,0.018081076874154698,0.018081080769718583,81.10614845509788,85.97568150142216,0,1
2023-06-21 08:28:00,2023-06-21 08:28:59,0.01829,0.01828,0.01828,0.01829,0.018290868156023654,0.018285000000000003,0.01828,0.018290868156023654,True,3.5271848651001044e-05,8.302178983352468e-06,0,0.018169828697250368,0.018176602273065324,10.937802061578637,10.937802061578637,0.018083105959984004,0.018083060065542278,77.73252470241118,81.18585532507306,0,1
2023-06-21 08:29:00,2023-06-21 08:29:59,0.01827,0.01827,0.01824,0.01828,0.01828793407801183,0.018265,0.01824,0.01828793407801183,True,3.560957374735825e-05,5.633953334509329e-06,0,0.018173215485157844,0.018179965199960332,8.193458875626163,0.0,0.018084915850929438,0.018084920164392605,64.38202133540197,74.40689816430366,0,1
2023-06-21 08:30:00,2023-06-21 08:30:59,0.01827,0.01829,0.01827,0.01829,0.018276467039005914,0.01828,0.01827,0.01829,True,3.4494604193975455e-05,4.788450224060313e-06,0,0.018176590342559088,0.01818329920106662,8.59233434235265,0.0,0.018086856986741087,0.018086960759771783,51.89238166310764,64.66897590030692,0,1
2023-06-21 08:31:00,2023-06-21 08:31:59,0.01828,0.01828,0.01825,0.01828,0.01827823351950296,0.0182725,0.01825,0.01828,True,3.488784675154877e-05,3.094393661394892e-06,0,0.018179944771812853,0.018186536095926863,7.310525584918736,0.0,0.018088704180902866,0.018088881548231767,43.48513827700143,53.253180425170335,0,1
2023-06-21 08:32:00,2023-06-21 08:32:59,0.01827,0.01829,0.01827,0.0183,0.018275366759751478,0.0182825,0.01827,0.0183,True,3.4538714840723765e-05,2.294157498295766e-06,0,0.018183240433869857,0.018189742940450265,7.749779431406843,0.0,0.0180906324975108,0.018090882726856328,47.80304295931354,47.72685429980752,0,1
2023-06-21 08:33:00,2023-06-21 08:33:59,0.0183,0.0183,0.01829,0.01831,0.01827893337987574,0.0183,0.01829,0.01831,True,3.3500235209243434e-05,2.1039869926910374e-06,0,0.01818649168716006,0.01819302419237898,9.32954698293436,0.0,0.018092715756242033,0.01809296349574333,51.004762977961455,47.430981404758796,0,1
2023-06-21 08:34:00,2023-06-21 08:34:59,0.0183,0.01829,0.01829,0.01831,0.018289466689937868,0.0182975,0.01829,0.01831,True,3.253593269429742e-05,9.419172255016497e-07,0,0.01818975793976952,0.018196324360244785,8.285046572360677,0.0,0.018094753410408778,0.018094924057974738,50.825155738039165,49.87765389177138,0,1
2023-06-21 08:35:00,2023-06-21 08:35:59,0.01829,0.01829,0.01829,0.0183,0.018293483344968935,0.0182925,0.01829,0.0183,True,3.092622321613329e-05,-1.1216414367543976e-07,0,0.018193041150007153,0.018199582472782392,7.588712965311558,0.0,0.018096721038165904,0.018096865112124244,42.853183960118066,48.22770089203956,0,1
2023-06-21 08:36:00,2023-06-21 08:36:59,0.0183,0.0183,0.01828,0.0183,0.018292991672484465,0.018295,0.01828,0.0183,True,3.014577870069514e-05,-3.632041946291718e-07,0,0.01819631181139477,0.018202802273406118,8.97375387934298,0.0,0.018098693963159277,0.018098886354789675,32.81876062816487,42.165700108774026,0,1
2023-06-21 08:37:00,2023-06-21 08:37:59,0.01829,0.01828,0.01828,0.0183,0.018293995836242232,0.0182875,0.01828,0.0183,True,2.9421080222074e-05,-2.140332135199948e-06,0,0.018199557042400442,0.0182059183615582,5.099496467502696,0.0,0.01810057263019252,0.018100688480612664,22.408570559471897,32.693505049251605,0,1
2023-06-21 08:38:00,2023-06-21 08:38:59,0.01828,0.01828,0.01826,0.01829,0.018290747918121117,0.018277500000000002,0.01826,0.018290747918121117,True,2.946243163478316e-05,-3.449410204401588e-06,0,0.018202737701979322,0.018208862805838777,2.516658192942508,0.0,0.018102333101533887,0.018102472674835425,13.462918102505038,22.896749763380594,0,1
2023-06-21 08:39:00,2023-06-21 08:39:59,0.01829,0.01825,0.01824,0.01829,0.01828412395906056,0.0182675,0.01824,0.01829,True,3.092940080372732e-05,-6.448615936997034e-06,0,0.018205800253909048,0.018211583301038482,-4.49101083962416,-4.49101083962416,0.018103976553259918,0.01810394060841915,3.0646721173836036,12.978720259786838,0,1
2023-06-21 08:40:00,2023-06-21 08:40:59,0.01824,0.01825,0.01824,0.01825,0.01827581197953028,0.018244999999999997,0.01824,0.01827581197953028,True,2.9434443603461052e-05,-8.338211516324909e-06,0,0.018208691777473765,0.018213954440133698,-9.162790194668602,-9.162790194668602,0.01810537977163544,0.01810539393569856,4.618527782440651e-14,5.509196739962888,0,-2
2023-06-21 08:41:00,2023-06-21 08:41:59,0.01825,0.01825,0.01825,0.01827,0.01826040598976514,0.018255,0.01825,0.01827,True,2.8760554774642592e-05,-9.411957772150932e-06,0,0.01821132310880373,0.0182161028708098,-12.27730976469823,-12.27730976469823,0.018106868530126632,0.018106832802010017,5.579472241036822,2.8813814528068153,0,-2
2023-06-21 08:42:00,2023-06-21 08:42:59,0.01824,0.01825,0.01824,0.01825,0.01825770299488257,0.018244999999999997,0.01824,0.01825770299488257,True,2.7420515147882375e-05,-9.894656988118894e-06,0,0.018213712989806768,0.018217992610427457,-14.35365614471798,-14.35365614471798,0.018108242972612935,0.01810825735124375,5.839764149416145,3.8064121301509957,0,-2
2023-06-21 08:43:00,2023-06-21 08:43:59,0.01825,0.01827,0.01825,0.01828,0.01825135149744128,0.0182625,0.01825,0.01828,True,2.7604764065890935e-05,-8.585970876397652e-06,0,0.018215852800117113,0.018219785783742712,-8.511608969785883,-8.511608969785883,0.018109777868407832,0.01810986673083336,15.766919779792323,9.06205205674842,0,-1
2023-06-21 08:44:00,2023-06-21 08:44:59,0.01828,0.0183,0.01827,0.0183,0.01825692574872064,0.0182875,0.01827,0.0183,True,2.777585234689864e-05,-5.478124450274783e-06,0,0.018217819291929914,0.018221662153239677,1.0476429190013477,0.0,0.01811154624782666,0.018111758604158402,31.880757328707034,17.829147085971826,0,-1
2023-06-21 08:45:00,2023-06-21 08:45:59,0.0183,0.01829,0.01829,0.01831,0.018272212874360323,0.0182975,0.01829,0.01831,True,2.7220434322120105e-05,-4.080515032749394e-06,0,0.018219740722584796,0.018223659760420036,4.455740426128401,0.0,0.018113396533917938,0.01811353215038568,57.51185001943124,35.05317570931019,0,-1
2023-06-21 08:46:00,2023-06-21 08:46:59,0.01828,0.01828,0.01827,0.01829,0.018284856437180162,0.01828,0.01827,0.01829,True,2.6704689013397183e-05,-3.844713940701272e-06,0,0.018221700241502416,0.018225619044560867,4.031264463095269,0.0,0.018115054279849104,0.018115188546899256,63.11312349644762,50.83524361486196,0,-2
2023-06-21 08:47:00,2023-06-21 08:47:59,0.01827,0.01827,0.01826,0.01828,0.01828242821859008,0.01827,0.01826,0.01828242821859008,True,2.6225782655297576e-05,-4.364367400453032e-06,0,0.01822365964303164,0.018227466103295682,1.3237778803537452,0.0,0.018116596028308316,0.01811672895936792,51.897910059106245,57.50762785832836,0,-2
2023-06-21 08:48:00,2023-06-21 08:48:59,0.01826,0.01826,0.01826,0.01827,0.01827621410929504,0.0182625,0.01826,0.01827621410929504,True,2.5066798179919396e-05,-5.34198847648672e-06,0,0.01822556287316366,0.01822916067541592,-2.638636758550369,-0.0,0.018118047809121168,0.01811815454186177,32.680255278189826,49.23042961124789,0,-2
2023-06-21 08:49:00,2023-06-21 08:49:59,0.01827,0.01827,0.01827,0.01828,0.018269357054647523,0.0182725,0.01827,0.01828,True,2.470488402421106e-05,-5.191656259423074e-06,0,0.01822736177428979,0.018230792177819907,-2.359115398131138,-0.0,0.018119584646841356,0.01811966544194275,29.735082960915623,38.104416099403885,0,-2
2023-06-21 08:50:00,2023-06-21 08:50:59,0.01828,0.01828,0.01827,0.0183,0.01827092852732376,0.0182825,0.01827,0.0183,True,2.5083106593910182e-05,-4.31034114544954e-06,0,0.01822907697605485,0.01823243144178586,0.38180371740575225,0.0,0.018121205695131492,0.018121260810679638,40.28804205128683,34.23446009679741,0,-1
2023-06-21 08:51:00,2023-06-21 08:51:59,0.01828,0.01827,0.01827,0.01828,0.01827671426366188,0.018275,0.01827,0.01828,True,2.400574183720228e-05,-4.360383741372824e-06,0,0.018230754208920355,0.01823401411141404,-0.5984405674211857,-0.0,0.018122735986722222,0.018122740802613176,48.730005313318905,39.58437677517378,0,-2
2023-06-21 08:52:00,2023-06-21 08:52:59,0.01827,0.01831,0.01827,0.01832,0.01827585713183094,0.0182925,0.01827,0.01832,True,2.586247456311626e-05,-1.5746403748342845e-06,0,0.0182323841601672,0.01823566143373596,6.103713045540566,6.103713045540566,0.01812442518088419,0.018124604078209063,62.67605165135932,50.56469967198834,0,-1
2023-06-21 08:53:00,2023-06-21 08:53:59,0.01831,0.01832,0.01831,0.01833,0.018284178565915472,0.0183175,0.01831,0.01833,True,2.5443726380036466e-05,8.648792185285187e-07,0,0.01823402279695158,0.018237519881781957,11.708814753451456,11.708814753451456,0.018126346323362953,0.018126548316236835,74.97832954171133,62.12812883546318,0,-1
2023-06-21 08:54:00,2023-06-21 08:54:59,0.01833,0.01838,0.01833,0.0184,0.018300839282957736,0.01836,0.01833,0.0184,True,2.9340603067176733e-05,6.398184473586291e-06,0,0.01823577133936677,0.01823982339486255,19.472632297448925,19.472632297448925,0.018128671235568296,0.01812907022353796,93.19596979482549,76.95011699596537,0,2
2023-06-21 08:55:00,2023-06-21 08:55:59,0.01838,0.01837,0.01836,0.01839,0.01833041964147887,0.018375000000000002,0.01836,0.01839,True,2.9387702848092594e-05,8.872836737693953e-06,0,0.018237797367114658,0.018242564422177372,22.327593621581215,22.327593621581215,0.018131122268050203,0.018131467534746537,100.00000000000006,89.39143311217894,0,2
2023-06-21 08:56:00,2023-06-21 08:56:59,0.01837,0.01836,0.01835,0.01837,0.018352709820739437,0.0183625,0.01835,0.01837,True,2.871715264465735e-05,9.244383110507834e-06,0,0.018240180894646015,0.018245545337869987,21.902788082979754,21.902788082979754,0.018133424534039752,0.01813374148962468,93.75973849131258,95.65190276204602,0,2
2023-06-21 08:57:00,2023-06-21 08:57:59,0.01836,0.01835,0.01834,0.01836,0.018357604910369717,0.0183525,0.01834,0.01836,True,2.8094498884324872e-05,8.224432599541209e-06,0,0.018242863116258,0.018248626056483076,19.322584506525885,19.322584506525885,0.018135604389422442,0.018135893315598565,82.6928459739392,92.15086148841726,0,1
2023-06-21 08:58:00,2023-06-21 08:58:59,0.01835,0.01835,0.01834,0.01836,0.01835505245518486,0.01835,0.01834,0.01836,True,2.751632039258757e-05,7.022917093433175e-06,0,0.018245744586370537,0.01825174706097274,17.602448788889973,17.602448788889973,0.01813773767907993,0.018138023730368727,70.4035271472385,82.28537053749675,0,1
2023-06-21 08:59:00,2023-06-21 08:59:59,0.01835,0.01835,0.01835,0.01837,0.018352526227592432,0.018355,0.01835,0.01837,True,2.6979440364545546e-05,5.746493866913645e-06,0,0.018248745823671638,0.018254912674723796,16.45569164379937,16.45569164379937,0.018139899493218436,0.018140132946981972,65.77825859347038,72.95821057154934,0,1
2023-06-21 09:00:00,2023-06-21 09:00:59,0.01836,0.01835,0.01834,0.01837,0.018353763113796218,0.018355,0.01834,0.01837,True,2.7195194624221026e-05,4.4695672731798875e-06,0,0.018251829249197715,0.01825809169018321,15.691186880405624,15.691186880405624,0.0181420397967685,0.018142221176365235,65.97962104838815,67.38713559636567,0,1
2023-06-21 09:01:00,2023-06-21 09:01:59,0.01835,0.01835,0.01834,0.01837,0.018354381556898107,0.0183525,0.01834,0.01837,True,2.7395537865348256e-05,3.2423493825234893e-06,0,0.018254960469690464,0.018261242292816383,15.181517038143127,15.181517038143127,0.01814413392814394,0.018144288627346676,65.93625835452106,65.89804599879318,0,1
2023-06-21 09:02:00,2023-06-21 09:02:59,0.01835,0.01837,0.01835,0.01838,0.018353440778449054,0.018362500000000004,0.01835,0.01838,True,2.758157087496615e-05,3.4685042086507914e-06,0,0.018258101381253423,0.018264417519981667,18.730538967207735,18.730538967207735,0.018146306724878825,0.018146534511651685,66.49648727153932,66.1374555581495,0,2
2023-06-21 09:03:00,2023-06-21 09:03:59,0.01837,0.01843,0.01837,0.01843,0.01835797038922453,0.0184,0.01837,0.01843,True,2.989717295532554e-05,7.361349375870668e-06,0,0.018261259450617545,0.01826784763865909,25.444007571249458,25.444007571249458,0.01814883103607406,0.018149355063774554,77.36201733399493,69.93158765335176,0,2
2023-06-21 09:04:00,2023-06-21 09:04:59,0.01843,0.01852,0.01843,0.01861,0.018378985194612264,0.0184975,0.01843,0.01861,True,4.0618803458516796e-05,1.54951656183521e-05,0,0.018264553544638316,0.018272123854642455,31.747434229772992,31.747434229772992,0.018152300378998697,0.01815304307309023,89.6946988545627,77.85106782003231,0,2
2023-06-21 09:05:00,2023-06-21 09:05:59,0.01853,0.01853,0.0185,0.01855,0.018438242597306132,0.0185275,0.0185,0.01855,True,4.1288888925765694e-05,2.049469522168084e-05,0,0.018268338699640386,0.018277242701499736,36.06572743440752,36.06572743440752,0.0181560337085609,0.01815679388828336,100.00000000000006,89.0189053961859,0,2
2023-06-21 09:06:00,2023-06-21 09:06:59,0.01854,0.01855,0.01853,0.01856,0.018482871298653065,0.018545,0.01853,0.01856,True,4.0482539716782344e-05,2.3895597448000287e-05,0,0.01827279070057006,0.018283109905447407,39.172176800712265,39.172176800712265,0.018159904019918502,0.018160706386907408,100.00000000000006,96.56489961818761,0,2
2023-06-21 09:07:00,2023-06-21 09:07:59,0.01855,0.01856,0.01853,0.01856,0.018513935649326532,0.018550000000000004,0.01853,0.01856,True,3.9733786879869234e-05,2.5385517062126454e-05,0,0.018277950303008734,0.01828956034625391,41.35355847053607,41.35355847053607,0.018163785571959114,0.01816467945768445,100.00000000000006,100.00000000000006,0,2
2023-06-21 09:08:00,2023-06-21 09:08:59,0.01856,0.01858,0.01854,0.01859,0.018531967824663268,0.0185675,0.01854,0.01859,True,4.0467087817021284e-05,2.621730211155139e-05,0,0.01828375532463132,0.018296545785267924,43.01764280348284,43.01764280348284,0.018167802630944595,0.018168812000394056,100.00000000000006,100.00000000000006,0,2
2023-06-21 09:09:00,2023-06-21 09:09:59,0.01857,0.01856,0.01855,0.01858,0.018549733912331633,0.018564999999999998,0.01855,0.01858,True,3.971943868723396e-05,2.380057666531577e-05,0,0.018290150554949623,0.018303887351934067,39.312751723110765,39.312751723110765,0.018171754843572013,0.018172704418300583,98.71449183583904,99.57149727861305,0,1
2023-06-21 09:10:00,2023-06-21 09:10:59,0.01856,0.01856,0.01854,0.01858,0.018557366956165815,0.01856,0.01854,0.01858,True,3.9739478781002854e-05,2.072466626695972e-05,0,0.018297018953441845,0.018311424624133075,36.842824336196045,36.842824336196045,0.018175617979456868,0.01817655810568068,94.7462146944812,97.82023551010677,0,1
2023-06-21 09:11:00,2023-06-21 09:11:59,0.01856,0.01865,0.01853,0.01872,0.018558683478082906,0.018615,0.01853,0.01872,True,5.047237315378831e-05,2.34982670990466e-05,0,0.018304221788787458,0.018319441621462085,38.168609468011525,38.168609468011525,0.01817998993986028,0.01818126897030077,94.7462146944812,96.06897374160047,0,2
2023-06-21 09:12:00,2023-06-21 09:12:59,0.01864,0.01862,0.01859,0.01867,0.018586841739041453,0.01863,0.01859,0.01867,True,5.258148935708916e-05,2.166229104505089e-05,0,0.01831183170512477,0.018327884220584158,34.06806305707509,34.06806305707509,0.018184467651901473,0.01818563445318335,96.03172285864223,95.1747174158682,0,2
2023-06-21 09:13:00,2023-06-21 09:13:59,0.01862,0.01863,0.0186,0.01864,0.018608420869520727,0.0186225,0.0186,0.01864,True,5.168281154586864e-05,1.9636004139708324e-05,0,0.018319857962854465,0.01833655251580662,31.831418884992715,31.831418884992715,0.018188826182728324,0.01819005600091287,96.42634082384787,95.73475945899042,0,1
2023-06-21 09:14:00,2023-06-21 09:14:59,0.01862,0.01863,0.01862,0.01864,0.018615460434760363,0.0186275,0.01862,0.01864,True,4.941975357830653e-05,1.6859878521917888e-05,0,0.01832820523933054,0.018345373334749813,30.34032277027113,30.34032277027113,0.018193191096333015,0.018194433553142594,93.2741400768963,95.24406791979546,0,1
2023-06-21 09:15:00,2023-06-21 09:15:59,0.01863,0.01861,0.01861,0.01864,0.018621480217380183,0.0186225,0.01861,0.01864,True,4.803262832271312e-05,1.2324646693250165e-05,0,0.018336789287040176,0.01835421941117507,25.4507715660573,25.4507715660573,0.01819746282671776,0.01819856854266356,86.96090031579998,92.2204604055147,0,1
2023-06-21 09:16:00,2023-06-21 09:16:59,0.01862,0.0186,0.0186,0.01863,0.01862199010869009,0.0186125,0.0186,0.01863,True,4.674458344251948e-05,7.52131391615186e-06,0,0.018345504349107623,0.018362956068867172,20.371776325572924,20.371776325572924,0.018201592549834996,0.01820256288552263,73.13068593276707,84.45524210848777,0,1
2023-06-21 09:17:00,2023-06-21 09:17:59,0.0186,0.01858,0.01857,0.01861,0.018617245054345047,0.01859,0.01857,0.018617245054345047,True,4.6262827482339646e-05,2.062311525789941e-06,0,0.0183542302089874,0.018371392263730302,13.64808891438873,0.0,0.018205457300582907,0.018206318478701508,42.9495533463853,67.6803798649841,0,1
2023-06-21 09:18:00,2023-06-21 09:18:59,0.01858,0.01853,0.01852,0.01858,0.01860362252717252,0.0185525,0.01852,0.01860362252717252,True,4.7244054090744034e-05,-5.6360131709247576e-06,0,0.018362811236358852,0.018379276730946862,3.59613881068924,0.0,0.018208910461771137,0.01820953919035622,15.929459774148299,44.00323301776688,0,1
2023-06-21 09:19:00,2023-06-21 09:19:59,0.01853,0.01854,0.01851,0.01854,0.01857806126358626,0.01853,0.01851,0.01857806126358626,True,4.6012335941405335e-05,-1.0313001852923069e-05,0,0.01837104398365286,0.01838651834934929,-1.4652749439194679,-0.0,0.018212105382549533,0.018212827357616358,6.631732200427602e-14,19.626337706844545,0,1
2023-06-21 09:20:00,2023-06-21 09:20:59,0.01854,0.01851,0.01851,0.01854,0.01855403063179313,0.018525,0.01851,0.01855403063179313,True,4.486859765987654e-05,-1.555263665339678e-05,0,0.018378781166501077,0.018393169857838683,-7.532166202265657,-7.532166202265657,0.018215218761827648,0.018215784299331617,6.631732200427602e-14,5.309819924716133,0,1
2023-06-21 09:21:00,2023-06-21 09:21:59,0.01851,0.01848,0.01848,0.01851,0.018539515315896565,0.018494999999999998,0.01848,0.018539515315896565,True,4.3806554969885274e-05,-2.0895398424074097e-05,0,0.018385975512169882,0.018399105300317718,-13.614238459566657,-13.614238459566657,0.018218002654744787,0.018218413311278565,6.631732200427602e-14,5.58565539500301e-14,0,-2
2023-06-21 09:22:00,2023-06-21 09:22:59,0.01847,0.01846,0.01845,0.01848,0.01851725765794828,0.018465000000000002,0.01845,0.01851725765794828,True,4.282037247203624e-05,-2.5345126616110224e-05,0,0.0183925404062438,0.018404230423639513,-18.789803075582373,-18.789803075582373,0.0182204603397722,0.018220817158927535,6.631732200427602e-14,5.58565539500301e-14,0,-2
2023-06-21 09:23:00,2023-06-21 09:23:59,0.01845,0.01839,0.01838,0.01845,0.018491128828974142,0.0184175,0.01838,0.018491128828974142,True,4.5476060152605095e-05,-3.240488917705734e-05,-1,0.018398385414941657,0.018408356512679212,-24.801067018190462,-24.801067018190462,0.018222420933406307,0.018222500570281488,6.631732200427602e-14,5.58565539500301e-14,0,-2
2023-06-21 09:24:00,2023-06-21 09:24:59,0.01839,0.01839,0.01836,0.0184,0.01845431441448707,0.018385,0.01836,0.01845431441448707,True,4.508491299884747e-05,-3.598224398370311e-05,0,0.018403370963810436,0.01841144476108145,-28.80857631326252,-28.80857631326252,0.01822403863556147,0.01822416723127371,6.631732200427602e-14,5.58565539500301e-14,0,-2
2023-06-21 09:25:00,2023-06-21 09:25:59,0.01839,0.01841,0.01838,0.01841,0.018419657207243534,0.0183975,0.01838,0.018419657207243534,True,4.400741921321542e-05,-3.5717324550556023e-05,0,0.018407407862445945,0.018413780484876137,-27.67177603871951,-27.67177603871951,0.018225764619287228,0.018226016313549594,1.704158770517509,0.5680529235058701,-1,-2
2023-06-21 09:26:00,2023-06-21 09:26:59,0.01841,0.01842,0.01839,0.01842,0.018408578603621766,0.018410000000000003,0.01839,0.01842,True,4.300688926941423e-05,-3.3607551829088845e-05,0,0.018410594173661043,0.018415593478499217,-25.074740988917906,-25.074740988917906,0.018227597807155018,0.018227946499484424,5.234265932191628,2.3128082342363903,0,-2
2023-06-21 09:27:00,2023-06-21 09:27:59,0.01843,0.01839,0.01838,0.01843,0.018409289301810884,0.0184075,0.01838,0.01843,True,4.350639717874164e-05,-3.308773714164166e-05,0,0.018413093826080133,0.018416965331259076,-25.43678916903278,-25.43678916903278,0.018229387878725616,0.01822955897212637,8.544894355247243,5.161106352652116,0,-2
2023-06-21 09:28:00,2023-06-21 09:28:59,0.0184,0.01844,0.01839,0.01844,0.018408394650905442,0.0184175,0.01839,0.01844,True,4.397022595168877e-05,-2.8079482532945397e-05,0,0.018415029578669608,0.018418049068980754,-18.206904763354974,-18.206904763354974,0.018231259641126357,0.018231652912702227,11.81595707003313,8.53170578582399,0,-1
2023-06-21 09:29:00,2023-06-21 09:29:59,0.01843,0.01843,0.01842,0.01845,0.01841294732545272,0.018432499999999997,0.01842,0.01845,True,4.297235266942545e-05,-2.4462616186111318e-05,0,0.018416539323825185,0.018419001452065365,-14.404100054814641,-14.404100054814641,0.01823326203275694,0.018233626515560913,16.08773088276355,12.149527436014631,0,-1
2023-06-21 09:30:00,2023-06-21 09:30:59,0.01844,0.01841,0.01841,0.01846,0.01842272366272636,0.018430000000000002,0.01841,0.01846,True,4.3474327478752304e-05,-2.2553490182216688e-05,0,0.018417770387945277,0.018419826731701,-13.837283422357238,-13.837283422357238,0.018235219624470802,0.01823538147560508,21.72468408510615,16.542790679300936,0,-2
2023-06-21 09:31:00,2023-06-21 09:31:59,0.01841,0.0184,0.01839,0.01841,0.018426361831363182,0.0184025,0.01839,0.018426361831363182,True,4.179758980169851e-05,-2.1111650138692246e-05,0,0.01841879855982314,0.01842035760035615,-14.401721448956877,-14.401721448956877,0.01823688410581935,0.01823701947087269,23.622551169535473,20.47832204580172,0,-2
2023-06-21 09:32:00,2023-06-21 09:32:59,0.01839,0.01837,0.01836,0.01839,0.01841443091568159,0.0183775,0.01836,0.01841443091568159,True,4.16691905301485e-05,-2.1373621019850636e-05,0,0.018419578080089646,0.018420481508265734,-17.241117454691263,-17.241117454691263,0.018238283268945527,0.018238342660217243,19.061149190939158,21.469461481860254,0,-2
2023-06-21 09:33:00,2023-06-21 09:33:59,0.01837,0.01834,0.01833,0.01838,0.018395965457840793,0.018355,0.01833,0.018395965457840793,True,4.2264248349423716e-05,-2.269050015557184e-05,0,0.01842002979417769,0.01842012978905036,-20.98101668145774,-20.98101668145774,0.01823944462945353,0.018239354176035977,10.113567565540942,17.599089308671854,0,-2
2023-06-21 09:34:00,2023-06-21 09:34:59,0.01835,0.01837,0.01833,0.01837,0.018375482728920395,0.018355,0.01833,0.018375482728920395,True,4.210251632446501e-05,-2.0478953156469042e-05,0,0.018420079791614027,0.018419406018422475,-18.318580740928564,-18.318580740928564,0.018240594434135587,0.01824065413448338,3.24047899580829,10.805065250762793,0,-1
2023-06-21 09:35:00,2023-06-21 09:35:59,0.01838,0.01836,0.01835,0.01838,0.018365241364460196,0.018367500000000002,0.01835,0.01838,True,4.123805087271742e-05,-1.879488671235151e-05,0,0.01841974290501825,0.018418480058230553,-17.445212069753566,-17.445212069753566,0.018241857176084487,0.0182418416555333,10.062014727222532,7.8053537628572505,0,-1
2023-06-21 09:36:00,2023-06-21 09:36:59,0.01836,0.01836,0.01835,0.01837,0.0183663706822301,0.01836,0.01835,0.01837,True,3.972104723895183e-05,-1.6811063925825336e-05,0,0.018419111481624402,0.01841734980786861,-16.862966288970235,-16.862966288970235,0.01824303272657121,0.018243017360453365,16.87483671490938,10.059110145980064,0,-1
2023-06-21 09:37:00,2023-06-21 09:37:59,0.01835,0.01835,0.01834,0.01835,0.01836318534111505,0.018347500000000003,0.01834,0.01836318534111505,True,3.831240100759832e-05,-1.5380776732948656e-05,0,0.018418230644746507,0.018415980709845268,-17.563604122645508,-17.563604122645508,0.01824407220192871,0.01824408186432945,18.35800310828397,15.098284850138626,0,-1
2023-06-21 09:38:00,2023-06-21 09:38:59,0.01835,0.01831,0.01827,0.01836,0.018355342670557526,0.0183225,0.01827,0.01836,True,4.200437236419843e-05,-1.640461560726638e-05,0,0.01841710567729589,0.0184142614322602,-21.275921366106918,-21.275921366106918,0.018244852578028922,0.018244737766176918,8.295988381061504,14.509609401418283,0,-2
2023-06-21 09:39:00,2023-06-21 09:39:59,0.01831,0.0183,0.01829,0.01833,0.018338921335278764,0.0183075,0.01829,0.018338921335278764,True,4.186120290961271e-05,-1.6885227931308727e-05,0,0.018415683554778045,0.01841217533596417,-24.361488565051893,-24.361488565051893,0.01824547593546147,0.01824528763915028,1.483166393374655,9.379052627573374,0,-2
2023-06-21 09:40:00,2023-06-21 09:40:59,0.0183,0.0183,0.0183,0.01833,0.01832321066763938,0.0183075,0.0183,0.01833,True,4.101397413035457e-05,-1.6279767143921607e-05,0,0.018413929445371107,0.01840981475355639,-26.41853336434854,-26.41853336434854,0.0182460930903325,0.018245832040750774,7.435491556275784e-14,3.25971825814541,0,-2
2023-06-21 09:41:00,2023-06-21 09:41:59,0.0183,0.01832,0.01829,0.01832,0.018315355333819693,0.0183075,0.01829,0.01832,True,4.022726169247201e-05,-1.3601303013487952e-05,0,0.01841187209946375,0.018407254262408197,-22.460253176102842,-22.460253176102842,0.01824670410435904,0.018246570030395044,8.150433070153954e-14,0.49438879779160233,0,-1
2023-06-21 09:42:00,2023-06-21 09:42:59,0.01832,0.01831,0.0183,0.01832,0.018311427666909845,0.0183125,0.0183,0.01832,True,3.878245728586681e-05,-1.1737772983833171e-05,0,0.018409563180935975,0.018404588254712393,-21.079435220471563,-21.079435220471563,0.018247358789887806,0.018247201174371213,3.835410378898335,1.2784701262994955,0,-1
2023-06-21 09:43:00,2023-06-21 09:43:59,0.01832,0.01832,0.01831,0.01832,0.018311963833454924,0.0183175,0.01831,0.01832,True,3.672656747973344e-05,-9.094199210079129e-06,0,0.018407075717824184,0.018401891770061924,-17.57955130817856,-17.57955130817856,0.018248056712376486,0.01824792554079538,11.79954019681792,5.211650191905444,0,-1
2023-06-21 09:44:00,2023-06-21 09:44:59,0.01831,0.01829,0.01828,0.01832,0.018314731916727462,0.0183,0.01828,0.01832,True,3.6960384088323794e-05,-8.79300381494615e-06,0,0.018404483743943056,0.0183990697228324,-19.052299206504625,-19.052299206504625,0.018248573561009555,0.01824834419213075,14.63996645356243,10.091639009759561,0,-1
2023-06-21 09:45:00,2023-06-21 09:45:59,0.0183,0.01832,0.0183,0.01832,0.01830736595836373,0.01831,0.0183,0.01832,True,3.6463213796300575e-05,-5.891109166726211e-06,0,0.018401776733387727,0.018396236792181143,-13.84404583880307,-13.84404583880307,0.018249184769357718,0.018249057185243875,30.39026595546743,18.943257535282594,0,-1
2023-06-21 09:46:00,2023-06-21 09:46:59,0.01831,0.01833,0.01831,0.01833,0.018308682979181867,0.01832,0.01831,0.01833,True,3.528726995370762e-05,-2.799882419630399e-06,0,0.018399006762784435,0.01839348334048706,-8.706319292050502,-8.706319292050502,0.018249889398518338,0.018249862586385727,55.759469470881164,33.59656729330367,0,-1
2023-06-21 09:47:00,2023-06-21 09:47:59,0.01832,0.01834,0.01832,0.01834,0.018314341489590935,0.01833,0.01832,0.01834,True,3.4195322099871305e-05,2.7953478955557095e-07,0,0.01839624505163575,0.01839087996537637,-3.652230166252906,-0.0,0.01825068651893109,0.018250759476073432,86.25237654746998,57.46737065793953,0,-1
2023-06-21 09:48:00,2023-06-21 09:48:59,0.01834,0.01831,0.01831,0.01834,0.018322170744795467,0.018325,0.01831,0.01834,True,3.3895656235594694e-05,4.6974369661304606e-07,0,0.018393562508506062,0.01838837830321975,-5.297236736995195,-0.0,0.018251425956553668,0.01825134893402295,96.87143195847223,79.62775932560778,0,-1
2023-06-21 09:49:00,2023-06-21 09:49:59,0.01831,0.01832,0.01831,0.01832,0.018323585372397734,0.018314999999999998,0.01831,0.018323585372397734,True,3.21888236473379e-05,1.5255412138195183e-06,0,0.018390970405862905,0.01838590527381534,-4.51291089086552,-0.0,0.018252058534100397,0.0182520320292068,87.59150921732521,90.23843924108913,0,-1
2023-06-21 09:50:00,2023-06-21 09:50:59,0.01831,0.01834,0.0183,0.01834,0.018319292686198866,0.0183225,0.0183,0.01834,True,3.274676481538508e-05,3.7767887174443006e-06,0,0.018388437839839122,0.018383523212765797,-0.6764299828815368,-0.0,0.01825275944420885,0.018252907332398774,86.30238531641602,90.25510883073781,0,-1
2023-06-21 09:51:00,2023-06-21 09:51:59,0.01835,0.01834,0.01834,0.01835,0.018320896343099434,0.018345,0.01834,0.01835,True,3.1121995900000646e-05,5.3222600570765685e-06,0,0.01838598052630246,0.018381383489141777,1.881223955774452,0.0,0.018253677260684383,0.018253773926106248,89.43095335794385,87.77494929722836,0,-1
2023-06-21 09:52:00,2023-06-21 09:52:59,0.01835,0.01834,0.01834,0.01835,0.018332948171549717,0.018345,0.01834,0.01835,True,2.9613281907143675e-05,6.333347587995667e-06,0,0.018383682007722116,0.018379449240256713,3.5863265815451157,0.0,0.018254585944657672,0.018254631896990763,98.71087609909087,91.48140492448357,0,-1
2023-06-21 09:53:00,2023-06-21 09:53:59,0.01835,0.01834,0.01834,0.01836,0.01833897408577486,0.0183475,0.01834,0.01836,True,2.8926618913776458e-05,6.943203701871646e-06,0,0.018381565623989415,0.018377707186741667,4.723061665392223,0.0,0.018255510462621277,0.01825548133085155,100.00000000000006,96.04727648567825,0,-1
2023-06-21 09:54:00,2023-06-21 09:54:59,0.01835,0.01834,0.01834,0.01836,0.018343237042887428,0.0183475,0.01834,0.01836,True,2.8289003277078326e-05,7.2549342843437125e-06,0,0.01837963640536554,0.018376128402332794,5.480885054623627,0.0,0.018256425781401166,0.018256322312634122,100.00000000000006,99.57029203303033,0,-1
2023-06-21 09:55:00,2023-06-21 09:55:59,0.01835,0.01837,0.01835,0.01838,0.018345368521443715,0.018362500000000004,0.01835,0.01838,True,2.9125503043001433e-05,9.40521958398093e-06,0,0.018377882403849168,0.018374791908931418,11.892547309279784,11.892547309279784,0.018257481246262846,0.018257453433901442,100.00000000000006,100.00000000000006,0,-1
2023-06-21 09:56:00,2023-06-21 09:56:59,0.01838,0.01838,0.01837,0.0184,0.01835393426072186,0.0183825,0.01837,0.0184,True,2.9187967111358384e-05,1.1260859336962497e-05,0,0.018376337156390293,0.018373792563979516,17.359528356964475,17.359528356964475,0.018258725213961723,0.018258672802718343,100.00000000000006,100.00000000000006,0,-1
2023-06-21 09:57:00,2023-06-21 09:57:59,0.01839,0.01839,0.01838,0.0184,0.01836821713036093,0.01839,0.01838,0.0184,True,2.8531683746261295e-05,1.2824302209913417e-05,0,0.018375064860184906,0.01837311697291804,22.054416052759436,22.054416052759436,0.018260031430738222,0.018259979540999755,100.00000000000006,100.00000000000006,0,-1
2023-06-21 09:58:00,2023-06-21 09:58:59,0.01839,0.0184,0.01839,0.01841,0.018379108565180463,0.0183975,0.01839,0.01841,True,2.792227776438543e-05,1.4107697824562927e-05,0,0.018374090916551473,0.01837275236882046,26.101875610852773,26.101875610852773,0.01826139927719854,0.018261372779397766,100.00000000000006,100.00000000000006,1,2
2023-06-21 09:59:00,2023-06-21 09:59:59,0.01841,0.01841,0.0184,0.01842,0.01838830428259023,0.01841,0.0184,0.01842,True,2.7356400781214985e-05,1.5129379493881873e-05,0,0.018373421642685964,0.01837272087181176,29.59619440889358,29.59619440889358,0.018262877891355767,0.018262851657214703,100.00000000000006,100.00000000000006,0,2
2023-06-21 10:00:00,2023-06-21 10:00:59,0.0184,0.0184,0.0184,0.01844,0.018399152141295116,0.01841,0.0184,0.01844,True,2.825951501112833e-05,1.4539854064833842e-05,0,0.018373071257248862,0.018372951848459718,27.495519741979706,27.495519741979706,0.018264341792934315,0.01826421631734192,100.00000000000006,100.00000000000006,0,2
2023-06-21 10:01:00,2023-06-21 10:01:59,0.0184,0.01838,0.01837,0.0184,0.018404576070647556,0.0183875,0.01837,0.018404576070647556,True,2.8383835367476218e-05,1.2225649589711766e-05,0,0.01837301155285429,0.018373233513790034,19.517702504784367,19.517702504784367,0.01826556724773099,0.01826536839378628,89.26068461832028,96.4202282061068,0,1
2023-06-21 10:02:00,2023-06-21 10:02:59,0.01838,0.01839,0.01838,0.0184,0.01839603803532378,0.0183875,0.01838,0.0184,True,2.7784989984085005e-05,1.0937472985985248e-05,0,0.018373122533322163,0.018373553154152737,16.35182087724627,16.35182087724627,0.018266780508947596,0.018266608509270994,78.52136923664051,89.26068461832028,0,2
2023-06-21 10:03:00,2023-06-21 10:03:59,0.01839,0.01838,0.01838,0.0184,0.018391769017661888,0.0183875,0.01838,0.0184,True,2.722891927093602e-05,8.981205640531158e-06,0,0.018373337843737448,0.018373900499452683,11.379991930952343,11.379991930952343,0.018267981697913292,0.018267736782810587,66.6205669563766,78.13420693711247,0,1
2023-06-21 10:04:00,2023-06-21 10:04:59,0.01838,0.0184,0.01838,0.01841,0.018389634508830945,0.0183925,0.01838,0.01841,True,2.742685360872622e-05,8.723309254477427e-06,0,0.018373619171595065,0.018374301579203736,12.201901161885566,12.201901161885566,0.018269220685993758,0.01826905283472292,63.554631829560144,69.56552267419242,0,2
2023-06-21 10:05:00,2023-06-21 10:05:59,0.0184,0.01838,0.01838,0.01841,0.018391067254415472,0.0183925,0.01838,0.01841,True,2.7610649779531405e-05,6.817941425626241e-06,0,0.0183739603753994,0.018374742212632415,7.7555168387630005,7.7555168387630005,0.018270447345834617,0.018270156786616223,60.488696702743674,63.554631829560144,0,1
2023-06-21 10:06:00,2023-06-21 10:06:59,0.01839,0.01841,0.01839,0.01842,0.018391783627207735,0.018402500000000002,0.01839,0.01842,True,2.8495603366707614e-05,7.350420098846647e-06,0,0.018374351294015906,0.01837527957437038,9.853336761745147,9.853336761745147,0.01827176130259248,0.01827154826137626,64.27397107710021,62.772433203134675,0,2
2023-06-21 10:07:00,2023-06-21 10:07:59,0.01842,0.0184,0.0184,0.01843,0.01839714181360387,0.0184125,0.0184,0.01843,True,2.8603060269085553e-05,6.680276129141436e-06,0,0.018374815434193142,0.018375958014748155,8.985070459368316,8.985070459368316,0.01827316168764131,0.018272826388128733,75.70776225754106,66.8234766791283,0,2
2023-06-21 10:08:00,2023-06-21 10:08:59,0.0184,0.01839,0.01838,0.0184,0.018404820906801934,0.0183925,0.01838,0.018404820906801934,True,2.7988555964150812e-05,5.251781329134556e-06,0,0.01837538672447065,0.01837660565123942,6.249639334404435,6.249639334404435,0.018274349133535428,0.018273992294714516,61.3056319981319,67.0957884442577,0,1
2023-06-21 10:09:00,2023-06-21 10:09:59,0.01839,0.01841,0.01839,0.01843,0.018398660453400967,0.018405,0.01839,0.01843,True,2.884651625242564e-05,5.445694524017191e-06,0,0.018375996187855036,0.018377310355432445,7.9266198365331775,7.9266198365331775,0.018275649142156965,0.01827534560521487,48.60935920953592,61.87425115506961,0,2
2023-06-21 10:10:00,2023-06-21 10:10:59,0.01841,0.01842,0.01841,0.01843,0.018401830226700486,0.0184175,0.01841,0.01843,True,2.8214622234395178e-05,5.9852326308889915e-06,0,0.018376653271643742,0.018378140917701517,10.50932895396862,10.50932895396862,0.018277060593478785,0.018276784952426663,41.305085144268595,50.406692117312126,0,2
2023-06-21 10:11:00,2023-06-21 10:11:59,0.01841,0.01843,0.01841,0.01843,0.018409665113350245,0.01842,0.01841,0.01843,True,2.7627863503366892e-05,6.714231855441491e-06,1,0.01837739709467263,0.018379082023037188,13.60256106414949,13.60256106414949,0.018278482876130736,0.018278309480263214,61.97702272800576,50.63048902727007,0,2
2023-06-21 10:12:00,2023-06-21 10:12:59,0.01843,0.01841,0.01841,0.01843,0.01841483255667512,0.01842,0.01841,0.01843,True,2.7083016110269197e-05,5.4648880466376574e-06,0,0.01837823955885491,0.018380103702723166,10.467709927604929,10.467709927604929,0.0182798910067165,0.01827961983369343,75.25338023834081,59.51182937020504,0,1
2023-06-21 10:13:00,2023-06-21 10:13:59,0.01842,0.01842,0.01842,0.01843,0.01841741627833756,0.018422499999999998,0.01842,0.01843,True,2.6577086388107052e-05,5.040798483528133e-06,0,0.01837917163078904,0.01838119896201128,10.182375418009471,10.182375418009471,0.018281310001674544,0.01828101665126862,79.77582384362525,72.33540893665726,0,2
2023-06-21 10:14:00,2023-06-21 10:14:59,0.01842,0.01842,0.01842,0.01843,0.01841995813916878,0.018422499999999998,0.01842,0.01843,True,2.5393008788956517e-05,4.47535764824617e-06,0,0.01838018529640016,0.018382344636394127,9.992152411612501,9.992152411612501,0.01828271487727977,0.018282399570161468,85.94757548760879,80.32559318985828,0,1
2023-06-21 10:15:00,2023-06-21 10:15:59,0.01843,0.01843,0.01843,0.01844,0.01842122906958439,0.018432499999999997,0.01843,0.01844,True,2.5007793875459812e-05,4.5223236073239466e-06,0,0.018381264966397148,0.018383590753025602,11.823480609854734,11.823480609854734,0.01828420527651082,0.018283868231154885,93.48301867177707,86.40213933433704,0,2
2023-06-21 10:16:00,2023-06-21 10:16:59,0.01843,0.01841,0.01841,0.01843,0.018426864534792194,0.01842,0.01841,0.01843,True,2.465009431292691e-05,2.8985943877617085e-06,0,0.01838242785971138,0.018384821635567188,7.396130238079586,7.396130238079586,0.01828555646778932,0.018285123273630955,79.11894510407252,86.18317975448612,0,1
2023-06-21 10:17:00,2023-06-21 10:17:59,0.0184,0.01839,0.01839,0.01841,0.018423432267396095,0.0183975,0.01839,0.018423432267396095,True,2.4317944719146358e-05,2.628793206998991e-07,0,0.018383624747639285,0.018385877705111478,0.6108538114307009,0.0,0.018286670333781466,0.018286166823147064,47.14930331092392,73.25042236225784,0,1
2023-06-21 10:18:00,2023-06-21 10:18:59,0.01838,0.01839,0.01837,0.01839,0.018410466133698046,0.0183825,0.01837,0.018410466133698046,True,2.400952009635013e-05,-1.5377779677227022e-06,0,0.01838475122637538,0.018386685981441466,-3.9126638063352246,-0.0,0.018287623862798565,0.0182871999890859,13.815969977590584,46.69473946419567,0,1
2023-06-21 10:19:00,2023-06-21 10:19:59,0.01838,0.01838,0.01838,0.01838,0.018396483066849025,0.01838,0.01838,0.018396483066849025,True,2.300884008946795e-05,-3.4009026296314673e-06,0,0.018385718603908422,0.018387276470137347,-8.727659867240178,-8.727659867240178,0.018288543028342857,0.018288123372279076,6.631732200427602e-14,20.321757762838185,0,-2
2023-06-21 10:20:00,2023-06-21 10:20:59,0.01839,0.0184,0.01839,0.0184,0.018388241533424513,0.018395,0.01839,0.0184,True,2.279392294022018e-05,-3.158068514508348e-06,0,0.018386497537022883,0.018387794357668838,-6.033250398125432,-6.033250398125432,0.01828960230169268,0.018289236572554907,8.76783570877897,7.527935228789869,0,-2
2023-06-21 10:21:00,2023-06-21 10:21:59,0.0184,0.01841,0.0184,0.01842,0.018391620766712257,0.0184075,0.0184,0.01842,True,2.2594357015918684e-05,-2.2451285935854393e-06,0,0.01838714594734586,0.01838833729582712,-1.9654844851665558,-0.0,0.018290775413118625,0.01829043819869864,23.877289614083015,10.881708440954014,0,-1
2023-06-21 10:22:00,2023-06-21 10:22:59,0.01841,0.01843,0.01841,0.01843,0.018399560383356127,0.01842,0.01841,0.01843,True,2.2409045800495864e-05,-2.5055409329259483e-07,0,0.01838774162158649,0.018388981994680198,4.312710933200258,0.0,0.018292061229903515,0.018291826873338454,44.631405704902654,25.758843675921543,0,2
2023-06-21 10:23:00,2023-06-21 10:23:59,0.01842,0.01841,0.0184,0.01842,0.018409780191678063,0.0184125,0.0184,0.01842,True,2.2951256814746072e-05,-3.8867012562303607e-07,0,0.018388361808133344,0.018389650929148193,3.448228666623457,0.0,0.018293259625625866,0.018293002725345037,52.22366019961611,40.244118506200586,0,1
2023-06-21 10:24:00,2023-06-21 10:24:59,0.01842,0.01842,0.01841,0.01842,0.01841114009583903,0.018417499999999996,0.01841,0.01842,True,2.2026167042264182e-05,1.5834267485453706e-07,0,0.018389006368640767,0.018390368660201738,4.797802092159813,0.0,0.018294495848256456,0.018294266379819214,55.80769973908722,50.88758854786866,0,2
2023-06-21 10:25:00,2023-06-21 10:25:59,0.01842,0.01843,0.01842,0.01843,0.018414320047919513,0.018424999999999997,0.01842,0.01843,True,2.1167155110673857e-05,1.123493962030241e-06,0,0.01838968751442125,0.01839117134272793,7.476555061066634,7.476555061066634,0.018295794397030024,0.018295616963104597,57.16398759641431,55.06511584503921,0,2
2023-06-21 10:26:00,2023-06-21 10:26:59,0.01842,0.01844,0.01842,0.01844,0.018419660023959755,0.018430000000000002,0.01842,0.01844,True,2.1083786888483058e-05,2.3138169820639905e-06,0,0.01839042942857459,0.018392069706207537,10.8847054315831,10.8847054315831,0.018297129776164055,0.018297053610237885,65.13377499079876,59.36848744210008,0,2
2023-06-21 10:27:00,2023-06-21 10:27:59,0.01844,0.01843,0.01842,0.01846,0.01842483001197988,0.0184375,0.01842,0.01846,True,2.2434944967877255e-05,2.2210711142209924e-06,0,0.018391249567391063,0.01839308869422179,10.092163609815167,10.092163609815167,0.01829852649480919,0.01829837645988726,74.00471484173863,65.43415914298389,0,2
2023-06-21 10:28:00,2023-06-21 10:28:59,0.01843,0.01842,0.01842,0.01843,0.018431165005989937,0.018424999999999997,0.01842,0.018431165005989937,True,2.154673461302885e-05,1.2993197943861835e-06,0,0.018392169130806425,0.018394109896145726,6.830997228638964,0.0,0.018299784937646908,0.01829958664436599,70.96579468408588,70.03476150554108,0,1
2023-06-21 10:29:00,2023-06-21 10:29:59,0.01843,0.01843,0.01842,0.01843,0.018428082502994967,0.0184275,0.01842,0.01843,True,2.0721967854955333e-05,1.2522830582431374e-06,0,0.018393139513476073,0.018395142987223778,7.041196212378161,0.0,0.018301055734287235,0.018300884289695684,71.16610525275786,72.04553825952745,0,2
2023-06-21 10:30:00,2023-06-21 10:30:59,0.01843,0.01842,0.01842,0.01843,0.01842779125149748,0.018424999999999997,0.01842,0.01843,True,1.9956113008172783e-05,3.994148156961518e-07,0,0.018394141250349924,0.018396161197954362,4.360086181144489,0.0,0.018302289010562984,0.018302069520643987,66.04091119364826,69.39093704349732,0,1
2023-06-21 10:31:00,2023-06-21 10:31:59,0.01842,0.01843,0.01842,0.01843,0.01842639562574874,0.018424999999999997,0.01842,0.01843,True,1.9244962079017554e-05,4.346203450985248e-07,0,0.018395151224152143,0.018397160707274294,5.1262466417027355,0.0,0.018303510015433004,0.01830334246073708,69.40866663975972,68.87189436205524,0,2
2023-06-21 10:32:00,2023-06-21 10:32:59,0.01843,0.01843,0.01842,0.01843,0.01842569781287437,0.0184275,0.01842,0.01843,True,1.858460764480199e-05,3.5598822762365705e-07,0,0.01839615596571322,0.018398155787803884,5.6370202820749,0.0,0.018304743746622724,0.018304602734759597,69.081707738471,68.17709519062629,0,1
2023-06-21 10:33:00,2023-06-21 10:33:59,0.01843,0.01841,0.01841,0.01843,0.018426598906437185,0.01842,0.01841,0.01843,True,1.8685707098744647e-05,-1.1647227684803749e-06,0,0.018397155876758553,0.018399089096229043,0.2746296214586792,0.0,0.018305890575014538,0.018305651463766965,56.2405866922445,64.91032035682504,0,1
2023-06-21 10:34:00,2023-06-21 10:34:59,0.01841,0.01842,0.01841,0.01842,0.018423299453218592,0.018415,0.01841,0.018423299453218592,True,1.8065299448834287e-05,-1.4904606393183518e-06,0,0.018398122486493796,0.0183999330622363,-0.20954445484019857,-0.0,0.018306976240934792,0.018306789260147394,33.80134745563907,53.04121396211816,0,1
2023-06-21 10:35:00,2023-06-21 10:35:59,0.01841,0.01845,0.01841,0.01845,0.018419149726609296,0.018430000000000002,0.01841,0.01845,True,1.9632063773917683e-05,3.448751383165761e-07,0,0.018399027774365046,0.01840080381377727,5.53651957058576,0.0,0.018308200357940417,0.01830821424263349,27.955964715960473,39.33263295461465,0,2
2023-06-21 10:36:00,2023-06-21 10:36:59,0.01845,0.01845,0.01844,0.01845,0.01842457486330465,0.0184475,0.01844,0.01845,True,1.894405921863782e-05,1.4373024355844869e-06,0,0.01839991579407116,0.018401809748086355,9.367228920869728,0.0,0.018309586424030563,0.018309625046189375,51.69117985891487,37.81616401017144,0,2
2023-06-21 10:37:00,2023-06-21 10:37:59,0.01846,0.01847,0.01846,0.01848,0.018436037431652324,0.0184675,0.01846,0.01848,True,1.9733769274449316e-05,3.3694508571971092e-06,0,0.018400862771078757,0.018403052432229623,14.718950588363285,14.718950588363285,0.018311157703393442,0.018311220816874058,85.02451319224821,54.89055258904116,0,2
2023-06-21 10:38:00,2023-06-21 10:38:59,0.01848,0.0185,0.01847,0.01851,0.018451768715826163,0.01849,0.01847,0.01851,True,2.1181357183417103e-05,6.437968311941517e-06,0,0.01840195760165419,0.01840462735897549,20.861196556647258,20.861196556647258,0.018312937228732812,0.018313099216706156,100.00000000000007,78.90523101705435,0,2
2023-06-21 10:39:00,2023-06-21 10:39:59,0.0185,0.01851,0.0185,0.01853,0.01847088435791308,0.018510000000000002,0.0185,0.01853,True,2.1811260241744612e-05,8.721473421867975e-06,0,0.018403292480314838,0.018406590278255853,25.583350586526038,25.583350586526038,0.01831489805232751,0.018315058428480226,100.00000000000007,95.00817106408276,0,2
2023-06-21 10:40:00,2023-06-21 10:40:59,0.01851,0.01852,0.01851,0.01852,0.01849044217895654,0.018514999999999997,0.01851,0.01852,True,2.096759879590568e-05,1.0380680160379972e-05,0,0.018404941379285344,0.018408879504390782,29.321166613213222,29.321166613213222,0.018316889116483454,0.018317097648097337,100.00000000000007,100.00000000000004,0,2
2023-06-21 10:41:00,2023-06-21 10:41:59,0.01852,0.01851,0.01851,0.01852,0.01850272108947827,0.018514999999999997,0.01851,0.01852,True,2.018419888191239e-05,1.0173387273504172e-05,0,0.01840691044183806,0.018411409927681293,28.220112435360633,28.220112435360633,0.018318860369055757,0.01831901707448443,100.00000000000007,100.00000000000004,0,2
2023-06-21 10:42:00,2023-06-21 10:42:59,0.01851,0.0185,0.01849,0.01851,0.01850886054473913,0.018502499999999998,0.01849,0.01851,True,2.0171041818918588e-05,8.752042656770945e-06,0,0.018409160184759677,0.018414027122500537,24.199717782400654,24.199717782400654,0.018320687629065153,0.01832081789961394,91.46674944272839,97.15558314757614,0,1
2023-06-21 10:43:00,2023-06-21 10:43:59,0.01849,0.0185,0.01845,0.01851,0.018505680272369564,0.018487499999999997,0.01845,0.01851,True,2.3015967403281372e-05,7.2810171409030025e-06,0,0.01841159365363011,0.018416591760462855,21.519454680427344,21.519454680427344,0.01832234745365157,0.018322600806085443,73.94826059107281,88.47167001126707,0,1
2023-06-21 10:44:00,2023-06-21 10:44:59,0.0185,0.01848,0.01847,0.0185,0.01849659013618478,0.0184875,0.01847,0.0185,True,2.351482687447547e-05,4.460601500118436e-06,0,0.018414092707046484,0.01841909742389828,13.73546293548177,0.0,0.01832399076257046,0.018324166967218922,56.429771739418335,73.94826059107315,0,1
2023-06-21 10:45:00,2023-06-21 10:45:59,0.01849,0.01848,0.01848,0.01849,0.01849204506809239,0.018485,0.01848,0.01849204506809239,True,2.254948209772719e-05,2.258540698768593e-06,0,0.018416595065472382,0.018421522312099425,8.546135105518054,0.0,0.018325592844534933,0.01832571754465953,45.919851108838664,58.76596114644324,0,1
2023-06-21 10:46:00,2023-06-21 10:46:59,0.01849,0.01847,0.01847,0.01849,0.018488522534046196,0.01848,0.01847,0.01849,True,2.2367376233603762e-05,-1.3426843277758173e-07,0,0.018419058688785905,0.018423832662761392,2.45761882213111,0.0,0.01832712923414155,0.018327153190981327,41.307752681704805,47.88579184332057,0,1
2023-06-21 10:47:00,2023-06-21 10:47:59,0.01848,0.01846,0.01846,0.01848,0.0184842612670231,0.01847,0.01846,0.0184842612670231,True,2.2198277931203436e-05,-2.542750738539999e-06,0,0.01842144567577365,0.018425968375116106,-3.806347978153269,-3.806347978153269,0.018328550833801836,0.018328475049777533,30.833585600274436,39.35372979693927,0,1
2023-06-21 10:48:00,2023-06-21 10:48:59,0.01846,0.01846,0.01844,0.01847,0.01847713063351155,0.0184575,0.01844,0.01847713063351155,True,2.2755543793260243e-05,-4.16336457547247e-06,0,0.01842370702544488,0.018427866176952037,-7.98232584500952,-7.98232584500952,0.018329833910082416,0.018329783755749895,16.54342345479247,29.561587245590545,0,1
2023-06-21 10:49:00,2023-06-21 10:49:59,0.01847,0.01846,0.01845,0.01847,0.018467315316755776,0.0184625,0.01845,0.01847,True,2.255871923659874e-05,-5.1950377450653065e-06,0,0.018425786601198462,0.018429597954541892,-10.766311089580356,-10.766311089580356,0.01833115397067861,0.018331079439772285,7.706182620030041,18.361063891698958,0,1
2023-06-21 10:50:00,2023-06-21 10:50:59,0.01846,0.01848,0.01846,0.01848,0.01846490765837789,0.01847,0.01846,0.01848,True,2.237595357684163e-05,-4.419712458859954e-06,0,0.01842769227787018,0.018431238596215264,-4.616656628443501,-4.616656628443501,0.01833253552320917,0.018332561236391466,8.171532913544022,10.807046329455487,0,2
2023-06-21 10:51:00,2023-06-21 10:51:59,0.01847,0.01847,0.01846,0.01848,0.018467453829188945,0.01847,0.01846,0.01848,True,2.220624260706717e-05,-4.560844877822855e-06,0,0.018429465437042724,0.018432796229394022,-3.948356481056834,-3.948356481056834,0.018333903328948385,0.01833392878627812,13.977560607306506,9.95175871362683,0,-2
2023-06-21 10:52:00,2023-06-21 10:52:59,0.01847,0.01847,0.01846,0.01847,0.018468726914594474,0.0184675,0.01846,0.01847,True,2.1334368135133772e-05,-4.5949981373513395e-06,0,0.018431130833218377,0.018434260669722452,-3.502823049465725,-3.502823049465725,0.018335232649058352,0.01833528272870321,15.936252647984306,12.695115389611585,0,-2
2023-06-21 10:53:00,2023-06-21 10:53:59,0.01847,0.01846,0.01846,0.01849,0.018468113457297236,0.01847,0.01846,0.01849,True,2.1953341839766988e-05,-5.2366649317214545e-06,0,0.018432695751470416,0.018435658843705058,-6.435303856295391,-6.435303856295391,0.01833657361772444,0.01833652369657681,15.771550409351525,15.228454554880754,0,-2
2023-06-21 10:54:00,2023-06-21 10:54:59,0.01847,0.01849,0.01846,0.01849,0.018469056728648618,0.0184775,0.01846,0.01849,True,2.25281031369264e-05,-3.4908914942886982e-06,0,0.01843417729758774,0.01843704671074313,0.4141763603293569,0.0,0.018337975870284396,0.018338050823974057,19.454829589813716,17.054210882383156,0,-1
2023-06-21 10:55:00,2023-06-21 10:55:59,0.01849,0.01848,0.01847,0.01849,0.01847327836432431,0.0184825,0.01847,0.01849,True,2.23475243414316e-05,-3.0171042548006256e-06,0,0.018435612004165436,0.018438451246124782,1.8817403298622537,0.0,0.018339413921326344,0.018339463253586256,30.965881246294387,22.06408708181985,0,-1
2023-06-21 10:56:00,2023-06-21 10:56:59,0.01847,0.01849,0.01847,0.0185,0.018477889182162154,0.0184825,0.01847,0.0185,True,2.289412974561497e-05,-2.0106126548516783e-06,0,0.01843703162514511,0.018439859268004163,5.092304478214636,0.0,0.0183408376634027,0.018340961131660026,49.522186859022916,33.314299231710315,0,-1
2023-06-21 10:57:00,2023-06-21 10:57:59,0.01848,0.0185,0.01848,0.0185,0.01848019459108108,0.01849,0.01848,0.0185,True,2.26874061923567e-05,-7.016181644539398e-07,0,0.018438445446574636,0.018441311832276236,9.169791276545865,0.0,0.018342321865756902,0.018342543607961916,71.74106258821821,50.743043564511815,0,2
2023-06-21 10:58:00,2023-06-21 10:58:59,0.01851,0.01851,0.01849,0.01851,0.01848509729554054,0.018505,0.01849,0.01851,True,2.2495448607188304e-05,7.453280227541961e-07,0,0.018439878639425436,0.01844289241490364,13.558911676822547,13.558911676822547,0.01834394055365982,0.018344209840718512,89.23914700461164,70.16746548395089,0,2
2023-06-21 10:59:00,2023-06-21 10:59:59,0.0185,0.0185,0.01849,0.0185,0.018495048647770268,0.0184975,0.01849,0.0185,True,2.2317202278103366e-05,8.438538406009639e-07,0,0.01844138552716454,0.018444511484828795,12.736417046852829,12.736417046852829,0.018345468508349772,0.018345759991557135,89.4688927461567,83.48303411299548,0,2
2023-06-21 11:00:00,2023-06-21 11:00:59,0.01849,0.01849,0.01848,0.01851,0.018496274323885134,0.0184925,0.01848,0.01851,True,2.2865973543953036e-05,6.478328277571184e-08,0,0.018442948505996665,0.018446115442215295,8.986404001068692,0.0,0.01834693150826669,0.01834719521552174,76.5581144666907,85.08871807248632,0,1
2023-06-21 11:01:00,2023-06-21 11:01:59,0.01848,0.01846,0.01846,0.01849,0.018494387161942565,0.018472500000000003,0.01846,0.018494387161942565,True,2.337554686224202e-05,-2.6182358590648814e-06,0,0.01844453197410598,0.018447559275271114,0.2834318982706634,0.0,0.018348180945995378,0.01834831765118819,43.22478113335736,69.75059611540156,0,-2
2023-06-21 11:02:00,2023-06-21 11:02:59,0.01846,0.01846,0.01846,0.01847,0.018483443580971284,0.0184625,0.01846,0.018483443580971284,True,2.242015065779613e-05,-4.35033643276009e-06,0,0.018446045624688545,0.018448798524450423,-5.518549503594691,-5.518549503594691,0.0183493184490203,0.018349428918340547,18.79740432395408,46.193433308000685,0,-2
2023-06-21 11:03:00,2023-06-21 11:03:59,0.01846,0.01847,0.01846,0.01847,0.01847297179048564,0.018465000000000002,0.01846,0.01847297179048564,True,2.1532997039382093e-05,-4.697054385724256e-06,0,0.018447422074569484,0.01844988535339639,-6.078749031963362,-6.078749031963362,0.018350469509229052,0.018350628630595864,1.791036695475413,21.27107405092892,0,-2
2023-06-21 11:04:00,2023-06-21 11:04:59,0.01847,0.01846,0.01845,0.01847,0.01846898589524282,0.0184625,0.01845,0.01847,True,2.142349725085474e-05,-5.496273047423809e-06,0,0.018448653713982938,0.01845082757135971,-8.601907855137178,-8.601907855137178,0.018351584240480504,0.018351716902928243,1.9711010567929304,7.519847358740779,0,-2
2023-06-21 11:05:00,2023-06-21 11:05:59,0.01845,0.01846,0.01845,0.01848,0.018465742947621412,0.01846,0.01845,0.01848,True,2.2036104590079314e-05,-5.857476189800812e-06,0,0.018449740642671325,0.01845163231880349,-10.284013737253055,-10.284013737253055,0.01835266300425682,0.0183527943466802,1.9711010567929304,1.9110796030203954,0,-2
2023-06-21 11:06:00,2023-06-21 11:06:59,0.01846,0.01848,0.01846,0.01848,0.018462871473810705,0.01847,0.01846,0.01848,True,2.1890668547930736e-05,-4.538279808491372e-06,0,0.01845068648073741,0.01845239192395183,-4.984910782675861,-4.984910782675861,0.018353830536552772,0.01835406007457393,7.67062570862025,3.8709426074020072,0,-1
2023-06-21 11:07:00,2023-06-21 11:07:59,0.01848,0.01846,0.01846,0.01848,0.018466435736905353,0.01847,0.01846,0.01848,True,2.1755620794507055e-05,-4.9273306260371925e-06,0,0.01845153920234462,0.018453110776554368,-6.390724663830397,-6.390724663830397,0.01835498645161195,0.018355114203185134,14.98112269460536,8.207616486672817,0,-2
2023-06-21 11:08:00,2023-06-21 11:08:59,0.01846,0.01845,0.01845,0.01846,0.018468217868452676,0.018455,0.01845,0.018468217868452676,True,2.091593359489938e-05,-5.709589056050871e-06,0,0.018452324989449494,0.018453689696345702,-9.202099559272,-9.202099559272,0.018355981611297402,0.018356058340466875,14.98112269460536,12.544290365943626,-1,-2
2023-06-21 11:09:00,2023-06-21 11:09:59,0.01846,0.01847,0.01846,0.01848,0.01846160893422634,0.0184675,0.01846,0.01848,True,2.1564795480977905e-05,-4.644481802241305e-06,0,0.0184530073428976,0.018454240237338566,-5.705688153339452,-5.705688153339452,0.018357091247005887,0.018357192088322927,15.977091523292096,15.313112304167575,0,-1
2023-06-21 11:10:00,2023-06-21 11:10:59,0.01847,0.01847,0.01846,0.01847,0.01846455446711317,0.0184675,0.01846,0.01847,True,2.0738738660908027e-05,-3.7966629678304095e-06,0,0.018453623790118084,0.018454764658207126,-3.374747216051084,-3.374747216051084,0.018358189841563042,0.018358314555105785,16.973060351978823,15.977091523292062,0,-1
2023-06-21 11:11:00,2023-06-21 11:11:59,0.01847,0.01846,0.01846,0.01847,0.018466027233556587,0.018465000000000002,0.01846,0.01847,True,1.997168589941457e-05,-3.8069087359677656e-06,0,0.018454194224162605,0.018455247763774607,-4.41574581221446,-4.41574581221446,0.01835925262920918,0.018359326350577368,23.815081545930752,18.92174447373386,0,-2
2023-06-21 11:12:00,2023-06-21 11:12:59,0.01847,0.01846,0.01846,0.01847,0.018465513616778294,0.018465000000000002,0.01846,0.01847,True,1.9259422620884926e-05,-3.6795298759418517e-06,0,0.018454720993968606,0.018455695026897034,-5.109744876323376,-5.109744876323376,0.018360304841853865,0.01836032807843232,23.8042743608035,21.530805419570996,0,-2
2023-06-21 11:13:00,2023-06-21 11:13:59,0.01846,0.01847,0.01846,0.01847,0.018465256808389147,0.018465000000000002,0.01846,0.01847,True,1.8598035290821688e-05,-2.777169850235409e-06,0,0.01845520801043282,0.018456111002309736,-2.1943889753549257,-0.0,0.01836134658472099,0.01836141934133349,25.30026219379764,24.306539366843936,0,-1
2023-06-21 11:14:00,2023-06-21 11:14:59,0.01847,0.01847,0.01846,0.01848,0.018465128404194574,0.01847,0.01846,0.01848,True,1.869817562719151e-05,-2.095455031463203e-06,0,0.018455659506371278,0.018456533795972157,-0.25081837470929,-0.0,0.018362427713231228,0.018362499745897334,51.79157433317905,33.63203696259337,0,-1
2023-06-21 11:15:00,2023-06-21 11:15:59,0.01847,0.01847,0.01847,0.01849,0.01846756420209729,0.018475,0.01847,0.01849,True,1.879116308239206e-05,-1.58358054645934e-06,0,0.018456096651171715,0.018456993362193704,1.0448953590544647,0.0,0.018363547835487635,0.018363569400167014,76.64918467565026,51.24700706754229,0,-1
2023-06-21 11:16:00,2023-06-21 11:16:59,0.01847,0.01848,0.01847,0.01848,0.018471282101048644,0.018475,0.01847,0.01848,True,1.816322286222117e-05,-5.161954328217445e-07,0,0.018456545006682708,0.018457478726596647,5.565470285103821,0.0,0.018364656812248952,0.018364727913598188,100.00000000000007,76.14691966960977,1,-1
2023-06-21 11:17:00,2023-06-21 11:17:59,0.01848,0.01847,0.01847,0.01848,0.01847314105052432,0.018475,0.01847,0.01848,True,1.7580135514919627e-05,-5.081649089827753e-07,0,0.018457011866639676,0.01845798107197326,3.816699152376138,0.0,0.01836575475441563,0.01836577539704497,100.00000000000007,92.21639489188345,0,-1
2023-06-21 11:18:00,2023-06-21 11:18:59,0.01847,0.01845,0.01845,0.01847,0.01847407052526216,0.01846,0.01845,0.01847407052526216,True,1.7752982978139595e-05,-1.8702847395252345e-06,0,0.018457496469306466,0.018458390424014377,-3.1647868219338164,-3.1647868219338164,0.018366692518053285,0.018366613452795767,70.61139915041652,90.20379971680553,-1,-2
2023-06-21 11:19:00,2023-06-21 11:19:59,0.01845,0.01845,0.01845,0.01846,0.01846703526263108,0.0184525,0.01845,0.01846703526263108,True,1.7199198479701024e-05,-2.682610219465377e-06,0,0.018457943446660418,0.018458672295182155,-7.819110804807124,-7.819110804807124,0.0183675463238438,0.018367443169683372,37.2780658170832,69.29648832249991,0,-2
2023-06-21 11:20:00,2023-06-21 11:20:59,0.01846,0.01847,0.01845,0.01849,0.01845976763131554,0.0184675,0.01845,0.01849,True,1.8827827159722265e-05,-1.727196721842771e-06,0,0.018458307870921287,0.018458954781777837,-3.4704758068264496,-3.4704758068264496,0.018368540887785653,0.01836846363565667,27.20259802054646,45.03068766268205,0,-1
2023-06-21 11:21:00,2023-06-21 11:21:59,0.01847,0.0185,0.01847,0.0185,0.01846363381565777,0.018485,0.01847,0.0185,True,1.9625839505456304e-05,1.0167522217420641e-06,0,0.01845863132634956,0.018459355883356406,5.021923591716863,0.0,0.018369699684922115,0.018369772455202375,56.59119887013003,40.35728756925322,1,-1
2023-06-21 11:22:00,2023-06-21 11:22:59,0.01849,0.01849,0.01848,0.01849,0.018474316907828886,0.018487499999999997,0.01848,0.01849,True,1.965256525506651e-05,2.049329228073226e-06,0,0.018458993604852984,0.01845986477202045,7.554421573923079,7.554421573923079,0.0183708718273607,0.018370968749180462,89.92453220346336,57.9061096980466,0,-1
2023-06-21 11:23:00,2023-06-21 11:23:59,0.01849,0.01848,0.01848,0.01849,0.01848090845391444,0.018485,0.01848,0.01849,True,1.8963096308276015e-05,1.9257454441069605e-06,0,0.018459429188436717,0.01846043787803883,6.419085703438149,0.0,0.018372007431068555,0.01837205363724832,97.26777227363637,81.26116778240988,0,-1
2023-06-21 11:24:00,2023-06-21 11:24:59,0.01848,0.01847,0.01847,0.01849,0.01848295422695722,0.0184775,0.01847,0.01849,True,1.9037160857684815e-05,1.0570729020314819e-06,0,0.018459933533237775,0.01846100615273914,3.1413801664671013,0.0,0.018373057108371355,0.018373028227922465,86.63678021410617,91.27636156373528,0,-2
2023-06-21 11:25:00,2023-06-21 11:25:59,0.01847,0.01849,0.01847,0.01849,0.01848022711347861,0.01848,0.01847,0.01849,True,1.9105935082135845e-05,1.8010963171730553e-06,0,0.018460469842988457,0.018461583877398633,5.425955614078703,0.0,0.01837412121674577,0.018374192126152093,78.22669701076673,87.37708316616973,0,-1
2023-06-21 11:26:00,2023-06-21 11:26:59,0.01848,0.01849,0.01848,0.01849,0.018480113556739307,0.018485,0.01848,0.01849,True,1.845551114769754e-05,2.1800027671249677e-06,0,0.018461026860193547,0.01846219938358922,6.949005912486442,6.949005912486442,0.01837522448822094,0.018375344443304808,76.93361952482577,80.59903224989954,0,-1
2023-06-21 11:27:00,2023-06-21 11:27:59,0.01849,0.01847,0.01847,0.01849,0.018482556778369654,0.01848,0.01847,0.01849,True,1.85658317800048e-05,9.308500360910631e-07,0,0.018461613121891384,0.018462806107100584,2.65448926437508,0.0,0.0183762670306267,0.018376286289640085,77.93351862958222,77.69794505505821,0,-2
2023-06-21 11:28:00,2023-06-21 11:28:59,0.01848,0.01846,0.01844,0.01848,0.018481278389184827,0.018465,0.01844,0.018481278389184827,True,2.0096843795718625e-05,-6.30613855111646e-07,0,0.018462209614495982,0.018463298837226333,-2.2269778483100993,-0.0,0.018377149945744842,0.01837711926188247,62.33135967328773,72.39949927589855,0,-2
2023-06-21 11:29:00,2023-06-21 11:29:59,0.01845,0.01846,0.01844,0.01846,0.01847313919459241,0.0184525,0.01844,0.01847313919459241,True,2.0089926381738667e-05,-1.6371460704997808e-06,0,0.018462754225861158,0.01846361267561195,-5.481289256766878,-5.481289256766878,0.018377899697528476,0.01837794394584384,33.02333155225909,57.76273661837632,0,-2
2023-06-21 11:30:00,2023-06-21 11:30:59,0.01846,0.01846,0.01846,0.01847,0.018462819597296204,0.0184625,0.01846,0.01847,True,1.936921735447159e-05,-2.237033835904147e-06,0,0.018463183450736553,0.01846385212864205,-7.650830195738067,-7.650830195738067,0.018378741491582917,0.01837876042399465,19.097156849957077,38.15061602516794,-1,-2
2023-06-21 11:31:00,2023-06-21 11:31:59,0.01846,0.01846,0.01846,0.01846,0.018462659798648102,0.01846,0.01846,0.018462659798648102,True,1.798570182915219e-05,-2.5434274795448323e-06,0,0.018463517789689302,0.01846401422199754,-9.097190821718861,-9.097190821718861,0.018379550033955225,0.018379568777984752,17.609215334256376,23.243234578824154,0,-2
2023-06-21 11:32:00,2023-06-21 11:32:59,0.01846,0.01847,0.01845,0.01847,0.01846132989932405,0.0184625,0.01845,0.01847,True,1.8129580269926973e-05,-1.95644491927329e-06,0,0.018463766005843422,0.018464131450063027,-5.479156676194641,-5.479156676194641,0.018380375406751692,0.01838046859113913,27.924494138870376,21.543622107694585,0,-1
2023-06-21 11:33:00,2023-06-21 11:33:59,0.01847,0.01848,0.01846,0.01848,0.018461914949662026,0.0184725,0.01846,0.01848,True,1.8263181679217844e-05,-8.150274181668741e-07,0,0.018463948727953223,0.018464281161695628,0.31277272571715287,0.0,0.01838129206937108,0.018381458953416353,37.8064437784727,27.780051083866457,0,-1
2023-06-21 11:34:00,2023-06-21 11:34:59,0.01847,0.01848,0.01847,0.0185,0.018467207474831014,0.01848,0.01847,0.0185,True,1.910152584498791e-05,-5.0781700392512005e-08,0,0.018464114944824424,0.018464506878664036,4.174058993658349,4.174058993658349,0.018382274237835047,0.01838243946134256,55.88683377655832,40.53925723130044,1,-1
2023-06-21 11:35:00,2023-06-21 11:35:59,0.01848,0.01847,0.01846,0.01849,0.01847360373741551,0.018475,0.01846,0.01849,True,1.987998828463154e-05,-2.503335364771799e-07,0,0.01846431091174423,0.018464756581192066,1.9545766634203616,0.0,0.0183831968822347,0.01838331071048343,66.64720017557242,53.44682591020112,0,-2
2023-06-21 11:36:00,2023-06-21 11:36:59,0.01847,0.01846,0.01846,0.01848,0.018474301868707754,0.0184675,0.01846,0.01848,True,1.988856055001494e-05,-1.0636418171289403e-06,0,0.018464533746468146,0.018464971996518992,-2.978216137485134,-0.0,0.01838403571922739,0.018384073787991055,62.49324977165684,61.67576124126251,-1,-2
2023-06-21 11:37:00,2023-06-21 11:37:59,0.01847,0.01847,0.01846,0.01847,0.018470900934353877,0.0184675,0.01846,0.018470900934353877,True,1.9182234796442418e-05,-8.640814161735696e-07,0,0.01846475287149357,0.018465158939313133,-1.9227345483856908,-0.0,0.018384866209583337,0.018384928775175224,52.762948192729915,60.63446604665304,0,-1
2023-06-21 11:38:00,2023-06-21 11:38:59,0.01846,0.01847,0.01846,0.01847,0.01846920046717694,0.018465000000000002,0.01846,0.01847,True,1.8526360882410786e-05,-7.029338016562352e-07,0,0.01846495590540335,0.018465305030196937,-1.2190801556527262,-0.0,0.01838566356073176,0.018385775255024227,45.181395334448816,53.4791977662785,0,-1
2023-06-21 11:39:00,2023-06-21 11:39:59,0.01847,0.01848,0.01847,0.01848,0.01846710023358847,0.018475,0.01847,0.01848,True,1.79173351050957e-05,1.130055042455075e-07,0,0.018465130467800142,0.018465486566380262,3.0680790506158715,3.0680790506158715,0.018386552480525474,0.01838671281467573,54.515424582007284,50.819922703061984,1,-1
2023-06-21 11:40:00,2023-06-21 11:40:59,0.01847,0.0185,0.01847,0.0185,0.018471050116794237,0.018485,0.01847,0.0185,True,1.8780382597588773e-05,2.0011834605507164e-06,0,0.0184653085170902,0.018465763374000545,10.473086695367876,10.473086695367876,0.018387532057833677,0.018387840050350598,71.66551983818322,57.12077991821309,0,-1
2023-06-21 11:41:00,2023-06-21 11:41:59,0.0185,0.01852,0.0185,0.01852,0.01847802505839712,0.01851,0.0185,0.01852,True,1.8867498126332375e-05,4.494553952855466e-06,0,0.018465535945545373,0.01846628481688512,17.874058007056362,17.874058007056362,0.018388750644322892,0.01838915507472522,91.50476082616954,72.56190174878667,0,2
2023-06-21 11:42:00,2023-06-21 11:42:59,0.01852,0.0185,0.0185,0.01852,0.018494012529198557,0.01851,0.0185,0.01852,True,1.8948391117308576e-05,4.517057509267047e-06,0,0.018465910381215245,0.01846699528518097,15.52914827974459,15.52914827974459,0.01838995710557341,0.018390258009305067,100.00000000000011,87.72342688811761,0,2
2023-06-21 11:43:00,2023-06-21 11:43:59,0.0185,0.0185,0.0185,0.01851,0.018502006264599278,0.018502499999999998,0.0185,0.01851,True,1.8309220323215076e-05,4.305113372743294e-06,0,0.018466452833198106,0.018467798241968397,13.9658751282034,13.9658751282034,0.0183910769353687,0.018391349969411483,92.90193875241987,94.80223319286317,0,2
2023-06-21 11:44:00,2023-06-21 11:44:59,0.0185,0.01848,0.01848,0.0185,0.01850225313229964,0.01849,0.01848,0.01850225313229964,True,1.8429990300128226e-05,2.5726501569971585e-06,0,0.01846712553758325,0.01846858274316489,7.335810588519102,7.335810588519102,0.01839206124446951,0.018392232059268085,75.34063093944201,89.41418989728732,0,1
2023-06-21 11:45:00,2023-06-21 11:45:59,0.01847,0.01847,0.01846,0.01848,0.01849612656614982,0.01847,0.01846,0.01849612656614982,True,1.854213385011901e-05,6.16422913343882e-07,0,0.01846785414037407,0.01846921011036306,0.831437365300502,0.0,0.018392836754474787,0.018393005869623627,42.32459569454076,70.18905512880086,0,-2
2023-06-21 11:46:00,2023-06-21 11:46:59,0.01846,0.01846,0.01845,0.01847,0.01848306328307491,0.01846,0.01845,0.01848306328307491,True,1.8646267146539025e-05,-1.3976504180928074e-06,0,0.018468532125368562,0.01846964084981847,-5.338919838433924,-5.338919838433924,0.018393505045475038,0.018393672477886078,16.08932360878767,44.58485008092347,0,-2
2023-06-21 11:47:00,2023-06-21 11:47:59,0.01846,0.01847,0.01845,0.01847,0.018471531641537454,0.0184625,0.01845,0.018471531641537454,True,1.8742962350357607e-05,-1.984984784185426e-06,0,0.018469086487593517,0.018469930980197134,-6.099502479614259,-6.099502479614259,0.018394191562435484,0.018394431955718056,1.9768721996501546,20.13026383432618,0,-2
2023-06-21 11:48:00,2023-06-21 11:48:59,0.01848,0.01847,0.01847,0.01848,0.018467015820768727,0.018475,0.01847,0.01848,True,1.811846503961775e-05,-2.305992113336124e-06,0,0.018469508733895326,0.018470194180751198,-6.606557573734484,-6.606557573734484,0.018394995626490853,0.018395183876556684,11.15552690802978,9.740574238822518,0,-2
2023-06-21 11:49:00,2023-06-21 11:49:59,0.01848,0.01847,0.01847,0.01848,0.018471007910384363,0.018475,0.01847,0.01848,True,1.7538574679645028e-05,-2.4366334011920224e-06,0,0.01846985145732326,0.018470434373429257,-6.944594303147966,-6.944594303147966,0.018395791689908854,0.01839592831559592,20.651479704841492,11.261292937507127,-1,-2
2023-06-21 11:50:00,2023-06-21 11:50:59,0.01848,0.01848,0.01848,0.01849,0.01847300395519218,0.0184825,0.01848,0.01849,True,1.7714390773956037e-05,-1.7486392259108458e-06,0,0.01847014291537626,0.018470706261843516,-3.2451212238262244,-3.2451212238262244,0.018396654459163494,0.018396764849769095,33.045671343147326,21.61755931867285,1,-1
2023-06-21 11:51:00,2023-06-21 11:51:59,0.01849,0.01848,0.01848,0.01849,0.018477751977596088,0.018485,0.01848,0.01849,True,1.716336286153058e-05,-1.2451210623735141e-06,0,0.01847042458860989,0.018471018391748785,-0.7788058376117348,-0.0,0.01839753351927132,0.018397593060219153,39.0933821400352,30.930177729341324,0,-1
2023-06-21 11:52:00,2023-06-21 11:52:59,0.01848,0.01849,0.01848,0.01849,0.018481375988798045,0.018485,0.01848,0.01849,True,1.6651694085706936e-05,-1.9573208917915967e-07,0,0.018470721490179337,0.018471360062519836,4.339868533112394,4.339868533112394,0.018398403832512403,0.018398512532256772,45.14109293692308,39.09338214003518,0,-1
2023-06-21 11:53:00,2023-06-21 11:53:59,0.01849,0.01849,0.01848,0.01849,0.018483187994399023,0.018487499999999997,0.01848,0.01849,True,1.6176573079584983e-05,4.7406892638415907e-07,0,0.018471040776349586,0.018471739799456082,7.752318113595145,7.752318113595145,0.018399290361542132,0.018399422855318894,48.27315686876231,44.16921064857351,0,-1
2023-06-21 11:54:00,2023-06-21 11:54:59,0.01848,0.01849,0.01847,0.01849,0.018485343997199512,0.0184825,0.01847,0.01849,True,1.644967500247171e-05,8.676080185580757e-07,0,0.018471390287902834,0.018472112595435353,10.027284500583647,10.027284500583647,0.018400118318143702,0.018400324120440098,45.90504502546218,46.439764943715836,0,-1
2023-06-21 11:55:00,2023-06-21 11:55:59,0.01849,0.01851,0.01847,0.01851,0.018483921998599755,0.018494999999999998,0.01847,0.01851,True,1.8131841073723617e-05,2.434878286703511e-06,0,0.01847175144166909,0.018472563132266816,16.73937112025793,16.73937112025793,0.01840106241448058,0.018401415422724277,51.69614449422604,48.62478212948349,0,2
2023-06-21 11:56:00,2023-06-21 11:56:59,0.01852,0.01852,0.01851,0.01852,0.018489460999299878,0.0185175,0.01851,0.01852,True,1.7550995282743333e-05,4.000944856933331e-06,0,0.018472157286967952,0.018473226157784097,22.59513581510039,22.59513581510039,0.018402220997421073,0.01840259536876682,67.84364814619634,55.1482792219615,0,2
2023-06-21 11:57:00,2023-06-21 11:57:59,0.01851,0.01849,0.01849,0.01851,0.01850348049964994,0.0185,0.01849,0.01851,True,1.8440209905404435e-05,2.7465307089362415e-06,0,0.018472691722376023,0.018473931859467278,14.437659505318635,14.437659505318635,0.018403193922819867,0.018403465066590036,74.95218766915357,64.83066010319196,0,1
2023-06-21 11:58:00,2023-06-21 11:58:59,0.01848,0.01849,0.01847,0.01849,0.01850174024982497,0.0184825,0.01847,0.01850174024982497,True,1.855162348358977e-05,1.7775687959462613e-06,0,0.01847331179092165,0.018474546249921328,8.999341965464133,8.999341965464133,0.01840398303801569,0.01840432611070357,63.45163253293534,68.74915611609507,0,1
2023-06-21 11:59:00,2023-06-21 11:59:59,0.01848,0.01848,0.01848,0.01849,0.018492120124912484,0.0184825,0.01848,0.018492120124912484,True,1.7940793234761904e-05,3.4804846479368293e-07,0,0.018473929020421487,0.01847508453503063,2.6336612262127446,0.0,0.018404764301319015,0.01840507908472642,39.95250712584721,59.452109109312026,0,1
2023-06-21 12:00:00,2023-06-21 12:00:59,0.01849,0.01848,0.01848,0.01851,0.01848731006245624,0.01849,0.01848,0.01851,True,1.880216514656454e-05,-6.299083936247867e-07,0,0.01847450677772606,0.018475610666634487,-1.610125933288188,-0.0,0.018405612417723802,0.018405824566470438,32.777579783061334,45.39390648061461,0,-2
2023-06-21 12:01:00,2023-06-21 12:01:59,0.01847,0.0185,0.01847,0.0185,0.01848865503122812,0.018485,0.01847,0.0185,True,1.9602010493238412e-05,1.0044961685886463e-07,0,0.018475058722180273,0.018476089314558384,2.1662969918640442,0.0,0.018406402343915603,0.018406761635460782,24.765399068141743,32.49849532568341,0,-1
2023-06-21 12:02:00,2023-06-21 12:02:59,0.0185,0.01851,0.01849,0.01851,0.018486827515614063,0.018502499999999998,0.01849,0.01851,True,1.96304383151499e-05,1.2166156162050246e-06,0,0.01847557401836933,0.018476647362823968,6.9016196042283795,6.9016196042283795,0.01840735853949853,0.018407788882869133,30.12704430665963,29.22334105262088,0,2
2023-06-21 12:03:00,2023-06-21 12:03:59,0.0185,0.01853,0.0185,0.01853,0.01849466375780703,0.018515,0.0185,0.01853,True,2.0371121292639353e-05,3.2158326898285592e-06,0,0.018476110690596646,0.018477349858025693,13.240524278406035,13.240524278406035,0.018408429598807004,0.01840900491388536,40.1973439783562,31.696595784385835,0,2
2023-06-21 12:04:00,2023-06-21 12:04:59,0.01852,0.01851,0.01851,0.01852,0.018504831878903515,0.018514999999999997,0.01851,0.01852,True,2.034461262887959e-05,2.948101066630617e-06,0,0.01847673027431117,0.018478161257451917,11.036353141168412,11.036353141168412,0.018409490000808926,0.018410009840115357,61.5547803692945,43.95972288477009,0,2
2023-06-21 12:05:00,2023-06-21 12:05:59,0.01851,0.01849,0.01849,0.01852,0.018509915939451754,0.018502499999999998,0.01849,0.01852,True,2.1034283155388102e-05,1.2219250918105307e-06,0,0.018477445765881544,0.0184789670675837,5.156251577287414,0.0,0.018410415473437695,0.01841080576210426,57.508807616567026,53.08697732140589,0,1
2023-06-21 12:06:00,2023-06-21 12:06:59,0.01849,0.01846,0.01846,0.01849,0.018506207969725876,0.018475,0.01846,0.018506207969725876,True,2.1674691501431724e-05,-2.0573872895841443e-06,0,0.018478206416732625,0.018479574269264925,-3.046575816374691,-3.046575816374691,0.01841105810554279,0.018411295257008697,34.32934401429966,51.130977333387044,0,-2
2023-06-21 12:07:00,2023-06-21 12:07:59,0.01846,0.01845,0.01845,0.01847,0.018490603984862936,0.0184575,0.01845,0.018490603984862936,True,2.155507067990083e-05,-4.818827898285773e-06,0,0.018478890342998777,0.018479900870456388,-9.593341357843371,-9.593341357843371,0.01841152021394535,0.018411680378829506,11.149880412035737,34.329344014300794,-1,-2
2023-06-21 12:08:00,2023-06-21 12:08:59,0.01845,0.01844,0.01843,0.01845,0.01847405199243147,0.0184425,0.01843,0.01847405199243147,True,2.1443994202765248e-05,-7.113598030867505e-06,-1,0.018479395606727584,0.018479901396125438,-14.984280760203838,-14.984280760203838,0.01841182847052301,0.018411962166104835,1.2079226507921703e-13,15.159741475445157,0,-2
2023-06-21 12:09:00,2023-06-21 12:09:59,0.01844,0.01842,0.01842,0.01845,0.018458275996215735,0.0184325,0.01842,0.018458275996215735,True,2.2055137473996462e-05,-9.67772116717285e-06,0,0.018479648501426513,0.018479576586001238,-20.298484879658787,-20.298484879658787,0.01841203415738348,0.018412042144551555,1.2079226507921703e-13,3.716626804011978,0,-2
2023-06-21 12:10:00,2023-06-21 12:10:59,0.01842,0.01843,0.01842,0.01844,0.018445387998107868,0.0184275,0.01842,0.018445387998107868,True,2.190834194013976e-05,-1.0227922151735996e-05,0,0.018479612543713875,0.018478963559944613,-20.785028238640805,-20.785028238640805,0.018412188046364738,0.018412220829680394,1.2079226507921703e-13,1.0598929141754827e-13,0,-2
2023-06-21 12:11:00,2023-06-21 12:11:59,0.01843,0.01844,0.01843,0.01844,0.018436443999053934,0.018435,0.01843,0.01844,True,2.1057746087272853e-05,-9.434659264762864e-06,0,0.018479288051829246,0.01847817928344415,-18.246610802500015,-18.246610802500015,0.018412415030978024,0.018412497239335315,4.015245330397026,1.3384151101324078,0,-2
2023-06-21 12:12:00,2023-06-21 12:12:59,0.01844,0.01845,0.01844,0.01845,0.018435721999526967,0.018445000000000003,0.01844,0.01845,True,2.026790708103905e-05,-7.793018217782756e-06,0,0.0184787336676367,0.018477334171870415,-13.909944488875297,-13.909944488875297,0.018412739259525506,0.018412870401132975,13.118062971946289,5.711102767447797,0,-1
2023-06-21 12:13:00,2023-06-21 12:13:59,0.01844,0.01842,0.01842,0.01844,0.018440360999763483,0.018430000000000002,0.01842,0.018440360999763483,True,2.0963056575250705e-05,-8.406714900132301e-06,0,0.01847803391975356,0.018476344046827832,-15.664448293195562,-15.664448293195562,0.018412911008186945,0.018412941342415234,17.61179799788359,11.581702100075619,0,-2
2023-06-21 12:14:00,2023-06-21 12:14:59,0.01843,0.01845,0.01843,0.01845,0.018435180499881743,0.018439999999999998,0.01843,0.01845,True,2.160855253416153e-05,-6.322991773744881e-06,0,0.018477188983290697,0.018475315155606808,-10.562546309969889,-10.562546309969889,0.01841318055039404,0.018413310085276774,23.00657108848444,17.91214401943809,0,-1
2023-06-21 12:15:00,2023-06-21 12:15:59,0.01844,0.01846,0.01844,0.01846,0.01843759024994087,0.01845,0.01844,0.01846,True,2.1493655924578503e-05,-3.949964402362909e-06,0,0.018476252069448754,0.018474331413423483,-5.514179756844811,-5.514179756844811,0.018413546913076687,0.018413774661542676,27.917085169103824,22.8451514184906,0,-1
2023-06-21 12:16:00,2023-06-21 12:16:59,0.01846,0.01846,0.01845,0.01848,0.018443795124970436,0.0184625,0.01845,0.01848,True,2.2101251929965666e-05,-2.1757024306455e-06,0,0.01847529174143612,0.01847347573020592,-2.148602054761426,-0.0,0.018414034008468957,0.018414234615159165,42.73154211263815,31.218399456742123,0,-1
2023-06-21 12:17:00,2023-06-21 12:17:59,0.01846,0.01846,0.01845,0.01846,0.018453147562485218,0.0184575,0.01845,0.01846,True,2.1236876792110946e-05,-8.646691937179315e-07,0,0.01847438373582102,0.018472692434292223,0.0951164132941642,0.0,0.018414466505897127,0.018414689992122753,50.68584350884807,40.44482359686334,0,-1
2023-06-21 12:18:00,2023-06-21 12:18:59,0.01846,0.01843,0.01843,0.01847,0.018455323781242608,0.0184475,0.01843,0.01847,True,2.2577099878388865e-05,-1.967721383397726e-06,0,0.01847353808505662,0.018471902893020257,-4.543456435219561,-4.543456435219561,0.018414795197380738,0.018414842330509593,53.910219423497075,49.10920168166109,0,-2
2023-06-21 12:19:00,2023-06-21 12:19:59,0.01844,0.01843,0.01843,0.01845,0.018451411890621303,0.018437500000000002,0.01843,0.018451411890621303,True,2.2393021315646995e-05,-2.521673446283216e-06,0,0.018472720489038436,0.018471045241191933,-7.6358383342287155,-7.6358383342287155,0.01841502111581476,0.018414993153091586,52.0370002025094,52.21102104495151,0,-2
2023-06-21 12:20:00,2023-06-21 12:20:59,0.01844,0.01844,0.01844,0.01845,0.018444455945310655,0.0184425,0.01844,0.01845,True,2.22220912216724e-05,-2.005912847313759e-06,0,0.018471882865115183,0.018470174155164543,-6.734138251423829,-6.734138251423829,0.018415294537547946,0.018415241977438934,56.31245668516869,54.08655877039171,0,-1
2023-06-21 12:21:00,2023-06-21 12:21:59,0.01844,0.01845,0.01844,0.01846,0.018443477972655328,0.018447500000000002,0.01844,0.01846,True,2.2063370420124314e-05,-8.184319047166316e-07,0,0.01847102851013986,0.01846933277419159,-3.5107091069949803,-3.5107091069949803,0.018415614989910654,0.018415587828409692,64.91526577356136,57.75490755374648,0,-1
2023-06-21 12:22:00,2023-06-21 12:22:59,0.01846,0.01844,0.01844,0.01847,0.018445488986327665,0.0184525,0.01844,0.01847,True,2.2630272532972493e-05,-6.20071024065685e-07,0,0.018470180642165726,0.018468554858302483,-3.9495222624765987,-3.9495222624765987,0.018415982004936417,0.018415830735589694,77.50600071121151,66.24457438998051,0,-1
2023-06-21 12:23:00,2023-06-21 12:23:59,0.01844,0.01844,0.01844,0.01844,0.018448994493163832,0.01844,0.01844,0.018448994493163832,True,2.101382449490303e-05,-3.8338589479833054e-07,0,0.018469367750234104,0.01846774648295718,-4.242064366131011,-4.242064366131011,0.018416220989961925,0.018416071225782833,77.06009822202695,73.16045490226661,0,-1
2023-06-21 12:24:00,2023-06-21 12:24:59,0.01845,0.01844,0.01843,0.01845,0.01844449724658192,0.0184425,0.01843,0.01845,True,2.0941408459553003e-05,-1.3192370873211555e-07,0,0.018468557116595643,0.018466936825641017,-4.43709243523395,-4.43709243523395,0.018416482472648873,0.018416309323038726,72.06211867708325,75.54273920344056,0,-1
2023-06-21 12:25:00,2023-06-21 12:25:59,0.01843,0.01844,0.01843,0.01845,0.01844349862329096,0.018437500000000002,0.01843,0.01845,True,2.087416499815655e-05,1.1801754359834003e-07,0,0.018467746971118332,0.01846609740881309,-4.567111147969243,-4.567111147969243,0.018416691602274257,0.018416545051167695,57.81210078629101,68.97810589513374,0,-1
2023-06-21 12:26:00,2023-06-21 12:26:59,0.01844,0.01843,0.01842,0.01844,0.01844049931164548,0.0184325,0.01842,0.01844049931164548,True,2.081172464114556e-05,-3.301533538561931e-07,0,0.01846692218996571,0.018465206016087064,-8.165055743557815,-8.165055743557815,0.018416848899764065,0.01841667893125558,47.78370111762654,59.219306860333596,0,-2
2023-06-21 12:27:00,2023-06-21 12:27:59,0.01843,0.01843,0.01842,0.01844,0.01843649965582274,0.01843,0.01842,0.01844,True,2.0753744309635348e-05,-5.232998566659916e-07,0,0.018466064103026387,0.018464262665614347,-10.563685473950194,-10.563685473950194,0.01841697975648283,0.018416811479203283,26.941163937359914,44.178988613759145,0,-2
2023-06-21 12:28:00,2023-06-21 12:28:59,0.01843,0.01842,0.01841,0.01843,0.018424999999999997,0.018422499999999998,0.01841,0.01843,True,2.069990543037562e-05,-1.227753316274049e-06,0,0.018465163384320367,0.01846323342285374,-15.065296894311196,-15.065296894311196,0.01841703468427902,0.018416843205778376,11.165474142018063,28.630113065668166,0,-2
2023-06-21 12:29:00,2023-06-21 12:29:59,0.01842,0.01842,0.0184,0.01842,0.018423749999999996,0.018415,0.0184,0.018423749999999996,True,2.0649912185348732e-05,-1.5434350721021417e-06,0,0.018464198403587054,0.018462092160214747,-18.06637117455187,-18.06637117455187,0.018417014438664305,0.018416874616666152,1.3737159558028603e-13,12.702212693126029,0,-2
2023-06-21 12:30:00,2023-06-21 12:30:59,0.01843,0.01842,0.01842,0.01843,0.018419374999999998,0.018424999999999997,0.01842,0.01843,True,1.988920417210951e-05,-1.5910706596809623e-06,0,0.018463145281900902,0.018460939144447755,-20.067087361378984,-20.067087361378984,0.018417093896986054,0.018416905715007783,14.887805771669983,8.684426637896053,0,-2
2023-06-21 12:31:00,2023-06-21 12:31:59,0.01842,0.01843,0.01842,0.01843,0.0184221875,0.018424999999999997,0.01842,0.01843,True,1.918283244553023e-05,-7.749555012226295e-07,0,0.018462042213174327,0.018459784786274785,-13.923998320975734,-13.923998320975734,0.018417172564677734,0.01841703600640074,29.77561154333983,14.887805771669974,0,-1
2023-06-21 12:32:00,2023-06-21 12:32:59,0.01842,0.01842,0.01842,0.01843,0.018423593749999998,0.018422499999999998,0.01842,0.01843,True,1.852691584227804e-05,-8.072042871349794e-07,0,0.018460913499724556,0.018458620138682175,-14.125456301440167,-14.125456301440167,0.018417225573984425,0.018417065498874362,42.087098912178114,28.916838742395967,0,-1
2023-06-21 12:33:00,2023-06-21 12:33:59,0.01843,0.01842,0.01842,0.01843,0.018423046874999998,0.018424999999999997,0.01842,0.01843,True,1.791785042497244e-05,-6.994662584696976e-07,0,0.018459766819203364,0.01845747253353683,-14.259761621749789,-14.259761621749789,0.018417302931457217,0.01841709469789054,43.60047799881809,38.48772948477867,0,-1
2023-06-21 12:34:00,2023-06-21 12:34:59,0.01843,0.01841,0.01841,0.01843,0.0184240234375,0.01842,0.01841,0.01843,True,1.8066575394617203e-05,-1.1906319864700455e-06,0,0.018458619676370094,0.018456311914504475,-17.628803155591683,-17.628803155591683,0.01841732976796013,0.018417024103881678,39.52556216805532,41.7377130263505,0,-2
2023-06-21 12:35:00,2023-06-21 12:35:59,0.01842,0.01843,0.01842,0.01844,0.01842201171875,0.0184275,0.01842,0.01844,True,1.891896286643042e-05,1.2131757963437467e-08,0,0.018457465795437285,0.01845520047060419,-9.968136783046283,-9.968136783046283,0.018417430964298834,0.01841715321727589,50.541305038350714,44.5557817350747,0,-1
2023-06-21 12:36:00,2023-06-21 12:36:59,0.01843,0.01844,0.01843,0.01845,0.018424755859375,0.018437500000000002,0.01843,0.01845,True,1.8996179804542724e-05,1.5703370311403536e-06,0,0.018456333133020735,0.01845420397895299,-1.9826701090729273,-0.0,0.01841763065619636,0.018417380548447274,67.47345351337422,52.51344023992675,0,-1
2023-06-21 12:37:00,2023-06-21 12:37:59,0.01844,0.01843,0.01843,0.01844,0.0184311279296875,0.018435,0.01843,0.01844,True,1.835359553278989e-05,1.914393509768037e-06,0,0.01845526855598686,0.01845328767434971,-0.6768708518850275,-0.0,0.018417803485487938,0.018417506115129392,87.03332998809975,68.34936284660823,0,-1
2023-06-21 12:38:00,2023-06-21 12:38:59,0.01842,0.01843,0.01841,0.01843,0.01843306396484375,0.018422499999999998,0.01841,0.01843306396484375,True,1.8471195851876268e-05,2.140606936456671e-06,0,0.018454278115168286,0.018452355025103905,0.19366198624024378,0.0,0.01841785021697562,0.018417630432391786,80.52721748153517,78.34466699433638,0,-1
2023-06-21 12:39:00,2023-06-21 12:39:59,0.01843,0.01842,0.01842,0.01843,0.018427781982421874,0.018424999999999997,0.01842,0.01843,True,1.7866110433885077e-05,1.5912655472457276e-06,0,0.018453316570136095,0.018451433059230422,-2.9198458734085833,-0.0,0.018417921359095268,0.018417654010178933,67.45835036440117,78.33963261134535,0,-2
2023-06-21 12:40:00,2023-06-21 12:40:59,0.01841,0.0184,0.0184,0.01842,0.018426390991210934,0.0184075,0.0184,0.018426390991210934,True,1.8018531117178943e-05,-1.2314373492890056e-07,0,0.01845237481468326,0.018450405761506836,-9.607407002112495,-9.607407002112495,0.01841781766397989,0.01841747834838611,41.181303075086575,63.05562364034097,0,-2
2023-06-21 12:41:00,2023-06-21 12:41:59,0.01841,0.01841,0.0184,0.01841,0.018416945495605467,0.0184075,0.0184,0.018416945495605467,True,1.7445778894523277e-05,-4.5648768913576447e-07,0,0.01845139028809505,0.01844930258363179,-9.957261139567677,-9.957261139567677,0.01841771500065671,0.01841740393695938,28.455904468835527,45.69851930277442,0,-2
2023-06-21 12:42:00,2023-06-21 12:42:59,0.0184,0.01841,0.0184,0.01842,0.018412222747802735,0.0184075,0.0184,0.01842,True,1.762822325920013e-05,-5.669331677399995e-07,0,0.01845034643586342,0.018448147233753275,-10.190497231204468,-10.190497231204468,0.01841761335885913,0.01841733026594486,12.287157378954236,27.308121640958774,0,-2
2023-06-21 12:43:00,2023-06-21 12:43:59,0.0184,0.0184,0.0184,0.0184,0.018409861373901368,0.0184,0.0184,0.018409861373901368,True,1.7083350169257233e-05,-1.2130978623974867e-06,0,0.01844924683480835,0.01844690727744238,-12.911407505635424,-12.911407505635424,0.01841743810155705,0.018417157825487696,8.191438252636214,16.311500033475323,0,-2
2023-06-21 12:44:00,2023-06-21 12:44:59,0.0184,0.0184,0.0184,0.01841,0.018404930686950684,0.0184025,0.0184,0.01841,True,1.657739658573883e-05,-1.4889151000637286e-06,0,0.018448077056125365,0.018445626369969877,-14.725347688589395,-14.725347688589395,0.01841728946373061,0.018416987100855976,8.055587908288807,9.511394513293082,0,-2
2023-06-21 12:45:00,2023-06-21 12:45:59,0.01841,0.01842,0.01841,0.01843,0.01840371534347534,0.0184175,0.01841,0.01843,True,1.753615397247168e-05,-1.3904828531178223e-07,0,0.01844685171304762,0.01844442492569928,-7.724010664143094,-0.0,0.018417291558618862,0.018417017079951935,28.905396592786825,15.050807584570611,0,-1
2023-06-21 12:46:00,2023-06-21 12:46:59,0.01841,0.01841,0.0184,0.01842,0.018410607671737668,0.01841,0.0184,0.01842,True,1.771214297443793e-05,1.4435093047641742e-07,0,0.01844563831937345,0.018443242828575776,-6.391495411409679,-0.0,0.018417219005796785,0.01841694725826087,46.57902095375827,27.846668484944626,0,-1
2023-06-21 12:47:00,2023-06-21 12:47:59,0.01842,0.01842,0.0184,0.01842,0.018410303835868835,0.018415,0.0184,0.01842,True,1.7875561333406587e-05,1.096715046589223e-06,0,0.018444440573974614,0.01844211837935795,-2.354339655388145,-0.0,0.018417196926137115,0.01841697763380056,66.66241263901186,47.38227672851898,0,-1
2023-06-21 12:48:00,2023-06-21 12:48:59,0.01842,0.01841,0.01841,0.01842,0.018412651917934418,0.018415,0.01841,0.01842,True,1.731302123816323e-05,1.065607117458216e-06,0,0.018443279476666283,0.018441047031659132,-2.8989152809396046,-0.0,0.018417175066175552,0.018416908204608517,65.76014529542003,59.66719296273005,0,-1
2023-06-21 12:49:00,2023-06-21 12:49:59,0.01842,0.01841,0.0184,0.01842,0.01841382595896721,0.0184125,0.0184,0.01842,True,1.7504948292580088e-05,1.084025606312496e-06,0,0.01844216325416271,0.018440007689085554,-3.2619656979739062,-0.0,0.018417128548104154,0.018416839466254203,69.3732589882837,67.26527230757186,0,-1
2023-06-21 12:50:00,2023-06-21 12:50:59,0.01841,0.01841,0.01841,0.01843,0.018413162979483602,0.018415,0.01841,0.01843,True,1.768316627168145e-05,1.131867650224044e-06,0,0.01844108547162413,0.01843901782802618,-3.503999309330112,-0.0,0.018417107368521028,0.018416771411863615,72.4878781416292,69.20709414177765,0,-1
2023-06-21 12:51:00,2023-06-21 12:51:59,0.01842,0.01845,0.01842,0.01845,0.0184140814897418,0.018435,0.01842,0.01845,True,1.9277225823704336e-05,3.937594108741144e-06,0,0.018440051649825158,0.01843821093687977,6.166507655481112,6.166507655481112,0.018417285404655148,0.01841710204458139,81.7779510077383,74.54636271255039,0,2
2023-06-21 12:52:00,2023-06-21 12:52:59,0.01845,0.01842,0.01842,0.01845,0.0184245407448709,0.018435,0.01842,0.01845,True,2.004313826486847e-05,3.5939771492416558e-06,0,0.01843913129335247,0.018437553635363955,4.317130251082197,4.317130251082197,0.018417461669285446,0.01841713087995869,93.82454628723652,82.69679181220134,0,2
2023-06-21 12:53:00,2023-06-21 12:53:59,0.01842,0.01842,0.01842,0.01843,0.01842977037243545,0.018422499999999998,0.01842,0.01843,True,1.9325771245949265e-05,3.280916101093765e-06,0,0.018438342464358215,0.01843693285331041,3.084211981482923,3.084211981482923,0.01841751180192937,0.01841715942841681,89.35966961026368,88.32072230174616,0,2
2023-06-21 12:54:00,2023-06-21 12:54:59,0.01842,0.01843,0.01842,0.01843,0.018426135186217725,0.018424999999999997,0.01842,0.01843,True,1.8659644728381433e-05,3.6820238751774186e-06,0,0.018437637658834317,0.018436362235170072,4.510876415297034,4.510876415297034,0.01841758631136291,0.018417287195298237,80.7127671691965,87.96566102223221,0,2
2023-06-21 12:55:00,2023-06-21 12:55:59,0.01843,0.01844,0.01842,0.01844,0.01842556759310886,0.0184325,0.01842,0.01844,True,1.875538439064009e-05,4.520843267127791e-06,0,0.018436999947002198,0.01843588648445464,7.463591660773567,7.463591660773567,0.018417734706274724,0.01841751319335497,77.81350324451375,82.62864667465796,0,2
2023-06-21 12:56:00,2023-06-21 12:56:59,0.01844,0.01844,0.01844,0.01845,0.01842903379655443,0.0184425,0.01844,0.01845,True,1.8129999791308626e-05,4.9119000862245984e-06,0,0.01843644321572842,0.018435557298320505,9.432068491091265,9.432068491091265,0.01841798112710781,0.01841773694267482,88.45383363425022,82.32670134932015,1,2
2023-06-21 12:57:00,2023-06-21 12:57:59,0.01844,0.01846,0.01843,0.01846,0.018435766898277216,0.018447500000000002,0.01843,0.01846,True,1.8977856949072458e-05,6.359316184573586e-06,0,0.018436000257024465,0.018435380067396236,14.267913717133311,14.267913717133311,0.018418274847236092,0.018418157470608404,97.1007360753174,87.78935765136043,0,2
2023-06-21 12:58:00,2023-06-21 12:58:59,0.01846,0.01845,0.01844,0.01847,0.018441633449138607,0.018455,0.01844,0.01847,True,1.976515288128148e-05,6.35718945140116e-06,0,0.01843569016221035,0.018435375145845933,13.854276725940991,13.854276725940991,0.018418640271641702,0.018418474311696877,100.00000000000016,95.18485656985591,0,2
2023-06-21 12:59:00,2023-06-21 12:59:59,0.01845,0.01846,0.01845,0.01846,0.018448316724569303,0.018455,0.01845,0.01846,True,1.9067641961189918e-05,6.779033876477964e-06,0,0.01843553265402814,0.01843550591844461,15.432820349895067,15.432820349895067,0.018419002059983577,0.018418887502625266,100.00000000000016,99.03357869177256,0,2
2023-06-21 13:00:00,2023-06-21 13:00:59,0.01845,0.01844,0.01844,0.01847,0.01845165836228465,0.01845,0.01844,0.01847,True,1.9848524678247694e-05,5.3878380127393434e-06,0,0.018435519286236376,0.018435708321444633,10.419538291183947,10.419538291183947,0.01841931049719767,0.01841909757722601,94.091139087283,98.0303796957611,0,1
2023-06-21 13:01:00,2023-06-21 13:01:59,0.01844,0.01846,0.01844,0.01846,0.018450829181142325,0.01845,0.01844,0.01846,True,1.985934434408709e-05,5.620978628785167e-06,0,0.018435613803840505,0.018435965730863556,11.070420710552888,11.070420710552888,0.018419615865384757,0.01841950456650734,88.18227817456584,94.091139087283,0,2
2023-06-21 13:02:00,2023-06-21 13:02:59,0.01847,0.01845,0.01845,0.01847,0.018450414590571163,0.01846,0.01845,0.01847,True,1.986939117665224e-05,4.827515000631282e-06,0,0.01843578976735203,0.018436333291755206,8.873211133005455,8.873211133005455,0.018420017697569985,0.018419808003656522,88.18227817456584,90.15189847880488,0,1
2023-06-21 13:03:00,2023-06-21 13:03:59,0.01845,0.01846,0.01845,0.01847,0.018455207295285582,0.0184575,0.01845,0.01847,True,1.9878720378319878e-05,4.769492113812461e-06,0,0.01843606152955362,0.018436767901158717,9.408936573849218,9.408936573849218,0.01842039065580312,0.018420207924018148,90.76173355898997,89.04209663604054,0,2
2023-06-21 13:04:00,2023-06-21 13:04:59,0.01847,0.01847,0.01846,0.01848,0.018456353647642792,0.01847,0.01846,0.01848,True,1.988738320843983e-05,5.181772363063132e-06,1,0.01843641471535617,0.01843733807973775,11.565530574789811,11.565530574789811,0.01842088428111851,0.018420703367560257,96.67059447170713,91.87153540175431,0,2
2023-06-21 13:05:00,2023-06-21 13:05:59,0.01848,0.01848,0.01848,0.01849,0.018463176823821398,0.0184825,0.01848,0.01849,True,1.9895427264979787e-05,5.871147408507223e-06,0,0.01843687639754696,0.018438096844143968,14.605064662012282,14.605064662012282,0.018421497372848674,0.01842129338380344,96.67059447170713,94.70097416746808,0,2
2023-06-21 13:06:00,2023-06-21 13:06:59,0.01848,0.01849,0.01848,0.01849,0.0184728384119107,0.018485,0.01848,0.01849,True,1.9188611031766915e-05,6.69913564273812e-06,0,0.018437486620845465,0.01843901603022609,18.044132997248866,18.044132997248866,0.018422129239785503,0.01842197703172579,100.00000000000016,97.78039631447147,0,2
2023-06-21 13:07:00,2023-06-21 13:07:59,0.01848,0.01848,0.01848,0.0185,0.01847891920595535,0.018485,0.01848,0.0185,True,1.924656738664065e-05,6.197200629095421e-06,0,0.018438251325535778,0.01844005521082779,16.644801349586274,16.644801349586274,0.01842275481948913,0.018422554374693693,100.00000000000016,98.89019815723582,0,2
2023-06-21 13:08:00,2023-06-21 13:08:59,0.01848,0.01849,0.01848,0.01849,0.018481959602977674,0.018485,0.01848,0.01849,True,1.8586098287594858e-05,6.21927607437011e-06,0,0.018439153268181786,0.018441181734074562,17.527709824233966,17.527709824233966,0.01842337417451909,0.01842322547544301,100.00000000000013,100.00000000000013,0,2
2023-06-21 13:09:00,2023-06-21 13:09:59,0.01848,0.0185,0.01848,0.0185,0.018483479801488838,0.01849,0.01848,0.0185,True,1.868709126705231e-05,6.568995259909167e-06,0,0.018440167501128174,0.01844240359896988,19.68358876350962,19.68358876350962,0.01842403711805621,0.018423989401060492,100.00000000000013,100.00000000000011,0,2
2023-06-21 13:10:00,2023-06-21 13:10:59,0.0185,0.0185,0.0185,0.01852,0.01848673990074442,0.018504999999999997,0.0185,0.01852,True,1.87808704622628e-05,6.418405299789073e-06,0,0.01844128555004903,0.018443795059674976,21.120841389693382,21.120841389693382,0.018424842718871574,0.01842474572542805,100.00000000000013,100.0000000000001,0,2
2023-06-21 13:11:00,2023-06-21 13:11:59,0.0185,0.01851,0.0185,0.01852,0.01849586995037221,0.0185075,0.0185,0.01852,True,1.8867951143529684e-05,6.626346599948165e-06,0,0.018442540304862004,0.018445327650112267,23.645012076553527,23.645012076553527,0.018425665179380313,0.01842559402666757,100.00000000000016,100.00000000000011,0,2
2023-06-21 13:12:00,2023-06-21 13:12:59,0.0185,0.0185,0.0185,0.01852,0.018501684975186103,0.018504999999999997,0.0185,0.01852,True,1.8948811776134647e-05,5.67450609882857e-06,0,0.018443933977487136,0.0184469436851213,20.65427183878252,20.65427183878252,0.01842645458058051,0.01842633438461118,95.62885875942878,98.54295291980968,0,1
2023-06-21 13:13:00,2023-06-21 13:13:59,0.0185,0.01851,0.0185,0.01851,0.01850334248759305,0.018505,0.0185,0.01851,True,1.8309610934982142e-05,5.377730927301597e-06,0,0.018445438831304218,0.018448614328909742,20.73463910097601,20.73463910097601,0.018427236127042394,0.01842716687829664,91.25771751885922,95.62885875942938,0,2
2023-06-21 13:14:00,2023-06-21 13:14:59,0.0185,0.01855,0.0185,0.01855,0.018504171243796524,0.018525,0.0185,0.01855,True,2.057321015391209e-05,7.56616303219613e-06,0,0.01844702658010698,0.01845045372545049,25.232834326393785,25.232834326393785,0.018428208901897693,0.01842838909841309,91.25771751885922,92.71476459904908,0,2
2023-06-21 13:15:00,2023-06-21 13:15:59,0.01855,0.01854,0.01854,0.01855,0.018514585621898262,0.018545,0.01854,0.01855,True,1.9817980857204052e-05,7.822177235941771e-06,0,0.018448740152778736,0.01845255058327279,24.839070046549168,24.839070046549168,0.018429371002376325,0.018429499654647786,95.6288587594306,92.71476459904967,0,2
2023-06-21 13:16:00,2023-06-21 13:16:59,0.01855,0.01855,0.01854,0.01857,0.01852979281094913,0.0185525,0.01854,0.01857,True,2.0545267938832245e-05,8.175987265493104e-06,0,0.018450645368025764,0.018454887213474068,25.671908921734357,25.671908921734357,0.018430596166531785,0.018430698663059252,100.00000000000016,95.62885875942999,0,2
2023-06-21 13:17:00,2023-06-21 13:17:59,0.01855,0.01857,0.01854,0.01857,0.018541146405474565,0.0185575,0.01854,0.01857,True,2.1220605943201282e-05,9.249505676988353e-06,0,0.018452766290749916,0.018457430891704752,27.987910057727703,27.987910057727703,0.01843185889124291,0.018432084746013887,100.00000000000016,98.5429529198103,0,2
2023-06-21 13:18:00,2023-06-21 13:18:59,0.01857,0.01857,0.01856,0.01858,0.018549323202737285,0.01857,0.01856,0.01858,True,2.113341980440113e-05,9.353608998290812e-06,0,0.018455098591227334,0.01846020589126061,29.531910815056605,29.531910815056605,0.018433233429638506,0.018433457037098325,100.00000000000016,100.00000000000016,0,2
2023-06-21 13:19:00,2023-06-21 13:19:59,0.01858,0.01858,0.01858,0.01859,0.01855966160136864,0.0185825,0.01858,0.01859,True,2.105246124694385e-05,9.496724848491171e-06,0,0.018457652241243974,0.01846322973556781,31.393784812182943,31.393784812182943,0.01843471866914459,0.01843491517603267,100.00000000000016,100.00000000000016,0,2
2023-06-21 13:20:00,2023-06-21 13:20:59,0.01857,0.01857,0.01857,0.01858,0.01857108080068432,0.0185725,0.01857,0.01858,True,2.0262999729304976e-05,8.271704454959389e-06,0,0.018460440988405893,0.018466360139675415,28.46191994758118,28.46191994758118,0.018436089627660565,0.018436259303634336,84.01247943786932,94.67082647928987,0,1
2023-06-21 13:21:00,2023-06-21 13:21:59,0.01856,0.01858,0.01856,0.01858,0.01857179040034216,0.01857,0.01856,0.01858,True,2.0244214034354565e-05,7.575066761591292e-06,0,0.018463400564040656,0.018469535808503353,27.877625359458534,27.877625359458534,0.018437422069176382,0.018437689559319567,64.1957041164398,82.73606118476975,0,1
2023-06-21 13:22:00,2023-06-21 13:22:59,0.01857,0.0186,0.01857,0.01861,0.018570895200171078,0.0185875,0.01857,0.01861,True,2.1655341603329372e-05,7.924669099356705e-06,0,0.018466468186272005,0.018472845394709204,29.543391876027528,29.543391876027528,0.018438915381920894,0.018439304588580067,48.58239435274782,65.5968593023523,0,2
2023-06-21 13:23:00,2023-06-21 13:23:59,0.0186,0.01859,0.01858,0.01861,0.01857919760008554,0.018595,0.01858,0.01861,True,2.225138863166315e-05,6.8649201211091476e-06,0,0.018469656790490604,0.018476289165703454,26.867403037364994,26.867403037364994,0.018440468462697802,0.018440804045410115,48.87311424656938,53.88373757191899,0,1
2023-06-21 13:24:00,2023-06-21 13:24:59,0.01859,0.01859,0.01859,0.01859,0.01858709880004277,0.01859,0.01859,0.01859,True,2.0662003729401495e-05,5.616069192884002e-06,0,0.01847297297809703,0.018479780648076607,25.08341047825664,25.08341047825664,0.01844195633869086,0.018442288582271704,43.16083879353376,46.87211579761698,0,1
2023-06-21 13:25:00,2023-06-21 13:25:59,0.01858,0.01858,0.01858,0.0186,0.018588549400021387,0.018584999999999997,0.01858,0.0186,True,2.0614717748729902e-05,3.6061455448932345e-06,0,0.01847637681308682,0.018483251433354428,19.964505378875856,19.964505378875856,0.018443379658703886,0.018443658845134672,25.44081522389241,39.15825608799851,0,1
2023-06-21 13:26:00,2023-06-21 13:26:59,0.01858,0.01857,0.01855,0.01858,0.018586774700010692,0.01857,0.01855,0.018586774700010692,True,2.1285095052391966e-05,1.1885189707749806e-06,0,0.018479814123220625,0.018486579194433507,13.264083796113034,0.0,0.01844463956259738,0.01844491597105373,7.804282558868351,25.468645525431498,0,1
2023-06-21 13:27:00,2023-06-21 13:27:59,0.01857,0.01856,0.01856,0.01858,0.018578387350005346,0.0185675,0.01856,0.01858,True,2.1193302548649625e-05,-1.3860939656775749e-06,0,0.018483196658827066,0.018489754366916463,6.0480903222771545,0.0,0.018445862054511833,0.018446061085769613,1.5158245029548803e-13,11.081699260920294,0,1
2023-06-21 13:28:00,2023-06-21 13:28:59,0.01857,0.01857,0.01856,0.01857,0.018572943675002673,0.0185675,0.01856,0.018572943675002673,True,2.0393780938031767e-05,-2.572916942563858e-06,0,0.018486475512871765,0.01849278762026468,4.460330131232709,0.0,0.018447072382327637,0.018447294308796783,1.5158245029548803e-13,2.6014275196228733,0,1
2023-06-21 13:29:00,2023-06-21 13:29:59,0.01856,0.01857,0.01856,0.01857,0.018570221837501337,0.018564999999999998,0.01856,0.018570221837501337,True,1.9651368013886613e-05,-3.490718902641446e-06,0,0.018489631566568222,0.018495671175677672,3.4018233372030835,0.0,0.018448245791458706,0.018448515260948057,1.5158245029548803e-13,1.40233503821542e-13,0,1
2023-06-21 13:30:00,2023-06-21 13:30:59,0.01857,0.01858,0.01856,0.01858,0.018567610918750668,0.0185725,0.01856,0.01858,True,1.9676270298608938e-05,-3.501969686454206e-06,0,0.018492651371122947,0.018498468546572788,5.822913001130672,0.0,0.018449482151742698,0.01844982356680927,3.443786171010665,1.1479287236703113,0,1
2023-06-21 13:31:00,2023-06-21 13:31:59,0.01858,0.01856,0.01856,0.01858,0.01857005545937533,0.01857,0.01856,0.01858,True,1.969939384870824e-05,-4.978027601630873e-06,0,0.018495559958847867,0.01850116171819297,1.0455900644279268,0.0,0.01845068133431242,0.01845091984972659,4.6590922757710675,2.700959482260617,0,1
2023-06-21 13:32:00,2023-06-21 13:32:59,0.01856,0.01854,0.01853,0.01856,0.018570027729687667,0.0185475,0.01853,0.018570027729687667,True,2.043515143094328e-05,-7.32672878823634e-06,0,0.018498360838520418,0.01850360000104184,-5.942398444322151,-5.942398444322151,0.01845164470412026,0.018451806219381053,4.6590922757710675,4.253990240850922,0,1
2023-06-21 13:33:00,2023-06-21 13:33:59,0.01854,0.01852,0.01852,0.01855,0.018558763864843834,0.018532499999999997,0.01852,0.018558763864843834,True,2.1118354900161776e-05,-1.0122206667192808e-05,0,0.01850098041978113,0.018505717963003186,-13.088898233938934,-13.088898233938934,0.01845244923442752,0.01845248476446184,1.215306104760554,3.5111635521008857,0,-2
2023-06-21 13:34:00,2023-06-21 13:34:59,0.01852,0.01851,0.01849,0.01853,0.018545631932421917,0.018512499999999998,0.01849,0.018545631932421917,True,2.2467043835864636e-05,-1.237878776546949e-05,0,0.018503349191392158,0.018507431981336368,-18.830152672575178,-18.830152672575178,0.018453046754482966,0.018453057055362716,1.5158245029548803e-13,1.9581327935105806,0,-2
2023-06-21 13:35:00,2023-06-21 13:35:59,0.01851,0.01853,0.01851,0.01854,0.018529065966210956,0.0185225,0.01851,0.01854,True,2.3005112133303037e-05,-1.2108286589267098e-05,0,0.018505390586364263,0.01850888482265641,-16.307245519489335,-16.307245519489335,0.018453737831552786,0.018453822656801892,3.433280420830665,1.5495288418637798,0,-2
2023-06-21 13:36:00,2023-06-21 13:36:59,0.01853,0.01853,0.01852,0.01854,0.018525782983105477,0.01853,0.01852,0.01854,True,2.2790461266638726e-05,-1.1567754253983218e-05,0,0.018507137704510335,0.018510173527416744,-14.625307417432104,-14.625307417432104,0.018454496659099526,0.0184545806403163,9.275051678835831,4.236110699888872,0,-2
2023-06-21 13:37:00,2023-06-21 13:37:59,0.01853,0.01851,0.01851,0.01853,0.01852789149155274,0.018520000000000002,0.01851,0.01853,True,2.259114260473615e-05,-1.2229449748857718e-05,0,0.01850865561596354,0.018511255553789515,-16.791811890400744,-16.791811890400744,0.01845514843363585,0.018455132076731065,12.829693219884453,8.512675106516973,0,-2
2023-06-21 13:38:00,2023-06-21 13:38:59,0.0185,0.01851,0.0185,0.01851,0.01852394574577637,0.018505,0.0185,0.01852394574577637,True,2.1691775275826396e-05,-1.224731854149929e-05,0,0.018509955584876527,0.018512064521010688,-18.23614820571317,-18.23614820571317,0.01845564446912206,0.018455678026216327,9.39641279905394,10.500385899258063,-1,-2
2023-06-21 13:39:00,2023-06-21 13:39:59,0.0185,0.01853,0.0185,0.01853,0.018514472872888186,0.018515,0.0185,0.01853,True,2.2285219898981813e-05,-1.0456707196310684e-05,0,0.01851101005294361,0.0185127215671007,-12.838564817220778,-12.838564817220778,0.018456235071419354,0.01845641754834353,8.795524480754494,10.340543499897619,0,-1
2023-06-21 13:40:00,2023-06-21 13:40:59,0.01853,0.01854,0.01853,0.01856,0.018514736436444093,0.01854,0.01853,0.01856,True,2.2836275620483023e-05,-8.245894986163959e-06,0,0.018511865810022156,0.018513426023167443,-6.834900632594994,-6.834900632594994,0.018457068553295777,0.018457249214529167,21.619560124512656,13.270499134773686,0,-1
2023-06-21 13:41:00,2023-06-21 13:41:59,0.01854,0.01855,0.01852,0.01855,0.018527368218222047,0.018539999999999997,0.01852,0.01855,True,2.3347970219020113e-05,-5.849208324214405e-06,0,0.0185126459165948,0.018514162972124503,-0.700957208825919,-0.0,0.0184578937418202,0.018458172107916938,37.998237309317936,22.804440638195018,0,-1
2023-06-21 13:42:00,2023-06-21 13:42:59,0.01854,0.01855,0.01853,0.01855,0.01853368410911102,0.0185425,0.01853,0.01855,True,2.310882948909005e-05,-4.116119036901127e-06,0,0.018513404444359654,0.018514937599367714,3.388338407020129,0.0,0.01845873559513542,0.018459085818285922,50.18460552985463,36.60080098789506,1,-1
2023-06-21 13:43:00,2023-06-21 13:43:59,0.01854,0.01855,0.01853,0.01855,0.018538092054555512,0.0185425,0.01853,0.01855,True,2.2886770239869272e-05,-2.883157744235735e-06,0,0.018514171021863687,0.01851573657622391,6.11453548425083,0.0,0.01845956907180074,0.018459990437009445,51.23317950529027,46.472007448154265,0,-1
2023-06-21 13:44:00,2023-06-21 13:44:59,0.01856,0.01855,0.01855,0.01856,0.018540296027277754,0.018555000000000002,0.01855,0.01856,True,2.1966286651307152e-05,-2.0241947596249716e-06,0,0.0185149537990438,0.018516635005164046,7.932000202404623,0.0,0.01846051863327536,0.01846088605455164,59.1478721605032,53.52188573188268,0,-1
2023-06-21 13:45:00,2023-06-21 13:45:59,0.01856,0.01856,0.01855,0.01856,0.018547648013638878,0.018557499999999998,0.01855,0.01856,True,2.1111551890499472e-05,-7.565797216391974e-07,0,0.018515794402103925,0.018517622721909956,12.068031417909758,0.0,0.01846148362199899,0.01846187226296406,75.05395433359412,61.811668666462516,0,-1
2023-06-21 13:46:00,2023-06-21 13:46:59,0.01857,0.01858,0.01856,0.01858,0.018552574006819436,0.0185725,0.01856,0.01858,True,2.103215532689231e-05,1.4052775682898325e-06,0,0.018516708562006944,0.018518776874737974,18.324690573174877,18.324690573174877,0.018462588262576116,0.018463047663332576,90.96003650668503,75.0539543335941,0,-1
2023-06-21 13:47:00,2023-06-21 13:47:59,0.01858,0.01858,0.01858,0.0186,0.018562537003409717,0.018584999999999997,0.01858,0.0186,True,2.0958429946399946e-05,2.674503966345447e-06,0,0.018517742718372462,0.018520139908441417,22.49579667668496,22.49579667668496,0.018463806289814165,0.018464211368175037,100.00000000000016,88.6713302800931,0,2
2023-06-21 13:48:00,2023-06-21 13:48:59,0.01859,0.01858,0.01857,0.01859,0.018573768501704856,0.0185825,0.01857,0.01859,True,2.088997066451418e-05,3.305264955263934e-06,0,0.01851894131340694,0.018521640891007652,25.276534079025012,25.276534079025012,0.01846498732175631,0.018465363493864836,98.44153382109141,96.46719010925887,0,2
2023-06-21 13:49:00,2023-06-21 13:49:59,0.01859,0.01859,0.01859,0.01861,0.018578134250852425,0.018595,0.01859,0.01861,True,2.154068704562047e-05,4.175236565950297e-06,0,0.018520291102207296,0.018523325946640364,28.626207148655965,28.626207148655965,0.0184662809802463,0.01846660365810499,98.44153382109141,98.96102254739434,0,2
2023-06-21 13:50:00,2023-06-21 13:50:59,0.0186,0.01861,0.0186,0.01862,0.018586567125426213,0.0186075,0.0186,0.01862,True,2.214492368521917e-05,5.839702789468092e-06,0,0.01852180852442383,0.018525230126312495,32.61936572799199,32.61936572799199,0.018467686144621957,0.018468030487377576,98.44153382109141,98.44153382109141,0,2
2023-06-21 13:51:00,2023-06-21 13:51:59,0.01862,0.01863,0.01862,0.01864,0.018597033562713104,0.0186275,0.01862,0.01864,True,2.2706000564846285e-05,7.933568756245368e-06,0,0.018523519325368165,0.01852743098045359,36.22581776005889,36.22581776005889,0.01846927633223766,0.01846964212431909,100.00000000000016,98.96102254739434,0,2
2023-06-21 13:52:00,2023-06-21 13:52:59,0.01863,0.01864,0.01862,0.01865,0.01861226678135655,0.018635,0.01862,0.01865,True,2.3227000524500033e-05,9.512377442186443e-06,0,0.018525475152910878,0.018529901766266538,38.96522135351461,38.96522135351461,0.01847092532395669,0.018471337227559698,100.00000000000016,99.48051127369725,0,2
2023-06-21 13:53:00,2023-06-21 13:53:59,0.01864,0.01863,0.01862,0.01864,0.018623633390678275,0.0186325,0.01862,0.01864,True,2.2996500487035687e-05,9.300341557487313e-06,0,0.018527688459588708,0.01853255096630612,35.90222469367461,35.90222469367461,0.01847253303217603,0.01847291596161383,98.050144413321,99.35004813777378,0,2
2023-06-21 13:54:00,2023-06-21 13:54:59,0.01864,0.01867,0.01864,0.01867,0.01862806669533914,0.018654999999999998,0.01864,0.01867,True,2.421103616653302e-05,1.1353377012049317e-05,0,0.018530119712947414,0.018535476830719405,36.73934482842107,36.73934482842107,0.01847434862389567,0.01847487699682165,98.050144413321,98.70009627554738,0,2
2023-06-21 13:55:00,2023-06-21 13:55:59,0.01866,0.01866,0.01865,0.01867,0.01864153334766957,0.01866,0.01865,0.01867,True,2.3910247868923462e-05,1.133156577001796e-05,0,0.01853279827183341,0.018538634745715665,33.95023993520152,33.95023993520152,0.01847619590126984,0.018476719016753775,98.050144413321,98.050144413321,0,2
2023-06-21 13:56:00,2023-06-21 13:56:59,0.01867,0.01866,0.01865,0.01867,0.018650766673834786,0.0186625,0.01865,0.01867,True,2.3630944449714584e-05,1.0636495673349948e-05,0,0.018535716508774537,0.018541970841771276,32.090836673055165,32.090836673055165,0.01847804967339651,0.018478542708129358,100.00000000000016,98.70009627554738,0,2
2023-06-21 13:57:00,2023-06-21 13:57:59,0.01866,0.01867,0.01866,0.01869,0.018656633336917392,0.01867,0.01866,0.01869,True,2.40858769890206e-05,1.02056989245167e-05,0,0.018538843675272906,0.018545475789837212,31.864573518368758,31.864573518368758,0.01847995962689505,0.018480447755809662,100.00000000000016,99.35004813777378,0,2
2023-06-21 13:58:00,2023-06-21 13:58:59,0.01867,0.01868,0.01866,0.01868,0.018663316668458697,0.018672499999999998,0.01866,0.01868,True,2.379402863266193e-05,9.948442514311395e-06,0,0.018542159732555057,0.01854910678126588,32.60798232887758,32.60798232887758,0.01848187545150306,0.01848243335027922,100.00000000000016,100.00000000000017,0,2
2023-06-21 13:59:00,2023-06-21 13:59:59,0.01868,0.01867,0.01866,0.01869,0.01866790833422935,0.018674999999999997,0.01866,0.01869,True,2.423731230175742e-05,8.427264606738077e-06,0,0.01854563325691047,0.018552829247716476,28.96541411531122,28.96541411531122,0.018483797088801535,0.01848429968510231,100.00000000000016,100.00000000000017,0,1
2023-06-21 14:00:00,2023-06-21 14:00:59,0.01867,0.01862,0.01862,0.01869,0.018671454167114673,0.01865,0.01862,0.01869,True,2.7506075708774543e-05,3.4006046010368664e-06,0,0.018549231252313475,0.018556426666429954,15.314112450775355,0.0,0.01848545084911197,0.01848564993699184,69.54528761887978,89.84842920629337,0,1
2023-06-21 14:01:00,2023-06-21 14:01:59,0.01863,0.01861,0.01861,0.01864,0.018660727083557337,0.0186225,0.01861,0.018660727083557337,True,2.7684213158147703e-05,-9.29464980672649e-07,0,0.018552828959371714,0.018559712272817202,4.929605603609183,0.0,0.018486814522255132,0.018486887251051624,36.21195428554645,68.58574730147548,0,1
2023-06-21 14:02:00,2023-06-21 14:02:59,0.01861,0.01859,0.01859,0.01862,0.01864161354177867,0.018602499999999998,0.01859,0.01864161354177867,True,2.7849626503994456e-05,-5.298953033600397e-06,0,0.018556270616094456,0.01856259262314392,-4.220519077981251,-4.220519077981251,0.018487965621536175,0.0184879132485536,2.8786209522131117,36.21195428554646,0,1
2023-06-21 14:03:00,2023-06-21 14:03:59,0.0186,0.0186,0.01859,0.01862,0.018622056770889333,0.018602499999999998,0.01859,0.018622056770889333,True,2.8003224610852154e-05,-7.4319510295681095e-06,0,0.01855943161961919,0.018565134150257796,-7.781724020325328,-7.781724020325328,0.01848910526709303,0.01848902853961277,1.6825718165986536e-13,13.030191745919922,0,1
2023-06-21 14:04:00,2023-06-21 14:04:59,0.0186,0.01859,0.01857,0.0186,0.018612278385444665,0.018590000000000002,0.01857,0.018612278385444665,True,2.814585142436263e-05,-9.382517256599545e-06,0,0.018562282884938493,0.018567305718601258,-11.465240989156968,-11.465240989156968,0.01849010919478365,0.0184900332307609,1.6825718165986536e-13,0.9595403174044953,0,-2
2023-06-21 14:05:00,2023-06-21 14:05:59,0.01859,0.01858,0.01857,0.01859,0.018601139192722334,0.0185825,0.01857,0.018601139192722334,True,2.7564004894050953e-05,-1.1112240921999952e-05,0,0.018564794301769875,0.018569119658558793,-15.151085669767504,-15.151085669767504,0.01849102850627834,0.018490928422494623,1.6825718165986536e-13,1.8087479518782272e-13,0,-2
2023-06-21 14:06:00,2023-06-21 14:06:59,0.01857,0.01856,0.01856,0.0186,0.018591819596361164,0.0185725,0.01856,0.0186,True,2.8452290258761486e-05,-1.3289093899847256e-05,-1,0.018566956980164334,0.018570570978981217,-19.635146503577083,-19.635146503577083,0.01849183916790741,0.018491615701872785,1.545430450278218e-13,1.7630341631047486e-13,0,-2
2023-06-21 14:07:00,2023-06-21 14:07:59,0.01856,0.01858,0.01856,0.01859,0.01858215979818058,0.0185725,0.01856,0.01859,True,2.856284095456415e-05,-1.2892739786980445e-05,0,0.018568763979572776,0.01857172684889197,-17.126744448036668,-17.126744448036668,0.018492641763251615,0.018492495147625295,1.545430450278218e-13,1.71732037433127e-13,0,-2
2023-06-21 14:08:00,2023-06-21 14:08:59,0.01859,0.01859,0.01858,0.0186,0.018577329899090292,0.01859,0.01858,0.0186,True,2.795120945780951e-05,-1.1515188923737244e-05,0,0.018570245414232373,0.01857276224665092,-13.139429818866482,-13.139429818866482,0.018493610501925727,0.018493465345161362,5.6655860186298215,1.888528672876723,-1,-2
2023-06-21 14:09:00,2023-06-21 14:09:59,0.0186,0.01861,0.01858,0.01861,0.018583664949545144,0.0186,0.01858,0.01861,True,2.8097551639394705e-05,-8.860598953008311e-06,0,0.018571503830441646,0.01857376430254244,-6.590530692761519,-6.590530692761519,0.018494669103896615,0.018494624893965726,14.181661345665018,6.615749121431677,1,-1
2023-06-21 14:10:00,2023-06-21 14:10:59,0.01861,0.0186,0.01859,0.01861,0.01859183247477257,0.0186025,0.01859,0.01861,True,2.7519155093723846e-05,-7.542226351556349e-06,0,0.01857263406649204,0.01857475038563684,-4.346449173074582,-4.346449173074582,0.01849574204813645,0.018495673402483478,23.39872723666925,14.415324866988044,0,-1
2023-06-21 14:11:00,2023-06-21 14:11:59,0.01859,0.01858,0.01857,0.01859,0.018597166237386286,0.0185825,0.01857,0.018597166237386286,True,2.769635830131491e-05,-7.82035186997054e-06,0,0.018573692226064437,0.01857557990638775,-6.407478521859808,-6.407478521859808,0.018496605311339072,0.018496512473105534,21.624590410785206,19.734992997706502,-1,-2
2023-06-21 14:12:00,2023-06-21 14:12:59,0.01859,0.01858,0.01858,0.0186,0.018589833118693142,0.0185875,0.01858,0.0186,True,2.71466184226495e-05,-7.733978534247707e-06,0,0.018574636066226093,0.018576314778427406,-7.781498087716628,-7.781498087716628,0.018497509736101866,0.018497343194766175,18.518058609364566,21.18045875227302,0,-2
2023-06-21 14:13:00,2023-06-21 14:13:59,0.01857,0.01857,0.01856,0.01858,0.018588666559346573,0.01857,0.01856,0.018588666559346573,True,2.6636145678174477e-05,-8.088910899685334e-06,0,0.018575475422326748,0.018576850022256723,-10.445678652678431,-10.445678652678431,0.018498231032260056,0.018498066148052085,11.257171841336712,17.133273620495505,0,-2
2023-06-21 14:14:00,2023-06-21 14:14:59,0.01858,0.01856,0.01856,0.01858,0.018579333279673288,0.01857,0.01856,0.01858,True,2.6162135272590527e-05,-8.700018786283972e-06,0,0.018576162722291734,0.018577224425050255,-13.790706137390366,-13.790706137390366,0.018498945151342046,0.018498682405285398,10.82251175149248,13.532580734064597,0,-2
2023-06-21 14:15:00,2023-06-21 14:15:59,0.01856,0.01857,0.01854,0.01857,0.018574666639836646,0.01856,0.01854,0.018574666639836646,True,2.6436268467405403e-05,-8.063681808735923e-06,0,0.018576693573670994,0.01857740101712921,-12.69291098257112,-12.69291098257112,0.018499552662273967,0.018499392033093504,5.4129682258779255,9.164217272902384,0,-2
2023-06-21 14:16:00,2023-06-21 14:16:59,0.01856,0.01859,0.01856,0.01859,0.018567333319918323,0.018575,0.01856,0.01859,True,2.66908207197335e-05,-5.950524290570165e-06,0,0.018577047295400103,0.018577523575783968,-6.844868926261817,-6.844868926261817,0.018500303382052337,0.018500293604903517,19.780160633495537,12.005213536955324,0,-1
2023-06-21 14:17:00,2023-06-21 14:17:59,0.01858,0.01859,0.01856,0.01861,0.018571166659959164,0.018584999999999997,0.01856,0.01861,True,2.8355762096895497e-05,-4.339146973836129e-06,0,0.018577285435592034,0.018577671363295797,-2.9461742220556104,-0.0,0.018501146134469727,0.01850118620584975,42.40313048047304,22.532086446615512,0,-1
2023-06-21 14:18:00,2023-06-21 14:18:59,0.01859,0.01857,0.01856,0.01859,0.01857808332997958,0.0185775,0.01856,0.01859,True,2.8473207661402874e-05,-4.488877720774523e-06,0,0.018577478399443913,0.018577786541708743,-5.239405901153809,-5.239405901153809,0.01850190587442525,0.018501870920219404,62.057785804584064,41.413692306184224,0,-2
2023-06-21 14:19:00,2023-06-21 14:19:59,0.01856,0.01852,0.01849,0.01856,0.01857779166498979,0.0185325,0.01849,0.01857779166498979,True,3.215369282844554e-05,-7.820310214578739e-06,0,0.018577632470576328,0.01857756650864649,-12.731256849985058,-12.731256849985058,0.0185022102935852,0.018502051309072943,45.734414273990076,50.065110186349074,0,-2
2023-06-21 14:20:00,2023-06-21 14:20:59,0.01852,0.01853,0.01851,0.01853,0.018555145832494895,0.0185225,0.01851,0.018555145832494895,True,3.128557191212819e-05,-8.932182198937165e-06,0,0.018577599489611407,0.018577015460258566,-15.224672576245062,-15.224672576245062,0.01850241218121122,0.01850232940550008,19.65465532411118,42.482285134228455,0,-2
2023-06-21 14:21:00,2023-06-21 14:21:59,0.01853,0.01852,0.01852,0.01854,0.01853882291624745,0.0185275,0.01852,0.01854,True,3.0479459632690657e-05,-9.915965002056056e-06,0,0.018577307474934985,0.01857624188727213,-17.917941143261224,-17.917941143261224,0.01850266181124892,0.018502505232311024,3.5910896250264344,22.993386407709238,0,-2
2023-06-21 14:22:00,2023-06-21 14:22:59,0.01852,0.01852,0.01851,0.01854,0.018533161458123726,0.018522499999999997,0.01851,0.01854,True,3.0445212516070053e-05,-1.007086077193749e-05,0,0.018576774681103556,0.018575264121320396,-19.713453521271997,-19.713453521271997,0.018502859206161865,0.01850267930960146,5.317652094012486,9.521132347716708,0,-2
2023-06-21 14:23:00,2023-06-21 14:23:59,0.01852,0.01852,0.01851,0.01853,0.01852783072906186,0.01852,0.01851,0.01853,True,2.9699125907779528e-05,-9.666458975113482e-06,0,0.018576019401211976,0.01857411514866666,-20.910461773279177,-20.910461773279177,0.018503029761324435,0.018502851654779554,6.088150765930121,4.998964161656356,0,-2
2023-06-21 14:24:00,2023-06-21 14:24:59,0.01853,0.01854,0.01853,0.01855,0.018523915364530928,0.018537500000000002,0.01853,0.01855,True,2.9720616914366868e-05,-7.531400450161566e-06,0,0.01857506727493932,0.018572959335557346,-15.255756053680436,-15.255756053680436,0.018503372748773943,0.01850322129005538,18.95817689474836,10.121326584896996,0,-1
2023-06-21 14:25:00,2023-06-21 14:25:59,0.01854,0.01856,0.01853,0.01856,0.018530707682265467,0.0185475,0.01853,0.01856,True,2.974057284905486e-05,-4.3609829776976e-06,0,0.01857401330524833,0.01857187467765099,-7.1587806006822206,-7.1587806006822206,0.01850381182590057,0.018503786252343387,41.64592541060611,22.23075102376154,0,-1
2023-06-21 14:26:00,2023-06-21 14:26:59,0.01856,0.01856,0.01854,0.01856,0.018539103841132734,0.018555000000000002,0.01854,0.01856,True,2.9044817645550884e-05,-2.027828124498396e-06,0,0.01857294399144966,0.018570904940619047,-1.7607969653500746,-0.0,0.018504321160966234,0.01850434559311609,71.00274129682083,43.868947867391775,0,-1
2023-06-21 14:27:00,2023-06-21 14:27:59,0.01856,0.01856,0.01855,0.01857,0.018547051920566368,0.01856,0.01855,0.01857,True,2.839875924229719e-05,-3.374323367172166e-07,0,0.018571924466034354,0.01857006664034437,1.8378587915380251,0.0,0.01850487517926508,0.018504899368308965,87.87495887630963,66.8412085279122,0,-1
2023-06-21 14:28:00,2023-06-21 14:28:59,0.01856,0.01857,0.01856,0.01857,0.018553525960283184,0.018564999999999998,0.01856,0.01857,True,2.708456215356165e-05,1.5477699135464526e-06,0,0.018570995553189362,0.01856937187810174,6.587310376909102,0.0,0.018505473436187813,0.01850554713578848,96.79398122479917,85.22389379930989,0,-1
2023-06-21 14:29:00,2023-06-21 14:29:59,0.01857,0.01856,0.01855,0.01857,0.018559262980141593,0.0185625,0.01855,0.01857,True,2.657852199973576e-05,2.100323228861879e-06,0,0.01857018371564555,0.01856877773851036,5.982511362773998,0.0,0.018506040864683458,0.018506088955332872,98.28376693586654,94.31756901232512,0,-1
2023-06-21 14:30:00,2023-06-21 14:30:59,0.01856,0.01857,0.01856,0.01858,0.018560881490070798,0.0185675,0.01856,0.01858,True,2.6108627571183146e-05,3.13446916844217e-06,0,0.018569480727077953,0.018568301201586715,8.148499300672547,0.0,0.0185066523983682,0.01850672488612558,98.28376693586654,97.78717169884409,0,-1
2023-06-21 14:31:00,2023-06-21 14:31:59,0.01856,0.01855,0.01855,0.01856,0.0185641907450354,0.018555000000000002,0.01855,0.0185641907450354,True,2.5672297030384288e-05,2.371288082225836e-06,0,0.018568890964332334,0.018567834760327195,3.5468846710930535,0.0,0.018507133469031205,0.018507155484273584,89.91918647636983,95.49557344936765,0,-2
2023-06-21 14:32:00,2023-06-21 14:32:59,0.01855,0.01854,0.01853,0.01855,0.018559595372517702,0.0185425,0.01853,0.018559595372517702,True,2.5267132956785352e-05,1.1621881218477183e-06,0,0.018568362862329765,0.018567293704444814,-1.7134013385013276,-0.0,0.018507485374811988,0.01850748229537534,75.87325610988815,88.02540317404151,0,-2
2023-06-21 14:33:00,2023-06-21 14:33:59,0.01854,0.01851,0.0185,0.01855,0.01855104768625885,0.018525,0.0185,0.01855104768625885,True,2.7033766317015073e-05,-1.6542519420092453e-06,0,0.018567828283387287,0.01856657754755323,-9.602490608886377,-9.602490608886377,0.018507659649689482,0.018507507347162652,51.23259183915758,72.34167814180519,0,-2
2023-06-21 14:34:00,2023-06-21 14:34:59,0.0185,0.01851,0.01849,0.01852,0.018538023843129425,0.018505,0.01849,0.018538023843129425,True,2.7245640151513908e-05,-3.3235904993850885e-06,0,0.018567202915470257,0.018565591224734276,-14.861883455809746,-14.861883455809746,0.018507633185513468,0.018507532149678447,26.26383896532094,51.12322897145557,0,-2
2023-06-21 14:35:00,2023-06-21 14:35:59,0.01851,0.01849,0.01849,0.01853,0.01852151192156471,0.018505,0.01849,0.01853,True,2.815666585497733e-05,-5.542345224277044e-06,0,0.018566397070102266,0.018564398965604197,-20.423683725226045,-20.423683725226045,0.018507606984662587,0.018507357700427916,8.692669062602889,28.729699955693814,0,-2
2023-06-21 14:36:00,2023-06-21 14:36:59,0.01849,0.01849,0.01848,0.0185,0.018513255960782356,0.01849,0.01848,0.018513255960782356,True,2.7574046865336035e-05,-6.636219462932733e-06,0,0.018565398017853233,0.018562949835581686,-24.131550571503578,-24.131550571503578,0.018507431790785348,0.018507184986990822,1.2552921665095104e-13,11.65216934264133,0,-2
2023-06-21 14:37:00,2023-06-21 14:37:59,0.0185,0.01851,0.0185,0.01851,0.018501627980391178,0.018505,0.0185,0.01851,True,2.7033043517811974e-05,-5.5714480957491975e-06,0,0.01856417392671746,0.018561411327824125,-19.39799016158173,-19.39799016158173,0.018507407593862112,0.018507212997070515,10.504532841646677,6.399067301416575,0,-1
2023-06-21 14:38:00,2023-06-21 14:38:59,0.01851,0.0185,0.0185,0.01851,0.01850331399019559,0.018505,0.0185,0.01851,True,2.581639755225395e-05,-5.206898940139731e-06,0,0.018562792627270792,0.018559813008146565,-18.07507464135021,-18.07507464135021,0.01850738363770428,0.018507141225955384,21.009065683293233,10.50453284164669,0,-1
2023-06-21 14:39:00,2023-06-21 14:39:59,0.01851,0.01852,0.0185,0.01852,0.018504156995097797,0.018512499999999998,0.0185,0.01852,True,2.5400940584235753e-05,-3.2457884761594824e-06,0,0.018561302817708677,0.018558230022272488,-11.789914245545013,-11.789914245545013,0.01850743454678185,0.01850726917395583,36.70130892743919,22.73830248412638,0,-1
2023-06-21 14:40:00,2023-06-21 14:40:59,0.01851,0.01852,0.01851,0.01854,0.018508328497548895,0.01852,0.01851,0.01854,True,2.5729444828219073e-05,-1.7066314344958397e-06,0,0.018559766419990582,0.018556721427752262,-7.5998073150082135,-7.5998073150082135,0.018507559576167103,0.01850739584884184,46.878964027889936,34.8631128795408,0,-1
2023-06-21 14:41:00,2023-06-21 14:41:59,0.01853,0.01852,0.01851,0.01853,0.018514164248774445,0.0185225,0.01851,0.01853,True,2.532019876906076e-05,-5.065988702981106e-07,0,0.018558243923871422,0.018555298905289497,-4.806402694650352,-0.0,0.018507708237100764,0.018507521263281226,58.71567050932972,47.431981154886294,0,-1
2023-06-21 14:42:00,2023-06-21 14:42:59,0.01853,0.01851,0.01851,0.01853,0.01851833212438722,0.018520000000000002,0.01851,0.01853,True,2.4940184571270897e-05,-2.6458686074886284e-07,0,0.01855677141458046,0.018553936755321115,-5.928510642560909,-0.0,0.018507830543199263,0.01850754592732818,64.02588002936996,56.540171522196545,0,-1
2023-06-21 14:43:00,2023-06-21 14:43:59,0.01852,0.01851,0.01851,0.01853,0.01851916606219361,0.0185175,0.01851,0.01853,True,2.4587314244751738e-05,3.3315951998719726e-08,0,0.01855535408495079,0.018552614330180853,-6.676582607834611,-0.0,0.018507926756699766,0.01850757034596173,62.96462009352545,61.90205687740838,0,-1
2023-06-21 14:44:00,2023-06-21 14:44:59,0.01852,0.01853,0.01852,0.01854,0.018518333031096804,0.0185275,0.01852,0.01854,True,2.4973934655841058e-05,1.725352829663582e-06,0,0.01855398420756582,0.018551400864554604,-0.6449997372514602,-0.0,0.01850812151533957,0.018507793526598926,73.95671410377243,66.98240474222261,0,-1
2023-06-21 14:45:00,2023-06-21 14:45:59,0.01853,0.01853,0.01853,0.01855,0.018522916515548403,0.018535,0.01853,0.01855,True,2.461865360899521e-05,2.868525581193754e-06,0,0.018552692536060213,0.018550332967160663,3.376055509803969,3.376055509803969,0.01850838896294813,0.018508014486533265,86.28759467291957,74.40297629007249,0,-1
2023-06-21 14:46:00,2023-06-21 14:46:59,0.01853,0.01855,0.01853,0.01855,0.018528958257774203,0.01854,0.01853,0.01855,True,2.4288749779781205e-05,4.972260014033622e-06,0,0.01855151275161044,0.018549421308888862,10.25673656279563,10.25673656279563,0.01850870350063024,0.018508432252836417,100.00000000000011,86.74810292556405,0,-1
2023-06-21 14:47:00,2023-06-21 14:47:59,0.01854,0.01855,0.01854,0.01855,0.018534479128887102,0.018545,0.01854,0.01855,True,2.326812479551109e-05,6.223027049132097e-06,0,0.01855046703024965,0.01854867321903927,14.843857264790074,14.843857264790074,0.018509064659827948,0.01850884586226093,100.00000000000011,95.42919822430662,0,-1
2023-06-21 14:48:00,2023-06-21 14:48:59,0.01855,0.01855,0.01854,0.01856,0.01853973956444355,0.01855,0.01854,0.01856,True,2.3034687310117382e-05,6.856007618890106e-06,0,0.01854957012464446,0.01854809334576805,17.901937732786365,17.901937732786365,0.01850947197664558,0.01850925535616878,100.00000000000011,100.00000000000013,0,2
2023-06-21 14:49:00,2023-06-21 14:49:59,0.01855,0.01856,0.01854,0.01856,0.018544869782221775,0.0185525,0.01854,0.01856,True,2.2817923930823225e-05,7.735671595076312e-06,0,0.018548831735206255,0.018547667041797965,21.846582775909795,21.846582775909795,0.018509900116181446,0.018509760277997948,100.00000000000011,100.00000000000013,0,2
2023-06-21 14:50:00,2023-06-21 14:50:59,0.01856,0.01856,0.01856,0.01857,0.01854868489111089,0.0185625,0.01856,0.01857,True,2.1902357935764393e-05,8.036984874126733e-06,0,0.018548249388502108,0.01854743317955189,24.47634613799208,24.47634613799208,0.01851042349810999,0.01851026017572931,100.00000000000011,100.00000000000013,1,2
2023-06-21 14:51:00,2023-06-21 14:51:59,0.01855,0.01853,0.01853,0.01857,0.018555592445555442,0.018545000000000002,0.01853,0.01857,True,2.3195046654638246e-05,5.880583906462306e-06,0,0.018547841284026995,0.01854723236396157,13.276126282464467,13.276126282464467,0.018510767542904913,0.018510456591891208,87.91182337990729,95.97060779330252,0,1
2023-06-21 14:52:00,2023-06-21 14:52:59,0.01853,0.01849,0.01847,0.01853,0.01855029622277772,0.018505,0.01847,0.01855029622277772,True,2.5823971893592728e-05,1.5366982057461253e-06,0,0.01854753682399428,0.018546784501505646,-0.16033906467171022,-0.0,0.018510710154418297,0.018510253043713187,54.57849004657396,80.8301044754938,-1,-2
2023-06-21 14:53:00,2023-06-21 14:53:59,0.01849,0.01848,0.01848,0.01849,0.01852764811138886,0.018485,0.01848,0.01852764811138886,True,2.4693688186907504e-05,-1.971797773703637e-06,0,0.01854716066274996,0.01854600798885849,-10.007333190482441,-10.007333190482441,0.018510454331986274,0.01850995201840261,21.24515671324063,54.57849004657397,0,-2
2023-06-21 14:54:00,2023-06-21 14:54:59,0.01848,0.0185,0.01848,0.0185,0.018506324055694433,0.01849,0.01848,0.018506324055694433,True,2.435842474498548e-05,-2.722302297102649e-06,0,0.018546584325804222,0.018545012360624395,-10.779776620166068,-10.779776620166068,0.01851025080629487,0.018509852993343876,2.5891727747259305,26.137606511513514,0,-2
2023-06-21 14:55:00,2023-06-21 14:55:59,0.0185,0.0185,0.01848,0.0185,0.018498162027847216,0.018495,0.01848,0.0185,True,2.4047108691772175e-05,-3.0229687906490205e-06,0,0.018545798343214306,0.018543885357533575,-11.294738906621824,-11.294738906621824,0.018510099056978504,0.01850975495360911,7.780165765379969,10.53816508444885,0,-2
2023-06-21 14:56:00,2023-06-21 14:56:59,0.01851,0.01853,0.0185,0.01853,0.01849658101392361,0.018517500000000003,0.0185,0.01853,True,2.447231521378861e-05,-9.572235989953384e-07,0,0.01854484185037394,0.018542817028461844,-4.98682018843725,-0.0,0.018510172698202598,0.01850995639685678,23.39115060147211,11.25349638052601,0,-1
2023-06-21 14:57:00,2023-06-21 14:57:59,0.01853,0.01853,0.01853,0.01853,0.018507040506961808,0.01853,0.01853,0.01853,True,2.2724292698517995e-05,4.901514019114381e-07,0,0.018543829439417892,0.01854188798702484,-0.7815410429808693,-0.0,0.018510369984787646,0.018510155835694028,41.32696946612047,24.166095277657522,0,-1
2023-06-21 14:58:00,2023-06-21 14:58:59,0.01853,0.01854,0.01851,0.01854,0.018518520253480907,0.01853,0.01851,0.01854,True,2.3243986077195443e-05,2.157660999616624e-06,0,0.018542858713221366,0.018541074981934472,3.903321333322353,3.903321333322353,0.018510565308322097,0.018510452792552794,56.66096811484061,40.45969606081107,0,-1
2023-06-21 14:59:00,2023-06-21 14:59:59,0.01854,0.01853,0.01852,0.01854,0.018524260126740452,0.0185325,0.01852,0.01854,True,2.3012272785967388e-05,2.517675291842042e-06,0,0.01854196684757792,0.018540376063814035,4.119870552315362,4.119870552315362,0.018510783563960683,0.018510647292129385,62.60549062205266,53.53114273433792,0,-1
2023-06-21 15:00:00,2023-06-21 15:00:59,0.01853,0.01852,0.01851,0.01854,0.018528380063370226,0.018525,0.01851,0.01854,True,2.351139615839845e-05,2.012079446440946e-06,0,0.018541171455695976,0.018539720304512942,1.6836858148971459,0.0,0.018510925021035702,0.01851074035389924,60.31730241529175,59.861253717395016,0,-2
2023-06-21 15:01:00,2023-06-21 15:01:59,0.01852,0.01853,0.01852,0.01854,0.01852669003168511,0.0185275,0.01852,0.01854,True,2.3260582147084466e-05,2.3376839141853227e-06,0,0.018540445880104457,0.01853912017631868,2.6394453206813893,0.0,0.018511089946199526,0.0185109319921689,59.1808805587526,60.70122453203234,0,-1
2023-06-21 15:02:00,2023-06-21 15:02:59,0.01853,0.01852,0.01852,0.01853,0.018527095015842557,0.018525,0.01852,0.01853,True,2.231339770800722e-05,1.810820654952864e-06,0,0.01853978302821157,0.018538550811745026,0.5734779437597055,0.0,0.018511228354695052,0.018511022221102544,55.82596141811291,58.44138146405243,0,-2
2023-06-21 15:03:00,2023-06-21 15:03:59,0.01853,0.01855,0.01852,0.01855,0.01852604750792128,0.0185375,0.01852,0.01855,True,2.2862440728864007e-05,3.4963667003600017e-06,0,0.018539166919978298,0.01853809533732601,5.419755140218662,5.419755140218662,0.018511489764101073,0.01851141005969854,61.68612865006545,58.89765687564366,0,2
2023-06-21 15:04:00,2023-06-21 15:04:59,0.01855,0.01854,0.01853,0.01855,0.01853177375396064,0.0185425,0.01853,0.01855,True,2.2657980676802233e-05,3.7880600138320353e-06,0,0.018538631128652155,0.0185377669597829,5.994511364385247,5.994511364385247,0.018511798323662256,0.018511694536716465,75.63089220056375,64.38099408958071,1,2
2023-06-21 15:05:00,2023-06-21 15:05:59,0.01853,0.01855,0.01853,0.01855,0.018537136876980317,0.01854,0.01853,0.01855,True,2.2468124914173446e-05,4.530732416313704e-06,0,0.018538199044217527,0.01853752374686451,8.20689989408936,8.20689989408936,0.01851207893735716,0.018512075685604857,88.98470212652292,75.43390765905072,0,2
2023-06-21 15:06:00,2023-06-21 15:06:59,0.01855,0.01854,0.01854,0.01855,0.01853856843849016,0.018545,0.01854,0.01855,True,2.1577544563161027e-05,4.1528064445319e-06,0,0.01853786139554102,0.01853738355867069,6.901139050950675,6.901139050950675,0.018512406510119775,0.018512353539479436,98.22106479529047,87.61221970745906,0,2
2023-06-21 15:07:00,2023-06-21 15:07:59,0.01854,0.01856,0.01854,0.01856,0.01854178421924508,0.01855,0.01854,0.01856,True,2.1464862808649467e-05,5.117710189599617e-06,0,0.018537622477105855,0.01853735974972447,9.721440277392084,9.721440277392084,0.018512780574695697,0.01851282763361397,98.22106479529047,95.14227723903463,0,2
2023-06-21 15:08:00,2023-06-21 15:08:59,0.01856,0.01857,0.01856,0.01859,0.01854589210962254,0.01857,0.01856,0.01859,True,2.207451546517442e-05,6.213402513759863e-06,0,0.018537491113415162,0.01853756495160232,13.066772257898087,13.066772257898087,0.018513349922211163,0.018513396512881492,100.00000000000011,98.81404319686037,0,2
2023-06-21 15:09:00,2023-06-21 15:09:59,0.01858,0.01857,0.01856,0.01858,0.018557946054811272,0.0185725,0.01856,0.01858,True,2.1926335789090476e-05,6.648600692438212e-06,0,0.018537528032508743,0.01853796620006806,15.29699357823543,15.29699357823543,0.018513938480199114,0.01851395973165879,100.00000000000011,99.40702159843023,0,2
2023-06-21 15:10:00,2023-06-21 15:10:59,0.01856,0.01856,0.01856,0.01856,0.018565223027405636,0.01856,0.01856,0.018565223027405636,True,2.107445466129827e-05,5.94066053280217e-06,0,0.018537747116288403,0.018538433281106652,13.191348024723375,13.191348024723375,0.018514396803779223,0.018514417843781588,86.6738430356027,95.55794767853432,0,1
2023-06-21 15:11:00,2023-06-21 15:11:59,0.01856,0.01854,0.01854,0.01857,0.018562611513702816,0.0185525,0.01854,0.01857,True,2.171199361406259e-05,3.83001818849204e-06,0,0.018538090198697527,0.018538897529944195,6.4696213178404065,6.4696213178404065,0.018514775940060027,0.01851467239259968,66.12383856676668,84.2658938674565,0,1
2023-06-21 15:12:00,2023-06-21 15:12:59,0.01854,0.01854,0.01853,0.01854,0.018557555756851408,0.018537500000000002,0.01853,0.018557555756851408,True,2.0875422641629518e-05,2.272424956256564e-06,0,0.01853849386432086,0.018539253447777224,1.9884701799184228,0.0,0.01851500205010918,0.018514924408593713,32.79050523343334,61.86272894526758,0,1
2023-06-21 15:13:00,2023-06-21 15:13:59,0.01854,0.01853,0.01852,0.01854,0.018547527878425705,0.0185325,0.01852,0.018547527878425705,True,2.0812892452941887e-05,4.529032951460413e-07,0,0.018538873656049042,0.018539487328556387,-3.3368619931659182,-0.0,0.018515176159063316,0.018515074414478354,12.783328864497433,37.23255755489915,0,1
2023-06-21 15:14:00,2023-06-21 15:14:59,0.01853,0.01851,0.0185,0.01853,0.018540013939212854,0.018517500000000003,0.0185,0.018540013939212854,True,2.1469114420589056e-05,-2.140724023843318e-06,0,0.018539180492302715,0.018539520608081964,-10.262754072756074,-10.262754072756074,0.018515199281858706,0.018515023922792,1.2079226507921703e-13,15.191278032643636,0,1
2023-06-21 15:15:00,2023-06-21 15:15:59,0.0185,0.01853,0.0185,0.01853,0.01852875696960643,0.018515,0.0185,0.01853,True,2.2078463390547143e-05,-2.3720335717690875e-06,0,0.01853935055019234,0.018539378571838242,-8.646770933365737,-8.646770933365737,0.01851519729895464,0.018515172938485612,1.2079226507921703e-13,4.2611096214992275,0,-2
2023-06-21 15:16:00,2023-06-21 15:16:59,0.01853,0.01855,0.01853,0.01855,0.018521878484803217,0.01854,0.01853,0.01855,True,2.193000171979372e-05,-1.0617743303339766e-06,0,0.01853936456101529,0.018539271009362736,-3.2765568296527476,-0.0,0.01851544409199987,0.018515519476411127,14.0500239682746,4.683341322758284,0,2
2023-06-21 15:17:00,2023-06-21 15:17:59,0.01854,0.01852,0.01852,0.01854,0.01853093924240161,0.018529999999999998,0.01852,0.01854,True,2.2506430168380044e-05,-2.2405095611033154e-06,0,0.01853931778518901,0.018539122715685707,-5.3459734666104595,-5.3459734666104595,0.018515588926905344,0.018515564058735393,23.258131177640127,12.43605171530495,-1,-2
2023-06-21 15:18:00,2023-06-21 15:18:59,0.01851,0.01854,0.01851,0.01854,0.018530469621200803,0.018525,0.01851,0.01854,True,2.304168515635306e-05,-1.5433037022180995e-06,0,0.018539220250437357,0.018538909066182278,-2.9401761333847034,-0.0,0.018515682569423698,0.01851580720242957,30.139772894222904,22.48264268004588,1,-1
2023-06-21 15:19:00,2023-06-21 15:19:59,0.01854,0.01855,0.01853,0.01855,0.018527734810600403,0.0185425,0.01853,0.01855,True,2.2824421930899213e-05,-3.4774222849490774e-07,0,0.018539064658309817,0.01853876549605054,0.3124701540419963,0.0,0.018515949409528935,0.018516147429271067,31.71325606322323,28.37038671169542,0,2
2023-06-21 15:20:00,2023-06-21 15:20:59,0.01855,0.01855,0.01854,0.01856,0.0185351174053002,0.01855,0.01854,0.01856,True,2.26226775072635e-05,4.311965924571565e-07,0,0.01853891507718018,0.018538729542920743,2.4809010123264628,0.0,0.018516288221374418,0.018516484270770857,41.46974408069948,34.44092434604854,0,2
2023-06-21 15:21:00,2023-06-21 15:21:59,0.01855,0.01856,0.01855,0.01856,0.0185425587026501,0.018555000000000002,0.01855,0.01856,True,2.1721057685316075e-05,1.5908136425220669e-06,0,0.01853882231005046,0.018538812869407437,5.782137441935554,5.782137441935554,0.018516673413201536,0.018516917263101496,55.736103441757386,42.97303452856003,0,2
2023-06-21 15:22:00,2023-06-21 15:22:59,0.01856,0.01854,0.01854,0.01856,0.01854877935132505,0.01855,0.01854,0.01856,True,2.1598124993507727e-05,8.847462782357874e-07,0,0.01853881758972895,0.018538955228549394,3.069354252373792,0.0,0.01851700502103038,0.01851714694207561,58.39975290073385,51.868533474396905,0,1
2023-06-21 15:23:00,2023-06-21 15:23:59,0.01854,0.01854,0.01854,0.01855,0.018549389675662525,0.0185425,0.01854,0.01855,True,2.0769687493971434e-05,3.741418986977998e-07,0,0.01853888640913917,0.018539091629804903,1.2608321259992863,0.0,0.01851725870241316,0.018517374335686797,58.734858939137645,57.62357176054295,0,1
2023-06-21 15:24:00,2023-06-21 15:24:59,0.01854,0.01854,0.01854,0.01855,0.018545944837831264,0.0185425,0.01854,0.01855,True,2.0000424101544873e-05,1.2224573033798896e-08,0,0.018538989019472037,0.018539222404516838,0.055150708416285,0.0,0.01851750985960308,0.01851759946667499,59.82288665919149,58.985832833020986,0,1
2023-06-21 15:25:00,2023-06-21 15:25:59,0.01854,0.01853,0.01853,0.01854,0.01854422241891563,0.018535000000000003,0.01853,0.01854422241891563,True,1.9286108094291637e-05,-9.23046915541276e-07,0,0.01853910571199444,0.018539296394181868,-3.4411694959464043,-3.4411694959464043,0.018517683890850813,0.018517722855066282,57.04277944145238,58.53350834659383,0,1
2023-06-21 15:26:00,2023-06-21 15:26:59,0.01854,0.01854,0.01854,0.01854,0.018539611209457817,0.01854,0.01854,0.01854,True,1.8622814658985062e-05,-8.140820541767104e-07,0,0.018539201053088154,0.018539359474249655,-2.366494296845019,-0.0,0.018517905941688118,0.01851794451819995,57.916913002186696,58.26085970094351,0,1
2023-06-21 15:27:00,2023-06-21 15:27:59,0.01854,0.01854,0.01854,0.01854,0.01853980560472891,0.01854,0.01854,0.01854,True,1.72926136119147e-05,-7.192638982098416e-07,0,0.018539280263668904,0.018539413532318465,-1.65004416411076,-0.0,0.018518125783064356,0.0185181639757303,55.85471903047206,56.938137158037044,0,1
2023-06-21 15:28:00,2023-06-21 15:28:59,0.01854,0.01853,0.01853,0.01854,0.018539902802364457,0.018535000000000003,0.01853,0.01854,True,1.677171263963505e-05,-1.322389139353145e-06,0,0.018539346897993685,0.018539425811090866,-4.421229457995253,-4.421229457995253,0.018518293685720433,0.018518281747116068,55.525004700475485,56.43221224437807,-1,-2
2023-06-21 15:29:00,2023-06-21 15:29:59,0.01853,0.01853,0.01852,0.01855,0.01853745140118223,0.0185325,0.01852,0.01855,True,1.7716590308232703e-05,-1.6618037714902092e-06,0,0.018539386354542275,0.01853938795982529,-6.268686320584912,-6.268686320584912,0.018518435042081425,0.01851839834664725,38.072585204167275,49.81743631170493,0,-2
2023-06-21 15:30:00,2023-06-21 15:30:59,0.01853,0.01855,0.01853,0.01856,0.018534975700591115,0.018542500000000003,0.01853,0.01856,True,1.8593976714787424e-05,-4.4134067738997924e-07,0,0.01853938715718378,0.018539379511162853,-0.2936935523907138,-0.0,0.018518674494399024,0.018518712790959218,36.58419923023475,43.39392971162582,1,2
2023-06-21 15:31:00,2023-06-21 15:31:59,0.01856,0.01855,0.01855,0.01856,0.01853873785029556,0.018555000000000002,0.01855,0.01856,True,1.7980121235159723e-05,3.6212680067880533e-07,0,0.018539383334173314,0.018539480032636765,3.689634959738747,0.0,0.01851903594221595,0.018519024106472062,54.74019751505249,43.13232731648483,0,2
2023-06-21 15:32:00,2023-06-21 15:32:59,0.01855,0.01854,0.01854,0.01855,0.01854686892514778,0.018545,0.01854,0.01855,True,1.7410112575505427e-05,1.7361428463277263e-07,0,0.018539431683405036,0.018539597046746504,2.1095074489441785,0.0,0.018519294291049624,0.018519232821830548,69.17636421473532,53.50025365334085,0,1
2023-06-21 15:33:00,2023-06-21 15:33:59,0.01854,0.01854,0.01853,0.01854,0.01854593446257389,0.018537500000000002,0.01853,0.01854593446257389,True,1.6880818820112155e-05,3.76509967287397e-08,0,0.018539514365075768,0.018539674784807197,1.0560891084144686,0.0,0.018519475442382465,0.0185194394604193,56.60356440363564,60.17337537780781,0,1
2023-06-21 15:34:00,2023-06-21 15:34:59,0.01854,0.01854,0.01853,0.01855,0.018541717231286947,0.01854,0.01853,0.01855,True,1.7103617475818373e-05,-5.829460339831359e-08,0,0.01853959457494148,0.018539738219851158,0.3538102147279929,0.0,0.01851967966683637,0.01851964404290269,33.17603147009917,52.985320029490026,0,1
2023-06-21 15:35:00,2023-06-21 15:35:59,0.01854,0.01854,0.01854,0.01855,0.018540858615643474,0.0185425,0.01854,0.01855,True,1.6596216227545602e-05,-1.2396460684380378e-07,0,0.018539666397396317,0.01853980711145626,-0.11437571439632421,-0.0,0.01851990673482805,0.01851984658973948,29.80908546738227,39.862893780372346,0,1
2023-06-21 15:36:00,2023-06-21 15:36:59,0.01855,0.01855,0.01854,0.01855,0.01854167930782174,0.0185475,0.01854,0.01855,True,1.612505792557803e-05,5.188046158119725e-07,0,0.018539736754426286,0.018539914131697966,4.668449599698228,0.0,0.018520181294680506,0.01852014662367242,45.21891064383766,36.068009193773015,0,2
2023-06-21 15:37:00,2023-06-21 15:37:59,0.01855,0.01854,0.01854,0.01855,0.01854458965391087,0.018545,0.01854,0.01855,True,1.5687553788036713e-05,2.1846685936335623e-07,0,0.018539825443062125,0.01854003328395209,2.197555189738978,0.0,0.018520428246972243,0.018520344169705532,52.37314903563157,42.46704838228382,0,1
2023-06-21 15:38:00,2023-06-21 15:38:59,0.01854,0.01856,0.01854,0.01856,0.018544794826955435,0.01855,0.01854,0.01856,True,1.599558566031975e-05,1.3786522991859431e-06,0,0.018539929363507106,0.018540195475631047,7.374382794532714,7.374382794532714,0.018520722493271028,0.018520738755081596,63.70298674503138,53.765015474833525,0,2
2023-06-21 15:39:00,2023-06-21 15:39:59,0.01855,0.01855,0.01854,0.01856,0.018547397413477718,0.01855,0.01854,0.01856,True,1.6281615256011135e-05,1.3716270187307994e-06,0,0.018540062419569077,0.018540390439744456,6.561113922954782,6.561113922954782,0.018521013811745944,0.01852102991174745,67.30098626366572,61.12570734810955,0,2
2023-06-21 15:40:00,2023-06-21 15:40:59,0.01855,0.01855,0.01854,0.01855,0.018548698706738857,0.0185475,0.01854,0.01855,True,1.5832928452010312e-05,1.2937545920955451e-06,0,0.018540226429656765,0.018540592715506166,6.01893467523616,6.01893467523616,0.018521277355907678,0.01852131817133205,70.14787077622519,67.05061459497409,0,2
2023-06-21 15:41:00,2023-06-21 15:41:59,0.01854,0.01853,0.01853,0.01854,0.01854809935336943,0.018535000000000003,0.01853,0.01854809935336943,True,1.6130576419723804e-05,-1.9996719412911535e-07,0,0.018540409572581466,0.018540713596659854,-0.7943740343130301,-0.0,0.01852141389962999,0.018521404557686957,45.02739704018777,60.82541802669289,0,1
2023-06-21 15:42:00,2023-06-21 15:42:59,0.01853,0.01854,0.01851,0.01854,0.018541549676684716,0.01853,0.01851,0.018541549676684716,True,1.7121249532600835e-05,-4.845445396690553e-07,0,0.01854056158462066,0.01854073526057564,-1.589190236953506,-0.0,0.018521499333464517,0.018521589586963705,19.906923304150364,45.027397040187765,0,1
2023-06-21 15:43:00,2023-06-21 15:43:59,0.01854,0.01854,0.01854,0.01854,0.01853577483834236,0.01854,0.01854,0.01854,True,1.589830313741506e-05,-6.595192402260859e-07,0,0.01854064842259815,0.01854074727205942,-2.1190677053804947,-0.0,0.0185216834196987,0.01852177277515312,14.427281924065463,26.453867422801192,0,1
2023-06-21 15:44:00,2023-06-21 15:44:59,0.01853,0.01852,0.01852,0.01853,0.01853788741917118,0.018525,0.01852,0.01853788741917118,True,1.6191281484742746e-05,-2.126128273976113e-06,0,0.018540697847328785,0.018540648685752073,-7.692617622091916,-7.692617622091916,0.018521716420497717,0.01852175513559936,14.427281924065463,16.25382905076042,-1,-2
2023-06-21 15:45:00,2023-06-21 15:45:59,0.01852,0.01851,0.0185,0.01852,0.01853144370958559,0.018512499999999998,0.0185,0.01853144370958559,True,1.6463332807261064e-05,-3.6727851758786695e-06,0,0.01854067326654043,0.018540377938139587,-13.144417704498224,-13.144417704498224,0.018521624714821123,0.018521638169075982,14.427281924065463,14.427281924065454,0,-2
2023-06-21 15:46:00,2023-06-21 15:46:59,0.01851,0.01851,0.0185,0.01851,0.018521971854792794,0.0185075,0.0185,0.018521971854792794,True,1.6001666178170958e-05,-4.510043066857482e-06,0,0.018540525602340006,0.01853993919902005,-16.7789510927691,-16.7789510927691,0.018521484170395043,0.018521522366398608,1.3263464400855204e-13,9.618187949377011,0,-2
2023-06-21 15:47:00,2023-06-21 15:47:59,0.01851,0.01852,0.01851,0.01853,0.018514735927396397,0.0185175,0.01851,0.01853,True,1.6287261451158935e-05,-4.157983989030311e-06,0,0.018540232400680028,0.01853943981985719,-14.413619790379272,-14.413619790379272,0.018521444526908525,0.018521507218474245,10.411647754269223,8.279643226111597,0,-2
2023-06-21 15:48:00,2023-06-21 15:48:59,0.01853,0.01853,0.01853,0.01853,0.018516117963698196,0.01853,0.01853,0.01853,True,1.5838171347504944e-05,-3.0460132720233663e-06,0,0.018539836110268607,0.018538981887927204,-9.07997459269589,-9.07997459269589,0.01852152965599401,0.01852159172376306,32.04516662202832,14.152271458765883,0,-1
2023-06-21 15:49:00,2023-06-21 15:49:59,0.01853,0.01852,0.01852,0.01853,0.018523058981849097,0.018525,0.01852,0.01853,True,1.5421159108397664e-05,-2.859117122087643e-06,0,0.018539408999097905,0.018538525424277853,-8.700961275555478,-8.700961275555478,0.01852156418678014,0.018521575885715666,49.925657851364775,30.794157409220762,0,-2
2023-06-21 15:50:00,2023-06-21 15:50:59,0.01852,0.01852,0.01851,0.01853,0.01852402949092455,0.01852,0.01851,0.01853,True,1.5748219172083737e-05,-2.5883190220485935e-06,0,0.01853896721168788,0.01853803894312491,-8.448285730795206,-8.448285730795206,0.018521548622732576,0.018521560205260783,53.72796142471065,45.23292863270124,0,-1
2023-06-21 15:51:00,2023-06-21 15:51:59,0.01851,0.01851,0.01851,0.01853,0.01852201474546227,0.018515,0.01851,0.01853,True,1.6051917802649374e-05,-2.9569224836231612e-06,0,0.018538503077406395,0.018537497861441037,-11.22560651736029,-11.22560651736029,0.018521483462307375,0.018521445178342765,42.73509107901407,48.796236785029826,0,-2
2023-06-21 15:52:00,2023-06-21 15:52:59,0.01851,0.0185,0.0185,0.01851,0.018518507372731134,0.018505,0.0185,0.018518507372731134,True,1.5619637959602962e-05,-3.7175414565803133e-06,0,0.018538000469423714,0.018536848894136298,-15.307029094298585,-15.307029094298585,0.01852131944775705,0.018521231793483632,28.88031466349601,41.781122389073566,0,-2
2023-06-21 15:53:00,2023-06-21 15:53:59,0.0185,0.01849,0.01848,0.0185,0.018511753686365567,0.0184925,0.01848,0.018511753686365567,True,1.5932520962488405e-05,-4.691390763077802e-06,0,0.018537424681780004,0.01853603367703609,-19.749075432026245,-19.749075432026245,0.018521032687082852,0.018520921029369367,14.666363335881051,28.760589692797037,0,-2
2023-06-21 15:54:00,2023-06-21 15:54:59,0.01848,0.0185,0.01848,0.0185,0.01850212684318278,0.01849,0.01848,0.01850212684318278,True,1.622305517945346e-05,-4.380288176338234e-06,0,0.018536729179408046,0.018535076010900348,-17.74796111910588,-17.74796111910588,0.018520723904126804,0.018520712859922905,4.025714813818528,15.857464271065188,0,-2
2023-06-21 15:55:00,2023-06-21 15:55:59,0.0185,0.0185,0.01849,0.01851,0.01849606342159139,0.0185,0.01849,0.01851,True,1.6492836952349586e-05,-3.93095552141083e-06,0,0.018535902595154197,0.018534081374879923,-16.413884910492307,-16.413884910492307,0.018520517696125543,0.01852050676181422,12.459204309375922,10.383760819691824,0,-1
2023-06-21 15:56:00,2023-06-21 15:56:59,0.01851,0.0185,0.01849,0.01851,0.018498031710795695,0.018502499999999998,0.01849,0.01851,True,1.674334859861027e-05,-3.406009128506225e-06,0,0.018534991985017058,0.018533081609128817,-15.52450077141659,-15.52450077141659,0.018520338415567078,0.018520302714432984,27.883035502981258,14.789318208725227,0,-1
2023-06-21 15:57:00,2023-06-21 15:57:59,0.0185,0.0185,0.01849,0.0185,0.018500265855397845,0.0184975,0.01849,0.018500265855397845,True,1.626168084156665e-05,-2.850184329782105e-06,0,0.018534036797072936,0.018532050358843612,-14.93157801203278,-14.93157801203278,0.01852011116765099,0.018520100697373948,40.350359360382804,26.897533057579988,0,-1
2023-06-21 15:58:00,2023-06-21 15:58:59,0.01849,0.01849,0.01848,0.01849,0.018498882927698922,0.018487499999999997,0.01848,0.018498882927698922,True,1.6528703638597548e-05,-2.9804120191096196e-06,0,0.018533043577958274,0.018530932785402306,-17.943151961096135,-17.943151961096135,0.018519786678420632,0.01851980118794734,32.39031082855629,33.541235230640105,0,-2
2023-06-21 15:59:00,2023-06-21 15:59:59,0.01849,0.01849,0.01848,0.0185,0.018493191463849458,0.01849,0.01848,0.0185,True,1.6776653378697663e-05,-2.857766421568564e-06,0,0.018531988181680288,0.01852977206953409,-19.950867927138372,-19.950867927138372,0.018519490293560724,0.018519504658714034,25.061601871920743,32.60075735361993,0,-2
2023-06-21 16:00:00,2023-06-21 16:00:59,0.01849,0.0185,0.01848,0.01851,0.01849159573192473,0.018494999999999998,0.01848,0.01851,True,1.772117813736203e-05,-1.8867570132681216e-06,0,0.018530880125607187,0.01852861965639233,-14.17033781418494,-14.17033781418494,0.018519246609047683,0.018519310582507924,27.839882377590214,28.43059835935574,0,-1
2023-06-21 16:01:00,2023-06-21 16:01:59,0.0185,0.01848,0.01848,0.0185,0.018493297865962363,0.01849,0.01848,0.0185,True,1.7883951127550398e-05,-2.4649132093022847e-06,0,0.018529749890999758,0.018527447381507873,-16.782705869490286,-16.782705869490286,0.018518955598012383,0.01851891943243322,34.08941665135004,28.99696696695366,0,-2
2023-06-21 16:02:00,2023-06-21 16:02:59,0.01847,0.01844,0.01842,0.01847,0.01849164893298118,0.01845,0.01842,0.01849164893298118,True,2.089224033272544e-05,-5.38609858201511e-06,0,0.018528598636253814,0.0185259930698475,-23.14823799523122,-23.14823799523122,0.018518269472659027,0.01851813416444881,25.99429441438025,29.30786448110683,0,-2
2023-06-21 16:03:00,2023-06-21 16:03:59,0.01844,0.01838,0.01837,0.01844,0.018470824466490593,0.0184075,0.01837,0.018470824466490593,True,2.4399937451816523e-05,-1.1053603722292516e-05,0,0.018527295853050657,0.018524035091577344,-29.611034404791482,-29.611034404791482,0.018517167288851475,0.018516759695150813,10.74869005130923,23.6108003723465,0,-2
2023-06-21 16:04:00,2023-06-21 16:04:59,0.01838,0.01837,0.01835,0.01838,0.018439162233245297,0.018370000000000004,0.01835,0.018439162233245297,True,2.4799941919543824e-05,-1.4795611120325494e-05,0,0.018525665472314,0.018521436716976467,-34.133930581711866,-34.133930581711866,0.018515702937718623,0.018515299399676676,1.2316074086508402e-13,12.24766148856319,0,-2
2023-06-21 16:05:00,2023-06-21 16:05:59,0.01837,0.01839,0.01837,0.0184,0.018404581116622652,0.0183825,0.01837,0.018404581116622652,True,2.5171374639576323e-05,-1.5043417831838896e-05,0,0.018523551094645235,0.01851843774474712,-31.826686043518517,-31.826686043518517,0.018514377535353264,0.018514052639480888,7.5883744753972655,6.11235484223553,0,-2
2023-06-21 16:06:00,2023-06-21 16:06:59,0.01838,0.01837,0.01837,0.01841,0.018393540558311328,0.0183825,0.01837,0.01841,True,2.6230562165320755e-05,-1.5739287279251927e-05,0,0.01852099441969618,0.018515143955326437,-31.584098571605708,-31.584098571605708,0.01851306532107114,0.018512619279884065,15.176748950794405,7.588374475397255,0,-2
2023-06-21 16:07:00,2023-06-21 16:07:59,0.01837,0.01837,0.01836,0.01838,0.018388020279155662,0.01837,0.01836,0.018388020279155662,True,2.5785522010654928e-05,-1.5296474516595204e-05,0,0.01851806918751131,0.01851155488986263,-31.4223735903305,-31.4223735903305,0.018511641785538095,0.018511200182571786,20.77445132165632,14.513191582615987,0,-2
2023-06-21 16:08:00,2023-06-21 16:08:59,0.01836,0.01832,0.01831,0.01837,0.01837901013957783,0.018340000000000002,0.01831,0.01837901013957783,True,2.822941329560822e-05,-1.7540947829484426e-05,0,0.018514812038686972,0.0185075521443955,-33.711401291071965,-33.711401291071965,0.01850993390707503,0.018509297693192962,14.76440809802188,16.905202790157524,0,-2
2023-06-21 16:09:00,2023-06-21 16:09:59,0.01832,0.01831,0.01829,0.01832,0.018359505069788916,0.01831,0.01829,0.018359505069788916,True,2.835588377449326e-05,-1.865056615784857e-05,0,0.018511182091541237,0.018503045336939247,-35.56400471090815,-35.56400471090815,0.01850794451496483,0.01850731463156915,7.1760336226247405,14.238297680767637,0,-2
2023-06-21 16:10:00,2023-06-21 16:10:59,0.01831,0.01833,0.0183,0.01833,0.018334752534894458,0.0183175,0.0183,0.018334752534894458,True,2.8473320647743654e-05,-1.6889053638771905e-05,0,0.018507113714240242,0.018498224057402066,-31.823268009054697,-31.823268009054697,0.018506049544666673,0.018505550306876922,5.800805103253967,9.24708227463352,0,-1
2023-06-21 16:11:00,2023-06-21 16:11:59,0.01834,0.01834,0.01833,0.01834,0.01832612626744723,0.0183375,0.01833,0.01834,True,2.7153797744333366e-05,-1.4008495772834426e-05,0,0.018502668885821156,0.0184933254921582,-27.0698894793635,-27.0698894793635,0.018504372434769493,0.01850390304014183,18.976707850468006,10.651182192115563,0,-1
2023-06-21 16:12:00,2023-06-21 16:12:59,0.01834,0.01835,0.01834,0.01836,0.018331813133723614,0.0183475,0.01834,0.01836,True,2.6642812191166887e-05,-1.0510900989648496e-05,0,0.01849799718898968,0.018488468299335616,-21.679783204685457,-21.679783204685457,0.01850281151502054,0.01850237166660808,38.59351728556863,21.123676746430192,0,-1
2023-06-21 16:13:00,2023-06-21 16:13:59,0.01835,0.01836,0.01834,0.01837,0.018339656566861807,0.018355,0.01834,0.01837,True,2.6882611320369415e-05,-6.754247163714378e-06,0,0.01849323274416265,0.018483728462795463,-15.938092955816934,-0.0,0.018501340753677053,0.018500955033109494,57.57482838628774,38.381684507441456,0,-1
2023-06-21 16:14:00,2023-06-21 16:14:59,0.01836,0.01839,0.01836,0.01839,0.018347328283430903,0.018375000000000002,0.01836,0.01839,True,2.710528194034294e-05,-1.6163139126724397e-06,0,0.018488480603479057,0.018479250763270397,-7.102711215367265,-0.0,0.018500083631749917,0.0184998510029293,76.15392772064433,57.440757797500225,0,-1
2023-06-21 16:15:00,2023-06-21 16:15:59,0.01838,0.01838,0.01836,0.01839,0.01836116414171545,0.0183775,0.01836,0.01839,True,2.7312047516032645e-05,1.4437577903735822e-06,0,0.018483865683374727,0.018475027320500097,-3.2189450620784257,-0.0,0.018498863894120563,0.01849865845563647,89.87045161887704,74.53306924193636,0,-1
2023-06-21 16:16:00,2023-06-21 16:16:59,0.01838,0.01837,0.01836,0.01838,0.018369332070857725,0.0183725,0.01836,0.01838,True,2.6789758407744538e-05,3.0206802646352596e-06,0,0.018479446501937412,0.018470998727852465,-2.5672007701124357,-0.0,0.01849760654194026,0.018497378271998297,98.56771185792765,88.197363732483,0,-1
2023-06-21 16:17:00,2023-06-21 16:17:59,0.01837,0.01837,0.01836,0.01837,0.018370916035428862,0.018367500000000002,0.01836,0.018370916035428862,True,2.559048995004847e-05,4.248683321905404e-06,0,0.018475222614894937,0.018467116877189216,-2.132704575468445,-0.0,0.018496311949483143,0.018496110826505777,95.67955523396226,94.70590623692232,0,-1
2023-06-21 16:18:00,2023-06-21 16:18:59,0.01836,0.01835,0.01835,0.01836,0.018369208017714432,0.018355000000000003,0.01835,0.018369208017714432,True,2.5191169239330666e-05,3.817599266482114e-06,0,0.018471169746042078,0.018463291427852704,-5.657694600092924,-0.0,0.01849490586043356,0.01849465698743607,89.26243238177113,94.50323315788701,0,-1
2023-06-21 16:19:00,2023-06-21 16:19:59,0.01835,0.01834,0.01833,0.01835,0.018362104008857218,0.0183425,0.01833,0.018362104008857218,True,2.482037143652152e-05,3.0127008692333276e-06,0,0.01846723058694739,0.018459450867034745,-9.542765339525353,-0.0,0.01849338938421034,0.018493118111939193,81.00919082529528,88.65039281367622,0,-2
2023-06-21 16:20:00,2023-06-21 16:20:59,0.01835,0.01837,0.01834,0.01837,0.01835230200442861,0.0183575,0.01834,0.01837,True,2.519034490534157e-05,4.740196799645521e-06,0,0.01846334072699107,0.018455727675124656,-5.227635988340801,-0.0,0.018492037251034116,0.018491893056099003,81.85215510568092,84.04125943758244,0,-1
2023-06-21 16:21:00,2023-06-21 16:21:59,0.01836,0.01837,0.01835,0.01837,0.018354901002214305,0.0183625,0.01835,0.01837,True,2.4819605983531398e-05,5.962520189431354e-06,0,0.018459534201057864,0.01845215673895445,-2.3508830875510895,-0.0,0.01849074832316313,0.01849068018986916,88.26927795787203,83.71020796294941,0,-1
2023-06-21 16:22:00,2023-06-21 16:22:59,0.01836,0.01835,0.01835,0.01836,0.018358700501107154,0.018355000000000003,0.01835,0.01836,True,2.4475348413279095e-05,5.422190943304913e-06,0,0.018455845470006157,0.018448678717242716,-4.492739390264845,-0.0,0.018489397593579416,0.018489280386984892,95.59665208936626,88.57269505097308,0,-1
2023-06-21 16:23:00,2023-06-21 16:23:59,0.01835,0.01834,0.01833,0.01835,0.01835685025055358,0.0183425,0.01833,0.01835685025055358,True,2.4155680669473634e-05,4.443374218818739e-06,0,0.018452262093624435,0.018445211947371948,-7.574618595856478,-0.0,0.01848793592598161,0.018487795009999967,90.67796210075893,91.51463071599908,0,-2
2023-06-21 16:24:00,2023-06-21 16:24:59,0.01834,0.01832,0.01832,0.01834,0.01834967512527679,0.01833,0.01832,0.01834967512527679,True,2.3858846335939747e-05,2.532040015595772e-06,0,0.01844873702049819,0.018441692058589493,-12.338334975432169,-0.0,0.01848636442423055,0.018486125407910416,73.69783852257868,86.65748423756797,0,-2
2023-06-21 16:25:00,2023-06-21 16:25:59,0.01832,0.01829,0.01829,0.01832,0.018339837562638395,0.018305000000000002,0.01829,0.018339837562638395,True,2.429750016908682e-05,-5.862285076364688e-07,0,0.01844521453954384,0.01843798297250801,-18.21000445053701,-18.21000445053701,0.01848455980309393,0.018484173911314294,42.72266075629947,69.03282045987903,0,-2
2023-06-21 16:26:00,2023-06-21 16:26:59,0.01829,0.01832,0.01829,0.01833,0.018322418781319197,0.0183075,0.01829,0.01833,True,2.541910729986622e-05,-2.2957030079127927e-07,0,0.018441598756025926,0.01843416753099612,-15.288929810318805,-0.0,0.018482798014008418,0.018482540340057436,19.374561433526782,45.26502023746831,0,-1
2023-06-21 16:27:00,2023-06-21 16:27:59,0.01832,0.01831,0.01831,0.01832,0.0183149593906596,0.018314999999999998,0.01831,0.01832,True,2.431774249273289e-05,-3.8476114746036907e-07,0,0.01843788314351102,0.01843034599106826,-14.599328287945333,-0.0,0.018481128382028235,0.018480823520753382,15.216473465964526,25.771231885263592,0,-1
2023-06-21 16:28:00,2023-06-21 16:28:59,0.01831,0.01832,0.01828,0.01832,0.0183149796953298,0.0183075,0.01828,0.01832,True,2.5437903743251852e-05,5.08146429117708e-07,0,0.01843411456728964,0.018426494411666612,-12.022958623228007,-0.0,0.018479400736435916,0.018479223286716036,23.171429130628585,19.254154676706634,0,-1
2023-06-21 16:29:00,2023-06-21 16:29:59,0.01831,0.01832,0.0183,0.01832,0.0183112398476649,0.0183125,0.0183,0.01832,True,2.5049482047305234e-05,1.3520480805072235e-06,0,0.018430304489478126,0.018422679913224032,-10.30537884674979,-0.0,0.018477740032590784,0.018477638975405428,34.48050536183632,24.28946931947648,0,-1
2023-06-21 16:30:00,2023-06-21 16:30:59,0.01831,0.01833,0.0183,0.01834,0.01831186992383245,0.01832,0.0183,0.01834,True,2.6117376186783314e-05,2.8098832994560727e-06,0,0.01842649220135108,0.01841897223837319,-6.764964910538197,-0.0,0.01847617048002769,0.01847616993087403,46.07679348568134,34.57624265938208,0,-1
2023-06-21 16:31:00,2023-06-21 16:31:59,0.01833,0.01832,0.01832,0.01834,0.018315934961916226,0.0183275,0.01832,0.01834,True,2.5680420744870163e-05,3.2231754015639053e-06,0,0.018422732219862136,0.01841542556305582,-6.6129925595745505,-0.0,0.01847469117176871,0.018474616001213594,71.09326454526935,50.550187797595676,0,-1
2023-06-21 16:32:00,2023-06-21 16:32:59,0.01832,0.01832,0.01832,0.01834,0.018321717480958115,0.018324999999999998,0.01832,0.01834,True,2.5274676405950807e-05,3.623034389420879e-06,0,0.018419078891458978,0.01841201282510917,-6.511677658932122,-0.0,0.018473201707373,0.018473077533539828,87.73153539164765,68.30053114086611,0,-1
2023-06-21 16:33:00,2023-06-21 16:33:59,0.01833,0.01833,0.01832,0.01833,0.018323358740479058,0.0183275,0.01832,0.01833,True,2.4183628091240007e-05,4.676054732706181e-06,0,0.018415545858284074,0.01840874610466672,-3.4526021158215556,-0.0,0.01847175193914043,0.01847165387648968,97.27345881354513,85.36608625015405,0,-1
2023-06-21 16:34:00,2023-06-21 16:34:59,0.01832,0.01831,0.01829,0.01833,0.01832542937023953,0.0183125,0.01829,0.01833,True,2.5313368941865607e-05,4.039308190400812e-06,0,0.018412145981475395,0.01840551384205651,-6.270392210697622,-0.0,0.018470167342731072,0.0184700453802062,85.65705972683884,90.22068464401055,0,-1
2023-06-21 16:35:00,2023-06-21 16:35:59,0.0183,0.01829,0.01828,0.01831,0.018318964685119767,0.018295,0.01828,0.018318964685119767,True,2.5648128303160836e-05,2.332069460392093e-06,0,0.018408829911765952,0.01840221081648822,-11.314005528364149,-0.0,0.018468424384096932,0.01846825388388574,64.27372284540587,82.4014137952633,0,-2
2023-06-21 16:36:00,2023-06-21 16:36:59,0.01829,0.0183,0.01829,0.0183,0.018306982342559883,0.018295,0.01829,0.018306982342559883,True,2.4530404852935035e-05,2.0627116924791007e-06,0,0.018405520364127088,0.018398874741013437,-11.58002288102,-0.0,0.018466698768334774,0.018466579715886878,40.52575138659917,63.48551131961464,0,-1
2023-06-21 16:37:00,2023-06-21 16:37:59,0.01831,0.01832,0.01831,0.01833,0.01830099117127994,0.0183175,0.01831,0.01833,True,2.4921090220582447e-05,3.417428190546318e-06,0,0.018402197552570262,0.018395689908068363,-6.8310156853168,-0.0,0.018465214203475723,0.018465121211251188,52.50405708238674,52.43451043813061,0,-1
2023-06-21 16:38:00,2023-06-21 16:38:59,0.01831,0.01829,0.01829,0.01831,0.01830924558563997,0.0183,0.01829,0.01831,True,2.5283869490540756e-05,2.3271835089284373e-06,0,0.018398943730319313,0.01839252593216088,-8.929334825163558,-0.0,0.01846357028105308,0.01846337871163675,64.97975412422524,52.66985419773706,0,-2
2023-06-21 16:39:00,2023-06-21 16:39:59,0.0183,0.0183,0.01829,0.0183,0.018304622792819983,0.0182975,0.01829,0.018304622792819983,True,2.4192164526930675e-05,2.4442039996838775e-06,0,0.018395734831240098,0.018389382932726614,-8.074623343805932,-0.0,0.018461917840445586,0.018461753052814493,74.88289466669455,64.12223529110219,0,-1
2023-06-21 16:40:00,2023-06-21 16:40:59,0.0183,0.01827,0.01827,0.0183,0.018301061396409992,0.018285000000000003,0.01827,0.018301061396409992,True,2.460700991786411e-05,5.896567202606822e-07,0,0.018392558881983358,0.018386192249242504,-11.552228342209425,-0.0,0.01846015746392374,0.018459845062239223,49.69718966542962,63.186612818783146,0,-2
2023-06-21 16:41:00,2023-06-21 16:41:59,0.01828,0.01829,0.01826,0.01829,0.018293030698204996,0.01828,0.01826,0.018293030698204996,True,2.499222349515969e-05,9.71304635080997e-07,0,0.01838937556561293,0.01838295160993517,-9.712653024094841,-0.0,0.01845836485234241,0.01845815506161993,32.29663344049942,52.29223925754121,0,-1
2023-06-21 16:42:00,2023-06-21 16:42:59,0.01828,0.0183,0.01828,0.0183,0.0182865153491025,0.01829,0.01828,0.0183,True,2.4635636102648223e-05,2.0942858962294444e-06,0,0.018386163587774052,0.018379762484923495,-6.646706997640095,-0.0,0.0184566895801798,0.018456581379414756,30.77188804719444,37.588570384374506,0,-1
2023-06-21 16:43:00,2023-06-21 16:43:59,0.01829,0.01829,0.01828,0.01829,0.01828825767455125,0.0182875,0.01828,0.01829,True,2.430451923817329e-05,2.2712944791209916e-06,0,0.018382963036348773,0.018376618645609508,-6.346190287024342,-0.0,0.01845500610177005,0.018454923853251426,38.41226361201713,33.82692836657034,0,-1
2023-06-21 16:44:00,2023-06-21 16:44:59,0.01828,0.01829,0.01828,0.01831,0.018287878837275624,0.01829,0.01828,0.01831,True,2.4711339292589397e-05,2.5107614928752953e-06,0,0.01837979084097914,0.01837354918278351,-6.145845813280502,-0.0,0.018453364250011144,0.01845328281988574,53.508366122211356,40.89750592714099,0,-1
2023-06-21 16:45:00,2023-06-21 16:45:59,0.0183,0.0183,0.0183,0.01831,0.018288939418637813,0.0183025,0.0183,0.01831,True,2.4374815057404382e-05,3.461473297241222e-06,0,0.018376670011881327,0.018370645100162127,-3.557715040728297,-0.0,0.018451863113195112,0.018451757617697823,68.87794243185371,53.599524055360746,0,2
2023-06-21 16:46:00,2023-06-21 16:46:59,0.01831,0.01833,0.01831,0.01833,0.018295719709318904,0.01832,0.01831,0.01833,True,2.477661398187541e-05,6.1951187982021825e-06,0,0.018373657556021727,0.018368011216244692,3.3652334365747762,3.3652334365747762,0.01845055104241705,0.018450546099113764,86.42327186829597,69.60319347412036,0,2
2023-06-21 16:47:00,2023-06-21 16:47:59,0.01833,0.01834,0.01832,0.01835,0.01830785985465945,0.018335,0.01832,0.01835,True,2.5149712983170187e-05,8.577207358393832e-06,0,0.01837083438613321,0.018365711048863764,9.228615814789158,9.228615814789158,0.018449401280800963,0.018449446137928552,100.00000000000013,85.10040476671662,0,2
2023-06-21 16:48:00,2023-06-21 16:48:59,0.01834,0.01834,0.01834,0.01834,0.018321429927329727,0.01834,0.01834,0.01834,True,2.3353304912943745e-05,9.925334789914986e-06,0,0.01836827271749849,0.018363723705770624,13.137537400265423,13.137537400265423,0.018448312710842744,0.018448357121630756,100.00000000000013,95.47442395609876,0,2
2023-06-21 16:49:00,2023-06-21 16:49:59,0.01834,0.01832,0.01832,0.01834,0.01833071496366486,0.01833,0.01832,0.01834,True,2.3113783133447702e-05,9.156813329829946e-06,0,0.01836599821163456,0.018361927676091662,9.890049584833072,9.890049584833072,0.018447135469938834,0.0184470799363409,94.71953575094007,98.23984525031346,0,2
2023-06-21 16:50:00,2023-06-21 16:50:59,0.01833,0.01833,0.01833,0.01834,0.01833035748183243,0.018332499999999998,0.01833,0.01834,True,2.289137005248709e-05,9.096511568923144e-06,0,0.018363962943863114,0.018360311744141388,9.733601281305589,9.733601281305589,0.018445994818496656,0.018445914961849944,90.43022908499607,95.04992161197879,0,2
2023-06-21 16:51:00,2023-06-21 16:51:59,0.01833,0.01833,0.01833,0.01833,0.018331428740916214,0.01833,0.01833,0.018331428740916214,True,2.1256272191595155e-05,8.79623721655763e-06,0,0.018362137344002254,0.018358831538752465,9.629302412287267,9.629302412287267,0.018444840641198182,0.01844476157914497,84.70345635390042,89.95107372994556,0,2
2023-06-21 16:52:00,2023-06-21 16:52:59,0.01834,0.01834,0.01834,0.01834,0.018330714370458107,0.01834,0.01834,0.01834,True,2.0452252749338328e-05,9.025648025421083e-06,0,0.01836048444137736,0.018357536958257568,11.682847129714098,11.682847129714098,0.0184437974507385,0.01844371917537238,89.20554203221427,88.11307582370364,0,2
2023-06-21 16:53:00,2023-06-21 16:53:59,0.01834,0.01834,0.01833,0.01835,0.01833535718522905,0.01834,0.01833,0.01835,True,2.041994898152864e-05,8.886766391147585e-06,0,0.018359010699817466,0.018356397403746096,13.051876941331983,13.051876941331983,0.01844276464028339,0.018442687143776636,92.71647012741205,88.87515617117562,1,2
2023-06-21 16:54:00,2023-06-21 16:54:59,0.01834,0.01834,0.01834,0.01834,0.018337678592614523,0.01834,0.01834,0.01834,True,1.8961381197133738e-05,8.501498913726252e-06,0,0.018357704051781783,0.018355387720837436,13.964563482410576,13.964563482410576,0.018441742106549225,0.01844166538115199,97.66486428776149,93.19562548246263,0,2
2023-06-21 16:55:00,2023-06-21 16:55:59,0.01834,0.01834,0.01834,0.01835,0.01833883929630726,0.0183425,0.01834,0.01835,True,1.832128254019583e-05,7.960353171531338e-06,0,0.01835654588630961,0.01835450436691218,14.573021176462973,14.573021176462973,0.01844075462290197,0.018440653785319634,98.4432428585077,96.2748590912271,0,2
2023-06-21 16:56:00,2023-06-21 16:56:59,0.01835,0.01835,0.01834,0.01837,0.018340669648153632,0.0183525,0.01834,0.01837,True,1.9155476644467716e-05,8.01544148956154e-06,0,0.018355525126610896,0.018353795144065967,17.778743935699552,17.778743935699552,0.018439876467450208,0.01843975175760501,99.22162142925391,98.44324285850773,0,2
2023-06-21 16:57:00,2023-06-21 16:57:59,0.01835,0.01835,0.01835,0.01836,0.018346584824076816,0.0183525,0.01835,0.01836,True,1.8501514027005705e-05,7.754739305738554e-06,0,0.018354660135338433,0.018353227881865837,19.91589244185728,19.91589244185728,0.018439007049863638,0.018438858705290533,100.00000000000013,99.22162142925394,0,2
2023-06-21 16:58:00,2023-06-21 16:58:59,0.01836,0.01835,0.01835,0.01836,0.018349542412038407,0.018355000000000003,0.01835,0.01836,True,1.7894263025076696e-05,7.2889130925526605e-06,0,0.018353944008602137,0.01835279343096134,21.3406581126291,21.3406581126291,0.018438171158820217,0.018437974539068737,100.00000000000013,99.74054047641808,0,2
2023-06-21 16:59:00,2023-06-21 16:59:59,0.01836,0.01835,0.01835,0.01836,0.018352271206019205,0.018355000000000003,0.01835,0.01836,True,1.7330387094714045e-05,6.699482295109943e-06,0,0.01835336871978174,0.018352466524119124,22.29050189314364,22.29050189314364,0.018437343585100612,0.01843709917052079,100.00000000000013,100.00000000000016,0,1
2023-06-21 17:00:00,2023-06-21 17:00:59,0.01836,0.01838,0.01835,0.01838,0.018353635603009604,0.018367500000000002,0.01835,0.01838,True,1.8235359445091524e-05,8.102806516880534e-06,1,0.018352917621950432,0.018352312293695362,28.123152294568698,28.123152294568698,0.018436648624054836,0.018436531019570334,100.00000000000013,100.00000000000016,0,2
2023-06-21 17:01:00,2023-06-21 17:01:59,0.01838,0.01838,0.01837,0.01838,0.0183605678015048,0.018377499999999998,0.01837,0.01838,True,1.7647119484727812e-05,8.661129538639671e-06,0,0.018352614957822897,0.018352363681449584,32.011585895518735,32.011585895518735,0.0184360600805319,0.018435968521863168,100.00000000000013,100.00000000000016,0,2
2023-06-21 17:02:00,2023-06-21 17:02:59,0.01838,0.01838,0.01837,0.01839,0.0183690339007524,0.01838,0.01837,0.01839,True,1.7815182378675765e-05,8.63392523331123e-06,0,0.01835248931963624,0.01835259375392538,34.603874962818765,34.603874962818765,0.018435502268785316,0.01843541162114811,100.00000000000013,100.00000000000016,0,2
2023-06-21 17:03:00,2023-06-21 17:03:59,0.01838,0.01838,0.01838,0.01839,0.018374516950376202,0.0183825,0.01838,0.01839,True,1.725695506591318e-05,8.215284800042331e-06,0,0.01835254153678081,0.018352980080255894,36.33206767435212,36.33206767435212,0.01843497488302626,0.0184348602617337,100.00000000000013,100.00000000000016,0,2
2023-06-21 17:04:00,2023-06-21 17:04:59,0.01839,0.0184,0.01838,0.0184,0.0183785084751881,0.0183925,0.01838,0.0184,True,1.7452886846919325e-05,8.920380889958616e-06,0,0.018352760808518352,0.018353555386370273,39.033550472235234,39.033550472235234,0.018434552247374256,0.018434513393457745,100.00000000000013,100.00000000000016,0,2
2023-06-21 17:05:00,2023-06-21 17:05:59,0.0184,0.0184,0.01839,0.0184,0.01838550423759405,0.0183975,0.01839,0.0184,True,1.6920537786425056e-05,8.934357208149371e-06,0,0.018353158097444314,0.018354309835703065,40.83453900415731,40.83453900415731,0.018434183568295907,0.01843416997660742,100.00000000000013,100.00000000000016,0,2
2023-06-21 17:06:00,2023-06-21 17:06:59,0.01841,0.0184,0.0184,0.01841,0.018391502118797025,0.018404999999999998,0.0184,0.01841,True,1.6426213658823237e-05,8.486289223382377e-06,0,0.01835373396657369,0.01835525160740279,42.03519802543869,42.03519802543869,0.018433893184531768,0.01843382997684018,100.00000000000013,100.00000000000016,0,2
2023-06-21 17:07:00,2023-06-21 17:07:59,0.01841,0.0184,0.01839,0.01841,0.01839825105939851,0.0184025,0.01839,0.01841,True,1.6681484111764377e-05,7.745757624551875e-06,0,0.018354492786988242,0.0183563172451053,42.83563737295961,42.83563737295961,0.018433580814536426,0.018433493360155203,96.59927891490399,98.86642630496812,0,1
2023-06-21 17:08:00,2023-06-21 17:08:59,0.01841,0.01843,0.01841,0.01843,0.018400375529699253,0.01842,0.01841,0.01843,True,1.763280667520969e-05,8.893884426007737e-06,0,0.018355405016046773,0.018357593160585627,44.45610047380944,44.45610047380944,0.018433445682053476,0.018433458600352663,96.59927891490399,97.73285260993607,0,2
2023-06-21 17:09:00,2023-06-21 17:09:59,0.01842,0.01842,0.01842,0.01843,0.018410187764849626,0.018422499999999998,0.01842,0.01843,True,1.708760619840897e-05,8.454160378560009e-06,0,0.0183564990883162,0.018359043027760803,39.35204393698254,39.35204393698254,0.018433336769794237,0.018433324683931242,96.59927891490399,96.59927891490405,0,2
2023-06-21 17:10:00,2023-06-21 17:10:59,0.01842,0.01844,0.01842,0.01844,0.018416343882424812,0.018430000000000002,0.01842,0.01844,True,1.729563432709423e-05,9.050925008272785e-06,0,0.018357771058038503,0.018360671358673947,38.125869034810975,38.125869034810975,0.018433303568104742,0.01843339110498665,100.00000000000013,97.73285260993607,0,2
2023-06-21 17:11:00,2023-06-21 17:11:59,0.01843,0.01842,0.01842,0.01844,0.01842317194121241,0.0184275,0.01842,0.01844,True,1.7488803303730547e-05,7.5333836197466465e-06,0,0.018359221208356227,0.018362411870602655,29.509435445999955,29.509435445999955,0.018433245821158427,0.018433257860160913,96.1828455677579,97.59404149422072,0,1
2023-06-21 17:12:00,2023-06-21 17:12:59,0.01842,0.01844,0.01842,0.01844,0.018425335970606204,0.018430000000000002,0.01842,0.01844,True,1.7668174496321415e-05,7.447570919129953e-06,0,0.018360816539479442,0.0183642459143297,26.86884525502643,26.86884525502643,0.018433213524430482,0.01843332494612946,93.3049036385745,96.49591640211088,0,2
2023-06-21 17:13:00,2023-06-21 17:13:59,0.01844,0.01845,0.01844,0.01845,0.018427667985303105,0.018445000000000003,0.01844,0.01845,True,1.712044774658414e-05,7.593393873629384e-06,0,0.018362531226904573,0.01836624392876091,26.330107066847617,26.330107066847617,0.018433330802794357,0.018433490867063494,93.3049036385745,94.26421761496901,0,2
2023-06-21 17:14:00,2023-06-21 17:14:59,0.01845,0.01846,0.01845,0.01846,0.018436333992651554,0.018455,0.01845,0.01846,True,1.6611844336113816e-05,7.870031839233572e-06,0,0.018364387577832743,0.01836842594061148,27.07667762042901,27.07667762042901,0.0184335464166969,0.018433754639530522,97.12205807081675,94.57728844932195,0,2
2023-06-21 17:15:00,2023-06-21 17:15:59,0.01847,0.01847,0.01846,0.01848,0.01844566699632578,0.01847,0.01846,0.01848,True,1.685385545496277e-05,8.205976202400156e-06,0,0.01836640675922211,0.01837084075995447,28.564198527440567,28.564198527440567,0.018433909138918823,0.01843411528988345,100.00000000000013,96.80898723646384,0,2
2023-06-21 17:16:00,2023-06-21 17:16:59,0.01847,0.01847,0.01847,0.01849,0.01845783349816289,0.018475,0.01847,0.01849,True,1.7078580065322515e-05,7.866068952904735e-06,0,0.018368623759588292,0.018373456607362046,29.55587913211494,29.55587913211494,0.01843431800320819,0.018434472351675654,100.00000000000013,99.0406860236057,0,2
2023-06-21 17:17:00,2023-06-21 17:17:59,0.01846,0.01847,0.01846,0.01847,0.018466416749081442,0.018465000000000002,0.01846,0.01847,True,1.6572967203513735e-05,7.091621526747566e-06,0,0.01837104018347517,0.018376144167448885,30.21699953523118,30.21699953523118,0.018434623296708606,0.018434825860614203,78.03345396177104,92.67781798725713,0,1
2023-06-21 17:18:00,2023-06-21 17:18:59,0.01847,0.01847,0.01847,0.01847,0.018465708374540722,0.01847,0.01847,0.01847,True,1.5389183831834183e-05,6.059423525461925e-06,0,0.018373592175462028,0.01837890405322944,30.657746470642024,30.657746470642024,0.01843497530370653,0.01843517585205088,56.994647609493235,78.34270052375483,0,1
2023-06-21 17:19:00,2023-06-21 17:19:59,0.01847,0.01847,0.01846,0.01848,0.01846785418727036,0.01847,0.01846,0.01848,True,1.5718527843845968e-05,4.897032534393945e-06,0,0.018376248114345736,0.0183817019457858,30.95157776091591,30.95157776091591,0.01843532380814726,0.018435522360985696,35.955841257215425,56.994647609493256,0,1
2023-06-21 17:20:00,2023-06-21 17:20:59,0.01846,0.01847,0.01845,0.01847,0.01846892709363518,0.0184625,0.01845,0.01847,True,1.6024347283571198e-05,3.694661618046484e-06,0,0.018378975030065768,0.018384459106849653,31.147465287765172,31.147465287765172,0.01843559421801644,0.018435865422070416,24.589053962111183,39.17984760960663,0,1
2023-06-21 17:21:00,2023-06-21 17:21:59,0.01846,0.01846,0.01846,0.01846,0.01846571354681759,0.01846,0.01846,0.01846571354681759,True,1.5594036763316085e-05,1.8286800701423344e-06,0,0.01838171706845771,0.018387148130007303,23.32365369723641,23.32365369723641,0.018435837061618266,0.018436105567124442,12.294526981055663,24.279807400127442,0,1
2023-06-21 17:22:00,2023-06-21 17:22:59,0.01846,0.01848,0.01846,0.01848,0.018462856773408795,0.01847,0.01846,0.01848,True,1.5908748423079164e-05,1.6715899547277817e-06,0,0.018384432599232507,0.018389833668788318,23.928563952909798,23.928563952909798,0.018436176991353408,0.018436542327650567,6.079006608071448,14.32086251707945,0,1
2023-06-21 17:23:00,2023-06-21 17:23:59,0.01847,0.01846,0.01845,0.01848,0.018466428386704398,0.018465000000000002,0.01845,0.01848,True,1.6915266392859137e-05,-1.1918278030151097e-07,0,0.01838713313401041,0.018392463733325766,16.037791523967954,0.0,0.018436463787459344,0.018436775737325686,6.079006608071448,8.150846732399538,0,1
2023-06-21 17:24:00,2023-06-21 17:24:59,0.01846,0.01846,0.01845,0.01846,0.0184657141933522,0.0184575,0.01845,0.0184657141933522,True,1.642131879336917e-05,-1.5141561428791704e-06,0,0.018389798433668086,0.018394980619585433,10.77727657134006,0.0,0.018436673103007013,0.018437006824516475,6.079006608071448,6.079006608071467,0,1
2023-06-21 17:25:00,2023-06-21 17:25:59,0.01846,0.01846,0.01845,0.01847,0.018461607096676103,0.01846,0.01845,0.01847,True,1.6676938879557027e-05,-2.58812954610357e-06,0,0.018392389526626758,0.018397408283933367,7.27026660292146,0.0,0.018436905211434804,0.01843723561233223,1.399760622112856,4.519257946085269,0,1
2023-06-21 17:26:00,2023-06-21 17:26:59,0.01846,0.01847,0.01846,0.01847,0.018460803548338053,0.018465000000000002,0.01846,0.01847,True,1.6200014673874353e-05,-2.7164076317137424e-06,0,0.018394898905280063,0.018399783352200893,8.620993679709137,0.0,0.018437184761569782,0.01843756162613987,5.566849082618925,4.348538770934428,0,1
2023-06-21 17:27:00,2023-06-21 17:27:59,0.01847,0.01847,0.01847,0.01848,0.018462901774169028,0.0184725,0.01847,0.01848,True,1.57571564828833e-05,-2.908784654857087e-06,0,0.018397341128740478,0.0184021521736863,9.521478397567591,0.0,0.018437536156977047,0.018437884396029027,13.60310683532318,6.856572180018339,0,1
2023-06-21 17:28:00,2023-06-21 17:28:59,0.01846,0.01847,0.01846,0.01848,0.018467700887084514,0.0184675,0.01846,0.01848,True,1.6060216734105864e-05,-3.1292172314228558e-06,0,0.018399746651213387,0.018404465519084336,10.121801542806558,0.0,0.018437834304668818,0.018438203954277494,14.275895348037082,11.148617088659748,0,1
2023-06-21 17:29:00,2023-06-21 17:29:59,0.01848,0.01848,0.01847,0.01848,0.01846760044354226,0.0184775,0.01847,0.01848,True,1.562734411024113e-05,-2.6670683974867236e-06,0,0.01840210608514886,0.018406787926393706,14.101944437541945,0.0,0.018438228988204453,0.018438619835329458,17.443786210861187,15.107596131407169,0,1
2023-06-21 17:30:00,2023-06-21 17:30:59,0.01849,0.01847,0.01847,0.01849,0.01847255022177113,0.01848,0.01847,0.01849,True,1.5939676673795275e-05,-3.151433499842655e-06,0,0.018404447005771284,0.018409118686684316,10.751856669843157,0.0,0.018438644620162616,0.01843893207577394,22.129654177968863,17.94977857895573,0,1
2023-06-21 17:31:00,2023-06-21 17:31:59,0.01848,0.01846,0.01845,0.01848,0.018476275110885565,0.0184675,0.01845,0.01848,True,1.694398548280981e-05,-4.220856634781092e-06,0,0.0184067828462278,0.018411354268548213,4.361532414905021,0.0,0.018438931738369954,0.018439141706860767,20.057105043142247,19.876848477324117,0,1
2023-06-21 17:32:00,2023-06-21 17:32:59,0.01845,0.01845,0.01845,0.01845,0.01847188755544278,0.01845,0.01845,0.01847188755544278,True,1.644798651975194e-05,-5.613631586952058e-06,0,0.018409068557388008,0.018413379508687728,-2.904027325854642,-0.0,0.01843904187032647,0.01843924974957857,12.722125719812075,18.302961646974413,0,1
2023-06-21 17:33:00,2023-06-21 17:33:59,0.01845,0.01845,0.01845,0.01847,0.01846094377772139,0.018455,0.01845,0.01847,True,1.6701701768341027e-05,-6.4580512360310545e-06,0,0.018411224033037868,0.01841525955532458,-7.747733819694417,-7.747733819694417,0.018439200657686405,0.018439356717244455,3.295373685282406,12.024868149412258,0,1
2023-06-21 17:34:00,2023-06-21 17:34:59,0.01846,0.01846,0.01846,0.01847,0.018457971888860697,0.0184625,0.01846,0.01847,True,1.6937294499173753e-05,-6.213771633496062e-06,0,0.018413241794181225,0.0184170638489524,-5.628310146666365,-5.628310146666365,0.01843943249193828,0.018439562123043016,11.286227194929914,9.101242200008148,0,1
2023-06-21 17:35:00,2023-06-21 17:35:59,0.01846,0.01845,0.01845,0.01847,0.01846023594443035,0.0184575,0.01845,0.01847,True,1.715605917780414e-05,-6.637865931040117e-06,0,0.01841515282156681,0.01841876181701305,-7.814344123614234,-7.814344123614234,0.0184396122681379,0.018439665982515226,15.256408375315688,9.946003085176018,0,1
2023-06-21 17:36:00,2023-06-21 17:36:59,0.01846,0.01847,0.01846,0.01849,0.018458867972215173,0.01847,0.01846,0.01849,True,1.8787769236532302e-05,-5.407063257673941e-06,0,0.01841695731928993,0.018420450187633608,-2.0640289659502216,-0.0,0.018439914633629064,0.018439967813534977,25.72580912897676,17.422814899740803,0,2
2023-06-21 17:37:00,2023-06-21 17:37:59,0.01848,0.01847,0.01847,0.01848,0.018464433986107587,0.018475,0.01847,0.01848,True,1.8160071433922822e-05,-4.524180273744628e-06,0,0.018418703753461767,0.018422153723421434,1.7695144724924532,0.0,0.018440263741752158,0.018440266641260996,34.757952082250775,25.246723195514424,0,2
2023-06-21 17:38:00,2023-06-21 17:38:59,0.01847,0.01847,0.01847,0.01847,0.018469716993053793,0.01847,0.01847,0.01847,True,1.6862923474356906e-05,-3.898491247041247e-06,0,0.0184204287384416,0.01842382320546762,4.325210098120898,0.0,0.018440559624918803,0.018440562495576806,42.64550172545792,34.37642097889517,0,2
2023-06-21 17:39:00,2023-06-21 17:39:59,0.01847,0.01846,0.01846,0.01847,0.018469858496526895,0.018465000000000002,0.01846,0.01847,True,1.6372714654759953e-05,-4.146527549397522e-06,0,0.018422125971954608,0.01842542011702393,1.4519932402637679,0.0,0.018440802812730556,0.018440755903581015,35.71899585583042,37.70748322117972,0,1
2023-06-21 17:40:00,2023-06-21 17:40:59,0.01846,0.01849,0.01846,0.0185,0.01846742924826345,0.0184775,0.01846,0.0185,True,1.8060377893705555e-05,-2.198690716149429e-06,0,0.018423773044489267,0.018427034700104976,7.753991432178907,0.0,0.018441167958872542,0.01844124589459016,34.444169731261894,37.602889104183426,0,2
2023-06-21 17:41:00,2023-06-21 17:41:59,0.0185,0.01849,0.01849,0.0185,0.018472464624131726,0.018494999999999998,0.01849,0.0185,True,1.74846366155837e-05,-9.72161736781459e-07,0,0.01842540387229712,0.01842877218695537,11.95532356012233,0.0,0.018441703601072813,0.018441731010066877,48.345968734105725,39.5030447737327,0,2
2023-06-21 17:42:00,2023-06-21 17:42:59,0.01848,0.01849,0.01848,0.01849,0.018483732312065862,0.018485,0.01848,0.01849,True,1.6950019714470547e-05,-2.654618110132263e-07,0,0.018427088029626244,0.018430525905165508,14.756211645417949,0.0,0.018442134411012386,0.018442211298523924,57.53034446229541,46.77349430922103,0,2
2023-06-21 17:43:00,2023-06-21 17:43:59,0.01849,0.0185,0.01849,0.0185,0.01848436615603293,0.018494999999999998,0.01849,0.0185,True,1.6453589734865478e-05,7.595710268003081e-07,0,0.018428806967395874,0.018432348980702028,18.671869431632786,0.0,0.018442660436773457,0.01844278631047891,63.330122883446755,56.402145359949316,0,2
2023-06-21 17:44:00,2023-06-21 17:44:59,0.0185,0.01853,0.01848,0.01853,0.018489683078016465,0.018510000000000002,0.01848,0.01853,True,1.8849761896660903e-05,3.314582410084406e-06,0,0.01843057797404895,0.018434317069464384,24.629589015749218,0.0,0.018443330482178697,0.018443654108384593,70.90392639034334,63.921464578695186,0,2
2023-06-21 17:45:00,2023-06-21 17:45:59,0.01852,0.0185,0.01849,0.01852,0.018499841539008233,0.0185075,0.01849,0.01852,True,2.0360493189756685e-05,2.6243596848898205e-06,0,0.018432447521756667,0.0184363686723187,18.822000766333986,0.0,0.018443968984843587,0.018444214764022557,85.36306055930133,73.19903661103051,0,1
2023-06-21 17:46:00,2023-06-21 17:46:59,0.01851,0.01854,0.01851,0.01854,0.018503670769504117,0.018525,0.01851,0.01854,True,2.1763315104774198e-05,4.662698687533052e-06,0,0.018434408097037683,0.018438592018838174,19.966425627459174,0.0,0.018444775263601363,0.018445167850947707,97.14844513313032,84.47181069425835,0,2
2023-06-21 17:47:00,2023-06-21 17:47:59,0.01853,0.01851,0.01851,0.01853,0.018514335384752056,0.018520000000000002,0.01851,0.01853,True,2.235164974014763e-05,3.566006543994482e-06,0,0.01843650005793793,0.018440901020514138,14.939215304230316,0.0,0.01844552376844115,0.018445812946958177,91.50370098851027,91.33840222698068,0,1
2023-06-21 17:48:00,2023-06-21 17:48:59,0.0185,0.01851,0.0185,0.01851,0.01851716769237603,0.018505,0.0185,0.01851716769237603,True,2.146938904442277e-05,2.542980838848838e-06,0,0.018438700539226034,0.01844315870093817,11.58774175541108,0.0,0.01844611557174024,0.018446451624102873,73.24594640946317,87.2993641770346,0,1
2023-06-21 17:49:00,2023-06-21 17:49:59,0.01851,0.0185,0.0185,0.01851,0.018511083846188013,0.018505,0.0185,0.018511083846188013,True,2.0650146969821113e-05,9.236484164065642e-07,0,0.018440929620082102,0.018445360485690964,7.460707808231895,0.0,0.018446701486449293,0.01844698444376354,50.50555004532476,71.75173248109941,0,1
2023-06-21 17:50:00,2023-06-21 17:50:59,0.0185,0.01851,0.01849,0.01852,0.018508041923094007,0.018505,0.01849,0.01852,True,2.1317993614833802e-05,3.6141074196359944e-07,0,0.018443145052886533,0.018447503156803775,6.57916834096266,0.0,0.01844728157116124,0.018447611464223603,33.409897825806404,52.38713142686479,0,1
2023-06-21 17:51:00,2023-06-21 17:51:59,0.01851,0.01851,0.01851,0.01851,0.018506520961547004,0.01851,0.01851,0.01851,True,1.9795279785202818e-05,-1.78443837760453e-07,0,0.018445324104845152,0.018449618891646938,5.99147536278317,0.0,0.018447905635129783,0.018448232245674115,35.51994225453307,39.81179670855476,0,1
2023-06-21 17:52:00,2023-06-21 17:52:59,0.0185,0.0185,0.0185,0.01852,0.018508260480773503,0.018504999999999997,0.0185,0.01852,True,1.980990265768827e-05,-1.3650116415010749e-06,0,0.018447471498246045,0.01845166459786722,3.0925990941776575,0.0,0.01844847373826282,0.018448747347707208,33.08415915576408,34.00466641203453,0,1
2023-06-21 17:53:00,2023-06-21 17:53:59,0.01851,0.0185,0.0185,0.01851,0.01850663024038675,0.018505,0.0185,0.01851,True,1.910919532499622e-05,-2.228481992947785e-06,0,0.01844956804805663,0.018453641134340018,1.1600149151073111,0.0,0.01844903618862836,0.01844925732434694,22.491222186573022,30.3651078656234,0,1
2023-06-21 17:54:00,2023-06-21 17:54:59,0.0185,0.0185,0.01849,0.0185,0.018505815120193374,0.0184975,0.01849,0.018505815120193374,True,1.845853851606789e-05,-2.8406535561982687e-06,0,0.018451604591198323,0.01845549819386601,-0.1283745376062484,-0.0,0.018449518415607182,0.018449762226592243,8.157153870429942,21.244178404255692,0,1
2023-06-21 17:55:00,2023-06-21 17:55:59,0.0185,0.01852,0.0185,0.01853,0.01850165756009669,0.0185125,0.0185,0.01853,True,1.9282928622063203e-05,-1.886801133051742e-06,0,0.018453551392532165,0.01845735136290026,4.663795717576882,0.0,0.018450145098038953,0.018450461109909732,12.60033014518684,14.416235400729946,0,2
2023-06-21 17:56:00,2023-06-21 17:56:59,0.01852,0.01852,0.01851,0.01852,0.018507078780048345,0.0185175,0.01851,0.01852,True,1.8619862291915804e-05,-1.3316403701335015e-06,0,0.01845545137771621,0.018459223059529965,7.858575887698969,0.0,0.018450815296068415,0.01845115303916436,28.90050943687383,16.552664484163547,0,2
2023-06-21 17:57:00,2023-06-21 17:57:59,0.01851,0.01852,0.0185,0.01852,0.018512289390024174,0.018512499999999998,0.0185,0.01852,True,1.8718443556778905e-05,-1.0569974489460073e-06,0,0.018457337218623086,0.018461062195919184,9.988429334447027,0.0,0.01845142907421699,0.018451838083550786,38.951374709237946,26.817404763766216,0,2
2023-06-21 17:58:00,2023-06-21 17:58:59,0.01851,0.01852,0.01851,0.01852,0.018512394695012084,0.018514999999999997,0.01851,0.01852,True,1.8095697588437524e-05,-9.74323096261962e-07,0,0.018459199707271133,0.018462880231629262,11.408331632279072,0.0,0.018452061620742193,0.018452516311575157,38.45491906719352,35.43560107110178,0,1
2023-06-21 17:59:00,2023-06-21 17:59:59,0.01852,0.01851,0.0185,0.01852,0.01851369734750604,0.018512499999999998,0.0185,0.01852,True,1.8231719189263358e-05,-1.7035977635467984e-06,0,0.018461039969450196,0.018464652028309207,6.998913838338758,0.0,0.01845266299765023,0.01845308828857441,30.937411328656193,36.11456836836256,0,1
2023-06-21 18:00:00,2023-06-21 18:00:59,0.0185,0.0185,0.01849,0.01851,0.018513098673753017,0.0185,0.01849,0.018513098673753017,True,1.8358024961458776e-05,-2.9222979994700474e-06,0,0.0184628459988797,0.01846628950097277,0.35207300150276666,0.0,0.018453134012598984,0.018453555071772675,20.886546056292076,30.092958817380605,0,1
2023-06-21 18:01:00,2023-06-21 18:01:59,0.0185,0.01851,0.0185,0.01851,0.01850654933687651,0.018505,0.0185,0.01851,True,1.7761023178497406e-05,-3.0265100242861283e-06,0,0.018464567749926237,0.01846784428990705,0.47186940405018163,0.0,0.01845365009207561,0.018454116712849564,16.099138503699322,22.64103196288254,0,1
2023-06-21 18:02:00,2023-06-21 18:02:59,0.01852,0.01853,0.01851,0.01854,0.018505774668438255,0.018525,0.01851,0.01854,True,1.8635235808604895e-05,-1.7148368698286412e-06,0,0.018466206019916644,0.01846946053512353,6.1766178462630705,0.0,0.01845436004140819,0.01845487177043315,39.0502720152859,25.345318858425774,0,2
2023-06-21 18:03:00,2023-06-21 18:03:59,0.01853,0.01852,0.01851,0.01853,0.018515387334219126,0.0185225,0.01851,0.01853,True,1.8732718965133308e-05,-1.6009851747726205e-06,0,0.018467833277520086,0.01847109692348351,6.140603900641743,0.0,0.018455038050946417,0.018455519812518393,66.34611908945006,40.49850986947843,0,1
2023-06-21 18:04:00,2023-06-21 18:04:59,0.01851,0.01851,0.01849,0.01852,0.018518943667109565,0.0185075,0.01849,0.01852,True,1.9537524753337984e-05,-2.264059576634408e-06,0,0.0184694651005018,0.01847263502736567,2.9435469957270683,0.0,0.018455560060389738,0.01845606190393612,62.09843598117461,55.83160902863687,0,1
2023-06-21 18:05:00,2023-06-21 18:05:59,0.01851,0.0185,0.01849,0.01851,0.018513221833554784,0.018502499999999998,0.01849,0.018513221833554784,True,1.9570558699528072e-05,-3.395973372378237e-06,0,0.018471050063933733,0.018474050892841567,-1.8139943351226506,-0.0,0.018456027124465462,0.01845649909892183,30.364630916434503,52.936395329019724,0,-2
2023-06-21 18:06:00,2023-06-21 18:06:59,0.01851,0.01851,0.01851,0.01852,0.01850786091677739,0.018512499999999998,0.01851,0.01852,True,1.9601233078133153e-05,-3.403212551341617e-06,0,0.018472550478387646,0.01847542941545232,-1.5346149398866942,-0.0,0.01845658904362501,0.01845703144619624,14.7053217107919,35.72279620280034,0,-2
2023-06-21 18:07:00,2023-06-21 18:07:59,0.0185,0.01849,0.01849,0.01851,0.018510180458388696,0.0184975,0.01849,0.018510180458388696,True,1.9629716429695013e-05,-4.734576729132969e-06,0,0.01847398994691998,0.01847666616367964,-6.060142876337274,-6.060142876337274,0.018456996117817794,0.01845735949150772,11.636537868521687,18.9021634985827,0,-2
2023-06-21 18:08:00,2023-06-21 18:08:59,0.01849,0.01848,0.01848,0.01849,0.018503840229194348,0.018485,0.01848,0.018503840229194348,True,1.894187954185963e-05,-6.168808511686599e-06,0,0.018475328055299806,0.01847769704323645,-10.792359003591358,-10.792359003591358,0.018457274763411646,0.018457584770199185,11.636537868521687,12.659465815945092,0,-2
2023-06-21 18:09:00,2023-06-21 18:09:59,0.01848,0.01849,0.01848,0.0185,0.018494420114597176,0.0184875,0.01848,0.0185,True,1.901745957458388e-05,-6.22365317416526e-06,0,0.018476512549268125,0.018478575920669777,-10.425670507849574,-10.425670507849574,0.018457575512034415,0.018457907309799192,2.020703061507399,8.431259599516926,0,-2
2023-06-21 18:10:00,2023-06-21 18:10:59,0.01848,0.01849,0.01848,0.0185,0.01849096005729859,0.0184875,0.01848,0.0185,True,1.9087641033542117e-05,-6.059772643269977e-06,0,0.01847754423496895,0.018479329095728473,-10.181211510688378,-10.181211510688378,0.018457873268133574,0.018458226640049948,4.097279254664454,5.918173394897848,-1,-2
2023-06-21 18:11:00,2023-06-21 18:11:59,0.01849,0.0185,0.01848,0.0185,0.018489230028649294,0.0184925,0.01848,0.0185,True,1.9152809531146194e-05,-5.066229688503892e-06,0,0.018478436665348708,0.01848001244215905,-6.476664681811052,-6.476664681811052,0.01845821781272926,0.018458642295372835,10.66191346130138,5.593298592491078,0,-1
2023-06-21 18:12:00,2023-06-21 18:12:59,0.01849,0.01851,0.01849,0.01851,0.018490865014324648,0.0185,0.01849,0.01851,True,1.9213323136064263e-05,-3.5726212344973253e-06,0,0.01847922455375388,0.018480687581512393,-1.1283626175814234,-0.0,0.018458633555886183,0.018459153317309424,21.61648861294957,12.125227109638468,1,-1
2023-06-21 18:13:00,2023-06-21 18:13:59,0.0185,0.01851,0.0185,0.01851,0.018495432507162325,0.018505,0.0185,0.01851,True,1.855522862634536e-05,-2.502646533227728e-06,0,0.018479956067633134,0.018481385932519485,2.4371720919049977,0.0,0.018459094913539056,0.018459659254450624,36.579948398471636,22.952783490907525,0,-1
2023-06-21 18:14:00,2023-06-21 18:14:59,0.01851,0.01851,0.01851,0.01851,0.018500216253581163,0.01851,0.01851,0.01851,True,1.7229855153034977e-05,-1.7505177484250657e-06,0,0.018480671000076308,0.018482132072111555,4.814195231562614,0.0,0.0184596014318123,0.018460160157391412,51.011030636829126,36.40248921608344,0,-1
2023-06-21 18:15:00,2023-06-21 18:15:59,0.01851,0.01852,0.01851,0.01852,0.01850510812679058,0.018514999999999997,0.01851,0.01852,True,1.6713436927818162e-05,-5.490828522020212e-07,0,0.01848140153609393,0.018482945021998886,9.541805661397511,9.541805661397511,0.018460152661346506,0.0184607555787109,62.87199332008914,50.1543241184633,0,-1
2023-06-21 18:16:00,2023-06-21 18:16:59,0.01853,0.01851,0.0185,0.01853,0.018510054063395287,0.018517500000000003,0.0185,0.01853,True,1.7662477147259883e-05,-4.816318852369864e-07,0,0.01848217327904641,0.018483822147059417,7.66471781449156,7.66471781449156,0.018460723281631616,0.018461245572952582,74.80046953701324,62.8944978313105,0,-1
2023-06-21 18:17:00,2023-06-21 18:17:59,0.0185,0.0185,0.01848,0.0185,0.018513777031697647,0.018495,0.01848,0.018513777031697647,True,1.8543728779598374e-05,-1.1495783153223487e-06,0,0.018482997713052913,0.01848458940574646,2.6782489488489603,0.0,0.018461064343505928,0.018461631189142107,61.50655627534994,66.3930063774841,0,-2
2023-06-21 18:18:00,2023-06-21 18:18:59,0.0185,0.0185,0.01849,0.0185,0.018504388515848826,0.0184975,0.01849,0.018504388515848826,True,1.793346243819846e-05,-1.5754010949392877e-06,0,0.018483793559399688,0.01848528205431313,-0.646063628246111,-0.0,0.01846142688735164,0.018462012968354622,47.07063856546807,61.12588812594375,0,-2
2023-06-21 18:19:00,2023-06-21 18:19:59,0.0185,0.01847,0.01847,0.0185,0.018500944257924413,0.018485,0.01847,0.018500944257924413,True,1.8795357978327054e-05,-3.880135722525905e-06,0,0.01848453780685641,0.018485825446208238,-9.596949503367014,-9.596949503367014,0.01846166144568645,0.018462092441306317,18.102126369864845,42.22644040356095,-1,-2
2023-06-21 18:20:00,2023-06-21 18:20:59,0.01848,0.01848,0.01847,0.01849,0.018492972128962205,0.01848,0.01847,0.018492972128962205,True,1.888140383701792e-05,-4.546974437972627e-06,0,0.018485181626532326,0.018486213293712563,-11.453472333356416,-11.453472333356416,0.0184618439188637,0.018462270625969935,10.400323186533733,25.191029373955548,0,-2
2023-06-21 18:21:00,2023-06-21 18:21:59,0.01848,0.01849,0.01848,0.01849,0.018486486064481104,0.018485,0.01848,0.01849,True,1.824701784865947e-05,-4.117499977385387e-06,0,0.018485697460122446,0.018486510324295127,-9.20829533574235,-9.20829533574235,0.018462074327631223,0.018462546540139388,5.195472310953958,11.232640622450845,0,-1
2023-06-21 18:22:00,2023-06-21 18:22:59,0.01848,0.01848,0.01847,0.01848,0.018485743032240553,0.0184775,0.01847,0.018485743032240553,True,1.8372230859469453e-05,-4.3632141371748165e-06,0,0.018486103892208786,0.018486682358154847,-10.14705133304188,-10.14705133304188,0.018462227816908525,0.018462720206406658,5.195472310953958,6.930422602813882,0,-2
2023-06-21 18:23:00,2023-06-21 18:23:59,0.01848,0.01849,0.01848,0.01849,0.018481621516120275,0.018485,0.01848,0.01849,True,1.777421436950732e-05,-3.6558741584101872e-06,0,0.018486393125181817,0.018486806258856375,-7.419031155903561,-7.419031155903561,0.01846245440579501,0.01846299164713893,12.895473772613919,7.762139464840611,0,-1
2023-06-21 18:24:00,2023-06-21 18:24:59,0.01849,0.01849,0.01848,0.01849,0.01848331075806014,0.018487499999999997,0.01848,0.01849,True,1.7218913343113912e-05,-3.043859137022128e-06,0,0.018486599692019098,0.018486908566552048,-5.60035103781135,-5.60035103781135,0.018462703615687595,0.018463260386968394,17.899662793015597,11.996869625527822,0,-1
2023-06-21 18:25:00,2023-06-21 18:25:59,0.01849,0.01849,0.01849,0.0185,0.018485405379030068,0.0184925,0.01849,0.0185,True,1.6703276675748605e-05,-2.515983278197111e-06,0,0.018486754129285573,0.018487027477300084,-4.387897625749879,-4.387897625749879,0.01846300009712354,0.018463526452769705,33.076250067493746,21.290462211041085,0,-1
2023-06-21 18:26:00,2023-06-21 18:26:59,0.01849,0.01844,0.01844,0.01849,0.01848895268951503,0.018465000000000002,0.01844,0.01849,True,1.9081614056052133e-05,-5.490670213193411e-06,-1,0.01848689080329283,0.018486969964648537,-12.92449635844089,-12.92449635844089,0.01846301999665465,0.018463292358712295,25.376248605833784,25.45072048878104,0,-2
2023-06-21 18:27:00,2023-06-21 18:27:59,0.01845,0.01845,0.01844,0.01846,0.018476976344757517,0.01845,0.01844,0.018476976344757517,True,1.914721305204835e-05,-6.473063769293174e-06,0,0.018486930383970684,0.018486671031259765,-15.33945846377685,-15.33945846377685,0.01846289044444913,0.018463160096436552,15.176587274478274,24.543028649268603,0,-2
2023-06-21 18:28:00,2023-06-21 18:28:59,0.01845,0.01846,0.01844,0.01848,0.018463488172378757,0.018457499999999998,0.01844,0.01848,True,2.063669783404478e-05,-6.112702934203376e-06,0,0.018486800707615225,0.018486235534603702,-13.944164652452663,-13.944164652452663,0.018462836808185955,0.018463128652690914,5.238627128283439,15.263821002865166,0,-2
2023-06-21 18:29:00,2023-06-21 18:29:59,0.01845,0.01847,0.01844,0.01848,0.018460494086189376,0.01846,0.01844,0.01848,True,2.201979084589861e-05,-4.890409823391259e-06,0,0.018486518121109463,0.018485712661355763,-10.290867153209028,-10.290867153209028,0.018462808581238832,0.01846319702430593,12.20492080324683,10.87337840200285,0,-1
2023-06-21 18:30:00,2023-06-21 18:30:59,0.01848,0.01847,0.01845,0.01853,0.018460247043094687,0.0184825,0.01845,0.01853,True,2.6161234356905866e-05,-3.843459519986794e-06,0,0.018486115391232613,0.018485278957297055,-7.855335487046609,-7.855335487046609,0.01846300451575387,0.01846326471560637,45.53825413658016,20.993934022703478,0,-1
2023-06-21 18:31:00,2023-06-21 18:31:59,0.01847,0.01845,0.01844,0.01847,0.018471373521547343,0.0184575,0.01844,0.018471373521547343,True,2.6435431902841074e-05,-4.32203317667543e-06,0,0.018485697174264834,0.01848474690585257,-10.585890335540746,-10.585890335540746,0.018462949744452836,0.018463132728386407,56.29652945356884,38.01323479779861,0,-2
2023-06-21 18:32:00,2023-06-21 18:32:59,0.01845,0.01842,0.01841,0.01845,0.018464436760773674,0.018432499999999997,0.01841,0.018464436760773674,True,2.7404329624066842e-05,-6.4440756977933074e-06,0,0.018485222040058702,0.01848396954867173,-16.179355632049074,-16.179355632049074,0.018462646761920967,0.018462703547009428,52.25398498727171,51.362922859140234,0,-2
2023-06-21 18:33:00,2023-06-21 18:33:59,0.01841,0.01838,0.01837,0.01841,0.018448468380386836,0.0183925,0.01837,0.018448468380386836,True,2.9018306079490494e-05,-1.020858911733055e-05,0,0.018484595794365215,0.01848272995151788,-22.532776085703926,-22.532776085703926,0.01846194878419041,0.01846188062614366,18.920651653938375,42.49038869825964,0,-2
2023-06-21 18:34:00,2023-06-21 18:34:59,0.01838,0.01838,0.01836,0.01839,0.018420484190193417,0.0183775,0.01836,0.018420484190193417,True,2.9088427073812516e-05,-1.2106467055437874e-05,0,0.01848366287294155,0.018481032018585315,-26.768389721473827,-26.768389721473827,0.018461108497780553,0.018461065893545216,2.9237492086663814,24.69946194995882,0,-2
2023-06-21 18:35:00,2023-06-21 18:35:59,0.01838,0.01835,0.01832,0.01838,0.01839899209509671,0.0183575,0.01832,0.01839899209509671,True,3.129639656854027e-05,-1.4749674363335089e-05,0,0.018482347445763433,0.018478847663027185,-30.935772686844107,-30.935772686844107,0.018460077567454377,0.01845996076027611,1.1901590823981678e-13,7.281466954201626,0,-2
2023-06-21 18:36:00,2023-06-21 18:36:59,0.01836,0.01842,0.01836,0.01842,0.018378246047548355,0.01839,0.01836,0.01842,True,3.406093967078719e-05,-1.0874861353042197e-05,0,0.01848059755439531,0.01847651831507986,-20.819893874264146,-20.819893874264146,0.018459380278225974,0.018459563140770876,14.681892245773746,5.868547151480083,0,-1
2023-06-21 18:37:00,2023-06-21 18:37:59,0.01842,0.0184,0.01839,0.01842,0.01838412302377418,0.0184075,0.01839,0.01842,True,3.377087255144516e-05,-9.113593567933356e-06,0,0.018478557934737586,0.018474210864019583,-16.20643097105382,-16.20643097105382,0.018458864056552084,0.018458970472703503,36.012986915511576,16.898293053761815,0,-1
2023-06-21 18:38:00,2023-06-21 18:38:59,0.0184,0.01841,0.0184,0.01842,0.01839581151188709,0.0184075,0.0184,0.01842,True,3.278723879777045e-05,-6.725852606821049e-06,0,0.018476384399378584,0.018471936484100636,-11.762902800236013,-11.762902800236013,0.018458352971412264,0.018458483204318393,57.34408158524942,36.01298691551158,0,-1
2023-06-21 18:39:00,2023-06-21 18:39:59,0.01841,0.01839,0.01837,0.01842,0.018401655755943547,0.018397499999999997,0.01837,0.01842,True,3.40167217407867e-05,-6.0864441291747e-06,0,0.01847416044173961,0.018469635135354153,-11.11551585273672,-11.11551585273672,0.018457747469209158,0.0184578017793998,61.493952881339304,51.61700712736677,0,-1
2023-06-21 18:40:00,2023-06-21 18:40:59,0.0184,0.01838,0.01838,0.0184,0.018399577877971772,0.01839,0.01838,0.0184,True,3.301552733073045e-05,-5.910442920851748e-06,0,0.01847189778854688,0.01846727688558391,-11.771991677803719,-11.771991677803719,0.01845707336503792,0.018457027632341097,57.15325439367452,58.66376295342108,0,-2
2023-06-21 18:41:00,2023-06-21 18:41:59,0.01838,0.01838,0.01837,0.01839,0.018394788938985884,0.01838,0.01837,0.018394788938985884,True,3.2085846807106785e-05,-5.34658680470901e-06,0,0.018469587337065396,0.01846482140670419,-12.209642227848384,-12.209642227848384,0.018456306465883313,0.0184562611882382,50.40783407469045,56.351680449901416,0,-1
2023-06-21 18:42:00,2023-06-21 18:42:59,0.01839,0.01839,0.01839,0.0184,0.018387394469492942,0.0183925,0.01839,0.0184,True,3.122257203517053e-05,-3.862843199412146e-06,0,0.018467204371884795,0.018462391989152546,-10.299021045534978,-10.299021045534978,0.018455671575675518,0.018455601872932346,51.710680644438526,53.09058970426782,0,-1
2023-06-21 18:43:00,2023-06-21 18:43:59,0.01838,0.01835,0.01835,0.01838,0.01838994723474647,0.018365,0.01835,0.01838994723474647,True,3.1849531175515376e-05,-5.27324597817859e-06,0,0.01846479818051867,0.018459811079010496,-13.878615419763335,-13.878615419763335,0.01845476937094243,0.01845455110802755,48.248851541185935,50.122455420104956,0,-2
2023-06-21 18:44:00,2023-06-21 18:44:59,0.01835,0.01836,0.01835,0.01838,0.018377473617373234,0.01836,0.01835,0.01838,True,3.1717421805835616e-05,-5.054297974407582e-06,0,0.018462304629764587,0.018457094300157594,-14.105255364885217,-14.105255364885217,0.01845382639212708,0.018453610300982498,51.82305813299325,50.59419677287256,0,-1
2023-06-21 18:45:00,2023-06-21 18:45:59,0.01836,0.01837,0.01835,0.01838,0.018368736808686618,0.018365,0.01835,0.01838,True,3.1594748819704414e-05,-3.7835032151193687e-06,0,0.01845969946496109,0.01845432349622258,-12.133386720247906,-12.133386720247906,0.0184529425474293,0.01845277835768914,54.76316440574601,51.611691359975055,0,-1
2023-06-21 18:46:00,2023-06-21 18:46:59,0.01837,0.01835,0.01835,0.01838,0.01836686840434331,0.018362500000000004,0.01835,0.01838,True,3.148083818972544e-05,-3.940679129269171e-06,0,0.018457011480591836,0.018451512015963466,-13.486868460857345,-13.486868460857345,0.018452042621584234,0.018451755687463375,63.33699416506048,56.6410722345999,0,-2
2023-06-21 18:47:00,2023-06-21 18:47:59,0.01835,0.01833,0.01832,0.01836,0.018364684202171657,0.018340000000000002,0.01832,0.018364684202171657,True,3.208934974760233e-05,-5.007591157558812e-06,0,0.018454261748277655,0.018448533426764863,-16.494324652556436,-16.494324652556436,0.018450927769628173,0.01845054418808563,59.13813524746917,59.07943127275854,0,-2
2023-06-21 18:48:00,2023-06-21 18:48:59,0.01834,0.01833,0.01832,0.01834,0.018352342101085828,0.018332499999999998,0.01832,0.018352342101085828,True,3.1225824765630676e-05,-5.235169029547019e-06,0,0.018451397587521262,0.01844539224983653,-18.499295447022497,-18.499295447022497,0.01844974938386073,0.01844934474342806,47.57111784903076,56.682082420520125,0,-2
2023-06-21 18:49:00,2023-06-21 18:49:59,0.01833,0.01831,0.0183,0.01833,0.018342421050542915,0.0183175,0.0183,0.018342421050542915,True,3.113826585379982e-05,-6.272755250264296e-06,0,0.0184483949186789,0.018442041702307455,-21.77847559314695,-21.77847559314695,0.018448433469593458,0.01844795822856808,25.468721010895823,44.05932470246524,0,-2
2023-06-21 18:50:00,2023-06-21 18:50:59,0.01831,0.01833,0.0183,0.01834,0.018329960525271458,0.01832,0.0183,0.01834,True,3.1771246864242574e-05,-5.0343527848975604e-06,0,0.01844521831049318,0.0184385664568099,-18.66918654619718,-18.66918654619718,0.01844715552462238,0.018446784514850986,14.217239160007809,29.085692673311456,0,-1
2023-06-21 18:51:00,2023-06-21 18:51:59,0.01834,0.01835,0.01834,0.01836,0.01832498026263573,0.0183475,0.01834,0.01836,True,3.1644729231082546e-05,-2.3718363527170977e-06,0,0.01844189238365154,0.018435205558850004,-12.521988685599737,-12.521988685599737,0.018446163927362456,0.01844582148485247,32.3243406713736,24.0034336140924,0,-1
2023-06-21 18:52:00,2023-06-21 18:52:59,0.01835,0.01834,0.01833,0.01836,0.018336240131317863,0.018345,0.01833,0.01836,True,3.152724857171967e-05,-9.613986710231619e-07,0,0.018438548971250773,0.01843194059418621,-10.16742338473226,-0.0,0.018445157321120044,0.018444768534754435,62.74167652594113,36.4277521191075,0,-1
2023-06-21 18:53:00,2023-06-21 18:53:59,0.01834,0.01834,0.01834,0.01836,0.01834062006565893,0.018345,0.01834,0.01836,True,3.070387367373988e-05,2.634899122728665e-07,0,0.018435244782718494,0.018428773559610867,-8.597713184153946,-0.0,0.018444160730860144,0.018443726061771804,90.44947220642689,61.83849646791386,0,-1
2023-06-21 18:54:00,2023-06-21 18:54:59,0.01834,0.01834,0.01833,0.01834,0.018342810032829466,0.0183375,0.01833,0.018342810032829466,True,2.9225025554187004e-05,1.312990138154196e-06,0,0.018432009171164682,0.01842565389733209,-7.551239717101737,-0.0,0.018443099430055565,0.018442693961654672,86.52003876885725,79.90372916707508,0,-1
2023-06-21 18:55:00,2023-06-21 18:55:59,0.01834,0.01829,0.01828,0.01834,0.018340155016414735,0.0183125,0.01828,0.018340155016414735,True,3.142323801460204e-05,-1.2287390823104917e-06,0,0.01842883153424839,0.018422421409209817,-13.919248259345842,-13.919248259345842,0.018441799933239092,0.018441174618752637,67.97633661964464,81.64861586497625,0,-2
2023-06-21 18:56:00,2023-06-21 18:56:59,0.01829,0.0183,0.01825,0.0183,0.01832632750820737,0.018285,0.01825,0.01832632750820737,True,3.275014958498771e-05,-1.8618978017294663e-06,0,0.018425626471729104,0.01841893359156837,-15.545376438592285,-15.545376438592285,0.018440239734898403,0.018439769896177984,37.55900076507711,64.01845871785966,0,-2
2023-06-21 18:57:00,2023-06-21 18:57:59,0.0183,0.0183,0.01829,0.01832,0.018305663754103682,0.0183025,0.01829,0.01832,True,3.255371032891707e-05,-1.915354184821389e-06,0,0.01842228003164874,0.018415388749949677,-16.62946189142324,-16.62946189142324,0.018438869190272548,0.01843837915094238,30.785879271836535,45.440405552186085,0,-1
2023-06-21 18:58:00,2023-06-21 18:58:59,0.01831,0.0183,0.01829,0.01831,0.01830408187705184,0.0183025,0.01829,0.01831,True,3.165701673399436e-05,-1.5884880701056515e-06,0,0.018418834390799207,0.01841182333433599,-17.35218552664388,-17.35218552664388,0.018437512282906653,0.01843700224396783,37.82449113296312,35.38979038995891,0,-1
2023-06-21 18:59:00,2023-06-21 18:59:59,0.0183,0.01833,0.0183,0.01835,0.01830329093852592,0.01832,0.0183,0.01835,True,3.296722982442344e-05,1.029328867543759e-06,0,0.0184153288625676,0.018408386251824796,-9.876427283476886,-0.0,0.01843634300645982,0.018435937545022877,71.15782446629645,46.58939829036535,0,-1
2023-06-21 19:00:00,2023-06-21 19:00:59,0.01834,0.01834,0.01833,0.01837,0.01831164546926296,0.018345,0.01833,0.01837,True,3.3469570551250465e-05,3.6376718969914737e-06,0,0.0184118575571962,0.018405245315495575,-3.0674026916014085,-0.0,0.018435434120823404,0.01843498294258484,85.57891223314827,64.8537426108026,0,-1
2023-06-21 19:01:00,2023-06-21 19:01:59,0.01834,0.01834,0.01833,0.01835,0.01832832273463148,0.01834,0.01833,0.01835,True,3.250745836901848e-05,5.431127134026725e-06,0,0.01840855143634589,0.018402324781984263,1.4719470363155764,0.0,0.01843448452758138,0.018434037838678523,97.99581601801174,84.9108509058188,0,-1
2023-06-21 19:02:00,2023-06-21 19:02:59,0.01833,0.01834,0.01833,0.01836,0.018334161367315742,0.01834,0.01833,0.01836,True,3.232835419980303e-05,6.608342841350173e-06,0,0.018405438109165076,0.018399597811127266,4.498180188260228,4.498180188260228,0.01843354438302833,0.018433102138791173,95.99163203602336,93.18878676239444,0,-1
2023-06-21 19:03:00,2023-06-21 19:03:59,0.01835,0.01834,0.01833,0.01835,0.018337080683657872,0.0183425,0.01833,0.01835,True,3.144775747124586e-05,7.323497114291677e-06,0,0.01840251796014617,0.018397059096088037,6.515668956223337,6.515668956223337,0.018432638468769344,0.018432175749350466,95.30807006835211,96.43183937412904,0,-1
2023-06-21 19:04:00,2023-06-21 19:04:59,0.01833,0.01835,0.01833,0.01836,0.018339790341828935,0.0183425,0.01833,0.01836,True,3.134434622329989e-05,8.381563113544394e-06,0,0.018399788528117102,0.018394686014463063,10.513588906078915,10.513588906078915,0.018431741568582585,0.0184313580802027,96.62869208266925,95.97613139568155,0,-1
2023-06-21 19:05:00,2023-06-21 19:05:59,0.01835,0.01836,0.01835,0.01837,0.018341145170914466,0.018357500000000002,0.01835,0.01837,True,3.0534035778778414e-05,9.60014285243175e-06,0,0.018397237271290084,0.018392562535005576,15.224804807472267,15.224804807472267,0.018431002846507137,0.018430648049553917,98.63287606465762,96.85654607189298,0,2
2023-06-21 19:06:00,2023-06-21 19:06:59,0.01836,0.01834,0.01832,0.01836,0.018349322585457233,0.018345,0.01832,0.01836,True,3.1210176080294376e-05,8.794971334540244e-06,0,0.01839489990314783,0.018390564375123913,10.435586732145651,10.435586732145651,0.01843014709679065,0.01842974607891159,93.97966792095737,96.41374535609474,0,2
2023-06-21 19:07:00,2023-06-21 19:07:59,0.01834,0.01833,0.01831,0.01834,0.018347161292728616,0.01833,0.01831,0.018347161292728616,True,3.112373493170183e-05,7.388888384360516e-06,0,0.01839273213913587,0.018388575673775408,4.521500594184694,4.521500594184694,0.01842915060826537,0.018428753580613962,83.5769579717696,92.06316731912818,0,1
2023-06-21 19:08:00,2023-06-21 19:08:59,0.01833,0.01832,0.01832,0.01833,0.01833858064636431,0.018325,0.01832,0.01833858064636431,True,2.961489672229453e-05,5.645364561624579e-06,0,0.01839065390645564,0.018386573758485417,-1.7197842114166022,-0.0,0.01842811428380502,0.018427671455433725,70.68122907147654,82.74595165473448,0,1
2023-06-21 19:09:00,2023-06-21 19:09:59,0.01832,0.01833,0.01832,0.01833,0.018331790323182155,0.018325,0.01832,0.018331790323182155,True,2.8213832670702035e-05,5.124167196081653e-06,0,0.018388613832470528,0.01838457517503422,-2.4061646162757455,-0.0,0.01842708827103084,0.018426699600155777,63.12227028255497,72.46015244193369,0,2
2023-06-21 19:10:00,2023-06-21 19:10:59,0.01834,0.01833,0.01832,0.01834,0.018328395161591078,0.018332499999999998,0.01832,0.01834,True,2.7627130337080404e-05,4.722561728342724e-06,0,0.018386594503752372,0.018382644385147022,-2.8637515528485125,-0.0,0.018426147094204665,0.0184257374150796,62.16730296671187,65.32360077358112,0,2
2023-06-21 19:11:00,2023-06-21 19:11:59,0.01833,0.01835,0.01832,0.01836,0.018330447580795536,0.018340000000000002,0.01832,0.01836,True,2.8510906741574792e-05,5.7800256159754076e-06,0,0.018384619444449697,0.018380831674857465,2.542588378521195,0.0,0.018425289909187702,0.018424983808959405,68.28018181956647,64.52325168961109,0,2
2023-06-21 19:12:00,2023-06-21 19:12:59,0.01836,0.01836,0.01835,0.01837,0.01833522379039777,0.01836,0.01835,0.01837,True,2.7902984831462245e-05,7.038193474548708e-06,0,0.01838272555965358,0.01837926158785517,8.107112856855899,8.107112856855899,0.018424640258350014,0.018424337203895132,81.17591071985953,70.54113183537928,0,2
2023-06-21 19:13:00,2023-06-21 19:13:59,0.01835,0.01835,0.01835,0.01836,0.018347611895198887,0.0183525,0.01835,0.01836,True,2.6624200200643486e-05,6.986713925623826e-06,0,0.018380993573754376,0.018377841834363796,8.089988605311447,8.089988605311447,0.018423922444834092,0.018423597530224534,86.01597294408172,78.49068849450255,0,2
2023-06-21 19:14:00,2023-06-21 19:14:59,0.01834,0.01836,0.01834,0.01836,0.018350055947599444,0.018349999999999998,0.01834,0.01836,True,2.6151043043454852e-05,7.4508402547411805e-06,0,0.018379417704059084,0.01837653302786294,10.348091503979703,10.348091503979703,0.018423186898119327,0.01842296471897852,83.19157059983266,83.46115142125795,0,2
2023-06-21 19:15:00,2023-06-21 19:15:59,0.01836,0.01831,0.01831,0.01836,0.01835002797379972,0.018335,0.01831,0.01836,True,2.7854539968922465e-05,4.101032891449713e-06,0,0.018377975365961013,0.018375217634560466,1.1854805985332035,0.0,0.018422309416546,0.018421840691924006,59.93458031455888,76.38070795282441,0,1
2023-06-21 19:16:00,2023-06-21 19:16:59,0.01831,0.01832,0.01829,0.01832,0.018342513986899858,0.01831,0.01829,0.018342513986899858,True,2.8007787113999343e-05,2.5433903075941324e-06,0,0.018376596500260738,0.01837373455383306,-2.5533795286851912,-0.0,0.018421191909913703,0.018420827351705856,33.80242398970547,58.97619163469898,0,1
2023-06-21 19:17:00,2023-06-21 19:17:59,0.01832,0.01833,0.01831,0.01833,0.01832625699344993,0.0183225,0.01831,0.01833,True,2.743580232014219e-05,2.2102196150105415e-06,0,0.018375165527046898,0.01837221539042103,-2.7901636650089046,-0.0,0.018420209900859835,0.018419923596962515,19.908700234805806,37.88190151302336,0,1
2023-06-21 19:18:00,2023-06-21 19:18:59,0.01833,0.01832,0.01832,0.01834,0.018324378496724962,0.0183275,0.01832,0.01834,True,2.6904673582989118e-05,1.3086290748764443e-06,0,0.018373690458733966,0.018370712547251554,-4.804351429759713,-0.0,0.018419287414284113,0.018418929332316123,23.436856267742584,25.71599349741793,0,1
2023-06-21 19:19:00,2023-06-21 19:19:59,0.01832,0.01833,0.01832,0.01833,0.018325939248362483,0.018325,0.01832,0.01833,True,2.5697196898489868e-05,1.4493093121284557e-06,0,0.01837220150299276,0.018369215711567514,-3.6937930961515804,-0.0,0.018418349231057406,0.018418044463337852,35.45093282260366,26.26549644171733,0,2
2023-06-21 19:20:00,2023-06-21 19:20:59,0.01833,0.01835,0.01833,0.01835,0.018325469624181242,0.018340000000000002,0.01833,0.01835,True,2.529025426288364e-05,2.9408813240898817e-06,0,0.018370708607280135,0.0183678367914556,1.0084835257550253,0.0,0.018417569636718527,0.018417367404001156,49.002474340985174,35.96342114377712,0,2
2023-06-21 19:21:00,2023-06-21 19:21:59,0.01835,0.01834,0.01834,0.01835,0.01833273481209062,0.018345,0.01834,0.01835,True,2.4198093244106454e-05,3.176933386875221e-06,0,0.018369272699367868,0.018366594473278604,1.6928167244235865,0.0,0.01841684755078103,0.01841659757908572,62.32170049249746,48.92503588536207,0,2
2023-06-21 19:22:00,2023-06-21 19:22:59,0.01833,0.01835,0.01833,0.01835,0.01833886740604531,0.018340000000000002,0.01833,0.01835,True,2.389822944095618e-05,3.956896853765592e-06,0,0.018367933586323236,0.01836543392107216,4.142663570777962,4.142663570777962,0.018416082898534452,0.018415934916607254,73.42658863935792,61.58358782428016,0,2
2023-06-21 19:23:00,2023-06-21 19:23:59,0.01836,0.01837,0.01836,0.01839,0.018339433703022656,0.01837,0.01836,0.01839,True,2.5048355909459193e-05,5.732750971810755e-06,0,0.0183666837536977,0.01836455153831565,8.973180570280014,8.973180570280014,0.018415624362230626,0.018415477852760414,83.37602326756361,73.04143746647297,1,2
2023-06-21 19:24:00,2023-06-21 19:24:59,0.01838,0.01837,0.01837,0.01838,0.018354716851511327,0.018375000000000002,0.01837,0.01838,True,2.3973473344497793e-05,6.691958491714403e-06,0,0.018365617646006676,0.018363928519724737,12.193525236614711,12.193525236614711,0.01841522013972087,0.018415025336812548,89.78563136838834,82.19608109176993,0,2
2023-06-21 19:25:00,2023-06-21 19:25:59,0.01837,0.01838,0.01837,0.01839,0.018364858425755665,0.0183775,0.01837,0.01839,True,2.3689653819890748e-05,7.754901165656036e-06,0,0.018364773082865708,0.01836353112759416,15.8489835444759,15.8489835444759,0.01841484481494753,0.018414676825998493,100.00000000000013,91.05388487865065,0,2
2023-06-21 19:26:00,2023-06-21 19:26:59,0.01838,0.01839,0.01838,0.0184,0.018371179212877835,0.0183875,0.01838,0.0184,True,2.342610711846992e-05,8.824526772331329e-06,0,0.018364152105229934,0.018363382709929817,19.60640194565029,19.60640194565029,0.01841457272723661,0.018414431285441294,100.00000000000013,96.5952104561295,0,2
2023-06-21 19:27:00,2023-06-21 19:27:59,0.01839,0.0184,0.01839,0.0184,0.018379339606438918,0.018395,0.01839,0.0184,True,2.246709946715061e-05,9.836041702118464e-06,0,0.018363767407579876,0.018363482787892675,23.258797856595834,23.258797856595834,0.018414377973731768,0.01841428769056128,100.00000000000013,100.00000000000007,0,2
2023-06-21 19:28:00,2023-06-21 19:28:59,0.0184,0.01839,0.01839,0.0184,0.018387169803219458,0.018395,0.01839,0.0184,True,2.157659236235411e-05,9.377083929344797e-06,0,0.018363625097736275,0.018363777821569144,21.586620932815634,21.586620932815634,0.018414185158072745,0.01841404602199848,100.00000000000013,100.00000000000007,0,2
2023-06-21 19:29:00,2023-06-21 19:29:59,0.01839,0.01839,0.01839,0.01841,0.01839108490160973,0.018394999999999998,0.01839,0.01841,True,2.1463978622185903e-05,8.658431568176533e-06,0,0.01836370145965271,0.018364224321005203,20.471836316962168,20.471836316962168,0.018413994260977493,0.018413806758097995,99.99999999999784,99.99999999999932,0,2
2023-06-21 19:30:00,2023-06-21 19:30:59,0.01839,0.0184,0.01839,0.01842,0.018393042450804864,0.0184,0.01839,0.01842,True,2.2073694434886822e-05,8.475722801063948e-06,0,0.018363962890328957,0.018364821312355343,21.639233195196454,21.639233195196454,0.018413855014599606,0.018413669377420405,99.99999999999784,99.99999999999856,0,2
2023-06-21 19:31:00,2023-06-21 19:31:59,0.0184,0.01839,0.01838,0.0184,0.018396521225402432,0.0183925,0.01838,0.0184,True,2.192557340382342e-05,7.26245473850557e-06,0,0.01836439210134215,0.018365481233076256,18.027777700453157,18.027777700453157,0.01841364252689215,0.018413433861227166,93.72577840976597,97.90859280325384,0,1
2023-06-21 19:32:00,2023-06-21 19:32:59,0.01839,0.01839,0.01839,0.0184,0.018394510612701215,0.0183925,0.01839,0.0184,True,2.107374673212172e-05,6.1112290204175015e-06,0,0.018364936667209203,0.018366186170775387,15.620140703957631,15.620140703957631,0.01841343215349024,0.018413200688478636,87.45155681953638,93.72577840976669,0,1
2023-06-21 19:33:00,2023-06-21 19:33:59,0.01839,0.0184,0.01839,0.0184,0.01839350530635061,0.018395,0.01839,0.0184,True,2.0282764822684426e-05,5.727540031530957e-06,0,0.018365561418992295,0.018366938866694427,16.680925277537852,16.680925277537852,0.018413248748977897,0.01841306933834452,80.91488289947192,87.36407270959138,0,2
2023-06-21 19:34:00,2023-06-21 19:34:59,0.01841,0.01839,0.01839,0.01843,0.018394252653175305,0.018405,0.01839,0.01843,True,2.1691138763921133e-05,4.476534229461578e-06,0,0.01836625014284336,0.01836779260933604,12.877100854401597,12.877100854401597,0.018413166671873638,0.018412839792689352,87.09650486638289,85.15431486179703,0,1
2023-06-21 19:35:00,2023-06-21 19:35:59,0.0184,0.01842,0.0184,0.01842,0.018399626326587655,0.01841,0.0184,0.01842,True,2.2284628852212394e-05,5.456497680141679e-06,1,0.0183670213760897,0.018368754354507837,16.522289545953697,16.522289545953697,0.018413135162700767,0.01841291103853324,93.37072645661478,87.12737140748982,0,2
2023-06-21 19:36:00,2023-06-21 19:36:59,0.01842,0.01843,0.01842,0.01844,0.01840481316329383,0.0184275,0.01842,0.01844,True,2.2121441077054553e-05,6.45451554962034e-06,0,0.018367887865298766,0.018369914600847158,20.19400694240862,20.19400694240862,0.018413278096405236,0.01841308107795082,99.90740037667923,93.45821056655892,0,2
2023-06-21 19:37:00,2023-06-21 19:37:59,0.01843,0.01843,0.01841,0.01844,0.018416156581646914,0.0184275,0.01841,0.01844,True,2.268419528583653e-05,6.723144917683952e-06,0,0.01836890123307296,0.018371223168027875,22.641818540045236,22.641818540045236,0.018413419607883792,0.018413249425433896,100.00000000000011,97.759375611098,0,2
2023-06-21 19:38:00,2023-06-21 19:38:59,0.01842,0.01843,0.01842,0.01843,0.018421828290823457,0.018424999999999997,0.01842,0.01843,True,2.1778181336848177e-05,6.49716481783001e-06,0,0.018370062200550416,0.01837262237842897,24.27369293846965,24.27369293846965,0.018413534835666042,0.018413416097817638,95.03262323512537,98.31334120393485,0,2
2023-06-21 19:39:00,2023-06-21 19:39:59,0.01844,0.01841,0.01841,0.01845,0.018423414145411727,0.0184275,0.01841,0.01845,True,2.3079739812787726e-05,4.579514413704553e-06,0,0.01837134228948969,0.018374100505462225,16.843758810094528,16.843758810094528,0.018413673792525086,0.018413382106794576,91.5614290075299,95.53135074755176,0,1
2023-06-21 19:40:00,2023-06-21 19:40:59,0.01842,0.01843,0.01841,0.01844,0.01842545707270586,0.018424999999999997,0.01841,0.01844,True,2.3574044111874477e-05,4.3896263462440945e-06,0,0.018372721397475957,0.018375613469932918,16.426376219045764,16.426376219045764,0.018413786491106924,0.018413547458965774,81.85445758074347,89.48283660779954,0,1
2023-06-21 19:41:00,2023-06-21 19:41:59,0.01842,0.01842,0.01841,0.01843,0.01842522853635293,0.01842,0.01841,0.01843,True,2.331875524674053e-05,3.2610055127874055e-06,0,0.018374167433704437,0.01837710917630053,12.97068959917894,12.97068959917894,0.018413848317066057,0.018413611663354174,64.78214379648405,79.39934346158577,0,1
2023-06-21 19:42:00,2023-06-21 19:42:59,0.01842,0.01844,0.01842,0.01845,0.018422614268176464,0.0184325,0.01842,0.01845,True,2.3795987014830654e-05,3.6279567480244073e-06,0,0.01837563830500248,0.01837866679639921,14.454484994790604,14.454484994790604,0.018414033905950974,0.018413874233868064,59.77101226411386,68.80253788044709,0,2
2023-06-21 19:43:00,2023-06-21 19:43:59,0.01843,0.01844,0.01842,0.01846,0.01842755713408823,0.0184375,0.01842,0.01846,True,2.4953416513771454e-05,3.568013980787587e-06,0,0.018377152550700843,0.01838029678000075,15.443681925198376,15.443681925198376,0.0184142673994241,0.018414134191740025,65.80192828000764,63.45169478020182,0,2
2023-06-21 19:44:00,2023-06-21 19:44:59,0.01844,0.01843,0.01843,0.01845,0.018432528567044117,0.018437500000000002,0.01843,0.01845,True,2.4599601048502252e-05,2.5432228660220773e-06,0,0.018378724665350794,0.018381972552476054,12.57556403512551,12.57556403512551,0.018414498569579083,0.01841429206047893,84.16556341825255,69.91283465412465,0,1
2023-06-21 19:45:00,2023-06-21 19:45:59,0.01844,0.01848,0.01844,0.01849,0.01843501428352206,0.0184625,0.01844,0.01849,True,2.7128200973609304e-05,5.050772301735056e-06,0,0.018380348608913424,0.01838384440385901,17.641235410202967,17.641235410202967,0.018414976195752424,0.018414945870822423,92.64788917821824,80.87179362549277,0,2
2023-06-21 19:46:00,2023-06-21 19:46:59,0.01847,0.01848,0.01847,0.01848,0.01844875714176103,0.018475,0.01847,0.01848,True,2.59047580469229e-05,6.292686596558857e-06,0,0.018382096506386215,0.01838594354994707,21.0183496602546,21.0183496602546,0.01841557344753598,0.01841559317559036,96.32394458911085,91.04579906186052,0,2
2023-06-21 19:47:00,2023-06-21 19:47:59,0.01847,0.01847,0.01847,0.01847,0.018461878570880514,0.01847,0.01847,0.01847,True,2.4768703900714094e-05,5.964581551798338e-06,0,0.01838402002816664,0.018388172939063075,20.092428301022252,20.092428301022252,0.018416115005271943,0.01841613453702727,91.43506069339374,93.46896482024091,0,2
2023-06-21 19:48:00,2023-06-21 19:48:59,0.01846,0.01845,0.01845,0.01846,0.018465939285440255,0.018455,0.01845,0.018465939285440255,True,2.4428082193520172e-05,3.940689811044995e-06,0,0.018386096483614858,0.018390386657498745,14.304970431718345,14.304970431718345,0.01841650192064237,0.018416471506808092,59.9169257708634,82.55864368445597,0,1
2023-06-21 19:49:00,2023-06-21 19:49:59,0.01846,0.01847,0.01845,0.01847,0.018460469642720127,0.0184625,0.01845,0.01847,True,2.4111790608268675e-05,3.6477120318365483e-06,0,0.0183882415705568,0.018392624307810884,13.823313394784577,13.823313394784577,0.018416959612974286,0.0184170041286309,33.21825897339071,61.52341514588259,0,1
2023-06-21 19:50:00,2023-06-21 19:50:59,0.01847,0.01845,0.01845,0.01847,0.018461484821360064,0.01846,0.01845,0.01847,True,2.3818091279106572e-05,1.7381646292263035e-06,0,0.01839043293918384,0.018394848294538205,9.216073944447174,0.0,0.018417387875531755,0.01841733244575895,11.450454363255117,34.86187970250305,0,1
2023-06-21 19:51:00,2023-06-21 19:51:59,0.01845,0.01844,0.01844,0.01845,0.018460742410680034,0.018445000000000003,0.01844,0.018460742410680034,True,2.283108475917036e-05,-4.4793327448195474e-07,0,0.01839264061686102,0.018396943348963055,4.322575049163845,0.0,0.018417662623038903,0.01841755799356234,9.635255952452129,18.10132309636596,0,1
2023-06-21 19:52:00,2023-06-21 19:52:59,0.01844,0.01844,0.01844,0.01844,0.01845287120534002,0.01844,0.01844,0.01845287120534002,True,2.120029299065819e-05,-2.028232603187303e-06,0,0.018394791982912034,0.018398888214460746,1.0602424523082945,0.0,0.018417884885496227,0.018417781297108984,3.000589416591481,8.028766577432883,0,1
2023-06-21 19:53:00,2023-06-21 19:53:59,0.01843,0.01845,0.01842,0.01846,0.018446435602670008,0.018439999999999998,0.01842,0.01846,True,2.254312920561131e-05,-2.4568867076547652e-06,0,0.018396840098686387,0.01840070149131426,1.3998638161116617,0.0,0.018418104936386813,0.018418101881217352,1.0243657773874777e-13,4.211948456347878,0,1
2023-06-21 19:54:00,2023-06-21 19:54:59,0.01844,0.01846,0.01844,0.01847,0.018443217801335003,0.0184525,0.01844,0.01847,True,2.3075762833781845e-05,-2.117709982117558e-06,0,0.01839877079500032,0.018402484489788536,3.8675141983686956,0.0,0.01841844717582575,0.018418518777921656,6.63531746136474,3.211968959318748,0,1
2023-06-21 19:55:00,2023-06-21 19:55:59,0.01845,0.01847,0.01845,0.01847,0.018447858900667503,0.01846,0.01845,0.01847,True,2.2856065488511657e-05,-1.2938779770515441e-06,0,0.018400627642394425,0.018404282874592205,7.491547173406701,0.0,0.018418860636762808,0.01841903102888761,16.809061199499382,7.814792886954716,0,2
2023-06-21 19:56:00,2023-06-21 19:56:59,0.01847,0.01846,0.01846,0.01847,0.01845392945033375,0.018465000000000002,0.01846,0.01847,True,2.193777509647508e-05,-1.5630059907067525e-06,0,0.018402455258493315,0.018406115339646263,6.725985255316999,0.0,0.01841931973490447,0.018419438680341464,29.23798206601985,17.560786908961298,0,1
2023-06-21 19:57:00,2023-06-21 19:57:59,0.01846,0.01846,0.01846,0.01848,0.018459464725166876,0.018465,0.01846,0.01848,True,2.1799362589583947e-05,-1.8384166836243502e-06,0,0.01840428529906979,0.018407962063662093,6.215610643257193,0.0,0.01841977426490542,0.018419842275561947,35.03158547117258,27.026209578897248,0,1
2023-06-21 19:58:00,2023-06-21 19:58:59,0.01845,0.01846,0.01845,0.01846,0.018462232362583438,0.018455,0.01845,0.018462232362583438,True,2.0956550976042206e-05,-2.102522446338986e-06,0,0.01840612368136594,0.018409738732733476,5.875360901883994,0.0,0.018420124769732232,0.018420241854909588,28.591681060718056,30.953749532636806,0,1
2023-06-21 19:59:00,2023-06-21 19:59:59,0.01846,0.01842,0.01842,0.01846,0.01845861618129172,0.018439999999999998,0.01842,0.01846,True,2.2316797334896466e-05,-5.086885869000922e-06,0,0.018407931207049706,0.018411345141263205,-3.637440298797287,-3.637440298797287,0.018420322533217483,0.018420239448393074,16.162760194197585,26.595342242029385,0,1
2023-06-21 20:00:00,2023-06-21 20:00:59,0.01842,0.01842,0.01842,0.01845,0.018449308090645856,0.0184275,0.01842,0.01845,True,2.2865597525261162e-05,-6.9448250522268284e-06,0,0.018409638174156456,0.01841272071750693,-9.979307765918144,-9.979307765918144,0.01842039395079741,0.018420237065822,3.73383932768021,16.162760194198594,0,1
2023-06-21 20:01:00,2023-06-21 20:01:59,0.01842,0.0184,0.01839,0.01842,0.018438404045322928,0.0184075,0.01839,0.018438404045322928,True,2.3375197702028135e-05,-9.351168886221257e-06,0,0.01841117944583169,0.01841376789868333,-16.636001886430137,-16.636001886430137,0.018420265652779527,0.018420035701982976,1.0006810195288078e-13,6.63219984062594,0,-2
2023-06-21 20:02:00,2023-06-21 20:02:59,0.0184,0.01842,0.01839,0.01843,0.018422952022661462,0.01841,0.01839,0.01843,True,2.456268358045458e-05,-9.245908830223627e-06,0,0.018412473672257512,0.018414566499995913,-14.615596612918331,-14.615596612918331,0.018420163506980725,0.018420035346739364,1.3721739864343852,1.7020044380382071,0,-2
2023-06-21 20:03:00,2023-06-21 20:03:59,0.01843,0.01843,0.01842,0.01847,0.01841647601133073,0.0184375,0.01842,0.01847,True,2.6379634753279357e-05,-8.192164859573938e-06,0,0.018413520086126713,0.018415352592624543,-10.705463789336392,-10.705463789336392,0.018420336009398828,0.018420134497518077,16.264089852110907,5.878754612848439,0,-2
2023-06-21 20:04:00,2023-06-21 20:04:59,0.01843,0.01843,0.01842,0.01845,0.018426988005665362,0.018432499999999997,0.01842,0.01845,True,2.6638232270902417e-05,-7.244847279338582e-06,0,0.018414436339375628,0.01841608913832959,-8.098708573615099,-8.098708573615099,0.01842045704413118,0.018420232661721877,29.99419148378584,15.87681844077702,0,-2
2023-06-21 20:05:00,2023-06-21 20:05:59,0.01844,0.01844,0.01843,0.01846,0.01842974400283268,0.0184425,0.01843,0.01846,True,2.687835853726669e-05,-5.711327636707854e-06,0,0.01841526273885261,0.018416850232541082,-3.6364419436152744,-3.6364419436152744,0.018420676377025397,0.018420429351654992,46.89817243114408,31.052151255680254,0,-1
2023-06-21 20:06:00,2023-06-21 20:06:59,0.01843,0.01844,0.01843,0.01845,0.01843612200141634,0.018437500000000002,0.01843,0.01845,True,2.6387047213176402e-05,-4.544051987262408e-06,0,0.018416056485696844,0.01841759112673132,-0.6615975236153915,-0.0,0.018420843776258976,0.018420624084474344,47.775714338250985,41.556026084393615,0,-1
2023-06-21 20:07:00,2023-06-21 20:07:59,0.01844,0.01844,0.01844,0.01846,0.01843681100070817,0.018445000000000003,0.01844,0.01846,True,2.5930829555092314e-05,-3.6585537250404727e-06,0,0.018416823806214084,0.018418362491956698,1.3216320897178662,0.0,0.018421084136694212,0.018420816879653704,53.27387504380153,49.31592060439885,0,-1
2023-06-21 20:08:00,2023-06-21 20:08:59,0.01844,0.01844,0.01843,0.01844,0.018440905500354085,0.0184375,0.01843,0.018440905500354085,True,2.4792913158300222e-05,-2.9890170853909596e-06,0,0.018417593149085393,0.018419101096880577,2.6437851652733713,0.0,0.018421247478617654,0.01842100775647307,50.308593269881605,50.45272755064469,0,-1
2023-06-21 20:09:00,2023-06-21 20:09:59,0.01845,0.01845,0.01844,0.01845,0.01843920275017704,0.0184475,0.01844,0.01845,True,2.373627650413589e-05,-1.79857276091691e-06,0,0.018418347122982986,0.018419877452408088,7.142325081437868,0.0,0.018421508697735886,0.018421296236508164,54.520978972385045,52.701149095356044,0,-1
2023-06-21 20:10:00,2023-06-21 20:10:59,0.01845,0.01843,0.01843,0.01845,0.01844335137508852,0.018439999999999998,0.01843,0.01845,True,2.3469399610983516e-05,-2.379000604558489e-06,0,0.01841911228769554,0.018420626744650788,2.0266030311139502,0.0,0.018421692690793242,0.018421382841120024,51.29365856225678,52.04107693484113,0,-2
2023-06-21 20:11:00,2023-06-21 20:11:59,0.01843,0.01842,0.01842,0.01844,0.01844167568754426,0.0184275,0.01842,0.01844167568754426,True,2.3221585353056313e-05,-3.388693121295202e-06,0,0.018419869516173165,0.01842126382554409,-3.9040582292860506,-3.9040582292860506,0.018421750474964454,0.01842136908150689,48.97680077567015,51.597146103437304,0,-2
2023-06-21 20:12:00,2023-06-21 20:12:59,0.01842,0.01843,0.01842,0.01843,0.01843458784377213,0.018424999999999997,0.01842,0.01843458784377213,True,2.2277186399266546e-05,-3.2536241249093554e-06,0,0.01842056667085863,0.018421791037941778,-3.9479192022295635,-3.9479192022295635,0.018421782808546897,0.018421454961292893,43.63622672427372,47.96889535406686,-1,-2
2023-06-21 20:13:00,2023-06-21 20:13:59,0.01843,0.0184,0.0184,0.01843,0.018429793921886064,0.018415,0.0184,0.01843,True,2.282881594217599e-05,-5.122041192326142e-06,0,0.018421178854400203,0.018422159522227834,-9.968134149538834,-9.968134149538834,0.01842171531791459,0.018421241479090973,34.79568480029636,42.46957076674672,0,-2
2023-06-21 20:14:00,2023-06-21 20:14:59,0.0184,0.01842,0.0184,0.01842,0.018422396960943034,0.01841,0.0184,0.018422396960943034,True,2.2626757660591933e-05,-4.764951273163803e-06,0,0.01842166918831402,0.018422366205243935,-8.262258127454196,-8.262258127454196,0.01842159874758708,0.018421229126065194,25.414245307262064,34.615385610610694,0,-2
2023-06-21 20:15:00,2023-06-21 20:15:59,0.01842,0.01843,0.01841,0.01845,0.01841619848047152,0.0184275,0.01841,0.01845,True,2.3867703541978355e-05,-3.6629703414602944e-06,0,0.018422017696778977,0.018422564151527668,-4.838034669616455,-4.838034669616455,0.018421657466516562,0.018421316398442654,29.70783724333872,29.972589116965693,0,-1
2023-06-21 20:16:00,2023-06-21 20:16:59,0.01843,0.01842,0.01842,0.01843,0.01842184924023576,0.018424999999999997,0.01842,0.01843,True,2.2877153288979872e-05,-3.494319473941922e-06,0,0.01842229092415332,0.018422736708539885,-4.817861904951229,-4.817861904951229,0.0184216907255562,0.018421303299950686,38.7447701529617,31.288950901187473,0,-2
2023-06-21 20:17:00,2023-06-21 20:17:59,0.01841,0.01839,0.01839,0.01841,0.018423424620117878,0.0184,0.01839,0.018423424620117878,True,2.338592805405265e-05,-5.302390704058168e-06,0,0.018422513816346603,0.018422716565888852,-9.622923010840267,-9.622923010840267,0.018421474897441212,0.018420991824329287,35.13219427271003,34.52826722300346,0,-2
2023-06-21 20:18:00,2023-06-21 20:18:59,0.0184,0.01841,0.0184,0.01842,0.01841171231005894,0.0184075,0.0184,0.01842,True,2.3858361764477374e-05,-4.87006618091486e-06,0,0.018422615191117726,0.018422596305613756,-8.126620856731677,-8.126620856731677,0.01842133584373533,0.018420882452942926,23.183502424359943,32.35348895001054,0,-2
2023-06-21 20:19:00,2023-06-21 20:19:59,0.01841,0.01843,0.01841,0.01843,0.01840960615502947,0.01842,0.01841,0.01843,True,2.3582764495586074e-05,-3.0007165800866607e-06,0,0.01842260574836574,0.018422483810435843,-3.5199433335726624,-3.5199433335726624,0.018421322551757862,0.01842097317480419,24.752431958208195,27.689376218426034,0,-1
2023-06-21 20:20:00,2023-06-21 20:20:59,0.01844,0.01844,0.01843,0.0185,0.018414803077514735,0.0184525,0.01843,0.0185,True,2.689828131732997e-05,-9.670314146477573e-07,0,0.01842254477940079,0.018422601185172714,1.107958141782838,0.0,0.018421632775123455,0.01842116249644793,58.08576529154153,35.340566558036535,0,-1
2023-06-21 20:21:00,2023-06-21 20:21:59,0.01845,0.01845,0.01844,0.01845,0.018433651538757367,0.0184475,0.01844,0.01845,True,2.5691261223234943e-05,1.0831722372360713e-06,0,0.01842257298228675,0.018422864427477228,5.6767869774987645,0.0,0.01842189016044561,0.01842144943678178,81.17828927067733,54.67216217347566,0,-1
2023-06-21 20:22:00,2023-06-21 20:22:59,0.01844,0.01846,0.01844,0.01847,0.018440575769378683,0.0184525,0.01844,0.01847,True,2.599902827871807e-05,3.0502371919278847e-06,0,0.018422718704881987,0.018423275011538745,10.115380843968786,10.115380843968786,0.018422194735963567,0.018421833024475493,96.05389458425738,78.43931638215872,1,2
2023-06-21 20:23:00,2023-06-21 20:23:59,0.01846,0.01847,0.01846,0.01847,0.01844653788468934,0.018465000000000002,0.01846,0.01847,True,2.4856240544523892e-05,4.870253252684851e-06,0,0.018422996858210364,0.01842388454505175,14.363549232657675,14.363549232657675,0.018422620658988805,0.018422312297863796,96.05389458425738,91.09535947973067,0,2
2023-06-21 20:24:00,2023-06-21 20:24:59,0.01848,0.01847,0.01846,0.01849,0.018455768942344672,0.018475,0.01846,0.01849,True,2.5223651934200667e-05,5.8198169756119915e-06,0,0.018423440701631055,0.01842471514145357,17.195661491783596,17.195661491783596,0.018423141846461554,0.018422786802362662,99.30853442683792,97.1387745317842,0,2
2023-06-21 20:25:00,2023-06-21 20:25:59,0.01846,0.01847,0.01846,0.01848,0.018465384471172335,0.0184675,0.01846,0.01848,True,2.485053393890056e-05,6.154471400356858e-06,0,0.01842407792154231,0.018425662625471788,19.083736331200868,19.083736331200868,0.018423583221123627,0.01842325658542373,95.63858529712633,97.00033810274051,0,2
2023-06-21 20:26:00,2023-06-21 20:26:59,0.01847,0.01848,0.01847,0.0185,0.018466442235586168,0.01848,0.01847,0.0185,True,2.521835294326472e-05,6.752209008511504e-06,0,0.01842487027350705,0.018426781398477747,21.94649600496473,21.94649600496473,0.01842414458210747,0.01842382119651404,95.63858529712633,96.86190167369683,0,2
2023-06-21 20:27:00,2023-06-21 20:27:59,0.01848,0.01847,0.01846,0.01848,0.018473221117793086,0.0184725,0.01846,0.01848,True,2.484561344731718e-05,6.110748163438282e-06,0,0.018425825835992397,0.01842797589455978,19.312738554916848,19.312738554916848,0.018424625730544212,0.018424280687095992,91.25154129607718,94.17623729677659,0,2
2023-06-21 20:28:00,2023-06-21 20:28:59,0.01846,0.01847,0.01846,0.01847,0.01847286055889654,0.018465000000000002,0.01846,0.01847286055889654,True,2.3785212486794497e-05,5.372645420565475e-06,0,0.018426900865276086,0.018429170354462718,17.556900254884923,17.556900254884923,0.018425027464568648,0.01842473560563235,86.98039882921046,91.29017514080464,0,1
2023-06-21 20:29:00,2023-06-21 20:29:59,0.01847,0.01845,0.01845,0.01847,0.01846893027944827,0.01846,0.01845,0.01847,True,2.351484016630912e-05,3.224999801741287e-06,0,0.0184280356098694,0.01843032228529908,9.220399498733698,9.220399498733698,0.018425375449995826,0.018424986992640984,75.5650480283125,84.59899605120002,0,1
2023-06-21 20:30:00,2023-06-21 20:30:59,0.01845,0.01847,0.01844,0.01848,0.018464465139724134,0.01846,0.01844,0.01848,True,2.4692351583001207e-05,3.0000583067349066e-06,0,0.018429178947584238,0.018431432829231657,9.161708642266376,9.161708642266376,0.01842571997288144,0.018425434883261472,68.5367412284637,77.02739602866221,0,2
2023-06-21 20:31:00,2023-06-21 20:31:59,0.01848,0.01844,0.01843,0.01848,0.01846223256986207,0.018457499999999998,0.01843,0.01848,True,2.650004075564408e-05,5.948338171781462e-07,0,0.018430305888407945,0.018432486016792766,2.416331705890819,0.0,0.01842603619205675,0.018425579809796182,62.208082297005625,68.76995718459393,0,1
2023-06-21 20:32:00,2023-06-21 20:32:59,0.01843,0.01841,0.01841,0.01843,0.018459866284931035,0.01842,0.01841,0.018459866284931035,True,2.6750037844526805e-05,-3.1129918580035783e-06,0,0.018431395952600356,0.018433229531412628,-5.8462495085683415,-5.8462495085683415,0.018425976130444242,0.018425424786813135,40.29009976457025,57.011641096679845,0,-2
2023-06-21 20:33:00,2023-06-21 20:33:59,0.01842,0.0184,0.01838,0.01842,0.018439933142465517,0.018404999999999998,0.01838,0.018439933142465517,True,2.7696463712774773e-05,-6.1200042623016025e-06,0,0.01843231274200649,0.018433621221095074,-12.312551208940917,-12.312551208940917,0.01842576741272838,0.01842517180385977,18.372117232134872,40.290099764570236,-1,-2
2023-06-21 20:34:00,2023-06-21 20:34:59,0.0184,0.01838,0.01837,0.0184,0.018422466571232757,0.0183875,0.01837,0.018422466571232757,True,2.786100201900506e-05,-9.214633155327972e-06,-1,0.01843296698155078,0.018433613160511647,-18.271798562349154,-18.271798562349154,0.018425386642452475,0.0184247223331746,9.947598300641403e-14,19.55407233223506,0,-2
2023-06-21 20:35:00,2023-06-21 20:35:59,0.01838,0.01838,0.01837,0.01838,0.018404983285616378,0.018377499999999998,0.01837,0.018404983285616378,True,2.658521616050467e-05,-1.0840493398273687e-05,0,0.01843329007103121,0.018433221818402144,-22.24463013128798,-22.24463013128798,0.018424910158447973,0.018424277334834555,9.947598300641403e-14,6.124039077378342,0,-2
2023-06-21 20:36:00,2023-06-21 20:36:59,0.01838,0.01838,0.01838,0.01839,0.018391241642808188,0.0183825,0.01838,0.018391241642808188,True,2.5400557863325736e-05,-1.1426053175077535e-05,0,0.018433255944716676,0.018432565706392075,-24.893184510580532,-24.893184510580532,0.018424488166821625,0.01842383676433869,2.280463173184662,0.7601543910616049,0,-2
2023-06-21 20:37:00,2023-06-21 20:37:59,0.01838,0.01837,0.01836,0.01838,0.018386870821404094,0.0183725,0.01836,0.018386870821404094,True,2.501480373023098e-05,-1.1979795920652619e-05,0,0.01843291082555437,0.018431637030168764,-27.630829081553426,-27.630829081553426,0.01842397087162937,0.01842330107514129,2.3904057190803916,1.5569562974217022,0,-2
2023-06-21 20:38:00,2023-06-21 20:38:59,0.01836,0.01836,0.01835,0.01838,0.01837968541070205,0.018362500000000004,0.01835,0.01838,True,2.5370889178071538e-05,-1.2468547211870312e-05,0,0.018432273927861564,0.018430431523295394,-30.301268344202448,-30.301268344202448,0.018423359221165395,0.018422671213697096,2.3904057190803916,2.3537582037817995,0,-2
2023-06-21 20:39:00,2023-06-21 20:39:59,0.01837,0.01834,0.01833,0.01838,0.018371092705351026,0.018355,0.01833,0.01838,True,2.7130111379637958e-05,-1.3558693076731068e-05,0,0.018431352725578477,0.018428964878787576,-33.349145918112626,-33.349145918112626,0.01842267902991002,0.01842184861455583,0.10994254589582948,1.630251328018855,0,-2
2023-06-21 20:40:00,2023-06-21 20:40:59,0.01834,0.01832,0.01832,0.01835,0.018363046352675515,0.0183325,0.01832,0.018363046352675515,True,2.733510342394969e-05,-1.4966576977184524e-05,0,0.018430158802183023,0.018427148327596773,-36.2296053131177,-36.2296053131177,0.01842178172612982,0.018420835195505525,9.956850159179946e-14,0.8334494216587577,0,-2
2023-06-21 20:41:00,2023-06-21 20:41:59,0.01832,0.01835,0.01832,0.01836,0.018347773176337758,0.0183375,0.01832,0.01836,True,2.8239738893667702e-05,-1.30636704741406e-05,0,0.018428653564889895,0.018425103061204037,-28.867895810409557,-28.867895810409557,0.018420943101989225,0.01842013036768955,2.454500791744607,0.8548144458801629,0,-1
2023-06-21 20:42:00,2023-06-21 20:42:59,0.01835,0.01834,0.01834,0.01837,0.018342636588168877,0.018349999999999998,0.01834,0.01837,True,2.8365471829834457e-05,-1.1827201944277097e-05,0,0.018426878313046964,0.018422977521720188,-25.250945453591758,-25.250945453591758,0.018420237200476895,0.018419333050598112,11.330760355399896,4.5950870490481845,0,-1
2023-06-21 20:43:00,2023-06-21 20:43:59,0.01834,0.01834,0.01833,0.01836,0.018346318294084438,0.018342499999999998,0.01833,0.01836,True,2.84822238419893e-05,-1.0372096875647229e-05,0,0.018424927917383573,0.018420751908152493,-22.839645215713222,-22.839645215713222,0.018419463695994537,0.01841854366701007,18.555194149895,10.780151765679818,0,-1
2023-06-21 20:44:00,2023-06-21 20:44:59,0.01833,0.01835,0.01833,0.01835,0.018344409147042218,0.018340000000000002,0.01833,0.01835,True,2.7876350710418825e-05,-8.138319518302115e-06,0,0.01842283991276803,0.018418445622972075,-18.18055165988936,-18.18055165988936,0.018418673012452303,0.018417861640472658,23.019104438702275,17.63501964799904,0,-1
2023-06-21 20:45:00,2023-06-21 20:45:59,0.01835,0.01833,0.01833,0.01837,0.01834220457352111,0.018345,0.01833,0.01837,True,2.8742325659674758e-05,-7.545254538876657e-06,0,0.018420642767870053,0.01841612595334995,-18.422497791086066,-18.422497791086066,0.01841793994765178,0.018416987395293825,31.45225209222835,24.342183560275192,0,-1
2023-06-21 20:46:00,2023-06-21 20:46:59,0.01833,0.01831,0.01829,0.01833,0.018343602286760553,0.018314999999999998,0.01829,0.018343602286760553,True,2.954644525541216e-05,-8.027268961984882e-06,0,0.01841838436061,0.01841360582955929,-20.932374079472105,-20.932374079472105,0.018416915669565694,0.01841592284409687,31.255311874982002,28.575556135304193,0,-2
2023-06-21 20:47:00,2023-06-21 20:47:59,0.01831,0.01832,0.0183,0.01832,0.018314999999999998,0.0183125,0.0183,0.01832,True,2.8864556308596947e-05,-7.112465063143956e-06,0,0.018415995095084643,0.018410928024862633,-19.575484838203938,-19.575484838203938,0.01841587670767947,0.0184149683879367,32.613834750989376,31.773799572733225,0,-1
2023-06-21 20:48:00,2023-06-21 20:48:59,0.01831,0.01831,0.0183,0.01832,0.018313749999999997,0.01831,0.0183,0.01832,True,2.8231373715125677e-05,-6.69546457109896e-06,0,0.018413461559973636,0.01840812729680909,-20.058130458048588,-20.058130458048588,0.01841482320810057,0.01841392392636519,21.97772921078909,28.615625278920138,0,-1
2023-06-21 20:49:00,2023-06-21 20:49:59,0.0183,0.0183,0.01829,0.0183,0.018311875,0.0182975,0.01829,0.018311875,True,2.76434184497595e-05,-6.6081003207743946e-06,0,0.018410794428391362,0.018405163243011814,-21.644880642457103,-21.644880642457103,0.01841365581299509,0.01841279035495857,14.950235633540325,23.18059986510625,0,-2
2023-06-21 20:50:00,2023-06-21 20:50:59,0.01829,0.01829,0.01828,0.0183,0.0183046875,0.01829,0.01828,0.0183046875,True,2.7097459989062335e-05,-6.726989732952634e-06,0,0.018407978835701586,0.01840203948029312,-23.842728539270222,-23.842728539270222,0.018412425406895635,0.01841156856038187,6.673301676981173,14.533755507103516,0,-2
2023-06-21 20:51:00,2023-06-21 20:51:59,0.01829,0.0183,0.01829,0.01832,0.01829734375,0.0183,0.01829,0.01832,True,2.7304784275557795e-05,-5.591479148041699e-06,0,0.01840500915799735,0.01839888002058634,-21.653220227506377,-21.653220227506377,0.018411306746130503,0.018410458425452695,17.71470856436474,13.112748624962066,0,-1
2023-06-21 20:52:00,2023-06-21 20:52:59,0.01829,0.01828,0.01828,0.01829,0.018298671875,0.018285000000000003,0.01828,0.018298671875,True,2.6783013970160753e-05,-5.743956584501642e-06,0,0.018401944589291844,0.01839561121769139,-22.93905994610156,-22.93905994610156,0.018410049962586918,0.018409160331667097,26.435842404654824,16.941284215333567,0,-2
2023-06-21 20:53:00,2023-06-21 20:53:59,0.01827,0.01828,0.01827,0.01828,0.0182918359375,0.018275,0.01827,0.0182918359375,True,2.5584227258006383e-05,-5.341505319533838e-06,0,0.018398777903491616,0.01839221014496489,-23.79628642516501,-23.79628642516501,0.01840870618186466,0.018407875154237575,29.764215591352713,24.63825552012408,0,-1
2023-06-21 20:54:00,2023-06-21 20:54:59,0.01829,0.01828,0.01827,0.01829,0.01828341796875,0.0182825,0.01827,0.01829,True,2.518535388243444e-05,-4.5896240769355485e-06,0,0.018395494024228253,0.018388779728221626,-24.36777074454065,-24.36777074454065,0.018407450398960534,0.01840660276464317,28.331211738820652,28.177089911609386,0,-1
2023-06-21 20:55:00,2023-06-21 20:55:59,0.01828,0.01827,0.01825,0.01828,0.018282958984375,0.01827,0.01825,0.018282958984375,True,2.552925717654643e-05,-4.323804612219278e-06,0,0.01839213687622494,0.018385263981741277,-26.206801634509016,-26.206801634509016,0.018406082733299235,0.018405243533154182,28.472504636608075,28.855977322260472,0,-1
2023-06-21 20:56:00,2023-06-21 20:56:59,0.01826,0.01824,0.01824,0.01826,0.0182764794921875,0.01825,0.01824,0.0182764794921875,True,2.5848595949650414e-05,-5.748543016419109e-06,0,0.018388700428983107,0.01838156795504926,-30.05691611584177,-30.05691611584177,0.018404529671276357,0.018403599318893942,25.144131449910187,27.315949275112967,0,-2
2023-06-21 20:57:00,2023-06-21 20:57:59,0.01825,0.01826,0.01825,0.01826,0.01826323974609375,0.018255,0.01825,0.01826323974609375,True,2.5430839096103895e-05,-4.76435418299774e-06,0,0.01838513419201618,0.018377789656469787,-25.64881126146316,-25.64881126146316,0.01840304181385072,0.018402170469949724,16.988274371263284,23.534970152593843,0,-1
2023-06-21 20:58:00,2023-06-21 20:58:59,0.01826,0.01824,0.01824,0.01826,0.018259119873046875,0.01825,0.01824,0.01826,True,2.50429220178107e-05,-5.001986823270413e-06,0,0.018381461924242982,0.018373938202483755,-25.169660393907886,-25.169660393907886,0.018401519009732803,0.01840055683343281,13.664898660184923,18.599101493786126,0,-2
2023-06-21 20:59:00,2023-06-21 20:59:59,0.01824,0.01825,0.01824,0.01825,0.01825455993652344,0.018244999999999997,0.01824,0.01825455993652344,True,2.396842758796705e-05,-3.953585862162922e-06,0,0.018377700063363367,0.01837002127248457,-21.93711224616398,-21.93711224616398,0.018399961606650885,0.018399058755488206,19.03509788342024,16.562756971622807,0,-1
2023-06-21 21:00:00,2023-06-21 21:00:59,0.01825,0.01824,0.01824,0.01826,0.018249779968261718,0.0182475,0.01824,0.01826,True,2.3684968474540773e-05,-3.485769610312739e-06,0,0.01837386066792397,0.01836609681972374,-21.207142629612722,-21.207142629612722,0.018398444575738936,0.018397476081304244,24.605182141476643,19.101726228360594,0,-1
2023-06-21 21:01:00,2023-06-21 21:01:59,0.01825,0.01828,0.01825,0.01828,0.018248639984130857,0.018265,0.01825,0.01828,True,2.4850327869216563e-05,1.993934001896379e-08,0,0.018369978743823852,0.018362313438769852,-12.053802972366107,-0.0,0.018397116769015166,0.018396307165072363,52.39946444781083,32.01324815756923,0,-1
2023-06-21 21:02:00,2023-06-21 21:02:59,0.01828,0.01828,0.01827,0.01829,0.01825681999206543,0.01828,0.01827,0.01829,True,2.4503875878558178e-05,2.589450042389204e-06,0,0.018366146091296852,0.01835876999861048,-5.951576534201692,-0.0,0.01839595142802994,0.018395149879847764,80.36259855790884,52.45574838239876,0,-1
2023-06-21 21:03:00,2023-06-21 21:03:59,0.01827,0.01829,0.01827,0.0183,0.018268409996032714,0.0182825,0.01827,0.0183,True,2.4896456172946795e-05,5.119800743860497e-06,0,0.018362458044953667,0.018355456929952517,-0.15802777315922611,-0.0,0.018394822558099294,0.01839410361238659,100.0000000000001,77.58735433523992,0,-1
2023-06-21 21:04:00,2023-06-21 21:04:59,0.01829,0.0183,0.01829,0.01831,0.018275454998016357,0.0182975,0.01829,0.01831,True,2.4546709303450537e-05,7.502866865102057e-06,0,0.018358957487453094,0.018352450881524016,5.302867823877314,5.302867823877314,0.018393854174436616,0.018393167258034485,100.0000000000001,93.45419951930302,0,-1
2023-06-21 21:05:00,2023-06-21 21:05:59,0.0183,0.01829,0.01828,0.0183,0.018286477499008177,0.0182925,0.01828,0.0183,True,2.422194435320401e-05,8.300036041088366e-06,0,0.018355704184488557,0.018349672871653042,6.077527404558005,6.077527404558005,0.01839284567518849,0.018392140718153545,97.77760930326644,99.25920310108889,0,-1
2023-06-21 21:06:00,2023-06-21 21:06:59,0.0183,0.01829,0.01829,0.0183,0.01828948874950409,0.018295,0.01829,0.0183,True,2.320609118511798e-05,8.708246231436023e-06,0,0.0183526885280708,0.018347110610902804,6.593967125011801,6.593967125011801,0.018391872086380646,0.018391124392599777,96.8816912740228,98.21976685909645,0,-1
2023-06-21 21:07:00,2023-06-21 21:07:59,0.01829,0.01832,0.01829,0.01832,0.018292244374752045,0.018305000000000002,0.01829,0.01832,True,2.3691370386180894e-05,1.088958003847432e-05,0,0.018349899569486804,0.018344804401420865,12.013522144709121,12.013522144709121,0.018391007687511188,0.018390416687200775,96.8816912740228,97.180330617104,0,2
2023-06-21 21:08:00,2023-06-21 21:08:59,0.01831,0.01831,0.01831,0.01833,0.018298622187376025,0.018314999999999998,0.01831,0.01833,True,2.34277010728822e-05,1.135871905771808e-05,0,0.018347351985453834,0.01834278421658743,12.574807027603846,12.574807027603846,0.018390251392113068,0.018389616521158978,99.10408197075647,97.62248817293401,0,2
2023-06-21 21:09:00,2023-06-21 21:09:59,0.01831,0.01831,0.0183,0.01832,0.01830681109368801,0.01831,0.0183,0.01832,True,2.3182865281961983e-05,1.1366977786263773e-05,0,0.018345068101020632,0.018340968776270283,12.948996949533665,12.948996949533665,0.01838945287079851,0.018388824316968342,97.83075521076437,97.93884281851454,0,2
2023-06-21 21:10:00,2023-06-21 21:10:59,0.01831,0.01831,0.0183,0.01833,0.018308405546844007,0.0183125,0.0183,0.01833,True,2.366980347610747e-05,1.1058334167154846e-05,0,0.018343018438645456,0.018339344141260587,13.198456897486878,13.198456897486878,0.01838868717059156,0.018388039995406467,96.61169471570913,97.84884396574331,0,2
2023-06-21 21:11:00,2023-06-21 21:11:59,0.01832,0.01833,0.01831,0.01834,0.018310452773422005,0.018325,0.01831,0.01834,True,2.4121960370671133e-05,1.1912035096104852e-05,0,0.01834118128995302,0.018337966638628526,17.028910989816964,17.028910989816964,0.018388053467401595,0.018387462483014365,96.61169471570913,97.01804821406087,0,2
2023-06-21 21:12:00,2023-06-21 21:12:59,0.01833,0.01832,0.01832,0.01833,0.018317726386711003,0.018325,0.01832,0.01833,True,2.3113248915623167e-05,1.140230685018532e-05,0,0.018339573964290774,0.018336793156188337,15.75476096649463,15.75476096649463,0.018387426069716006,0.01838679121452666,98.7809395049449,97.33477631212105,0,2
2023-06-21 21:13:00,2023-06-21 21:13:59,0.01833,0.01831,0.01831,0.01833,0.018321363193355502,0.01832,0.01831,0.01833,True,2.2890873993078596e-05,1.0015349651876654e-05,0,0.018338183560239554,0.01833575404630017,11.623656212960178,11.623656212960178,0.01838675516354968,0.018386027122839828,97.4704715172498,97.62103524596795,0,1
2023-06-21 21:14:00,2023-06-21 21:14:59,0.01831,0.01831,0.01831,0.01832,0.01832068159667775,0.0183125,0.01831,0.01832068159667775,True,2.1970097279287237e-05,8.792871324026849e-06,0,0.018336968803269862,0.018334776400290104,8.869586377270537,8.869586377270537,0.018386016306200924,0.018385270634055352,88.91587358355946,95.05576153525139,0,1
2023-06-21 21:15:00,2023-06-21 21:15:59,0.01831,0.01833,0.01831,0.01835,0.018316590798338875,0.018325,0.01831,0.01835,True,2.3257947473623993e-05,9.0886932662067e-06,0,0.018335872601779983,0.018333939616208147,11.84776481945675,11.84776481945675,0.018385409178776038,0.018384720677497586,86.69327543504578,91.02654017861835,1,2
2023-06-21 21:16:00,2023-06-21 21:16:59,0.01833,0.01832,0.0183,0.01833,0.018320795399169438,0.01832,0.0183,0.01833,True,2.3739522654079335e-05,8.280879470030329e-06,0,0.018334906108994065,0.018333185169624185,10.291809294231037,10.291809294231037,0.018384758341176276,0.018384076690656816,81.81618422948367,85.80844441602964,0,2
2023-06-21 21:17:00,2023-06-21 21:17:59,0.01833,0.01833,0.01832,0.01834,0.01832039769958472,0.01833,0.01832,0.01834,True,2.347241389307361e-05,8.153709343297147e-06,0,0.018334045639309123,0.018332569334871977,11.513536347849147,11.513536347849147,0.018384213482060093,0.018383538614132867,90.37078216317401,86.29341394256782,0,2
2023-06-21 21:18:00,2023-06-21 21:18:59,0.01833,0.01831,0.01831,0.01834,0.01832519884979236,0.0183225,0.01831,0.01834,True,2.3938670043568268e-05,6.401850828389353e-06,0,0.01833330748709055,0.018332015397495047,6.4593028430474675,6.4593028430474675,0.018383599417561982,0.018382806886629056,82.36478400820185,84.85058346695318,0,1
2023-06-21 21:19:00,2023-06-21 21:19:59,0.01831,0.01832,0.01831,0.01832,0.018323849424896177,0.018314999999999998,0.01831,0.018323849424896177,True,2.2943050754741932e-05,5.724927263056097e-06,0,0.018332661442292796,0.018331462534980483,5.62482945892593,5.62482945892593,0.018382916836292708,0.018382181942483495,68.13861441914622,80.29139353017403,0,1
2023-06-21 21:20:00,2023-06-21 21:20:59,0.01833,0.01833,0.01832,0.01833,0.018319424712448087,0.0183275,0.01832,0.01833,True,2.2018547129403193e-05,5.7640277153793395e-06,0,0.018332061988636638,0.018331000075230728,7.299761597088448,7.299761597088448,0.01838236542498631,0.018381662719175202,57.92509804182719,69.47616548972509,0,2
2023-06-21 21:21:00,2023-06-21 21:21:59,0.01833,0.01833,0.01833,0.01833,0.018323462356224042,0.01833,0.01833,0.01833,True,2.044579376301725e-05,5.569179140498478e-06,0,0.018331531031933683,0.018330629115837827,8.41638302253012,8.41638302253012,0.018381844375981473,0.018381148662267987,62.29009704973239,62.78460317023527,0,2
2023-06-21 21:22:00,2023-06-21 21:22:59,0.01834,0.01833,0.01833,0.01834,0.01832673117811202,0.018334999999999997,0.01833,0.01834,True,1.9699665637087417e-05,5.222731123816613e-06,0,0.018331080073885755,0.018330367045812625,9.160797306157903,9.160797306157903,0.01838137826278763,0.018380639720354874,83.92288632710043,68.04602713955335,0,2
2023-06-21 21:23:00,2023-06-21 21:23:59,0.01834,0.01834,0.01833,0.01835,0.018330865589056007,0.01834,0.01833,0.01835,True,1.972111809158136e-05,5.4710116138776255e-06,1,0.01833072355984919,0.018330226808548785,12.290587871907867,12.290587871907867,0.01838096653877979,0.01838023534502796,94.13640270441947,80.1164620270841,0,2
2023-06-21 21:24:00,2023-06-21 21:24:59,0.01835,0.01833,0.01833,0.01836,0.018335432794528005,0.0183425,0.01833,0.01836,True,2.0455323942182852e-05,4.712294166926232e-06,0,0.018330475184198988,0.0183302006059102,9.940725902885873,9.940725902885873,0.01838058378715014,0.01837973549084858,100.00000000000011,92.68642967717335,0,1
2023-06-21 21:25:00,2023-06-21 21:25:59,0.01834,0.01833,0.01833,0.01834,0.018338966397264005,0.018334999999999997,0.01833,0.01834,True,1.970851508916976e-05,4.014607336412971e-06,0,0.01833033789505459,0.01833021290533601,8.374151256871208,8.374151256871208,0.018380130217128744,0.018379240610342622,86.07092265213636,93.40244178551866,0,1
2023-06-21 21:26:00,2023-06-21 21:26:59,0.01833,0.01832,0.01832,0.01833,0.018336983198632,0.018325,0.01832,0.018336983198632,True,1.9015049725657606e-05,2.6954346358791016e-06,0,0.0183302754001953,0.018330186822686098,3.3065094231366317,3.3065094231366317,0.01837958165775433,0.018378651151533244,55.40823719459436,80.49305328224362,0,1
2023-06-21 21:27:00,2023-06-21 21:27:59,0.01833,0.01834,0.01832,0.01834,0.018330991599316,0.018332499999999998,0.01832,0.01834,True,1.9085403316682004e-05,3.08642260489707e-06,0,0.0183302311114407,0.018330182158488754,6.444391631358336,6.444391631358336,0.01837911318354782,0.018378266562960772,35.20768373254737,58.895614526426044,0,2
2023-06-21 21:28:00,2023-06-21 21:28:59,0.01834,0.01833,0.01833,0.01834,0.018331745799658,0.018334999999999997,0.01833,0.01834,True,1.8436445936918974e-05,2.5033453223039752e-06,0,0.018330206634964725,0.018330211541849755,4.95945966477538,4.95945966477538,0.018378674246398087,0.018377786298652703,32.33284816140611,40.982923029515966,0,1
2023-06-21 21:29:00,2023-06-21 21:29:59,0.01833,0.01835,0.01833,0.01835,0.018333372899828997,0.018340000000000002,0.01833,0.01835,True,1.8548128369996378e-05,3.369739778994748e-06,0,0.01833020908840724,0.018330301834809104,8.62788100062604,8.62788100062604,0.018378289428025968,0.018377509818069095,52.95492062663336,40.16515084019563,0,2
2023-06-21 21:30:00,2023-06-21 21:30:59,0.01835,0.01834,0.01833,0.01836,0.0183366864499145,0.018345,0.01833,0.01836,True,1.9366119200711083e-05,3.071718270655894e-06,0,0.018330255461608172,0.018330473768135184,7.804206848890487,7.804206848890487,0.018377958189936157,0.018377136586048507,69.65921676214492,51.64899518339482,0,1
2023-06-21 21:31:00,2023-06-21 21:31:59,0.01833,0.01834,0.01833,0.01834,0.01834084322495725,0.018334999999999997,0.01833,0.01834084322495725,True,1.8697110686374546e-05,2.7149459885334846e-06,0,0.018330364614871676,0.018330640187216023,7.255090747733448,7.255090747733448,0.018377530745260176,0.018376767067779368,64.21290827742884,62.27568188873573,0,1
2023-06-21 21:32:00,2023-06-21 21:32:59,0.01834,0.01835,0.01834,0.01836,0.018337921612478623,0.0183475,0.01834,0.01836,True,1.8790174208776556e-05,3.0174896008610876e-06,0,0.01833050240104385,0.018330886886374242,9.466222532416026,9.466222532416026,0.018377231931874502,0.01837650072879649,68.46378218568405,67.4453024084193,0,2
2023-06-21 21:33:00,2023-06-21 21:33:59,0.01835,0.01834,0.01833,0.01835,0.01834271080623931,0.0183425,0.01833,0.01835,True,1.8876590336721276e-05,2.3563624462682167e-06,0,0.018330694643709046,0.018331160792666053,7.220793807960277,7.220793807960277,0.018376886340512568,0.01837613753746518,55.90489653118033,62.860528998097756,0,1
2023-06-21 21:34:00,2023-06-21 21:34:59,0.01834,0.01835,0.01834,0.01836,0.018342605403119654,0.0183475,0.01834,0.01836,True,1.8956833884098514e-05,2.4694573498092333e-06,0,0.018330927718187548,0.01833148854535435,8.45403758305094,8.45403758305094,0.018376593939114432,0.018375877462465526,69.1826790190006,64.51711924528836,0,2
2023-06-21 21:35:00,2023-06-21 21:35:59,0.01836,0.01835,0.01835,0.01836,0.018345052701559825,0.018355000000000003,0.01835,0.01836,True,1.8317060035234306e-05,2.38828673142545e-06,0,0.018331208131770946,0.018331907900933267,9.276200099778052,9.276200099778052,0.018376379074048616,0.018375619975276813,74.97241810306014,66.68666455108037,0,1
2023-06-21 21:36:00,2023-06-21 21:36:59,0.01836,0.01837,0.01836,0.01837,0.018350026350779914,0.018365,0.01836,0.01837,True,1.843727003271751e-05,3.5526912291136686e-06,0,0.018331558016352105,0.01833246510952159,14.160817966960607,14.160817966960607,0.018376265849431216,0.018375564055124805,91.02756108409926,78.39421940205335,0,2
2023-06-21 21:37:00,2023-06-21 21:37:59,0.01837,0.01837,0.01837,0.01837,0.01835751317538996,0.01837,0.01837,0.01837,True,1.712032217323769e-05,4.0928898999434966e-06,0,0.018332011562936845,0.018333161333027512,17.417229878415654,17.417229878415654,0.018376203502670704,0.01837550869139222,100.00000000000007,88.66665972905317,0,2
2023-06-21 21:38:00,2023-06-21 21:38:59,0.01838,0.01838,0.01838,0.0184,0.018363756587694978,0.018385,0.01838,0.0184,True,1.8040299160863484e-05,4.884298593980251e-06,0,0.018332586447982177,0.01833406514307401,21.268336431303993,21.268336431303993,0.018376291030007316,0.01837555338103011,100.00000000000007,97.00918702803314,0,2
2023-06-21 21:39:00,2023-06-21 21:39:59,0.01838,0.01838,0.01838,0.01839,0.018374378293847488,0.0183825,0.01838,0.01839,True,1.7465992077944632e-05,5.108900972115039e-06,0,0.018333325795528092,0.018335109033707022,23.835740799896215,23.835740799896215,0.018376352810803263,0.018375597625994985,97.11120823938086,99.03706941312701,0,2
2023-06-21 21:40:00,2023-06-21 21:40:59,0.01838,0.0184,0.01838,0.01841,0.018378439146923744,0.0183925,0.01838,0.01841,True,1.8361278358091354e-05,6.320049036019803e-06,0,0.018334217414617555,0.01833632465920569,28.054549726298845,28.054549726298845,0.018376513479352485,0.018375840435686578,97.11120823938086,98.07413882625394,0,2
2023-06-21 21:41:00,2023-06-21 21:41:59,0.0184,0.01841,0.0184,0.01841,0.01838546957346187,0.018404999999999998,0.0184,0.01841,True,1.7764044189656225e-05,7.418618276692355e-06,0,0.018335271036911623,0.01833775291558145,31.66263423237318,31.66263423237318,0.01837679692731913,0.0183761803318489,97.11120823938086,97.11120823938087,0,2
2023-06-21 21:42:00,2023-06-21 21:42:59,0.0184,0.01841,0.0184,0.01841,0.018395234786730934,0.018404999999999998,0.0184,0.01841,True,1.720946960468075e-05,7.697252029373328e-06,0,0.018336511976246535,0.018339338778384447,34.0680239030894,34.0680239030894,0.018377077554907993,0.018376516845959857,100.00000000000006,98.07413882625394,0,2
2023-06-21 21:43:00,2023-06-21 21:43:59,0.01841,0.0184,0.0184,0.01841,0.018400117393365466,0.018404999999999998,0.0184,0.01841,True,1.669450749006067e-05,6.734981074340565e-06,0,0.01833792537731549,0.018341037845130654,29.662722864122358,29.662722864122358,0.01837735539018254,0.018376750509184137,100.00000000000006,99.03706941312701,0,1
2023-06-21 21:44:00,2023-06-21 21:44:59,0.0184,0.0184,0.01839,0.0184,0.018402558696682732,0.0183975,0.01839,0.018402558696682732,True,1.6216328383627736e-05,5.688349639204173e-06,0,0.01833948161122307,0.018342762922756703,26.725855504810994,26.725855504810994,0.01837755583406132,0.01837698184740121,90.76972978046047,96.92324326015354,0,1
2023-06-21 21:45:00,2023-06-21 21:45:59,0.0184,0.01841,0.0184,0.01841,0.018400029348341368,0.018404999999999998,0.0184,0.01841,True,1.5772304927654298e-05,5.310595370936679e-06,0,0.018341122266989883,0.018344548101040286,26.9641916037169,26.9641916037169,0.018377828910339317,0.018377310386233036,84.35919644389197,91.70964207478418,0,1
2023-06-21 21:46:00,2023-06-21 21:46:59,0.0184,0.0184,0.01839,0.0184,0.018402514674170683,0.0183975,0.01839,0.018402514674170683,True,1.6074283147107505e-05,4.0021521313788275e-06,0,0.018342835184015083,0.018346316890796723,21.61509028016556,21.61509028016556,0.018378024642574747,0.0183775361535342,68.15168974848557,81.09353865761268,0,1
2023-06-21 21:47:00,2023-06-21 21:47:59,0.01841,0.0184,0.0184,0.01844,0.018400007337085342,0.0184125,0.0184,0.01844,True,1.7783262922314243e-05,2.8299165723519144e-06,0,0.018344576037405903,0.018348163557923684,18.04902273113133,18.04902273113133,0.01837836768095709,0.018377759674394555,68.35012525169834,73.62033714802531,0,1
2023-06-21 21:48:00,2023-06-21 21:48:59,0.0184,0.01842,0.0184,0.01842,0.01840625366854267,0.01841,0.0184,0.01842,True,1.7941601285006025e-05,3.1651827321675806e-06,0,0.018346369797664793,0.01835004171569312,20.63026630626922,20.63026630626922,0.018378682430400303,0.018378179976141874,59.43765517166178,65.31315672394858,0,2
2023-06-21 21:49:00,2023-06-21 21:49:59,0.01842,0.01845,0.01841,0.01849,0.018408126834271336,0.0184425,0.01841,0.01849,True,2.2374344050362753e-05,5.140588775305777e-06,0,0.018348205756678955,0.01835215476466979,25.631741131475223,25.631741131475223,0.018379317431092838,0.01837889460324494,75.64516186706818,67.81098076347612,0,2
2023-06-21 21:50:00,2023-06-21 21:50:59,0.01844,0.01845,0.01843,0.01846,0.01842531341713567,0.018445000000000003,0.01843,0.01846,True,2.291903376105129e-05,6.022168106336188e-06,0,0.01835018026067437,0.018354455400041336,28.966057681612554,28.966057681612554,0.01837997098899241,0.01837960211963056,84.676996583395,73.25327120737501,0,2
2023-06-21 21:51:00,2023-06-21 21:51:59,0.01845,0.01847,0.01845,0.01847,0.018435156708567838,0.01846,0.01845,0.01847,True,2.2710531349547567e-05,7.518570330911416e-06,0,0.018352317830357852,0.018356990854647467,32.53321440843047,32.53321440843047,0.01838076729755965,0.01838050160102727,100.00000000000007,86.7740528168211,0,2
2023-06-21 21:52:00,2023-06-21 21:52:59,0.01847,0.01849,0.01847,0.01849,0.01844757835428392,0.01848,0.01847,0.01849,True,2.251692196743697e-05,9.333013754402592e-06,0,0.01835465434250266,0.018359831009442707,35.779213668968964,35.779213668968964,0.018381754687633683,0.018381591137335458,100.00000000000007,94.89233219446506,0,2
2023-06-21 21:53:00,2023-06-21 21:53:59,0.01849,0.01849,0.01848,0.0185,0.018463789177141962,0.01849,0.01848,0.0185,True,2.23371418269057e-05,9.884949597276255e-06,0,0.018357242675972683,0.01836296018099201,37.94321317599463,37.94321317599463,0.01838283175541842,0.018382669832486348,100.00000000000007,100.00000000000007,0,2
2023-06-21 21:54:00,2023-06-21 21:54:59,0.0185,0.01848,0.01848,0.0185,0.01847689458857098,0.01849,0.01848,0.0185,True,2.2170203124983806e-05,8.89400186920754e-06,0,0.018360101428482347,0.018366295428019732,34.66250469201741,34.66250469201741,0.018383898106110776,0.018383638291864592,100.00000000000007,100.00000000000007,0,1
2023-06-21 21:55:00,2023-06-21 21:55:59,0.01849,0.01847,0.01846,0.0185,0.018483447294285492,0.01848,0.01846,0.0185,True,2.3443760044627704e-05,6.935503392665233e-06,0,0.01836319842825104,0.01836970142574468,28.424307464909432,28.424307464909432,0.018384854343860918,0.01838449761234355,87.55465296168241,95.85155098722753,0,1
2023-06-21 21:56:00,2023-06-21 21:56:59,0.01846,0.01845,0.01843,0.01846,0.018481723647142748,0.01845,0.01843,0.018481723647142748,True,2.4626348612868713e-05,3.7423487664372314e-06,0,0.01836644992699786,0.018372933925320623,18.288172355161166,0.0,0.018385502559344888,0.01838514937739486,54.22131962834908,80.59199086334387,0,1
2023-06-21 21:57:00,2023-06-21 21:57:59,0.01846,0.01844,0.01844,0.01847,0.018465861823571374,0.0184525,0.01844,0.01847,True,2.5010180854806577e-05,5.739215984598621e-07,0,0.01836969192615924,0.01837602480285763,9.285789981404498,0.0,0.018386169200545435,0.018385695154734212,21.881634086278282,54.55253555876993,0,1
2023-06-21 21:58:00,2023-06-21 21:58:59,0.01845,0.01844,0.01843,0.01846,0.018459180911785687,0.018445000000000003,0.01843,0.01846,True,2.536659650803484e-05,-1.751485326271566e-06,0,0.018372858364508433,0.018378931515684482,3.2842017322333845,0.0,0.018386754581634534,0.018386235501453276,0.9936477912626197,25.698867168630002,0,1
2023-06-21 21:59:00,2023-06-21 21:59:59,0.01843,0.01846,0.01842,0.01848,0.018452090455892845,0.0184475,0.01842,0.01848,True,2.784041104317528e-05,-2.0531596925040142e-06,0,0.018375894940096456,0.01838169044385736,4.914848033872751,0.0,0.01838735901365807,0.018386969476563195,2.0152889925316066,8.296856956690844,0,1
2023-06-21 22:00:00,2023-06-21 22:00:59,0.01845,0.01848,0.01844,0.01848,0.018449795227946424,0.0184625,0.01844,0.01848,True,2.8708953111519786e-05,-1.0295323478264447e-06,0,0.018378792691976904,0.018384417006903537,9.580074858170299,0.0,0.01838810668516396,0.01838789515341331,7.806595709393819,3.6051774977293563,0,2
2023-06-21 22:01:00,2023-06-21 22:01:59,0.01847,0.01839,0.01837,0.01847,0.01845614761397321,0.018425,0.01837,0.01847,True,3.4515456460696874e-05,-6.736191929047536e-06,-1,0.01838160484944022,0.01838684209165582,-0.6526756907759648,-0.0,0.018388473782824023,0.018387916097160444,7.806595709393819,5.876160137106424,0,1
2023-06-21 22:02:00,2023-06-21 22:02:59,0.01839,0.01838,0.01835,0.01839,0.018440573806986604,0.0183775,0.01835,0.018440573806986604,True,3.4907209570646986e-05,-1.1041258518008898e-05,0,0.018384223470548015,0.01838868728125217,-8.166548579427811,-8.166548579427811,0.018388364590955126,0.01838783733002452,6.784954508124833,7.466048642304165,0,1
2023-06-21 22:03:00,2023-06-21 22:03:59,0.01837,0.01838,0.01836,0.01839,0.018409036903493305,0.018375000000000002,0.01836,0.018409036903493305,True,3.455669460131497e-05,-1.35431227973437e-05,0,0.018386455375900092,0.01839004610269251,-13.17579717186237,-13.17579717186237,0.0183882316099506,0.01838775934664119,8.408089039827853e-14,4.863850072506254,0,-2
2023-06-21 22:04:00,2023-06-21 22:04:59,0.01838,0.01839,0.01837,0.01839,0.018392018451746654,0.0183825,0.01837,0.018392018451746654,True,3.351693070122098e-05,-1.4059007476525101e-05,0,0.0183882507392963,0.01839106413807904,-14.226701863944868,-14.226701863944868,0.018388174579005816,0.018387781641699488,1.8127025500830618,2.8658856860693347,0,-2
2023-06-21 22:05:00,2023-06-21 22:05:59,0.01839,0.01842,0.01839,0.01843,0.018387259225873327,0.0184075,0.01839,0.01843,True,3.398000707970508e-05,-1.1873351326626028e-05,0,0.01838965743868767,0.01839197841199002,-9.345950774124141,-9.345950774124141,0.018388366871752028,0.018388102222379094,9.061635560211084,3.6247793700980844,0,-1
2023-06-21 22:06:00,2023-06-21 22:06:59,0.01842,0.01841,0.0184,0.01842,0.018397379612936665,0.0184125,0.0184,0.01842,True,3.298143514544037e-05,-1.0762669910568529e-05,0,0.018390817925338844,0.01839283902618758,-7.633411733828993,-7.633411733828993,0.01838860700238136,0.01838832011071363,17.303216582499044,9.392518230931072,0,-2
2023-06-21 22:07:00,2023-06-21 22:07:59,0.0184,0.0184,0.01839,0.01841,0.01840493980646833,0.0184,0.01839,0.01841,True,3.2054189777908864e-05,-1.0379288190234474e-05,0,0.018391828475763213,0.018393565725693464,-8.005081874761231,-8.005081874761231,0.018388720365541743,0.018388436328517475,21.375863519188016,15.913571887299389,-1,-2
2023-06-21 22:08:00,2023-06-21 22:08:59,0.01839,0.01837,0.01835,0.01839,0.018402469903234166,0.018375000000000002,0.01835,0.018402469903234166,True,3.333603336520094e-05,-1.1837823839090106e-05,0,0.01839269710072834,0.018394010480702775,-11.869815611993673,-11.869815611993673,0.018388583844491577,0.018388252882462576,16.16996822229916,18.28301610799541,0,-2
2023-06-21 22:09:00,2023-06-21 22:09:59,0.01836,0.01837,0.01834,0.01838,0.018388734951617084,0.018362499999999997,0.01834,0.018388734951617084,True,3.3812030981972434e-05,-1.2345260261846906e-05,0,0.018393353790715557,0.018394144444041475,-14.446304770148636,-14.446304770148636,0.018388324303750366,0.018388071261741554,7.928387200011201,15.158072980499464,0,-2
2023-06-21 22:10:00,2023-06-21 22:10:59,0.01838,0.01837,0.01836,0.01839,0.018375617475808542,0.018375000000000002,0.01836,0.01839,True,3.3539743054688605e-05,-1.2194843532894775e-05,0,0.018393749117378514,0.018394118563074574,-16.163964208918614,-16.163964208918614,0.018388191723613546,0.018387891448191886,6.9772247854364196,10.358526735915598,0,-2
2023-06-21 22:11:00,2023-06-21 22:11:59,0.01837,0.01841,0.01836,0.01842,0.018375308737904272,0.01839,0.01836,0.01842,True,3.542976140792496e-05,-8.863090915674304e-06,0,0.018393933840226542,0.018394069929084683,-8.55456856280825,-8.55456856280825,0.01838820971641341,0.018388111433782016,15.373264224121181,10.092958736522938,0,-1
2023-06-21 22:12:00,2023-06-21 22:12:59,0.01842,0.01842,0.0184,0.01843,0.018382654368952138,0.0184175,0.0184,0.01843,True,3.50419213073588e-05,-5.666768656502686e-06,0,0.018394001884655613,0.018394192394405956,-2.012647554430103,-0.0,0.018388501162021238,0.018388428732948364,34.51880392483434,18.95643097813065,0,-1
2023-06-21 22:13:00,2023-06-21 22:13:59,0.01841,0.01842,0.0184,0.01844,0.018400077184476067,0.0184175,0.0184,0.01844,True,3.539606978540473e-05,-3.3779770344841124e-06,0,0.018394097139530784,0.018394448727175838,2.348633117821997,0.0,0.018388789707672767,0.018388742874909075,48.73015655335033,32.87407490076862,0,-1
2023-06-21 22:14:00,2023-06-21 22:14:59,0.01843,0.01843,0.01841,0.01843,0.018408788592238032,0.018425,0.01841,0.01843,True,3.429635051501862e-05,-1.0874644735014968e-06,0,0.01839427293335331,0.018394860153990028,6.913659582883213,0.0,0.01838915000908896,0.018389153393566695,71.62441273475973,51.62445773764813,0,-1
2023-06-21 22:15:00,2023-06-21 22:15:59,0.01842,0.01846,0.01841,0.01846,0.018416894296119014,0.0184375,0.01841,0.01846,True,3.541803976394596e-05,2.4745254113612847e-06,0,0.018394566543671668,0.01839547662790384,13.522352185418441,0.0,0.018389631103525886,0.01838985833492424,85.81220636737991,68.72225855183,1,-1
2023-06-21 22:16:00,2023-06-21 22:16:59,0.01846,0.01846,0.01844,0.01847,0.01842719714805951,0.0184575,0.01844,0.01847,True,3.503103692366402e-05,4.637455333793651e-06,0,0.018395021585787753,0.018396387528443848,17.928147253775265,17.928147253775265,0.018390306415928613,0.01839055626193992,100.00000000000007,85.81220636737991,0,2
2023-06-21 22:17:00,2023-06-21 22:17:59,0.01844,0.01844,0.01842,0.01845,0.018442348574029755,0.018437500000000002,0.01842,0.01845,True,3.5385962857688146e-05,4.419739095698777e-06,0,0.018395704557115797,0.018397386762121527,14.926115372942604,0.0,0.01839077600382982,0.018391048239433057,91.60568614066632,92.47263083601543,0,2
2023-06-21 22:18:00,2023-06-21 22:18:59,0.01844,0.01844,0.01843,0.01846,0.01843992428701488,0.0184425,0.01843,0.01846,True,3.5001251224996304e-05,4.036849923532385e-06,0,0.018396545659618662,0.018398482990611354,12.924760785720828,0.0,0.018391290670458377,0.018391535321627753,84.75665726511095,92.12078113525911,0,2
2023-06-21 22:19:00,2023-06-21 22:19:59,0.01843,0.01843,0.01842,0.01844,0.01844121214350744,0.01843,0.01842,0.01844121214350744,True,3.3929733280353904e-05,2.872057274502094e-06,0,0.018397514325115008,0.018399562299212358,8.777423969290723,0.0,0.018391675837916503,0.018391918054745885,72.82874251138242,83.06369530571989,0,1
2023-06-21 22:20:00,2023-06-21 22:20:59,0.01844,0.01844,0.01843,0.01846,0.01843560607175372,0.0184425,0.01843,0.01846,True,3.364903804604307e-05,2.620776402997844e-06,0,0.018398538312163683,0.018400706644754402,8.433362593769388,0.0,0.01839218155097206,0.018392396482061847,73.43570287266762,77.007034216387,0,2
2023-06-21 22:21:00,2023-06-21 22:21:59,0.01844,0.01842,0.01841,0.01844,0.01843905303587686,0.0184275,0.01841,0.01844,True,3.338839247132587e-05,9.099691828651179e-07,0,0.018399622478459044,0.018401791426958143,3.192587776339522,0.0,0.018392532978325573,0.01839267114393188,66.49613246249707,70.9201926155157,0,1
2023-06-21 22:22:00,2023-06-21 22:22:59,0.01843,0.01843,0.01842,0.01844,0.01843327651793843,0.01843,0.01842,0.01844,True,3.243207872337421e-05,3.880024448751319e-07,0,0.018400706952708595,0.01840283902442587,2.2787843071610823,0.0,0.018392905784511387,0.01839304257533554,65.53349325170659,68.48844286229043,0,1
2023-06-21 22:23:00,2023-06-21 22:23:59,0.01844,0.01847,0.01844,0.01847,0.018431638258969214,0.018455,0.01844,0.01847,True,3.297264452884761e-05,2.714602096729311e-06,0,0.018401772988567232,0.018404021685043334,8.166967270045241,0.0,0.01839352363740182,0.01839380832085459,67.82475725000457,66.61812765473609,0,2
2023-06-21 22:24:00,2023-06-21 22:24:59,0.01847,0.01846,0.01844,0.01848,0.018443319129484607,0.0184625,0.01844,0.01848,True,3.3474598491072665e-05,3.345424112428981e-06,0,0.018402897336805283,0.018405354025494865,9.631351746884874,0.0,0.018394209969367973,0.01839446694452768,78.00042460113984,70.45289170095033,0,2
2023-06-21 22:25:00,2023-06-21 22:25:59,0.01847,0.01853,0.01845,0.01853,0.018452909564742305,0.018495,0.01845,0.01853,True,3.679784145599606e-05,8.331803722476138e-06,1,0.018404125681150074,0.018407018053222608,16.472876634441945,0.0,0.018395212855244907,0.01839581553214432,90.89097856565887,78.9053868056011,0,2
2023-06-21 22:26:00,2023-06-21 22:26:59,0.01853,0.01849,0.01847,0.01855,0.018473954782371155,0.01851,0.01847,0.01855,True,3.9883709923424935e-05,8.353846294746695e-06,0,0.018405571867186343,0.018409034719627657,14.521919608375867,0.0,0.018396355015889237,0.018396752691028456,96.38706806540944,88.42615707740272,0,2
2023-06-21 22:27:00,2023-06-21 22:27:59,0.01848,0.01848,0.01848,0.01849,0.018491977391185577,0.0184825,0.01848,0.018491977391185577,True,3.774915921460884e-05,7.2088072605042785e-06,0,0.018407303293407,0.018411126505221836,11.844493602183434,0.0,0.01839721217991024,0.01839758102246101,83.00893507621426,90.09566056909419,0,1
2023-06-21 22:28:00,2023-06-21 22:28:59,0.01848,0.01848,0.01848,0.01848,0.018487238695592788,0.01848,0.01848,0.018487238695592788,True,3.5052790699279634e-05,6.034568960956274e-06,0,0.018409214899314418,0.018413245928149524,10.059542931388478,0.0,0.018398035939314116,0.018398401111789756,64.58280796851618,81.32627037004663,0,1
2023-06-21 22:29:00,2023-06-21 22:29:59,0.01848,0.01849,0.01848,0.01851,0.018483619347796396,0.01849,0.01848,0.01851,True,3.469187707790243e-05,5.570035274004769e-06,0,0.01841123041373197,0.018415441179283676,10.16543698586809,0.0,0.01839895100459457,0.018399312543513242,50.05029665378495,65.88067989950513,0,2
2023-06-21 22:30:00,2023-06-21 22:30:59,0.01849,0.01849,0.01848,0.01851,0.018486809673898198,0.0184925,0.01848,0.01851,True,3.435674300090931e-05,4.890395738412481e-06,0,0.01841333579650782,0.018417698221399353,10.236033022187833,0.0,0.01839988184036975,0.018400214906264353,53.4913608175169,56.041488479939346,0,1
2023-06-21 22:31:00,2023-06-21 22:31:59,0.0185,0.01849,0.01848,0.01851,0.018489654836949098,0.018494999999999998,0.01848,0.01851,True,3.404554707227284e-05,4.0942137953535675e-06,0,0.018415517008953587,0.018420005578938803,10.283097046400997,0.0,0.018400828289719305,0.018401108290281624,59.3967417653753,54.312799745559055,0,1
2023-06-21 22:32:00,2023-06-21 22:32:59,0.01849,0.0185,0.01849,0.01852,0.01849232741847455,0.0185,0.01849,0.01852,True,3.375657942425327e-05,3.9374604176530995e-06,0,0.018417761293946195,0.018422371024556045,12.080918908550366,0.0,0.018401815072906176,0.01840209228739325,63.52948906936113,58.80586388408444,0,2
2023-06-21 22:33:00,2023-06-21 22:33:59,0.01851,0.01852,0.0185,0.01852,0.018496163709237276,0.018512499999999998,0.0185,0.01852,True,3.277396660823512e-05,4.880440867465277e-06,0,0.018420066159251118,0.01842485173714625,16.059556416625284,16.059556416625284,0.018402916415464324,0.018403265498463963,71.81320679024138,64.91314587499261,0,2
2023-06-21 22:34:00,2023-06-21 22:34:59,0.01852,0.01856,0.01852,0.01857,0.01850433185461864,0.0185425,0.01852,0.01857,True,3.4004397564789854e-05,7.855555509044551e-06,0,0.018422458948198682,0.01842761201181232,21.902357294940387,21.902357294940387,0.01840430530685274,0.01840482504574293,84.33395295008106,73.22554960322786,0,2
2023-06-21 22:35:00,2023-06-21 22:35:59,0.01856,0.01858,0.01855,0.01858,0.01852341592730932,0.0185675,0.01855,0.01858,True,3.3718369167304776e-05,1.0626676569868052e-05,0,0.0184250354800055,0.018430744975833722,26.787802507326973,26.787802507326973,0.01840592913464525,0.018406568080113647,94.73371696082647,83.62695890038297,0,2
2023-06-21 22:36:00,2023-06-21 22:36:59,0.01858,0.01858,0.01856,0.01859,0.01854545796365466,0.0185775,0.01856,0.01859,True,3.345277136964006e-05,1.1752713608289138e-05,0,0.01842789022791961,0.018434218475975213,30.044765982251363,30.044765982251363,0.01840763630743485,0.018408293770858786,100.0000000000001,93.02255663696921,0,2
2023-06-21 22:37:00,2023-06-21 22:37:59,0.01858,0.01861,0.01856,0.01861,0.01856147898182733,0.018590000000000002,0.01856,0.01861,True,3.463471627180873e-05,1.3802551454818232e-05,0,0.01843105435194741,0.018438022013987292,33.47544735619363,33.47544735619363,0.018409450871539976,0.01841030079801442,100.0000000000001,98.24457232027555,0,2
2023-06-21 22:38:00,2023-06-21 22:38:59,0.01861,0.01862,0.01859,0.01862,0.018575739490913665,0.018609999999999998,0.01859,0.01862,True,3.430366510953684e-05,1.4963657918120089e-05,0,0.018434538182967353,0.018442196518089517,36.08811946861688,36.08811946861688,0.018411446385255995,0.018412387357238158,100.0000000000001,100.0000000000001,0,2
2023-06-21 22:39:00,2023-06-21 22:39:59,0.01862,0.01861,0.0186,0.01862,0.018592869745456833,0.0186125,0.0186,0.01862,True,3.3281974744570116e-05,1.4102181992171314e-05,0,0.018438367350528437,0.018446651597524445,34.53760043380292,34.53760043380292,0.018413446918736035,0.01841435365219101,100.0000000000001,100.0000000000001,0,2
2023-06-21 22:40:00,2023-06-21 22:40:59,0.01861,0.01859,0.01859,0.01862,0.01860268487272842,0.018602499999999998,0.01859,0.01862,True,3.304754797710098e-05,1.12629848904323e-05,0,0.018442509474026442,0.018451228398674586,27.90938315752757,27.90938315752757,0.018415328043922742,0.01841610137704483,93.00998547333865,97.66999515777961,0,1
2023-06-21 22:41:00,2023-06-21 22:41:59,0.01859,0.01861,0.01859,0.01861,0.01860259243636421,0.0186,0.01859,0.01861,True,3.21155802644511e-05,9.997073257745755e-06,0,0.018446868936350516,0.01845585247780532,25.826737696308186,25.826737696308186,0.01841716557582401,0.018418030716576723,84.2656354319523,92.42520696843035,0,1
2023-06-21 22:42:00,2023-06-21 22:42:59,0.01861,0.01859,0.01858,0.01861,0.018601296218182104,0.0185975,0.01858,0.01861,True,3.196446738841904e-05,7.045996796301795e-06,0,0.01845136070707792,0.018460464900463616,19.84716761013044,19.84716761013044,0.018418959948203868,0.018419741853725215,72.55779862422091,83.27780650983728,0,1
2023-06-21 22:43:00,2023-06-21 22:43:59,0.01859,0.01857,0.01857,0.01859,0.018599398109091052,0.01858,0.01857,0.018599398109091052,True,3.110986257496048e-05,3.126403328659381e-06,0,0.01845591280377077,0.018464916431163964,12.244413156183818,0.0,0.018420562336778953,0.018421236959658298,53.62862610331484,70.15068671982934,0,1
2023-06-21 22:44:00,2023-06-21 22:44:59,0.01856,0.01854,0.01853,0.01857,0.018589699054545526,0.01855,0.01853,0.018589699054545526,True,3.1744872391034615e-05,-1.934202902119496e-06,0,0.018460414617467367,0.018469004916355735,3.220697523677231,0.0,0.018421850273726427,0.018422418681452744,29.03964281136785,51.74202251296785,0,1
2023-06-21 22:45:00,2023-06-21 22:45:59,0.01853,0.01853,0.0185,0.01854,0.018569849527272763,0.018525,0.0185,0.018569849527272763,True,3.2334524363103705e-05,-6.130711467515853e-06,0,0.01846470976691155,0.01847260799532246,-3.8696890862760753,-3.8696890862760753,0.018422876639161985,0.018423489142333813,7.414146285765909,30.02747173348285,0,1
2023-06-21 22:46:00,2023-06-21 22:46:59,0.01853,0.01855,0.01853,0.01856,0.018547424763636383,0.018542500000000003,0.01853,0.01856,True,3.2167772622881925e-05,-7.512987588006191e-06,0,0.018468658881117005,0.018475924258211717,-4.506655516483512,-4.506655516483512,0.018424066921359377,0.018424747956837954,4.62641044402872,13.693399847054144,0,1
2023-06-21 22:47:00,2023-06-21 22:47:59,0.01855,0.01855,0.01855,0.01857,0.018544962381818193,0.018555000000000002,0.01855,0.01857,True,3.129864600696173e-05,-8.372877375296033e-06,0,0.01847229156966436,0.018479077718989285,-4.931299803288468,-4.931299803288468,0.018425369738062268,0.018425994245824643,12.301297734547747,8.11395148811411,0,1
2023-06-21 22:48:00,2023-06-21 22:48:59,0.01855,0.01857,0.01855,0.01857,0.018549981190909098,0.01856,0.01855,0.01857,True,3.049159986360726e-05,-7.471322534870851e-06,0,0.01847568464432682,0.018482115673742194,-1.3818539878370757,-0.0,0.018426709342658665,0.018427427138901015,21.175301519724034,12.701003232766817,0,1
2023-06-21 22:49:00,2023-06-21 22:49:59,0.01857,0.0186,0.01857,0.0186,0.018554990595454547,0.018584999999999997,0.01857,0.0186,True,3.0456485587635224e-05,-4.773505429962982e-06,0,0.018478900159034507,0.018485213372775842,4.979004980460807,0.0,0.018428284374074996,0.018429144281797524,30.93460753535304,21.470402263208257,0,2
2023-06-21 22:50:00,2023-06-21 22:50:59,0.01859,0.0186,0.01857,0.01861,0.018569995297727272,0.0185925,0.01857,0.01861,True,3.113816518851856e-05,-3.0848256445933025e-06,0,0.018482056765905176,0.018488388313368194,9.219577625992727,0.0,0.018429918360402607,0.01843084433869506,39.14646424574889,30.418791100275303,0,2
2023-06-21 22:51:00,2023-06-21 22:51:59,0.0186,0.01861,0.0186,0.01862,0.01858124764886364,0.0186075,0.0186,0.01862,True,3.0342581960767423e-05,-1.4336515685985795e-06,0,0.018485222539636685,0.018491705199265993,13.284362378558662,13.284362378558662,0.018431685341891137,0.018432626982091128,49.03097401937356,39.704015266825145,0,2
2023-06-21 22:52:00,2023-06-21 22:52:59,0.01861,0.01861,0.0186,0.01862,0.01859437382443182,0.01861,0.0186,0.01862,True,2.9603826106427085e-05,-5.642340582108791e-07,0,0.018488463869451337,0.018495128234995026,15.994218880269287,15.994218880269287,0.0184334596170962,0.01843439188774196,53.873455159590094,47.35029780823751,0,2
2023-06-21 22:53:00,2023-06-21 22:53:59,0.01861,0.01861,0.0186,0.01862,0.01860218691221591,0.01861,0.0186,0.01862,True,2.8917838527396767e-05,-2.383599722425523e-07,0,0.018491796052223182,0.018498611357567318,17.8007898814097,17.8007898814097,0.01843521623782161,0.01843613923214254,60.271279254227274,54.39190281106363,0,2
2023-06-21 22:54:00,2023-06-21 22:54:59,0.01861,0.01862,0.01861,0.01863,0.018606093456107954,0.018617500000000002,0.01861,0.01863,True,2.8280850061154083e-05,4.075690141964089e-07,0,0.018495203704895248,0.018502169346984836,20.584377903087272,20.584377903087272,0.018437030006599506,0.01843796869251923,66.58188347573868,60.242205963185334,0,2
2023-06-21 22:55:00,2023-06-21 22:55:59,0.01862,0.01862,0.0186,0.01863,0.018611796728053978,0.018617500000000002,0.0186,0.01863,True,2.8403646485357522e-05,5.450426936049268e-07,0,0.018498686525940042,0.018505761868004907,22.440103250872326,22.440103250872326,0.018438825727926874,0.018439779949310082,73.5610185764334,66.8047271021331,0,2
2023-06-21 22:56:00,2023-06-21 22:56:59,0.01862,0.01863,0.01861,0.01864,0.01861464836402699,0.018625000000000003,0.01861,0.01864,True,2.8517671736403326e-05,1.0324365845068275e-06,0,0.018502224196972474,0.018509408385459784,25.20889576870924,25.20889576870924,0.01844067820824601,0.01844167268613287,84.60978381421468,74.91756195546225,0,2
2023-06-21 22:57:00,2023-06-21 22:57:59,0.01863,0.01862,0.01862,0.01863,0.018619824182013495,0.018625000000000003,0.01862,0.01863,True,2.7194980898088775e-05,3.510674307849248e-07,0,0.01850581629121613,0.018513072395699832,22.000338183594195,22.000338183594195,0.018442512255925154,0.018443447087265873,92.87399936723563,83.68160058596123,0,1
2023-06-21 22:58:00,2023-06-21 22:58:59,0.01862,0.01864,0.01861,0.01866,0.01862241209100675,0.0186325,0.01861,0.01866,True,2.8823910833939428e-05,1.001218960530052e-06,0,0.01850944434345798,0.018516776497101862,23.425431859626357,23.425431859626357,0.01844440268123933,0.018445402837641338,100.00000000000007,92.49459439381678,0,2
2023-06-21 22:59:00,2023-06-21 22:59:59,0.01864,0.01866,0.01864,0.01868,0.018627456045503372,0.018655,0.01864,0.01868,True,2.9622202917229354e-05,2.4814142529272547e-06,0,0.01851311042027992,0.018520641122410822,26.52307596511301,26.52307596511301,0.018446498176948392,0.018447538132789185,100.00000000000007,97.62466645574524,0,2
2023-06-21 23:00:00,2023-06-21 23:00:59,0.01866,0.01865,0.01864,0.01866,0.018641228022751685,0.0186525,0.01864,0.01866,True,2.893490270885577e-05,2.3706063538449004e-06,0,0.01851687577134537,0.018524588461222433,24.724940517439578,24.724940517439578,0.01844854794633199,0.018449552678731582,97.76515944822431,99.25505314940814,0,2
2023-06-21 23:01:00,2023-06-21 23:01:59,0.01865,0.01867,0.01865,0.01868,0.018646864011375844,0.0186625,0.01865,0.01868,True,2.9010981086794557e-05,3.2894137152415917e-06,0,0.018520732116283904,0.018528642448648918,25.947961591100167,25.947961591100167,0.018450676822487893,0.018451746184415845,97.76515944822431,98.51010629881624,0,2
2023-06-21 23:02:00,2023-06-21 23:02:59,0.01868,0.01867,0.01865,0.01868,0.01865468200568792,0.01867,0.01865,0.01868,True,2.9081625294880573e-05,3.4558472431630644e-06,0,0.018524687282466413,0.018532804044590873,26.763308973540575,26.763308973540575,0.01845285914266214,0.0184539178641729,97.76515944822431,97.76515944822432,0,2
2023-06-21 23:03:00,2023-06-21 23:03:59,0.01867,0.01868,0.01866,0.01868,0.01866234100284396,0.018672499999999998,0.01866,0.01868,True,2.8432937773817616e-05,3.8084476162790387e-06,0,0.018528745663528644,0.018537038961158617,28.41160493237338,28.41160493237338,0.018455044623829683,0.018456167437663717,100.00000000000007,98.51010629881624,0,2
2023-06-21 23:04:00,2023-06-21 23:04:59,0.01868,0.01865,0.01864,0.01868,0.018667420501421977,0.018662500000000002,0.01864,0.01868,True,2.92591565042591e-05,1.516504500124189e-06,0,0.018532892312343632,0.018541233936904686,19.82101529949803,19.82101529949803,0.018457108856428393,0.01845809611987602,82.81240211547357,93.52585385456598,0,1
2023-06-21 23:05:00,2023-06-21 23:05:59,0.01865,0.01867,0.01865,0.01868,0.018664960250710988,0.0186625,0.01865,0.01868,True,2.9312073896811935e-05,1.043782134076292e-06,0,0.01853706312462416,0.018545368684966142,17.591527923643994,0.0,0.018459152549399255,0.01846020461619566,64.92086591032516,82.5777560085996,0,1
2023-06-21 23:06:00,2023-06-21 23:06:59,0.01867,0.01867,0.01867,0.01868,0.018663730125355493,0.018672499999999998,0.01867,0.01868,True,2.7932640047039626e-05,3.9533323738029537e-07,0,0.018541215904795152,0.018549496257213728,16.10520300640796,0.0,0.01846127540960424,0.018462292132452422,53.79748844044709,67.17691882208194,0,1
2023-06-21 23:07:00,2023-06-21 23:07:59,0.01866,0.01865,0.01865,0.01867,0.018668115062677744,0.0186575,0.01865,0.01867,True,2.7366022900822452e-05,-1.7096882221196e-06,0,0.01854535608100444,0.018553486944405475,10.024372285826985,0.0,0.018463227893090763,0.01846415987242802,37.65175299164025,52.123369114137496,0,1
2023-06-21 23:08:00,2023-06-21 23:08:59,0.01865,0.01863,0.01863,0.01865,0.018662807531338872,0.01864,0.01863,0.018662807531338872,True,2.6839878407906507e-05,-4.6591259371472435e-06,0,0.01854942151270496,0.018557222412061373,2.3815400281325765,0.0,0.01846498681952767,0.018465810022951123,22.20995586345534,37.886399098514225,0,1
2023-06-21 23:09:00,2023-06-21 23:09:59,0.01863,0.01864,0.01862,0.01865,0.018651403765669435,0.018635,0.01862,0.018651403765669435,True,2.706560137877024e-05,-5.957331283340933e-06,0,0.018553321962383167,0.018560697008983863,-0.2201494797703063,-0.0,0.018466678492965207,0.0184675432565536,7.105427357601002e-14,19.95390295169855,0,1
2023-06-21 23:10:00,2023-06-21 23:10:59,0.01864,0.01865,0.01863,0.01865,0.018643201882834717,0.0186425,0.01863,0.01865,True,2.656091556600088e-05,-6.11995132935227e-06,0,0.018557009485683517,0.01856399383908933,0.3525482324888145,0.0,0.018468427960696896,0.018469358746538142,3.7227493270961696,8.64423506351719,0,-2
2023-06-21 23:11:00,2023-06-21 23:11:59,0.01865,0.01866,0.01864,0.01866,0.018642850941417356,0.0186525,0.01864,0.01866,True,2.60922787398579e-05,-5.531087650518718e-06,0,0.018560501662386424,0.018567196703003656,2.8414193300936574,0.0,0.018470259523277025,0.018471255674433286,12.105909445467944,5.276219590854725,0,-2
2023-06-21 23:12:00,2023-06-21 23:12:59,0.01865,0.01868,0.01865,0.01868,0.018647675470708676,0.018665,0.01865,0.01868,True,2.637140168701082e-05,-3.788060883486429e-06,0,0.01856384918269504,0.018570389374915598,7.850712830983134,0.0,0.018472197239463323,0.018473332732399123,25.75338009524245,13.860679622602184,0,2
2023-06-21 23:13:00,2023-06-21 23:13:59,0.01868,0.01869,0.01867,0.0187,0.01865633773535434,0.018685,0.01867,0.0187,True,2.663058728079592e-05,-2.0566203895702167e-06,0,0.01856711927880532,0.01857368933873707,12.529846928606666,0.0,0.018474314679866672,0.01847548862560908,42.78171015777237,26.880333232827585,0,2
2023-06-21 23:14:00,2023-06-21 23:14:59,0.01869,0.01871,0.01869,0.01871,0.018670668867677168,0.0187,0.01869,0.01871,True,2.6156973903596405e-05,2.786631127568633e-07,0,0.018570404308771195,0.018577154048924217,17.81274840195414,0.0,0.018476560304942626,0.018477822072120433,59.60587357232769,42.713654608447506,0,2
2023-06-21 23:15:00,2023-06-21 23:15:59,0.01871,0.01872,0.0187,0.01873,0.018685334433838584,0.018715000000000002,0.0187,0.01873,True,2.6431475767625148e-05,2.213330895743708e-06,0,0.018573779178847706,0.01858082760943915,22.21159323889333,22.21159323889333,0.018478932839221803,0.0184802318027461,75.06672940286678,59.151437710988944,0,2
2023-06-21 23:16:00,2023-06-21 23:16:59,0.01872,0.01872,0.01871,0.01874,0.018700167216919292,0.018722500000000003,0.01871,0.01874,True,2.668637035565184e-05,3.11279783010269e-06,0,0.018577303394143426,0.018584691852730054,25.14415646351945,25.14415646351945,0.01848135639306039,0.018482617555952607,85.22652683419871,73.2997099364644,0,2
2023-06-21 23:17:00,2023-06-21 23:17:59,0.01873,0.01874,0.01871,0.01874,0.018711333608459647,0.018730000000000004,0.01871,0.01874,True,2.6923058187390906e-05,4.668937948814432e-06,0,0.018580997623436738,0.018588731167068998,28.741817036330687,28.741817036330687,0.018483830458801084,0.01848517857529636,93.35253663460496,84.54859762389015,0,2
2023-06-21 23:18:00,2023-06-21 23:18:59,0.01875,0.01875,0.01873,0.01876,0.018720666804229825,0.0187475,0.01873,0.01876,True,2.7142839745434324e-05,5.886432826367985e-06,0,0.018584864395252865,0.018593000670693867,31.771764131514217,31.771764131514217,0.018486454036325452,0.018487813614348137,97.57754348762471,92.05220231880946,0,2
2023-06-21 23:19:00,2023-06-21 23:19:59,0.01874,0.01875,0.01874,0.01877,0.018734083402114913,0.01875,0.01874,0.01877,True,2.7346922620760358e-05,6.134995365219629e-06,0,0.018588932532973366,0.018597439263285703,33.79172886163657,33.79172886163657,0.018489076384222713,0.01849042243410587,100.00000000000007,96.97669337407659,0,2
2023-06-21 23:20:00,2023-06-21 23:20:59,0.01876,0.01877,0.01876,0.01879,0.018742041701057456,0.01877,0.01876,0.01879,True,2.825071386213475e-05,7.1073657876432085e-06,0,0.018593185898129534,0.018602117748614193,36.27218784276883,36.27218784276883,0.018491871644081195,0.018493204300433174,100.00000000000007,99.19251449587495,0,2
2023-06-21 23:21:00,2023-06-21 23:21:59,0.01878,0.0188,0.01877,0.01882,0.01875602085052873,0.0187925,0.01877,0.01882,True,2.9804234300553796e-05,9.178153139847184e-06,0,0.018597651823371864,0.01860710737772452,38.90402025391697,38.90402025391697,0.01849486297100576,0.0184962569939612,100.00000000000007,100.00000000000006,0,2
2023-06-21 23:22:00,2023-06-21 23:22:59,0.0188,0.01879,0.01877,0.0188,0.018774260425264366,0.018789999999999998,0.01877,0.0188,True,2.9818217564800114e-05,9.108284653467269e-06,0,0.01860237960054819,0.01861229058570178,36.952037874384274,36.952037874384274,0.018497799657861424,0.018499179809941688,98.48970818311494,99.49656939437169,0,2
2023-06-21 23:23:00,2023-06-21 23:23:59,0.01879,0.01879,0.01877,0.01881,0.018782130212632184,0.01879,0.01877,0.01881,True,3.054548773874309e-05,8.32839720650495e-06,0,0.018607335093124983,0.01861759063736345,35.650716288029145,35.650716288029145,0.018500707123952354,0.0185020735431761,96.8394079004875,98.44303869453417,0,2
2023-06-21 23:24:00,2023-06-21 23:24:59,0.01878,0.01876,0.01875,0.01878,0.018786065106316092,0.018767500000000003,0.01875,0.018786065106316092,True,3.122081004311871e-05,5.053735880677331e-06,0,0.018612462865244216,0.018622791942960796,25.431941048418196,25.431941048418196,0.018503361779435415,0.018504639975582306,78.51777223661315,91.28229610673854,0,1
2023-06-21 23:25:00,2023-06-21 23:25:59,0.01876,0.01875,0.01872,0.01876,0.018776782553158046,0.0187475,0.01872,0.018776782553158046,True,3.184789504003869e-05,1.6763300561523873e-06,0,0.018617627404102506,0.01862774259733016,16.437319483532107,0.0,0.018505791015460932,0.018507081368860093,46.694730720164955,74.01730361908854,0,1
2023-06-21 23:26:00,2023-06-21 23:26:59,0.01874,0.01874,0.01874,0.01876,0.018762141276579023,0.018744999999999998,0.01874,0.018762141276579023,True,3.100161682289301e-05,-1.6186014685609009e-06,0,0.018622685000716333,0.018632444792812522,8.422407132057558,0.0,0.01850817120436182,0.018509398967179895,15.011697669459068,46.74140020874572,0,1
2023-06-21 23:27:00,2023-06-21 23:27:59,0.01874,0.01876,0.01874,0.01877,0.01875357063828951,0.0187525,0.01874,0.01877,True,3.093007276411485e-05,-2.652489660828819e-06,0,0.018627564896764426,0.018636970570780197,7.510181813702808,0.0,0.018510602336656728,0.01851189250979502,2.6631855855641464,21.45653799172939,0,1
2023-06-21 23:28:00,2023-06-21 23:28:59,0.01876,0.01878,0.01876,0.01882,0.018753035319144754,0.01878,0.01876,0.01882,True,3.300649613810672e-05,-2.173794057836514e-06,0,0.01863226773377231,0.018641515081593302,10.105308410368224,0.0,0.018513282910421338,0.018514560246015967,13.715942257483002,10.46360850416874,0,1
2023-06-21 23:29:00,2023-06-21 23:29:59,0.01879,0.01881,0.01879,0.01883,0.01876651765957238,0.018805000000000002,0.01879,0.01883,True,3.4220317842527526e-05,-4.939584602896204e-08,0,0.018636891407682807,0.018646214687316875,15.083175367934572,0.0,0.018516185568029087,0.018517499945060585,30.717230273745553,15.6987860389309,0,2
2023-06-21 23:30:00,2023-06-21 23:30:59,0.0188,0.01876,0.01876,0.01882,0.01878575882978619,0.018785,0.01876,0.01882,True,3.606172371091849e-05,-2.4420153026096243e-06,0,0.018641553047499843,0.01865086693479175,9.407290814582616,0.0,0.018518860338496458,0.01851991288093063,33.713806705161424,26.04899307879666,0,1
2023-06-21 23:31:00,2023-06-21 23:31:59,0.01877,0.01875,0.01875,0.01878,0.018785379414893097,0.0187625,0.01875,0.018785379414893097,True,3.562874344585305e-05,-4.900757120536191e-06,0,0.018646209991145798,0.01865529560349124,4.35076567793525,0.0,0.018521284613735298,0.01852220230500097,22.66105003324257,29.030695670716515,0,1
2023-06-21 23:32:00,2023-06-21 23:32:59,0.01875,0.01875,0.01873,0.01877,0.01877393970744655,0.01875,0.01873,0.01877393970744655,True,3.5940976056863424e-05,-6.598141057613046e-06,0,0.01865075279731852,0.0186594320983782,0.9797489201703442,0.0,0.018523560388723007,0.018524468948732303,5.659762016980021,20.67820625179467,0,-2
2023-06-21 23:33:00,2023-06-21 23:33:59,0.01876,0.01877,0.01876,0.01879,0.018761969853723276,0.01877,0.01876,0.01879,True,3.6230906338516164e-05,-6.344873696492343e-06,0,0.01865509244784836,0.01866344740328318,2.193390619805598,0.0,0.0185260125241586,0.018526912043769793,4.869240089530254,11.063350713250946,0,-2
2023-06-21 23:34:00,2023-06-21 23:34:59,0.01877,0.0188,0.01876,0.01881,0.018765984926861635,0.018785,0.01876,0.01881,True,3.7214413028622256e-05,-4.145748481740571e-06,0,0.018659269925565772,0.018667442661153257,6.799622552856853,0.0,0.018528589513967967,0.01852962933686661,13.02330754594503,7.850769884151766,0,2
2023-06-21 23:35:00,2023-06-21 23:35:59,0.0188,0.0188,0.01877,0.0188,0.01877549246343082,0.0187925,0.01877,0.0188,True,3.669909781229226e-05,-2.8376771198614694e-06,0,0.018663356293359516,0.018671446182109946,9.870443841557694,0.0,0.01853121548895336,0.01853231959222117,23.209241102738257,13.700596246071177,0,2
2023-06-21 23:36:00,2023-06-21 23:36:59,0.01881,0.01877,0.01875,0.01881,0.018783996231715408,0.018785000000000003,0.01875,0.01881,True,3.836344796855717e-05,-4.2169390005474715e-06,0,0.01866740123773473,0.01867537728226549,6.075496492302946,0.0,0.01853374070796875,0.01853468457140305,25.61634251205517,20.616297053579483,0,-2
2023-06-21 23:37:00,2023-06-21 23:37:59,0.01877,0.01875,0.01875,0.01879,0.018784498115857706,0.018765,0.01875,0.01879,True,3.848034454223179e-05,-6.57911896014724e-06,0,0.018671389260000112,0.018679087172218032,0.7141020780665244,0.0,0.01853604179545165,0.01853682701347864,17.56380115485584,22.12979492321642,0,-2
2023-06-21 23:38:00,2023-06-21 23:38:59,0.01875,0.01875,0.01873,0.01876,0.018774749057928853,0.0187475,0.01873,0.018774749057928853,True,3.7874605646358006e-05,-8.088558497543468e-06,0,0.018675238216109072,0.018682477379421025,-2.860160864757759,-0.0,0.018538145857188448,0.018538948137722635,7.377867598062615,16.85267042165787,0,-2
2023-06-21 23:39:00,2023-06-21 23:39:59,0.01875,0.01875,0.01875,0.01876,0.018761124528964425,0.0187525,0.01875,0.018761124528964425,True,3.588356238590384e-05,-8.965698683152884e-06,0,0.01867885779776505,0.018685626943037645,-5.243002826640613,-5.243002826640613,0.01854027873423135,0.018541048156252758,1.9261694025828435,8.955946051833761,0,-2
2023-06-21 23:40:00,2023-06-21 23:40:59,0.01876,0.01872,0.01872,0.01876,0.01875681226448221,0.01874,0.01872,0.01876,True,3.6177593644053446e-05,-1.1437161159222502e-05,0,0.018682242370401347,0.018688479673617194,-10.994503323251664,-10.994503323251664,0.018542266010507655,0.018542828771613427,1.8246433033673988,3.709560101337613,0,-2
2023-06-21 23:41:00,2023-06-21 23:41:59,0.01871,0.01872,0.01871,0.01873,0.018748406132241106,0.0187175,0.01871,0.018748406132241106,True,3.502205124090671e-05,-1.2752622407162379e-05,0,0.01868536102200927,0.01869092475876564,-14.828836987659031,-14.828836987659031,0.018544009632293648,0.01854459166940832,1.8246433033673988,1.8584853364392078,0,-2
2023-06-21 23:42:00,2023-06-21 23:42:59,0.01872,0.01874,0.01871,0.01874,0.018732953066120554,0.0187275,0.01871,0.01874,True,3.466333329512758e-05,-1.1869382768465054e-05,0,0.018688142890387456,0.018693100736549645,-11.811235432349008,-11.811235432349008,0.018545835407096697,0.018546536030906745,3.130401560171039,2.259896055635273,0,-2
2023-06-21 23:43:00,2023-06-21 23:43:59,0.01874,0.01877,0.01874,0.01877,0.01873022653306028,0.018755,0.01874,0.01877,True,3.433023805976123e-05,-8.899178486810676e-06,0,0.01869062181346855,0.018695238593936712,-4.345159976660327,-4.345159976660327,0.01854791664682708,0.018548759552987275,17.453105382315048,7.46938341528449,0,-1
2023-06-21 23:44:00,2023-06-21 23:44:59,0.01876,0.01875,0.01875,0.01877,0.01874261326653014,0.0187575,0.01875,0.01877,True,3.3306649626921086e-05,-8.127085944988517e-06,0,0.01869293020370263,0.018697348923550634,-3.2066512570388284,-3.2066512570388284,0.01855000205332631,0.018550761945494865,34.344140201895904,18.309215714793993,0,-2
2023-06-21 23:45:00,2023-06-21 23:45:59,0.01875,0.01873,0.01873,0.01875,0.01875005663326507,0.01874,0.01873,0.01875005663326507,True,3.235617465356952e-05,-8.797536599781469e-06,0,0.018695139563626634,0.01869930303263912,-5.485668450657094,-5.485668450657094,0.018551892580158887,0.018552545408723774,40.70199797557623,30.833081186595724,0,-2
2023-06-21 23:46:00,2023-06-21 23:46:59,0.01874,0.01873,0.01872,0.01875,0.018745028316632537,0.018735,0.01872,0.01875,True,3.218787646402876e-05,-8.98474182805382e-06,0,0.01869722129813288,0.0187010864356255,-7.005013246402598,-7.005013246402598,0.018553714544535416,0.018554311126049907,33.844606927473855,36.29691503498199,0,-2
2023-06-21 23:47:00,2023-06-21 23:47:59,0.01874,0.01873,0.01873,0.01875,0.01874001415831627,0.0187375,0.01873,0.01875,True,3.1317313859455215e-05,-8.836439995901697e-06,0,0.01869915386687919,0.018702740357114774,-8.0179097768996,-8.0179097768996,0.018555543255535063,0.01855605927404941,25.574458976306023,33.373687959785364,0,-2
2023-06-21 23:48:00,2023-06-21 23:48:59,0.01873,0.01873,0.01872,0.01875,0.018738757079158133,0.0187325,0.01872,0.01875,True,3.122322001235119e-05,-8.463454187359543e-06,0,0.01870094711199698,0.018704246683933157,-8.693174130564273,-8.693174130564273,0.01855730401916158,0.018557790027541456,22.486688504101796,27.30191813596056,-1,-2
2023-06-21 23:49:00,2023-06-21 23:49:59,0.01872,0.01873,0.01872,0.01873,0.018735628539579066,0.018725,0.01872,0.018735628539579066,True,2.9707275725754645e-05,-7.948131727221256e-06,0,0.01870259689796507,0.01870557501544929,-9.143350366340727,-9.143350366340727,0.01855897263588634,0.01855950355960572,18.51286760336973,22.191338361259184,0,-2
2023-06-21 23:50:00,2023-06-21 23:50:59,0.01873,0.01874,0.01873,0.01877,0.018730314269789532,0.0187425,0.01873,0.01877,True,3.0442470316772057e-05,-6.665230364051136e-06,0,0.018704085956707178,0.018706874164855992,-5.686582938343157,-5.686582938343157,0.018560798778812844,0.018561299544087258,30.272228610895862,23.757261572789133,0,-1
2023-06-21 23:51:00,2023-06-21 23:51:59,0.01873,0.01874,0.01872,0.01875,0.018736407134894766,0.018735,0.01872,0.01875,True,3.0410865294145393e-05,-5.618497672755433e-06,0,0.018705480060781585,0.0187080899674602,-3.3820713196781114,-3.3820713196781114,0.018562532124297294,0.018563077658076438,40.405332529080546,29.73014291444872,0,-1
2023-06-21 23:52:00,2023-06-21 23:52:59,0.01873,0.01875,0.01873,0.01875,0.018735703567447384,0.01874,0.01873,0.01875,True,2.9667232058849234e-05,-4.076564075991038e-06,0,0.018706785014120892,0.018709266114159153,1.6136389679020482,0.0,0.018564297973806775,0.018564937581876672,58.48176102169915,43.0531073872252,0,-1
2023-06-21 23:53:00,2023-06-21 23:53:59,0.01875,0.01874,0.01873,0.01875,0.01873785178372369,0.0187425,0.01873,0.01875,True,2.8976715483217088e-05,-3.648470562932083e-06,0,0.018708025564140023,0.018710420122526536,0.7672214847853667,0.0,0.01856607112829626,0.018566679496484863,62.252262640468736,53.71311873041615,0,-1
2023-06-21 23:54:00,2023-06-21 23:54:59,0.01875,0.01872,0.01872,0.01875,0.018740175891861846,0.018735,0.01872,0.01875,True,2.904980723441578e-05,-4.6394868852893735e-06,0,0.01870922284333328,0.018711497325529146,-5.163060154170694,-5.163060154170694,0.01856775201259182,0.018568205073634266,61.90965383096707,60.88122583104499,0,-2
2023-06-21 23:55:00,2023-06-21 23:55:59,0.01872,0.01874,0.01872,0.01876,0.018737587945930924,0.018735,0.01872,0.01876,True,2.9831963860528822e-05,-3.75307473267053e-06,0,0.01871036008443121,0.018712506668369766,-2.8062117226355454,-0.0,0.01856941617167051,0.01856991447588666,52.7166710859743,58.959529185803376,0,-1
2023-06-21 23:56:00,2023-06-21 23:56:59,0.01874,0.01873,0.01873,0.01874,0.018736293972965463,0.018735,0.01873,0.01874,True,2.841539501334816e-05,-3.7436610835192894e-06,0,0.018711433376400487,0.018713455659262333,-3.7423475018326755,-3.7423475018326755,0.018571063771952397,0.01857150736667386,40.94085921220095,51.85572804304744,0,-2
2023-06-21 23:57:00,2023-06-21 23:57:59,0.01872,0.01875,0.01872,0.01876,0.01873564698648273,0.0187375,0.01872,0.01876,True,2.924286679810889e-05,-2.2384215105150358e-06,0,0.018712444517831408,0.018714367776213683,0.41727563467751594,0.0,0.018572719853823517,0.018573283412776607,41.209488084487226,44.955672794220824,0,-1
2023-06-21 23:58:00,2023-06-21 23:58:59,0.01875,0.01875,0.01874,0.01876,0.018736573493241364,0.01875,0.01874,0.01876,True,2.858266202681534e-05,-1.201440877753955e-06,0,0.018713406147022545,0.018715330367252817,3.190357725684308,0.0,0.018574483835377513,0.01857504178677883,62.16788379688516,48.10607703119111,0,-1
2023-06-21 23:59:00,2023-06-21 23:59:59,0.01875,0.01872,0.01872,0.01875,0.01874328674662068,0.018735,0.01872,0.01875,True,2.86839004534713e-05,-2.5689436194633186e-06,0,0.01871436825713768,0.018716223176546046,-1.9681069928384431,-0.0,0.018576081011144902,0.018576484157059637,61.20329131612499,54.860221065832455,0,-2
