start_time,end_time,open,close,low,high,h_open,h_close,h_low,h_high,finish,atr_14,macd_13_34,st_signal,av2_open,av2_close,histo2,qqe,ema_h200,ema_200,fastk,fastd,xo_signal,macd_hists
2023-06-29 00:00:00,2023-06-29 00:02:59,0.6322,0.6341,0.6322,0.6346,0.6307755625222013,0.633275,0.6322,0.6346,True,0.001984115448055529,0.0012435570801219088,0,0.6230992935330045,0.6234780805491191,30.44324981178508,30.44324981178508,0.6279751646517254,0.6280056036840954,99.99999999999996,96.11990110348306,0,2
2023-06-29 00:03:00,2023-06-29 00:05:59,0.6342,0.6347,0.6336,0.6364,0.6320252812611007,0.634725,0.6336,0.6364,True,0.0020423929160515567,0.0012690360552096661,0,0.6232886870410619,0.623725316319128,32.785610245510924,32.785610245510924,0.6280423271925043,0.6280722145927113,99.99999999999996,99.02509111512624,0,2
2023-06-29 00:06:00,2023-06-29 00:08:59,0.6347,0.6353,0.6343,0.6354,0.6333751406305503,0.634925,0.6343,0.6354,True,0.0019750791363335875,0.0012540141214630609,0,0.623507001680095,0.6239968085200843,34.71582977881276,34.71582977881276,0.6281108114990466,0.6281441328554704,99.99999999999996,99.99999999999994,0,2
2023-06-29 00:09:00,2023-06-29 00:11:59,0.6353,0.6341,0.633,0.6355,0.6341500703152751,0.634475,0.633,0.6355,True,0.0020125734837383273,0.0010880056230765833,0,0.6237519051000897,0.624282447775931,30.84140161970039,30.84140161970039,0.6281741367577626,0.6282033952151175,96.7358332311718,98.91194441039056,0,1
2023-06-29 00:12:00,2023-06-29 00:14:59,0.6342,0.6334,0.6333,0.6348,0.6343125351576375,0.633925,0.6333,0.6348,True,0.0019759610920427368,0.0008643425099720413,0,0.6240171764380104,0.6245734917336152,25.602169177976435,25.602169177976435,0.6282313592775858,0.6282551027254148,84.71398749334325,93.81660690817166,0,1
2023-06-29 00:15:00,2023-06-29 00:17:59,0.6335,0.6311,0.6307,0.6338,0.6341187675788187,0.632275,0.6307,0.6341187675788187,True,0.002056249585468255,0.0005023204836790756,0,0.6242953340858128,0.6248554732252835,15.583219164474812,15.583219164474812,0.6282715945086546,0.6282834101609829,51.38065416000992,77.61015829484167,0,1
2023-06-29 00:18:00,2023-06-29 00:20:59,0.6311,0.6322,0.6295,0.6323,0.6331968837894093,0.631275,0.6295,0.6331968837894093,True,0.002109374615077667,0.00029942197676036597,0,0.6245754036555482,0.6251215240173497,11.574901607730816,11.574901607730816,0.6283014791404092,0.6283223812041572,21.311487595504744,52.468709749619315,0,1
2023-06-29 00:21:00,2023-06-29 00:23:59,0.6323,0.6336,0.6322,0.6336,0.6322359418947047,0.632925,0.6322,0.6336,True,0.0020587049997149815,0.00022859400149180358,0,0.624848463836449,0.6253845278209328,11.74334276759982,11.74334276759982,0.6283474843230917,0.6283748948240163,7.643016900104353,26.778386218539683,0,1
2023-06-29 00:24:00,2023-06-29 00:26:59,0.6335,0.6322,0.6321,0.6337,0.6325804709473524,0.632875,0.6321,0.6337,True,0.0020259403568782005,5.396048475685275e-05,0,0.6251164958286909,0.6256429851700939,8.121294210690671,0.0,0.6283925342303246,0.628412955572036,14.86904478491592,14.60784976017502,0,1
2023-06-29 00:27:00,2023-06-29 00:29:59,0.6321,0.6321,0.6313,0.6323,0.6327277354736762,0.63195,0.6313,0.6327277354736762,True,0.0019526589028154718,-9.089104535805375e-05,0,0.6253797404993924,0.6258897432877346,5.448267452759161,0.0,0.6284279318996746,0.6284496425812695,14.86904478491592,12.460368823312079,0,1
2023-06-29 00:30:00,2023-06-29 00:32:59,0.6321,0.6342,0.631,0.6342,0.6323388677368381,0.632875,0.631,0.6342,True,0.002041754695471508,-5.8978534942227996e-05,0,0.6256347418935635,0.626131943978723,8.279833170556486,0.0,0.6284721813335087,0.628506860068023,11.83417030211387,13.857419957315251,0,1
2023-06-29 00:33:00,2023-06-29 00:35:59,0.6343,0.6322,0.632,0.6346,0.632606933868419,0.633275,0.632,0.6346,True,0.0020816293600806894,-0.000195262033426622,0,0.6258833429361432,0.6263716392467311,5.037118060000324,0.0,0.6285199705739712,0.6285436077290377,11.158057064358848,12.620424050462894,0,1
2023-06-29 00:36:00,2023-06-29 00:38:59,0.6321,0.6336,0.6321,0.6336,0.6329409669342095,0.63285,0.6321,0.6336,True,0.0020400844057892158,-0.0002007088972705057,0,0.6261274910914372,0.6266048014611888,5.759589727414927,0.0,0.628563055443882,0.6285939200899429,13.923134643808,12.305120670093586,0,1
2023-06-29 00:39:00,2023-06-29 00:41:59,0.6336,0.6354,0.6336,0.6355,0.6328954834671048,0.634525,0.6336,0.6355,True,0.0020300783768042647,-9.356505912155085e-05,0,0.6263661462763129,0.6268427126971945,9.180218477737085,0.0,0.6286223782752862,0.6286616422781026,20.29111239130179,15.12410136648956,0,2
2023-06-29 00:42:00,2023-06-29 00:44:59,0.6354,0.6361,0.6349,0.6361,0.6337102417335524,0.635625,0.6349,0.6361,True,0.001970787064175387,6.285762699548888e-06,0,0.6266044294867537,0.6270902777169849,12.454079054963799,0.0,0.6286920561033928,0.6287356557877732,29.39175149746808,21.201999510859302,0,2
2023-06-29 00:45:00,2023-06-29 00:47:59,0.636,0.6361,0.6356,0.6364,0.6346676208667762,0.6360250000000001,0.6356,0.6364,True,0.0018871594167342819,4.8928065616747445e-05,0,0.6268473536018693,0.6273464890947137,14.636652773114946,14.636652773114946,0.6287650207192795,0.6288089328446114,43.908254518736605,31.19703946916884,0,2
2023-06-29 00:48:00,2023-06-29 00:50:59,0.636,0.6345,0.6343,0.636,0.6353463104333881,0.6352,0.6343,0.636,True,0.0018809337441104063,-5.712541086477004e-05,0,0.6270969213482914,0.6276020895509721,10.939041445789236,0.0,0.6288290503638638,0.6288655603784958,43.753823016198304,39.01794301080101,0,1
2023-06-29 00:51:00,2023-06-29 00:53:59,0.6345,0.6356,0.6342,0.6368,0.635273155216694,0.635275,0.6342,0.6368,True,0.001932295619531095,-6.931755286103056e-05,0,0.6273495054496318,0.6278559699132683,10.889520381360427,0.0,0.6288931891662134,0.6289325697279635,41.95946036847251,43.207179301135824,0,1
2023-06-29 00:54:00,2023-06-29 00:56:59,0.6358,0.6351,0.6351,0.6368,0.635274077608347,0.6357,0.6351,0.6368,True,0.0019157030752788764,-0.000129879180712264,0,0.62760273768145,0.6281096700961858,9.267581097702362,0.0,0.6289609186272461,0.628993937193357,47.63664180116232,44.44997506194439,0,1
2023-06-29 00:57:00,2023-06-29 00:59:59,0.6351,0.6341,0.6337,0.6364,0.6354870388041736,0.6348250000000001,0.6337,0.6364,True,0.0019717242841875227,-0.0002530677350156439,0,0.6278562038888179,0.6283554843390236,5.228517906051664,0.0,0.6290192676956318,0.6290447437884479,42.66146684949947,44.08585633971145,0,1
2023-06-29 01:00:00,2023-06-29 01:02:59,0.6341,0.6337,0.633,0.6351,0.6351560194020869,0.633975,0.633,0.6351560194020869,True,0.0019808868353169847,-0.0003696595707828451,0,0.6281058441139207,0.6285875714747121,1.4253644716263807,0.0,0.6290685784648294,0.6290910647457768,28.805275744002433,39.701128131554746,0,1
2023-06-29 01:03:00,2023-06-29 01:05:59,0.6334,0.633,0.6325,0.6356,0.6345655097010434,0.633625,0.6325,0.6356,True,0.0020608234899372074,-0.0004967195933343153,0,0.6283467077943163,0.628804857425625,-2.9972424159102573,-0.0,0.6291139159925426,0.6291299596239283,5.8465137105949525,25.771085434698957,0,1
2023-06-29 01:06:00,2023-06-29 01:08:59,0.6331,0.6301,0.6301,0.6341,0.6340952548505217,0.63185,0.6301,0.6341,True,0.0021993360977988355,-0.0007748890554826722,0,0.6285757826099706,0.628996821099324,-10.920180865382939,-10.920180865382939,0.6291411407090347,0.6291396117669737,-4.3816802038539514e-14,11.550596484865785,0,1
2023-06-29 01:09:00,2023-06-29 01:11:59,0.63,0.6327,0.6278,0.6328,0.6329726274252608,0.6308250000000001,0.6278,0.6329726274252608,True,0.0023993835193846336,-0.0007598581728405196,0,0.6287863018546472,0.6291604987010916,-8.623826865391727,-8.623826865391727,0.6291578955278503,0.6291750385155611,-4.3816802038539514e-14,1.9488379035316266,0,1
2023-06-29 01:12:00,2023-06-29 01:14:59,0.6328,0.6349,0.6324,0.635,0.6318988137126305,0.633775,0.6324,0.635,True,0.00241371326800002,-0.0005821271343823915,0,0.6289734002778694,0.6293210236143111,-2.9290684061625356,-0.0,0.6292038368658817,0.629232003306451,14.348012837387975,4.782670945795967,0,2
2023-06-29 01:15:00,2023-06-29 01:17:59,0.6349,0.6371,0.6337,0.6371,0.6328369068563152,0.6356999999999999,0.6337,0.6371,True,0.0024841623202857296,-0.0003062348138346124,0,0.6291472119460902,0.6294911725692176,3.874603796331563,0.0,0.6292684753050272,0.6293102918307649,35.707204871842144,16.685072569743365,0,2
2023-06-29 01:18:00,2023-06-29 01:20:59,0.6371,0.6368,0.6359,0.639,0.6342684534281575,0.6372,0.6359,0.639,True,0.0025281507259796057,-0.000150193817848076,0,0.629319192257654,0.6296780227922455,7.638421450888863,0.0,0.6293473959487582,0.6293848162901603,61.71925215745417,37.25815662222811,0,2
2023-06-29 01:21:00,2023-06-29 01:23:59,0.6368,0.6372,0.6368,0.6383,0.6357342267140788,0.637275,0.6368,0.6383,True,0.00245471138840963,-3.04010799807926e-05,0,0.6294986075249498,0.6298772546296396,10.752022273755706,0.0,0.6294262775811089,0.6294625793121488,73.60875523173677,57.01173742034437,0,2
2023-06-29 01:24:00,2023-06-29 01:26:59,0.6371,0.6379,0.6364,0.638,0.6365046133570393,0.63735,0.6364,0.638,True,0.002393660574951803,8.119866290436355e-05,0,0.6296879310772948,0.6300853822365785,13.912352470217925,13.912352470217925,0.6295051205902521,0.6295465337468538,78.72732723056939,71.35177820658679,0,2
2023-06-29 01:27:00,2023-06-29 01:29:59,0.638,0.6378,0.6378,0.6395,0.6369273066785197,0.638275,0.6378,0.6395,True,0.0023441133910266686,0.00012750107092386522,0,0.6298866566569368,0.6303054320524252,15.630345975602182,15.630345975602182,0.6295923830719411,0.6296286577891737,85.98138766025279,79.43915670751966,0,2
2023-06-29 01:30:00,2023-06-29 01:32:59,0.6376,0.6357,0.6351,0.6381,0.6376011533392598,0.636625,0.6351,0.6381,True,0.0023909624345247638,-7.843152727272235e-06,0,0.630096044354681,0.6305220377767201,9.982189102992763,0.0,0.6296623593597824,0.6296890691544555,82.00378151203196,82.23749880095139,0,1
2023-06-29 01:33:00,2023-06-29 01:35:59,0.6356,0.6322,0.6322,0.6356,0.6371130766696299,0.6339,0.6322,0.6371130766696299,True,0.002470179403487285,-0.00035053799978807237,0,0.6303090410657006,0.6307157493999526,0.1937138833717853,0.0,0.6297045249382921,0.6297140535409784,63.412397887006726,77.13252235309717,0,1
2023-06-29 01:36:00,2023-06-29 01:38:59,0.6323,0.6327,0.629,0.6327,0.635506538334815,0.631675,0.629,0.635506538334815,True,0.002558023731809624,-0.0005370470518712553,0,0.6305123952328267,0.6308748414024634,-4.948489542620088,-4.948489542620088,0.629724131655324,0.6297437644510184,30.146290171711303,58.520823190250006,0,-2
2023-06-29 01:39:00,2023-06-29 01:41:59,0.6327,0.6334,0.6315,0.6339,0.6335907691674074,0.632875,0.6315,0.6339,True,0.002546736322394656,-0.0005996122332683753,0,0.6306936183176451,0.6310138188699466,-6.391004401374936,-6.391004401374936,0.6297554835791517,0.6297801449042422,13.34829372781177,35.63566059550994,0,-2
2023-06-29 01:42:00,2023-06-29 01:44:59,0.6334,0.6335,0.6325,0.6341,0.6332328845837036,0.633375,0.6325,0.6341,True,0.00247911229936647,-0.0006193987575007658,0,0.6308537185937959,0.6311394370210528,-7.048139763563817,-7.048139763563817,0.6297914986679163,0.6298171583877821,13.13285210169086,18.875812000404647,0,-2
2023-06-29 01:45:00,2023-06-29 01:47:59,0.6335,0.6325,0.6323,0.6343,0.6333039422918518,0.63315,0.6323,0.6343,True,0.002444889992268865,-0.0006850565039190921,0,0.6309965778074245,0.6312521316750384,-9.65259372531574,-9.65259372531574,0.6298249165916187,0.6298438533291971,19.831661593854108,15.437602474452248,0,-2
2023-06-29 01:48:00,2023-06-29 01:50:59,0.6323,0.631,0.6309,0.6327,0.633226971145926,0.6317250000000001,0.6309,0.633226971145926,True,0.002398826421392519,-0.0008105907555703521,0,0.6311243547412315,0.6313441013482445,-13.957913571047094,-13.957913571047094,0.6298438228941896,0.6298553572761703,15.126413560408734,16.030309085317903,0,-2
2023-06-29 01:51:00,2023-06-29 01:53:59,0.6311,0.633,0.6311,0.6331,0.632475985572963,0.6320749999999999,0.6311,0.6331,True,0.002377481677007339,-0.0007278773556236484,0,0.631234228044738,0.6314215244607808,-10.544386428535091,-10.544386428535091,0.6298660236614116,0.6298866472535218,10.012533150663854,14.990202768308903,-1,-2
2023-06-29 01:54:00,2023-06-29 01:56:59,0.6331,0.6317,0.6312,0.6337,0.6322754927864815,0.632425,0.6312,0.6337,True,0.002386232985792533,-0.0007393364799384169,0,0.6313278762527595,0.6314893651311256,-10.86798591544509,-10.86798591544509,0.6298914861125419,0.6299046905644321,7.7178052829222805,10.952250664664959,0,-2
2023-06-29 01:57:00,2023-06-29 01:59:59,0.6318,0.6324,0.6318,0.6338,0.6323502463932408,0.63245,0.6318,0.6338,True,0.002365787772521637,-0.0006728165956148346,0,0.6314086206919427,0.6315493675447856,-9.07057621179689,-9.07057621179689,0.6299169439621684,0.6299295195140397,11.503548529573246,9.744628987719794,0,-2
2023-06-29 02:00:00,2023-06-29 02:02:59,0.6322,0.6321,0.63,0.6336,0.6324001231966203,0.631975,0.63,0.6336,True,0.0024539457887700947,-0.0006263404546421211,0,0.6314789941183643,0.6315995281583204,-8.585649857486061,-8.585649857486061,0.629937422131699,0.6299511163347956,11.130011338343996,10.117121716946508,0,-2
2023-06-29 02:03:00,2023-06-29 02:05:59,0.632,0.6304,0.6302,0.6322,0.6321875615983101,0.6312,0.6302,0.6322,True,0.002421521089572231,-0.0006898872945495647,0,0.6315392611383425,0.6316362787740653,-11.742521941454946,-11.742521941454946,0.6299499850955627,0.629955582838927,6.725929713922322,9.786496527279857,0,-2
2023-06-29 02:06:00,2023-06-29 02:08:59,0.6304,0.6304,0.6293,0.6311,0.6316937807991551,0.6303,0.6293,0.6316937807991551,True,0.0023771267260313594,-0.000704016461047196,0,0.6315877699562039,0.6316560444988175,-13.847103330767538,-13.847103330767538,0.6299534678309302,0.6299600049002313,2.1835211811664883,6.679820744477603,0,-2
2023-06-29 02:09:00,2023-06-29 02:11:59,0.6302,0.6319,0.6291,0.6319,0.6309968903995775,0.630775,0.6291,0.6319,True,0.002407331959886264,-0.0005815546606714411,0,0.6316219072275108,0.6316655612906975,-9.842507765769241,-9.842507765769241,0.6299616422803737,0.6299793083340598,3.8134655057249405,4.240972133604585,0,-1
2023-06-29 02:12:00,2023-06-29 02:14:59,0.632,0.6331,0.632,0.6332,0.6308859451997888,0.632575,0.632,0.6332,True,0.002328236819894386,-0.00039590285534502767,0,0.6316437342591041,0.6316792936445742,-3.9552285306714268,-3.9552285306714268,0.629987645839773,0.6300103599924274,36.59102082181423,14.196002502901889,0,-1
2023-06-29 02:15:00,2023-06-29 02:17:59,0.6331,0.6339,0.6326,0.6348,0.6317304725998945,0.6335999999999999,0.6326,0.6348,True,0.0023190770470447853,-0.00020451436402804682,0,0.6316615139518392,0.6317032833115572,1.792710556028986,0.0,0.6300235896622628,0.6300490628780748,69.92435415514757,36.77628016089558,0,-1
2023-06-29 02:18:00,2023-06-29 02:20:59,0.634,0.6326,0.6322,0.6345,0.6326652362999472,0.633325,0.6322,0.6345,True,0.0023177144008272982,-0.00016167598127403437,0,0.6316823986316983,0.6317332972462039,1.3671432142087312,0.0,0.6300564395163696,0.6300744453369994,96.72763381225643,67.74766959640608,0,-1
2023-06-29 02:21:00,2023-06-29 02:23:59,0.6326,0.6345,0.6326,0.6348,0.6329951181499736,0.6336250000000001,0.6326,0.6348,True,0.0023093062293396325,2.8893850955390675e-06,0,0.6317078479389511,0.6317699065206772,5.395492001783843,0.0,0.6300919475808833,0.6301184807067806,97.28341182950045,87.97846659896815,0,-1
2023-06-29 02:24:00,2023-06-29 02:26:59,0.6346,0.6335,0.6334,0.635,0.6333100590749868,0.634125,0.6334,0.635,True,0.002258641498672519,3.990446338601565e-05,0,0.6317388772298141,0.6318148877057554,5.083772760047665,0.0,0.6301320774557003,0.630152127664922,97.28341182950045,97.09815249041911,0,-1
2023-06-29 02:27:00,2023-06-29 02:29:59,0.6334,0.6332,0.6329,0.6336,0.6337175295374935,0.633275,0.6329,0.6337175295374935,True,0.002147309963053056,4.0727324214039084e-05,0,0.6317768824677849,0.6318603196322183,3.9947995224821184,0.0,0.6301633503168377,0.6301824547528332,91.75893175651169,95.44191847183752,0,-1
2023-06-29 02:30:00,2023-06-29 02:32:59,0.6332,0.6319,0.6311,0.6332,0.6334962647687468,0.63235,0.6311,0.6334962647687468,True,0.002143930679977837,-5.0524058406217206e-05,0,0.6318186010500016,0.6318994482355075,-0.2121823890405139,-0.0,0.6301851080251278,0.6301995447552926,75.27226048051214,88.10486802217476,0,-2
2023-06-29 02:33:00,2023-06-29 02:35:59,0.6318,0.6308,0.6305,0.6318,0.6329231323843734,0.631225,0.6305,0.6329231323843734,True,0.0020907927742651396,-0.000183410483189836,0,0.6318590246427547,0.6319256270279049,-5.3596261646402965,-5.3596261646402965,0.6301954552089574,0.6302055194343444,49.769840533530214,72.26701092351801,0,-2
2023-06-29 02:36:00,2023-06-29 02:38:59,0.6308,0.6306,0.63,0.6311,0.6320740661921866,0.630625,0.63,0.6320740661921866,True,0.002020021861817629,-0.0002752351765970374,0,0.6318923258353298,0.6319373140906817,-9.20041244391193,-9.20041244391193,0.6301997292864802,0.6302094446141022,28.054912877410946,51.032337963817774,0,-2
2023-06-29 02:39:00,2023-06-29 02:41:59,0.6306,0.6311,0.6303,0.6311,0.6313495330960933,0.630775,0.6303,0.6313495330960933,True,0.0019328774431163712,-0.0002879400987873507,0,0.6319148199630058,0.6319385406866538,-9.602108089167366,-9.602108089167366,0.6302054533731819,0.6302183058617231,16.22447562943843,31.349743013459868,0,-2
2023-06-29 02:42:00,2023-06-29 02:44:59,0.6312,0.6308,0.6306,0.6318,0.6310622665480466,0.6311,0.6306,0.6318,True,0.001880529054322343,-0.00030330827834758914,0,0.6319266803248299,0.6319337531134198,-10.730117980059632,-10.730117980059632,0.6302143543346428,0.630224093863099,17.066315029520926,20.44856784545677,0,-2
2023-06-29 02:45:00,2023-06-29 02:47:59,0.6307,0.6304,0.6297,0.6307,0.6310811332740234,0.630375,0.6297,0.6310811332740234,True,0.0018247769790136034,-0.00032607028109518573,0,0.631930216719125,0.6319192891193065,-12.647256617340496,-12.647256617340496,0.6302159527989747,0.6302258441729188,16.318210004372656,16.53633355444401,0,-2
2023-06-29 02:48:00,2023-06-29 02:50:59,0.6305,0.6279,0.6273,0.6305,0.6307280666370116,0.62905,0.6273,0.6307280666370116,True,0.0019230071947983448,-0.000496058289762024,-1,0.6319247529192158,0.6318882151402753,-18.557705211598485,-18.557705211598485,0.6302043512785869,0.63020270144483,11.301985195011376,14.89550340963499,0,-2
2023-06-29 02:51:00,2023-06-29 02:53:59,0.6278,0.6273,0.6269,0.6281,0.6298890333185059,0.627525,0.6269,0.6298890333185059,True,0.0018713638237413187,-0.0006225046981283983,0,0.6319064840297456,0.6318338140820652,-23.195677453166027,-23.195677453166027,0.6301776910668596,0.630173818843389,2.6292324085774843,10.083142535987177,0,-2
2023-06-29 02:54:00,2023-06-29 02:56:59,0.6274,0.6264,0.6257,0.6275,0.628707016659253,0.62675,0.6257,0.628707016659253,True,0.0018662664077597896,-0.0007346780376828899,0,0.6318701490559054,0.6317561033752955,-27.228806496724825,-27.228806496724825,0.6301435846880848,0.6301362684071363,-3.434289889507151e-14,4.64373920119628,0,-2
2023-06-29 02:57:00,2023-06-29 02:59:59,0.6263,0.6261,0.6258,0.6265,0.6277285083296265,0.626175,0.6258,0.6277285083296265,True,0.0017829616643483706,-0.0007902447158089654,0,0.6318131262156006,0.6316566288848866,-30.214261852246878,-30.214261852246878,0.6301040962832283,0.6300961065324384,-3.434289889507151e-14,0.8764108028591431,0,-2
2023-06-29 03:00:00,2023-06-29 03:02:59,0.626,0.6275,0.626,0.6281,0.6269517541648133,0.6268999999999999,0.626,0.6281,True,0.0018056072597520576,-0.0006888569999923284,0,0.6317348775502437,0.6315456763863664,-24.931684953680165,-24.931684953680165,0.6300722147281713,0.630070274626643,5.498136934336837,1.8327123114455939,0,-1
2023-06-29 03:03:00,2023-06-29 03:05:59,0.6276,0.6287,0.6273,0.6293,0.6269258770824067,0.628225,0.6273,0.6293,True,0.0018194924554840537,-0.0005031351865163471,0,0.6316402769683052,0.631435539332565,-16.977327533749595,-16.977327533749595,0.6300538344821198,0.6300566400532436,20.005916304191647,8.501351079509488,0,-1
2023-06-29 03:06:00,2023-06-29 03:08:59,0.6287,0.6288,0.6281,0.6292,0.6275754385412033,0.6287,0.6281,0.6292,True,0.001768100137235192,-0.0003458344538745284,0,0.6315379081504352,0.6313300589465871,-11.32985421731081,-11.32985421731081,0.630040363492248,0.6300441361721167,40.44254076980864,21.982198002779047,0,-1
2023-06-29 03:09:00,2023-06-29 03:11:59,0.6288,0.6282,0.628,0.6289,0.6281377192706017,0.6284750000000001,0.628,0.6289,True,0.0017060929845755363,-0.0002614066742191144,0,0.6314339835485112,0.631227424756278,-9.683403528661046,-9.683403528661046,0.6300247877361063,0.6300257865584639,58.10437697032399,39.5176113481081,0,-1
2023-06-29 03:12:00,2023-06-29 03:14:59,0.6283,0.6301,0.6283,0.6303,0.6283063596353009,0.62925,0.6283,0.6303,True,0.0017342291999629974,-5.602876664354364e-05,0,0.6313307041523947,0.6311330528997138,-2.4607082167111614,-0.0,0.6300170784053988,0.6300265250006682,76.92993093380251,58.492282891311724,0,-1
2023-06-29 03:15:00,2023-06-29 03:17:59,0.63,0.6299,0.6286,0.6303,0.6287781798176504,0.6297,0.6286,0.6303,True,0.0017317842571084921,7.441752781318358e-05,0,0.6312318785260542,0.6310489210064687,1.5375975538206674,0.0,0.6300139233963898,0.6300252660454377,89.82663980151885,74.95364923521514,0,-1
2023-06-29 03:18:00,2023-06-29 03:20:59,0.6298,0.6284,0.6284,0.63,0.6292390899088252,0.62915,0.6284,0.63,True,0.0017223710958864603,6.129711301211082e-05,0,0.6311403997662615,0.6309696547577116,-1.004700587378359,-0.0,0.6300053271436894,0.6300090942439905,95.84987897326995,87.53548323619712,0,-1
2023-06-29 03:21:00,2023-06-29 03:23:59,0.6285,0.6272,0.6267,0.6285,0.6291945449544125,0.627725,0.6267,0.6291945449544125,True,0.0017279160176088498,-2.358314272297513e-05,0,0.6310550272619866,0.630884986100404,-5.645015487951291,-0.0,0.6299826373213642,0.6299811430574832,82.1410788136775,89.27253252948879,0,-2
2023-06-29 03:24:00,2023-06-29 03:26:59,0.627,0.6259,0.6237,0.6278,0.6284597724772063,0.6261,0.6237,0.6284597724772063,True,0.0018973505877796456,-0.00015786602186123764,0,0.6309700066811953,0.6307854957777526,-11.162883964778068,-11.162883964778068,0.6299440041141864,0.6299405346688516,59.596033430974444,79.1956637393073,0,-2
2023-06-29 03:27:00,2023-06-29 03:29:59,0.6258,0.6178,0.616,0.6265,0.6272798862386031,0.621525,0.616,0.6272798862386031,True,0.002511825545795382,-0.0007840881559701054,0,0.630877751229474,0.6306436294978074,-20.475000200588376,-20.475000200588376,0.6298602329289706,0.629819733328863,30.41282112437111,57.3833111230077,0,-2
2023-06-29 03:30:00,2023-06-29 03:32:59,0.6181,0.6052,0.59,0.6195,0.6244024431193016,0.6082,0.59,0.6244024431193016,True,0.00443955229252429,-0.0020075392666086753,0,0.6307606903636407,0.6303779500115534,-28.61455777097636,-28.61455777097636,0.6296447082232097,0.6295747608579291,10.78828795063024,33.59904750199195,0,-2
2023-06-29 03:33:00,2023-06-29 03:35:59,0.6052,0.6038,0.6031,0.6074,0.6163012215596508,0.604875,0.6031,0.6163012215596508,True,0.004429584271629703,-0.0027909091199354863,0,0.630569320187597,0.6299938013250409,-34.15358222086248,-34.15358222086248,0.6293982434647698,0.6293182955757606,-4.500103993147301e-14,13.733703025000452,0,-2
2023-06-29 03:36:00,2023-06-29 03:38:59,0.6039,0.6028,0.6011,0.6065,0.6105881107798254,0.603575,0.6011,0.6105881107798254,True,0.004498899680799015,-0.003222596103087727,0,0.630281560756319,0.6295100972900334,-37.931593353680285,-37.931593353680285,0.6291412957686029,0.6290544319381908,-4.500103993147301e-14,3.5960959835434,0,-2
2023-06-29 03:39:00,2023-06-29 03:41:59,0.6027,0.6015,0.6003,0.6038,0.6070815553899127,0.602075,0.6003,0.6070815553899127,True,0.00442754970359909,-0.003422837527499034,0,0.6298958290231762,0.6289410397579088,-40.56649936162228,-40.56649936162228,0.6288719793927959,0.6287802584860694,-4.500103993147301e-14,-2.802696346609284e-14,0,-2
2023-06-29 03:42:00,2023-06-29 03:44:59,0.6015,0.602,0.6011,0.6035,0.6045782776949564,0.602025,0.6011,0.6045782776949564,True,0.004282724724770588,-0.0033354350042201376,0,0.6294184343905426,0.6283083441039178,-41.22298910344912,-41.22298910344912,0.6286048452694846,0.6285137882523772,-4.500103993147301e-14,-2.802696346609284e-14,0,-2
2023-06-29 03:45:00,2023-06-29 03:47:59,0.6019,0.6082,0.6014,0.6083,0.6033016388474782,0.60495,0.6014,0.6083,True,0.004469672958715539,-0.0026696833072279557,0,0.6288633892472302,0.627649955284711,-31.20991409748759,-31.20991409748759,0.6283694736747634,0.6283116610060849,8.623186529693307,2.874395509897756,0,-1
2023-06-29 03:48:00,2023-06-29 03:50:59,0.6082,0.6098,0.6067,0.61,0.6041258194237391,0.608675,0.6067,0.61,True,0.004386124890235856,-0.0019709719621861504,0,0.6282566722659706,0.62700141276472,-22.597884430085855,-22.597884430085855,0.6281735087625767,0.6281274653741836,26.428114854270934,11.683767127988082,0,-1
2023-06-29 03:51:00,2023-06-29 03:53:59,0.6097,0.61,0.6077,0.6101,0.6064004097118696,0.609375,0.6077,0.6101,True,0.004244258826647578,-0.001375103995754622,0,0.6276290425153453,0.6263698747411612,-16.59731189717725,-16.59731189717725,0.6279864589241431,0.6279470925843907,45.80962580299494,26.953642395653077,0,-1
2023-06-29 03:54:00,2023-06-29 03:56:59,0.61,0.6088,0.6076,0.6102,0.6078877048559348,0.60915,0.6076,0.6102,True,0.004126811767601319,-0.0009662356097489234,0,0.6269994586282533,0.6257545137604098,-13.986739596187448,-0.0,0.6277990314721615,0.6277565742502177,56.32073105761206,42.85282390495933,0,-1
2023-06-29 03:57:00,2023-06-29 03:59:59,0.6087,0.6079,0.6074,0.6094,0.6085188524279674,0.6083500000000001,0.6074,0.6094,True,0.0039748966413440815,-0.0006744765769742776,0,0.6263769861943316,0.6251506222591978,-13.295606020762918,-0.0,0.627605508770946,0.6275589963969816,58.04880984917124,53.3930555699261,0,-1
2023-06-29 04:00:00,2023-06-29 04:02:59,0.608,0.6089,0.6078,0.6111,0.6084344262139838,0.60895,0.6078,0.6111,True,0.0039266897383909306,-0.00034014481065484936,0,0.6257638042267647,0.624564020735882,-10.9283143269097,-0.0,0.6274198818180012,0.6273733347412903,64.07446692598991,59.48133594425775,0,-1
2023-06-29 04:03:00,2023-06-29 04:05:59,0.609,0.6101,0.6088,0.6111,0.6086922131069918,0.60975,0.6088,0.6111,True,0.0038104976142201473,2.0970341330850233e-05,0,0.6251639124813234,0.6240005452948092,-7.150891516250844,-0.0,0.6272440620984191,0.627201460763765,78.27350847501278,66.79892841672466,0,-1
2023-06-29 04:06:00,2023-06-29 04:08:59,0.6101,0.6098,0.6085,0.6113,0.6092211065534959,0.609925,0.6085,0.6113,True,0.0037383192132044163,0.0002802970585458111,0,0.6245822288880664,0.6234603439077909,-5.204265231477265,-0.0,0.6270717331223155,0.627028311900444,92.07383469220929,78.14060336440401,0,-1
2023-06-29 04:09:00,2023-06-29 04:11:59,0.6097,0.6102,0.609,0.6116,0.609573053276748,0.610125,0.609,0.6116,True,0.003657010697975533,0.0005097135684935345,0,0.6240212863979286,0.6229435449158998,-3.0234773661351824,-0.0,0.6269031089121432,0.6268608660108873,99.99999999999994,90.11578105574068,0,-1
2023-06-29 04:12:00,2023-06-29 04:14:59,0.61,0.6114,0.6091,0.6118,0.609849026638374,0.610575,0.6091,0.6118,True,0.0035886527909772827,0.0007635168381639208,0,0.6234824156569142,0.6224518040635127,0.9726736981553898,0.0,0.6267406401667487,0.6267070265480924,99.99999999999994,97.35794489740307,0,-1
2023-06-29 04:15:00,2023-06-29 04:17:59,0.6114,0.6123,0.6104,0.6142,0.6102120133191871,0.612075,0.6104,0.6142,True,0.0036037490201931846,0.000999873659011487,0,0.6229671098602134,0.6219934571209746,5.327704347518726,5.327704347518726,0.6265947133989204,0.6265636730501014,99.99999999999994,99.99999999999996,0,-1
2023-06-29 04:18:00,2023-06-29 04:20:59,0.6123,0.6137,0.6122,0.6152,0.6111435066595936,0.6133500000000001,0.6122,0.6152,True,0.003560624090179386,0.0012469921452205861,0,0.622480283490594,0.6215732940418857,10.478618055719032,10.478618055719032,0.6264629252058963,0.6264356763033342,99.99999999999994,99.99999999999996,0,-1
2023-06-29 04:21:00,2023-06-29 04:23:59,0.6137,0.6156,0.6131,0.6159,0.6122467533297968,0.614575,0.6131,0.6159,True,0.0035062937980237176,0.0015222230705597122,0,0.6220267887662398,0.6211944809553173,16.19090438812384,16.19090438812384,0.6263446373929024,0.6263278586286741,99.99999999999994,99.99999999999996,0,-1
2023-06-29 04:24:00,2023-06-29 04:26:59,0.6155,0.6136,0.613,0.6156,0.6134108766648985,0.614425,0.613,0.6156,True,0.0034415585267363125,0.001533358407944706,0,0.6216106348607785,0.6208497929097664,14.098147906443401,14.098147906443401,0.626226034035759,0.6262012132691849,99.52997824777852,99.84332608259281,0,-1
2023-06-29 04:27:00,2023-06-29 04:29:59,0.6137,0.6121,0.6114,0.6137,0.6139179383324492,0.6127250000000001,0.6114,0.6139179383324492,True,0.003360018631969431,0.0014050301812221899,0,0.6212302138852724,0.6205226728676618,9.301652933618023,9.301652933618023,0.6260916953886371,0.626060902689392,90.93482771002658,96.82160198593503,0,2
2023-06-29 04:30:00,2023-06-29 04:32:59,0.6121,0.6145,0.6113,0.6145,0.6133214691662247,0.6131,0.6113,0.6145,True,0.0033485887296859063,0.0014574308110989797,0,0.6208764433764671,0.620214201528388,10.234959287706644,10.234959287706644,0.6259624247877551,0.625945868831786,84.22729836900157,91.56403477560224,0,2
2023-06-29 04:33:00,2023-06-29 04:35:59,0.6145,0.6148,0.6131,0.6149,0.6132107345831124,0.614325,0.6131,0.6149,True,0.0032379752489940577,0.0014779460190666154,0,0.6205453224524276,0.6199309336881819,11.307469667442888,11.307469667442888,0.6258466295162352,0.6258349646643055,84.697320121223,86.61981540008374,0,2
2023-06-29 04:36:00,2023-06-29 04:38:59,0.6147,0.614,0.6133,0.6156,0.6137678672915562,0.6144,0.6133,0.6156,True,0.003170977016923059,0.0013990836901945896,0,0.6202381280703047,0.6196699668384265,9.85689658360058,9.85689658360058,0.6257327327051283,0.6257172038218747,93.29247065897493,87.40569638306653,0,2
2023-06-29 04:39:00,2023-06-29 04:41:59,0.614,0.6152,0.614,0.6159,0.6140839336457781,0.614775,0.614,0.6159,True,0.0030801929442856985,0.001394370138082389,0,0.6199540474543656,0.6194309211242045,11.122661175154235,11.122661175154235,0.6256237005389081,0.6256125550276271,99.99999999999994,92.66326359339932,0,2
2023-06-29 04:42:00,2023-06-29 04:44:59,0.6151,0.6189,0.6151,0.6189,0.614429466822889,0.617,0.6151,0.6189,True,0.003131607733979579,0.0016069597176302775,0,0.619692484289285,0.6192260400481758,16.39337065066158,16.39337065066158,0.6255378925733469,0.6255457634353124,99.99999999999994,97.76415688632495,0,2
2023-06-29 04:45:00,2023-06-29 04:47:59,0.6189,0.6214,0.618,0.6214,0.6157147334114446,0.619925,0.618,0.6214,True,0.003150778610123892,0.00186558826367975,0,0.6194592621687304,0.6190695313447627,21.66439095904083,21.66439095904083,0.6254820428960002,0.6255045120578466,99.99999999999994,99.99999999999996,1,2
2023-06-29 04:48:00,2023-06-29 04:50:59,0.6214,0.6218,0.6193,0.6219,0.6178198667057222,0.6211,0.6193,0.6219,True,0.0031114372808293315,0.0019953246586347706,0,0.6192643967567465,0.6189602421162109,25.427737614572763,25.427737614572763,0.6254384404791246,0.6254676512413506,99.99999999999994,99.99999999999996,0,2
2023-06-29 04:51:00,2023-06-29 04:53:59,0.6218,0.6232,0.6211,0.6242,0.6194599333528611,0.622575,0.6211,0.6242,True,0.0031106203321986645,0.0021012171885230685,1,0.6191123194364787,0.6188989990212365,28.789272745464146,28.789272745464146,0.6254099485340586,0.6254450875474068,99.99999999999994,99.99999999999996,0,2
2023-06-29 04:54:00,2023-06-29 04:56:59,0.6233,0.6207,0.6204,0.624,0.6210174666764305,0.6221,0.6204,0.624,True,0.0031455760227559063,0.0019160804411430148,0,0.6190056592288575,0.6188727441727317,24.094653620423145,24.094653620423145,0.6253770137227744,0.62539787274594,97.66991302106665,99.22330434035553,0,2
2023-06-29 04:57:00,2023-06-29 04:59:59,0.6208,0.6199,0.6196,0.6208,0.6215587333382153,0.620275,0.6196,0.6215587333382153,True,0.003006606306844769,0.0016645397530504228,0,0.6189392017007946,0.6188616945120893,19.121859259401276,19.121859259401276,0.6253262474170752,0.6253431675444879,85.92250409106441,94.53080570404369,0,1
2023-06-29 05:00:00,2023-06-29 05:02:59,0.6199,0.6197,0.6189,0.6213,0.6209168666691076,0.61995,0.6189,0.6213,True,0.0029632772849272826,0.0014197857892800168,0,0.618900448106442,0.6188604619695794,15.313634588474855,15.313634588474855,0.6252727524179004,0.6252870166236473,72.61987638420554,85.40409783211221,0,1
2023-06-29 05:03:00,2023-06-29 05:05:59,0.6197,0.6192,0.6187,0.6216,0.6204334333345538,0.6198,0.6187,0.6216,True,0.0029587574788610487,0.0011675191578294725,0,0.6188804550380107,0.6188659378102478,11.4332943673677,11.4332943673677,0.625218297169961,0.6252264492940588,60.89623646386949,73.14620564637984,0,1
2023-06-29 05:06:00,2023-06-29 05:08:59,0.6191,0.6204,0.618,0.6207,0.620116716667277,0.61955,0.618,0.6207,True,0.0029402748017995474,0.0010363868885108166,0,0.6188731964241292,0.6188749423722131,11.42967767478875,11.42967767478875,0.6251618962030957,0.6251784249229736,57.276658775417445,63.59759054116418,0,1
2023-06-29 05:09:00,2023-06-29 05:11:59,0.6203,0.6189,0.6181,0.6203,0.6198333583336385,0.6194,0.6181,0.6203,True,0.0028945408873852917,0.0008026243464117367,0,0.6188740693981711,0.6188856341808807,7.320312147169908,7.320312147169908,0.6251045639025674,0.6251159530331928,53.56233529604921,57.24507684511207,0,1
2023-06-29 05:12:00,2023-06-29 05:14:59,0.6188,0.6187,0.6176,0.6196,0.6196166791668192,0.6186750000000001,0.6176,0.6196166791668192,True,0.002830645109714914,0.0006008361023375892,0,0.6188798517895259,0.618892606742553,4.071769241350019,4.071769241350019,0.6250405881423429,0.6250521127045043,42.235997314780164,51.024997128748964,0,1
2023-06-29 05:15:00,2023-06-29 05:17:59,0.6186,0.6194,0.6172,0.6195,0.6191458395834096,0.618675,0.6172,0.6195,True,0.0027927418875924254,0.0004895134299002116,0,0.6188862292660394,0.6188966032757217,3.924775879889438,3.924775879889438,0.6249772489568469,0.6249958727770963,31.918806170480647,42.57237959377003,0,1
2023-06-29 05:18:00,2023-06-29 05:20:59,0.6194,0.6181,0.6181,0.6199,0.6189104197917048,0.618875,0.6181,0.6199,True,0.002721831752764397,0.0003037356169408494,0,0.6188914162708805,0.6188996015529457,0.16675566687045773,0.0,0.624916530061754,0.624927257127573,22.893259626662566,32.34935437064115,0,1
2023-06-29 05:21:00,2023-06-29 05:23:59,0.6182,0.6179,0.6174,0.6183,0.6188927098958523,0.61795,0.6174,0.6188927098958523,True,0.002591700913281227,0.0001530939976023861,0,0.618895508911913,0.6188954468411686,-2.8563786384275858,-0.0,0.6248472113546718,0.6248573341710798,14.939991173867625,23.25068565700364,0,1
2023-06-29 05:24:00,2023-06-29 05:26:59,0.6179,0.6171,0.617,0.618,0.6184213549479262,0.6174999999999999,0.617,0.6184213549479262,True,0.0024780079909039964,-9.46030221275762e-06,0,0.6188954778765408,0.6188826015580291,-6.910295792922064,-0.0,0.6247741047740283,0.6247801467663925,7.290835603288097,15.04136213460612,0,1
2023-06-29 05:27:00,2023-06-29 05:29:59,0.6171,0.6183,0.617,0.6183,0.617960677473963,0.617675,0.617,0.6183,True,0.00239386456298228,-3.525985577738087e-05,0,0.6188890397172849,0.6188642029453478,-5.034280611363371,-0.0,0.6247034669155802,0.62471566769409,1.3022224557265851,7.844349744294127,0,1
2023-06-29 05:30:00,2023-06-29 05:32:59,0.6182,0.6184,0.6172,0.6184,0.6178178387369815,0.61805,0.6172,0.6184,True,0.0023085885227692587,-4.68559365355769e-05,0,0.6188766213313164,0.6188441312901127,-3.429941826685095,-0.0,0.6246372632646789,0.6246528252294722,5.458453258358276,4.68383710579101,0,1
2023-06-29 05:33:00,2023-06-29 05:35:59,0.6183,0.6158,0.6157,0.6183,0.6179339193684907,0.617025,0.6157,0.6183,True,0.002336546485428592,-0.00023381475461827243,0,0.6188603763107146,0.6188158475595581,-8.869491406247697,-8.869491406247697,0.6245615193515975,0.6245647374162436,5.458453258358276,4.073042990814403,0,1
2023-06-29 05:36:00,2023-06-29 05:38:59,0.6158,0.6174,0.6155,0.6176,0.6174794596842454,0.616575,0.6155,0.6176,True,0.0023196503078979774,-0.00023737514287020212,0,0.6188381119351363,0.6187782049822633,-7.273613833615421,-0.0,0.6244820514973528,0.624493446496679,4.15623080263163,5.024379106449417,0,1
2023-06-29 05:39:00,2023-06-29 05:41:59,0.6173,0.6171,0.6171,0.6179,0.6170272298421227,0.61735,0.6171,0.6179,True,0.002211103857333838,-0.00025210114086440436,0,0.6188081584586997,0.6187387697114103,-6.946032096434408,-0.0,0.624411085810812,0.6244198798648712,9.029307012853621,6.214663691281199,0,1
2023-06-29 05:42:00,2023-06-29 05:44:59,0.6172,0.618,0.617,0.6183,0.6171886149210613,0.617625,0.617,0.6183,True,0.0021460250103814186,-0.00019068757211943824,0,0.618773464085055,0.6187000804006604,-3.9577369555541395,-0.0,0.6243435625689133,0.6243560004632307,21.64874052561068,11.611426113698668,0,2
2023-06-29 05:45:00,2023-06-29 05:47:59,0.6181,0.6182,0.6175,0.6196,0.6174068074605306,0.6183500000000001,0.6175,0.6196,True,0.002142737509639888,-0.0001304934599290218,0,0.6187367722428576,0.6186672181103742,-1.3597834088300829,-0.0,0.6242839251304166,0.6242947467272781,44.11079873745103,24.929615425305133,0,2
2023-06-29 05:48:00,2023-06-29 05:50:59,0.6182,0.6185,0.6182,0.6189,0.6178784037302654,0.6184499999999999,0.6182,0.6189,True,0.0020396848303798985,-6.672016311963866e-05,0,0.6187019951766158,0.6186398550508838,1.3542959261022105,0.0,0.6242258761241438,0.6242370875558625,59.9132380022586,41.89092575510679,0,2
2023-06-29 05:51:00,2023-06-29 05:53:59,0.6185,0.6183,0.6183,0.6191,0.6181642018651327,0.61855,0.6183,0.6191,True,0.001951135913924193,-3.767288817163876e-05,0,0.6186709251137498,0.6186176954205072,2.244217150858006,0.0,0.6241693997447991,0.6241780120577942,79.16162230725148,61.06188634898706,0,2
2023-06-29 05:54:00,2023-06-29 05:56:59,0.6184,0.6177,0.6177,0.6184,0.6183571009325664,0.61805,0.6177,0.6184,True,0.0018617690629296022,-5.9748277435780524e-05,0,0.6186443102671284,0.6185963539933632,0.15699339253242073,0.0,0.6241085101950996,0.6241135542263734,78.60140303674875,72.55875444875296,0,1
2023-06-29 05:57:00,2023-06-29 05:59:59,0.6177,0.6162,0.6155,0.6178,0.6182035504662832,0.6168,0.6155,0.6182035504662832,True,0.0018930712727203427,-0.00017550163167273606,0,0.6186203321302458,0.6185672268389335,-5.966106443160321,-0.0,0.624035788700621,0.6240348123932752,53.76965675908749,70.51089403436261,0,1
2023-06-29 06:00:00,2023-06-29 06:02:59,0.6163,0.6178,0.6163,0.6188,0.6175017752331415,0.6173,0.6163,0.6188,True,0.0019435661818117502,-0.00013376560673585802,0,0.6185937794845896,0.6185356003016454,-3.6083725468180674,-0.0,0.6239687659274805,0.6239727744590138,31.86851263309944,54.74652414297859,0,2
2023-06-29 06:03:00,2023-06-29 06:05:59,0.618,0.619,0.6179,0.6196,0.6174008876165707,0.6186250000000001,0.6179,0.6196,True,0.001933311454539484,-1.9291918004977498e-05,0,0.6185646898931174,0.6185113138834262,1.2739087587031506,0.0,0.6239155941272071,0.623923294116138,43.24498315905978,42.9610508504156,0,2
2023-06-29 06:06:00,2023-06-29 06:08:59,0.619,0.618,0.6178,0.6193,0.6180129438082854,0.618525,0.6178,0.6193,True,0.0019023606363580885,-1.3756383820591868e-05,0,0.6185380018882717,0.6184922869168802,1.093696080978951,0.0,0.6238619563746975,0.6238643558662262,74.5548597959981,49.889451862719135,0,1
2023-06-29 06:09:00,2023-06-29 06:11:59,0.6181,0.6179,0.6179,0.6191,0.6182689719041428,0.61825,0.6179,0.6191,True,0.0018521920194753663,-1.716449046334088e-05,0,0.6185151444025758,0.6184756445063961,0.6377433072404273,0.0,0.6238061160127603,0.6238050090416867,90.30890780587747,69.36958358697848,0,1
2023-06-29 06:12:00,2023-06-29 06:14:59,0.6178,0.6189,0.6176,0.6191,0.6182594859520714,0.61835,0.6176,0.6191,True,0.0018270354466556934,4.925467743369325e-05,0,0.6184953944544859,0.6184616797646505,3.558598733436014,0.0,0.6237518263011905,0.6237562029815704,84.64501421413618,83.16959393867062,0,2
2023-06-29 06:15:00,2023-06-29 06:17:59,0.6189,0.6195,0.618,0.6195,0.6183047429760357,0.6189749999999999,0.618,0.6195,True,0.0018036757718945765,0.00013032824357257674,0,0.6184785371095681,0.6184542071479784,7.152720620451568,7.152720620451568,0.6237042956912284,0.6237138527031468,86.6684709105312,87.20746431018165,0,2
2023-06-29 06:18:00,2023-06-29 06:20:59,0.6195,0.6185,0.6184,0.6197,0.6186398714880178,0.6190249999999999,0.6184,0.6197,True,0.0017676989310449697,0.0001073092225952635,0,0.6184663721287732,0.6184522401503035,5.350701009740966,0.0,0.6236577355350968,0.6236619735717722,94.2810825422233,88.53152255563026,0,1
2023-06-29 06:21:00,2023-06-29 06:23:59,0.6185,0.6175,0.6168,0.6188,0.6188324357440089,0.6179000000000001,0.6168,0.6188324357440089,True,0.0017842918645417578,1.7849465873166933e-05,0,0.6184593061395384,0.618446902564482,0.8684017421394756,0.0,0.6236004446342501,0.6236006604019039,78.93411542227464,86.62788962500974,0,1
2023-06-29 06:24:00,2023-06-29 06:26:59,0.6175,0.6173,0.6172,0.6181,0.6183662178720045,0.617525,0.6172,0.6183662178720045,True,0.001721128159931633,-5.5721699030158875e-05,0,0.6184531043520102,0.6184363750136244,-2.7296092338989624,-0.0,0.6235399924488347,0.6235379672635765,51.616139824781904,74.9437792630933,0,1
2023-06-29 06:27:00,2023-06-29 06:29:59,0.6173,0.6171,0.617,0.6177,0.6179456089360023,0.617275,0.617,0.6179456089360023,True,0.0016481904342222332,-0.000115626233575603,0,0.6184447396828172,0.6184201183311232,-5.79327082890039,-5.79327082890039,0.623477654215513,0.6234739078878195,20.151130514855943,50.23379525397085,0,1
2023-06-29 06:30:00,2023-06-29 06:32:59,0.6172,0.6149,0.6147,0.6175,0.6176103044680011,0.616075,0.6147,0.6176103044680011,True,0.001730462546063504,-0.0003009593615001797,0,0.6184324290069702,0.618391229324961,-12.869072502425993,-12.869072502425993,0.6234039959646124,0.6233885953715228,7.883681759247916,26.550317366295275,-1,1
2023-06-29 06:33:00,2023-06-29 06:35:59,0.615,0.6136,0.6136,0.6155,0.6168426522340006,0.614425,0.6136,0.6168426522340006,True,0.001742572364201826,-0.0004968591875452283,0,0.6184118291659656,0.6183412722561304,-19.267380961509947,-19.267380961509947,0.6233146527211834,0.6232911964126022,1.8683240234073264,9.967712099170415,0,-2
2023-06-29 06:36:00,2023-06-29 06:38:59,0.6137,0.6136,0.6135,0.6145,0.6156338261170002,0.6138250000000001,0.6135,0.6156338261170002,True,0.0016895314810445527,-0.0006008411491852245,0,0.618376550711048,0.6182709542739387,-23.53291993423258,-23.53291993423258,0.6232202283159974,0.6231947665975515,-4.4112861511772884e-14,3.2506685942184195,0,-2
2023-06-29 06:39:00,2023-06-29 06:41:59,0.6137,0.6133,0.6132,0.6146,0.6147294130585002,0.6136999999999999,0.6132,0.6147294130585002,True,0.0016688506609699467,-0.0006603172832354676,0,0.6183237524924934,0.6181842308246732,-26.78301091752241,-26.78301091752241,0.6231254996760373,0.623096311208521,-4.4112861511772884e-14,0.6227746744690993,0,-2
2023-06-29 06:42:00,2023-06-29 06:44:59,0.6133,0.6131,0.6129,0.614,0.61421470652925,0.613325,0.6129,0.61421470652925,True,0.001628218470900664,-0.000680413468395722,0,0.6182539916585833,0.6180826133520977,-29.237128813389315,-29.237128813389315,0.6230279822663254,0.6229968454253517,-4.4112861511772884e-14,-2.417819031405896e-14,0,-2
2023-06-29 06:45:00,2023-06-29 06:47:59,0.6132,0.6138,0.6126,0.6139,0.613769853264625,0.613375,0.6126,0.6139,True,0.001604774294407757,-0.0006113218685425075,0,0.6181683025053405,0.6179703099673283,-25.879244720544786,-25.879244720544786,0.6229319326915361,0.6229053345255969,0.5206454927002897,0.17354849756675375,0,-2
2023-06-29 06:48:00,2023-06-29 06:50:59,0.6138,0.6152,0.6138,0.6157,0.6135724266323125,0.614625,0.6138,0.6157,True,0.001625861844807204,-0.0004386716307497935,0,0.6180693062363344,0.6178589403387202,-16.73851973057269,-16.73851973057269,0.6228492766448541,0.6228286645303174,12.98246676084982,4.501037417850042,0,-1
2023-06-29 06:51:00,2023-06-29 06:53:59,0.6151,0.615,0.6146,0.6156,0.6140987133161562,0.615075,0.6146,0.6156,True,0.0015811574273209752,-0.00031581729382970593,0,0.6179641232875274,0.6177521574555539,-11.483434390935486,-11.483434390935486,0.6227719206583382,0.6227507673708117,29.20445271565153,14.2358549897339,0,-1
2023-06-29 06:54:00,2023-06-29 06:56:59,0.615,0.6142,0.614,0.6152,0.6145868566580781,0.6146,0.614,0.6152,True,0.001553931896798047,-0.0002713006772640409,0,0.6178581403715406,0.6176464593883231,-11.082452101308803,-11.082452101308803,0.6226906080149717,0.6226656851084156,42.09981822591402,28.095579234138473,0,-1
2023-06-29 06:57:00,2023-06-29 06:59:59,0.6142,0.6149,0.6141,0.615,0.6145934283290391,0.6145499999999999,0.6141,0.615,True,0.0015072224755981873,-0.00017613041749612495,0,0.6177522998799319,0.6175419975522816,-7.4755444748639945,-7.4755444748639945,0.6226096069401958,0.6225884146098244,42.755726758838286,38.01999923346796,0,-1
2023-06-29 07:00:00,2023-06-29 07:02:59,0.6148,0.6154,0.6148,0.6156,0.6145717141645195,0.61515,0.6148,0.6156,True,0.0014567065844840327,-6.591070306377102e-05,0,0.6176471487161067,0.6174433423671148,-2.981807568873897,-0.0,0.6225353819955173,0.6225168880962938,51.81390656303993,45.556483849264104,0,-1
2023-06-29 07:03:00,2023-06-29 07:05:59,0.6154,0.6157,0.6151,0.6158,0.6148608570822598,0.6155,0.6151,0.6158,True,0.001402656114163747,3.548362786367923e-05,0,0.6175452455416108,0.6173523370507169,1.2221607944613169,0.0,0.6224653781945668,0.6224490583639923,71.3384802332547,55.30270451837766,0,-1
2023-06-29 07:06:00,2023-06-29 07:08:59,0.6157,0.6181,0.6157,0.6185,0.61518042854113,0.617,0.6157,0.6185,True,0.0015024663917234812,0.00027056174720538795,0,0.6174487912961639,0.6172782705182478,9.967490599755635,9.967490599755635,0.622410996321984,0.6224057841514153,91.55408376551424,71.56882352060298,0,2
2023-06-29 07:09:00,2023-06-29 07:11:59,0.618,0.6191,0.6175,0.6197,0.616090214270565,0.618575,0.6175,0.6197,True,0.0015522902208860883,0.00048507426684574564,0,0.6173635309072059,0.6172288543596263,17.156765018280538,17.156765018280538,0.6223728272043524,0.6223728907767744,99.60725133984421,87.49993844620441,0,2
2023-06-29 07:12:00,2023-06-29 07:14:59,0.6191,0.6198,0.6181,0.6198,0.6173326071352825,0.6192000000000001,0.6181,0.6198,True,0.0015628409193942272,0.0006552959358107765,0,0.6172961926334161,0.617203472825757,22.761401255926557,22.761401255926557,0.6223412567844085,0.622347289873523,99.99999999999996,97.05377836845283,1,2
2023-06-29 07:15:00,2023-06-29 07:17:59,0.6198,0.6175,0.6173,0.6199,0.6182663035676412,0.618625,0.6173,0.6199,True,0.0016369237108660715,0.0005824554517965043,0,0.6172498327295866,0.6171932429538034,16.92180283603237,16.92180283603237,0.6223042791049617,0.6222990581334878,96.40706163885291,98.67143765956571,0,1
2023-06-29 07:18:00,2023-06-29 07:20:59,0.6176,0.6167,0.6165,0.6178,0.6184456517838206,0.6171500000000001,0.6165,0.6184456517838206,True,0.0016128577315184926,0.00045764442946183886,0,0.617221537841695,0.6171848922110214,10.727795599784635,10.727795599784635,0.6222529927457083,0.6222433461122591,84.834755441849,93.74727236023398,0,1
2023-06-29 07:21:00,2023-06-29 07:23:59,0.6166,0.6166,0.6161,0.617,0.6177978258919103,0.616575,0.6161,0.6177978258919103,True,0.0015619393221243153,0.000352089448776031,0,0.6172032150263581,0.6171741331033351,6.301999797139054,6.301999797139054,0.6221964953054525,0.6221871934146247,70.55829667341207,83.93337125137136,0,1
2023-06-29 07:24:00,2023-06-29 07:26:59,0.6166,0.6161,0.616,0.6168,0.6171864129459552,0.616375,0.616,0.6171864129459552,True,0.001507515084829723,0.00023571988035634502,0,0.6171886740648466,0.6171601794792505,1.7790311486288033,0.0,0.62213856997903,0.6221266243259219,58.755933974898596,71.3829953633866,0,1
2023-06-29 07:27:00,2023-06-29 07:29:59,0.6162,0.6154,0.6153,0.6163,0.6167807064729776,0.6157999999999999,0.6153,0.6167807064729776,True,0.0014712640073418857,0.00010348397154243352,0,0.6171744267720485,0.6171398614151479,-3.274869684299105,-0.0,0.62207549963098,0.6220596927405894,45.312588700946634,58.20893978308581,0,1
2023-06-29 07:30:00,2023-06-29 07:32:59,0.6154,0.6157,0.6154,0.6163,0.6162903532364887,0.6157,0.6154,0.6163,True,0.0014304594353888947,3.532958554452084e-05,0,0.6171571440935981,0.6171139858798413,-5.195709244531017,-0.0,0.6220120618237065,0.6219964122158074,33.373993100037175,45.814171925294175,-1,1
2023-06-29 07:33:00,2023-06-29 07:35:59,0.6157,0.6137,0.6136,0.6157,0.6159951766182443,0.614675,0.6136,0.6159951766182443,True,0.0014782837614325443,-0.0001461061081031797,0,0.6171355649867197,0.6170768798520111,-11.312494449775969,-11.312494449775969,0.6219390562334208,0.621913860850476,16.126906824573787,31.604496208519237,0,1
2023-06-29 07:36:00,2023-06-29 07:38:59,0.6137,0.6119,0.6116,0.6137,0.6153350883091222,0.6127250000000001,0.6116,0.6153350883091222,True,0.0015226920641873618,-0.0003786827162747978,-1,0.6171062224193654,0.6170178074914928,-17.83017705169224,-17.83017705169224,0.6218473740818445,0.6218142204440036,7.809224962196332,19.103374962269136,0,-2
2023-06-29 07:39:00,2023-06-29 07:41:59,0.6119,0.6111,0.6111,0.6125,0.6140300441545612,0.61165,0.6111,0.6140300441545612,True,0.0015139283453168408,-0.000564691590096236,0,0.6170620149554291,0.6169344705387589,-22.995471779934352,-22.995471779934352,0.6217459076730699,0.6217076112853568,0.6909459982093864,8.20902592832654,0,-2
2023-06-29 07:42:00,2023-06-29 07:44:59,0.6112,0.6108,0.6104,0.6119,0.6128400220772806,0.611075,0.6104,0.6128400220772806,True,0.001512933463508491,-0.0006770339195537221,0,0.616998242747094,0.6168286565705602,-26.74302665947466,-26.74302665947466,0.6216397294872682,0.6215990778397313,-4.98860212398237e-14,2.8333903201352606,0,-2
2023-06-29 07:45:00,2023-06-29 07:47:59,0.6108,0.6115,0.6108,0.6129,0.6119575110386404,0.6115,0.6108,0.6129,True,0.0015548667875435983,-0.0006670278415863125,0,0.6169134496588271,0.6167087882383381,-25.511921449823554,-25.511921449823554,0.6215388366565491,0.6214985895030176,2.620316972408839,1.1037543235394298,0,-2
2023-06-29 07:48:00,2023-06-29 07:50:59,0.6116,0.611,0.6107,0.6126,0.6117287555193203,0.611475,0.6107,0.6126,True,0.0015795191598619136,-0.0006595657145778346,0,0.6168111189485826,0.61657850570413,-25.609371128535493,-25.609371128535493,0.6214386989783744,0.6213941259258732,5.169526888383458,2.5966146202641203,0,-2
2023-06-29 07:51:00,2023-06-29 07:53:59,0.611,0.6108,0.6108,0.6129,0.6116018777596601,0.611375,0.6108,0.6129,True,0.001616696362728919,-0.0006324350934595541,0,0.6166948123263564,0.6164402317658487,-26.051516131393832,-26.051516131393832,0.6213385626701319,0.6212887117375561,7.416604115164412,5.068815991985608,0,-2
2023-06-29 07:54:00,2023-06-29 07:56:59,0.6109,0.611,0.6109,0.6126,0.6114884388798301,0.6113500000000001,0.6109,0.6126,True,0.001629789479676855,-0.0005653451798023519,0,0.6165675220461025,0.6162964433186197,-24.98356420337711,-24.98356420337711,0.621239173986847,0.6211863364963863,7.220385610227513,6.602172204591834,0,-1
2023-06-29 07:57:00,2023-06-29 07:59:59,0.6111,0.6111,0.6097,0.6119,0.6114192194399151,0.61095,0.6097,0.6119,True,0.001670518802557078,-0.000481366690798804,0,0.6164319826823611,0.6161465553759908,-23.521333607159395,-23.521333607159395,0.6211367941461818,0.6210859749392084,5.97170724319346,6.869565656195167,0,-1
2023-06-29 08:00:00,2023-06-29 08:02:59,0.6112,0.6102,0.61,0.613,0.6111846097199576,0.6111,0.61,0.613,True,0.0017654817452315726,-0.00045802520737822086,0,0.616289269029176,0.6159939228079453,-24.998737675225918,-24.998737675225918,0.6210369255477124,0.6209776567806092,7.301428013698139,6.831173622373076,0,-2
2023-06-29 08:03:00,2023-06-29 08:05:59,0.6102,0.6119,0.6093,0.6121,0.6111423048599788,0.610875,0.6093,0.6121,True,0.001839375906286462,-0.0002959018787292943,0,0.6161415959185607,0.6158386328594638,-16.5802124664649,-16.5802124664649,0.6209358118606705,0.6208873318375185,7.162115228241059,6.8117501617109255,0,-1
2023-06-29 08:06:00,2023-06-29 08:08:59,0.6118,0.6107,0.6102,0.6124,0.6110086524299894,0.611275,0.6102,0.6124,True,0.0018651347701231498,-0.00024970488305768503,0,0.6159901143890122,0.6156850606162548,-14.898273577988505,-14.898273577988505,0.6208396843794698,0.620785965351573,15.763328660227842,10.075623967389053,0,-1
2023-06-29 08:09:00,2023-06-29 08:11:59,0.6106,0.6105,0.6095,0.6106,0.6111418262149947,0.6103000000000001,0.6095,0.6111418262149947,True,0.0018176251436857803,-0.00021155285123425284,0,0.6158375875026334,0.6155272048665156,-14.351666532092686,-14.351666532092686,0.620734811898082,0.620683617437627,14.325924451687646,12.417122780052223,0,-1
2023-06-29 08:12:00,2023-06-29 08:14:59,0.6104,0.6105,0.6103,0.6122,0.6107209131074973,0.61085,0.6103,0.6122,True,0.0018235090619939398,-0.00016625540505610338,0,0.6156823961845744,0.6153708333251839,-13.987261834828807,-13.987261834828807,0.6206364555607876,0.6205822879108844,28.707535954136073,19.598929688683892,0,-1
2023-06-29 08:15:00,2023-06-29 08:17:59,0.6105,0.6105,0.6099,0.6113,0.6107854565537487,0.61055,0.6099,0.6113,True,0.0017932584147086553,-0.00011810055525414117,0,0.6155266147548791,0.615214644867599,-13.744325369986221,-13.744325369986221,0.6205360928188892,0.6204819666381394,44.732476289154626,29.255312231659488,0,-1
2023-06-29 08:18:00,2023-06-29 08:20:59,0.6102,0.6109,0.6102,0.6115,0.6106677282768744,0.6106999999999999,0.6102,0.6115,True,0.0017580256708008997,-4.2638972357042764e-05,0,0.615370629811239,0.6150607013315753,-10.754198066164001,-0.0,0.620438221248552,0.6203866236865161,75.92641583374252,49.78880935901111,0,-1
2023-06-29 08:21:00,2023-06-29 08:23:59,0.6111,0.6121,0.611,0.6126,0.6106838641384371,0.6116999999999999,0.611,0.6126,True,0.0017538809800294094,0.0001020159358435112,0,0.615215665571407,0.6149164425179197,-2.8155766998782212,-0.0,0.620351273773442,0.6203041697194861,92.59335198261253,71.08408136850326,0,-1
2023-06-29 08:24:00,2023-06-29 08:26:59,0.6121,0.6109,0.6099,0.6123,0.6111919320692185,0.6113,0.6099,0.6123,True,0.0018000323385987344,0.00012017375165024368,0,0.6150660540446633,0.6147780538977832,-3.4291343373380414,-0.0,0.6202612113478356,0.6202105958914315,94.48995883981024,87.66990888538847,0,-1
2023-06-29 08:27:00,2023-06-29 08:29:59,0.6109,0.6111,0.6105,0.6114,0.6112459660346092,0.610975,0.6105,0.6114,True,0.0017357443144131112,0.0001515358739478949,0,0.6149220539712231,0.6146430065697663,-2.8688849736481146,-0.0,0.6201688112349218,0.6201199431959943,84.62093658429485,90.56808246890591,0,-1
2023-06-29 08:30:00,2023-06-29 08:32:59,0.6111,0.6109,0.6103,0.6115,0.6111104830173046,0.61095,0.6103,0.6115,True,0.0016974768633836097,0.00016235091238154848,0,0.6147825302704947,0.6145113449062349,-3.4606098915545473,-0.0,0.6200770817698977,0.620028202467676,74.40824766294729,84.5063810290175,0,-1
2023-06-29 08:33:00,2023-06-29 08:35:59,0.611,0.6097,0.6097,0.6111,0.6110302415086524,0.610375,0.6097,0.6111,True,0.001676228515999063,9.055956766511417e-05,0,0.6146469375883648,0.6143793070277,-8.4166600750074,-0.0,0.6199805436428341,0.619925434283918,61.9354786052922,73.65488761751148,0,-2
2023-06-29 08:36:00,2023-06-29 08:38:59,0.6098,0.6072,0.6064,0.6101,0.6107026207543262,0.608375,0.6064,0.6107026207543262,True,0.0018207836219991248,-0.00012070675715812823,0,0.6145131223080323,0.6142341567457819,-16.259925298750943,-16.259925298750943,0.6198650655966367,0.6197988130472621,38.47116752747426,58.27163126523795,0,-2
2023-06-29 08:39:00,2023-06-29 08:41:59,0.6071,0.6077,0.606,0.6083,0.6095388103771631,0.6072749999999999,0.606,0.6095388103771631,True,0.0018550133632848993,-0.0002067511414629926,0,0.614373639526907,0.6140721316919507,-18.93367257438856,-18.93367257438856,0.619739791312093,0.6196784268477868,15.350523115488485,38.585723082751684,0,-2
2023-06-29 08:42:00,2023-06-29 08:44:59,0.6077,0.6069,0.6067,0.6084,0.6084069051885814,0.607425,0.6067,0.6084069051885814,True,0.0018439409801931234,-0.00029677779490236466,0,0.6142228856094288,0.6138989618352161,-22.021427165811534,-22.021427165811534,0.6196172560751567,0.6195512783219382,2.3667107395066416,18.729467127489833,0,-2
2023-06-29 08:45:00,2023-06-29 08:47:59,0.6069,0.6053,0.605,0.6073,0.6079159525942908,0.606125,0.605,0.6079159525942908,True,0.0018765166244650408,-0.00043970970191369333,0,0.6140609237223225,0.6137092863436516,-26.024892404755473,-26.024892404755473,0.6194830047709263,0.6194094745575408,2.3667107395066416,6.694648198167294,0,-2
2023-06-29 08:48:00,2023-06-29 08:50:59,0.6051,0.6032,0.6026,0.6051,0.6070204762971454,0.604,0.6026,0.6070204762971454,True,0.0019353368655746755,-0.0006439969448755714,0,0.613885105032987,0.6134933374654309,-30.272146508368657,-30.272146508368657,0.6193289450219619,0.6192481862534857,2.3667107395066416,2.3667107395066798,0,-2
2023-06-29 08:51:00,2023-06-29 08:53:59,0.6032,0.6039,0.6017,0.604,0.6055102381485726,0.6032000000000001,0.6017,0.6055102381485726,True,0.0019613842323193396,-0.0006857287868742932,0,0.6136892212492089,0.6132526961533125,-29.966317868971608,-29.966317868971608,0.619168458006818,0.6190954679823067,-4.026408835973901e-14,1.5778071596711192,0,-2
2023-06-29 08:54:00,2023-06-29 08:56:59,0.6038,0.6036,0.6025,0.604,0.6043551190742864,0.603475,0.6025,0.6043551190742864,True,0.0019284282157250971,-0.000687941782794306,0,0.6134709587012607,0.6129961521621021,-30.11829118703097,-30.11829118703097,0.6190123041958049,0.6189412842212888,2.820230582723644,1.7289804407434535,0,-2
2023-06-29 08:57:00,2023-06-29 08:59:59,0.6036,0.6052,0.6033,0.6053,0.6039150595371432,0.6043499999999999,0.6033,0.6053,True,0.0019335404860304475,-0.0005330963914199904,0,0.6132335554316813,0.6127348514749428,-23.55381584097438,-23.55381584097438,0.6188664106217173,0.618804555025057,14.241536804128438,5.687255795617386,0,-1
2023-06-29 09:00:00,2023-06-29 09:02:59,0.6053,0.6034,0.6034,0.6055,0.6041325297685716,0.6044,0.6034,0.6055,True,0.0019454304513139863,-0.0005159326824992982,0,0.612984203453312,0.612471941661382,-22.49283839728108,-22.49283839728108,0.6187224662374217,0.6186512758705789,26.1445621482774,14.4021098450432,0,-2
2023-06-29 09:03:00,2023-06-29 09:05:59,0.6034,0.6059,0.6034,0.6062,0.6042662648842858,0.604725,0.6034,0.6062,True,0.002006471133362981,-0.0002928555296022495,0,0.6127280725573468,0.6122117986578315,-14.860742592478118,-0.0,0.6185831879664025,0.6185243975037075,39.86613040215607,26.75074311818734,0,-1
2023-06-29 09:06:00,2023-06-29 09:08:59,0.6059,0.6065,0.6054,0.6066,0.6044956324421429,0.6061000000000001,0.6054,0.6066,True,0.0019488660524084808,-7.647232341600248e-05,0,0.6124699356075891,0.6119650528031814,-8.477234815209819,-0.0,0.6184589771408662,0.618404751757402,60.750526630801765,42.25373972707845,0,-1
2023-06-29 09:09:00,2023-06-29 09:11:59,0.6065,0.6079,0.6063,0.6084,0.6052978162210715,0.607275,0.6063,0.6084,True,0.001959661334379311,0.00018084987257563443,0,0.6122174942053852,0.6117386093066168,-1.480048643738506,-0.0,0.6183476937862307,0.6183002268642934,82.18083461998613,60.93249721764803,0,-1
2023-06-29 09:12:00,2023-06-29 09:14:59,0.6078,0.6085,0.6075,0.6089,0.6062864081105357,0.6081749999999999,0.6075,0.6089,True,0.0019196855247807856,0.000397934729302852,0,0.611978051756001,0.6115358785996707,4.243049772413293,4.243049772413293,0.6182464729525369,0.6182027121691264,98.97236911671712,80.63457678916838,0,-1
2023-06-29 09:15:00,2023-06-29 09:17:59,0.6085,0.6088,0.6073,0.6095,0.6072307040552678,0.608525,0.6073,0.6095,True,0.0019397079872964503,0.0005580371294783689,0,0.6117569651778358,0.6113556094592129,8.611544702733035,8.611544702733035,0.6181497418783822,0.6181091528440604,99.99999999999996,93.7177345789011,0,2
2023-06-29 09:18:00,2023-06-29 09:20:59,0.6089,0.6101,0.6089,0.6105,0.6078778520276339,0.6095999999999999,0.6089,0.6105,True,0.0019225859882038491,0.0007417707036476142,0,0.6115562873185243,0.6112016369492523,13.710901373793696,13.710901373793696,0.6180646698198908,0.6180294597809355,99.99999999999996,99.65745637223904,0,2
2023-06-29 09:21:00,2023-06-29 09:23:59,0.6102,0.6111,0.6102,0.6117,0.608738926013817,0.6107999999999999,0.6102,0.6117,True,0.0018995441319035774,0.0009107508099118972,1,0.6113789621338883,0.6110776576527361,18.471207181297487,18.471207181297487,0.6179923845480512,0.617960509932369,99.99999999999996,99.99999999999999,0,2
2023-06-29 09:24:00,2023-06-29 09:26:59,0.611,0.6088,0.6086,0.6111,0.6097694630069084,0.609875,0.6086,0.6111,True,0.0019424338367676037,0.0008348328312414561,0,0.6112283098933122,0.6109717963702115,13.804014840113886,13.804014840113886,0.6179116145525482,0.617869360579808,96.25837080854724,98.75279026951574,0,2
2023-06-29 09:27:00,2023-06-29 09:29:59,0.6088,0.6084,0.6084,0.6094,0.6098222315034542,0.60875,0.6084,0.6098222315034542,True,0.0018751171341413464,0.0007329120279963557,0,0.6111000531317619,0.6108732071520989,9.617411857327824,9.617411857327824,0.6178204542087418,0.6177751380864765,88.46615888264056,94.90817656372928,0,1
2023-06-29 09:30:00,2023-06-29 09:32:59,0.6084,0.6081,0.6071,0.6084,0.6092861157517271,0.608,0.6071,0.6092861157517271,True,0.0018340373388455416,0.0006244161905140087,0,0.6109866301419303,0.6107758739107231,5.962074063025632,5.962074063025632,0.6177227382464657,0.6176788680557653,78.22484789464934,87.64979252861242,0,1
2023-06-29 09:33:00,2023-06-29 09:35:59,0.6081,0.6078,0.6073,0.6081,0.6086430578758635,0.607825,0.6073,0.6086430578758635,True,0.0017601775289280044,0.0005155211787986492,0,0.6108812520263267,0.6106789966321049,2.5968968692817427,0.0,0.6176242532887894,0.6175805708611806,70.58613108456045,79.0923792872835,0,1
2023-06-29 09:36:00,2023-06-29 09:38:59,0.6078,0.6068,0.6067,0.6089,0.6082340289379318,0.60755,0.6067,0.6089,True,0.0017915934197188597,0.0003624155852827286,0,0.6107801243292158,0.6105812562248765,-2.4949675651587455,-0.0,0.6175240119625328,0.6174733014993777,63.649088158666984,70.82002237929231,0,1
2023-06-29 09:39:00,2023-06-29 09:41:59,0.6068,0.6055,0.6048,0.6069,0.6078920144689659,0.606,0.6048,0.6078920144689659,True,0.0018136224611675117,0.00016643749844976645,0,0.6106806902770462,0.6104728722251898,-8.69099991205318,-0.0,0.617409345176836,0.6173541641710257,53.090298263956846,62.441839169061474,0,1
2023-06-29 09:42:00,2023-06-29 09:44:59,0.6054,0.6048,0.6047,0.6063,0.606946007234483,0.6053,0.6047,0.606946007234483,True,0.0017983637139412562,-7.588829140764072e-06,0,0.610576781251118,0.6103520493353837,-14.046071511500521,-0.0,0.6172888541800515,0.6172292471145976,39.5240645932719,52.08781700529863,0,1
2023-06-29 09:45:00,2023-06-29 09:47:59,0.6047,0.6034,0.6029,0.6048,0.6061230036172415,0.60395,0.6029,0.6061230036172415,True,0.0018056234486597388,-0.00020759685551042096,-1,0.6104644152932509,0.6102129997577465,-19.582047254062108,-19.582047254062108,0.6171561292628371,0.6170916426656962,20.919986111738726,37.844782989655876,0,-2
2023-06-29 09:48:00,2023-06-29 09:50:59,0.6034,0.6038,0.6028,0.6043,0.6050365018086208,0.603575,0.6028,0.6050365018086208,True,0.0017837932023268967,-0.0002916553882242245,0,0.6103387075254987,0.6100579813097765,-21.27887221005494,-21.27887221005494,0.6170209936482816,0.6169593875147937,8.386753661106736,22.943601455372505,0,-2
2023-06-29 09:51:00,2023-06-29 09:53:59,0.6039,0.604,0.6032,0.604,0.6043057509043104,0.603775,0.6032,0.6043057509043104,True,0.0017135222593035483,-0.00031021308089624255,0,0.6101983444176377,0.6098928262619938,-21.349697939459173,-21.349697939459173,0.6168891927164578,0.6168304383852933,1.4546975882379487,10.253812453694522,0,-2
2023-06-29 09:54:00,2023-06-29 09:56:59,0.604,0.6033,0.6031,0.6046,0.6040403754521552,0.60375,0.6031,0.6046,True,0.001698270669353299,-0.0003467970882036248,0,0.6100455853398158,0.6097206522105697,-22.8391773447158,-22.8391773447158,0.6167584544804732,0.6166958071575789,2.8177763146350494,4.219742521326629,0,-2
2023-06-29 09:57:00,2023-06-29 09:59:59,0.6032,0.6036,0.6028,0.6038,0.6038951877260776,0.6033499999999999,0.6028,0.6038951877260776,True,0.0016483941929709204,-0.0003242554845825506,0,0.6098831187751927,0.6095413889199249,-22.002358822688766,-22.002358822688766,0.616625037022956,0.6165655006186975,2.8177763146350494,2.3634167391694003,0,-2
2023-06-29 10:00:00,2023-06-29 10:02:59,0.6033,0.6051,0.6033,0.6065,0.6036225938630388,0.6045499999999999,0.6033,0.6065,True,0.0017592231791872897,-0.0001816843245328163,0,0.6097122538475589,0.6093660074343578,-14.344763256249642,-0.0,0.6165048874008371,0.6164514160354269,10.50476859535261,5.380107074874288,0,-1
2023-06-29 10:03:00,2023-06-29 10:05:59,0.6051,0.6041,0.6041,0.6054,0.6040862969315194,0.604675,0.6041,0.6054,True,0.0017264215235310604,-0.00013904347996237338,0,0.6095391306409583,0.6091957430576634,-12.553273563624437,-0.0,0.6163871770784407,0.6163285163733828,21.205309970641142,11.509284960209653,0,-1
2023-06-29 10:06:00,2023-06-29 10:08:59,0.6041,0.6045,0.6035,0.6048,0.6043806484657597,0.604225,0.6035,0.6048,True,0.0016959628432788396,-6.669812057641909e-05,0,0.6093674368493108,0.6090275881329065,-9.676316202409936,-0.0,0.616266160391093,0.6162108196930507,33.32923109362025,21.679769886538054,0,-1
2023-06-29 10:09:00,2023-06-29 10:11:59,0.6044,0.6061,0.6034,0.6066,0.6043028242328798,0.6051250000000001,0.6034,0.6066,True,0.001803394068758921,0.00010399856714333328,0,0.6091975124911087,0.6088684226732236,-2.523846346082024,-0.0,0.6161553030737688,0.6161102145219756,50.88032680411596,35.13828928945917,0,-1
2023-06-29 10:12:00,2023-06-29 10:14:59,0.606,0.6053,0.605,0.6067,0.60471391211644,0.60575,0.605,0.6067,True,0.0017960087781332863,0.00016587724431720843,0,0.6090329675821661,0.6087217148915987,-0.8187165135207195,-0.0,0.6160517677198009,0.6160026501983739,72.15004003576367,52.11986597783334,0,2
2023-06-29 10:15:00,2023-06-29 10:17:59,0.6053,0.6043,0.604,0.6056,0.60523195605822,0.6048,0.604,0.6056,True,0.0017820081511237692,0.00014063841448259213,0,0.6088773412368824,0.6085793036886274,-2.8798058701978206,-0.0,0.6159398098320417,0.615886205917793,84.04809949722942,69.02615544570307,0,1
2023-06-29 10:18:00,2023-06-29 10:20:59,0.6046,0.6061,0.6046,0.6061,0.60501597802911,0.60535,0.6046,0.6061,True,0.0017832932831863587,0.00025197900771832234,0,0.608728322462755,0.6084450258894537,1.116656328636573,0.0,0.6158344385899318,0.6157888307345314,87.9143319802515,81.37082383774826,0,2
2023-06-29 10:21:00,2023-06-29 10:23:59,0.6061,0.6072,0.606,0.6072,0.605182989014555,0.606625,0.606,0.6072,True,0.0017416294772444744,0.0003982120192628756,0,0.6085866741761043,0.6083268207207083,6.121110167014045,6.121110167014045,0.6157428023850569,0.6157033697321977,87.9143319802515,86.62558781924422,0,2
2023-06-29 10:24:00,2023-06-29 10:26:59,0.6071,0.6072,0.607,0.6077,0.6059039945072775,0.60725,0.607,0.6077,True,0.0016672273717270143,0.0004843597700948869,0,0.6084567474484064,0.6082263688247616,9.457412725932365,9.457412725932365,0.6156582968886881,0.6156187590880963,97.22568472913997,91.01811622988106,0,2
2023-06-29 10:27:00,2023-06-29 10:29:59,0.6072,0.6076,0.607,0.6078,0.6065769972536388,0.6073999999999999,0.607,0.6078,True,0.0016052825594608006,0.0005544304822980791,0,0.608341558136584,0.6081416125716936,12.612890411947745,12.612890411947745,0.615576124780343,0.6155389704404535,99.99999999999996,95.04667223646386,0,2
2023-06-29 10:30:00,2023-06-29 10:32:59,0.6075,0.6081,0.6074,0.6086,0.6069884986268194,0.6079,0.6074,0.6086,True,0.0015763338052135992,0.0006169128151300061,0,0.6082415853541387,0.6080732256584089,15.857106787932622,15.857106787932622,0.6154997454292948,0.6154649508340808,99.99999999999996,99.07522824304668,1,2
2023-06-29 10:33:00,2023-06-29 10:35:59,0.6082,0.6086,0.6079,0.6087,0.6074442493134097,0.60835,0.6079,0.6087,True,0.0015208813905554868,0.0006706764945757866,0,0.6081574055062738,0.6080212831269659,19.095747305325247,19.095747305325247,0.6154286036837296,0.6153966428655825,99.99999999999996,100.0,0,2
2023-06-29 10:36:00,2023-06-29 10:38:59,0.6086,0.6071,0.6069,0.6086,0.6078971246567049,0.6078,0.6069,0.6086,True,0.001533675576944383,0.000578151579049664,0,0.6080893443166199,0.6079788701690925,13.802133222742249,13.802133222742249,0.6153526971794139,0.6153140892052285,95.8602947269663,98.62009824232211,0,1
2023-06-29 10:39:00,2023-06-29 10:41:59,0.6071,0.608,0.607,0.6086,0.6078485623283525,0.607675,0.607,0.6086,True,0.0015384130357340732,0.0005588282961587386,0,0.6080341072428561,0.6079433932765705,13.011620044513371,13.011620044513371,0.6152763021826038,0.6152413121982112,89.20793700171551,95.02274390956063,0,2
2023-06-29 10:42:00,2023-06-29 10:44:59,0.608,0.6085,0.6074,0.6087,0.6077617811641762,0.60815,0.6074,0.6087,True,0.0015213835331816371,0.0005593587414424101,0,0.6079887502597133,0.6079168796114353,13.831980262236378,13.831980262236378,0.6152053937031748,0.6151742344648957,86.15415082751895,90.40746085206696,0,2
2023-06-29 10:45:00,2023-06-29 10:47:59,0.6085,0.6065,0.6063,0.6087,0.6079558905820881,0.6074999999999999,0.6063,0.6087,True,0.0015841418522400967,0.0004003596036572019,0,0.6079528149355743,0.6078931449789433,7.0746752784578675,7.0746752784578675,0.6151287231190636,0.6150879236742003,80.61572975817263,85.3259391958024,0,1
2023-06-29 10:48:00,2023-06-29 10:50:59,0.6064,0.6069,0.6055,0.6069,0.607727945291044,0.606425,0.6055,0.607727945291044,True,0.0015709888627943726,0.00030927622389689694,0,0.6079229799572587,0.6078643854999903,3.9686090841853385,3.9686090841853385,0.6150421189089237,0.6150064517968451,62.74611337612931,76.50533132060701,0,1
2023-06-29 10:51:00,2023-06-29 10:53:59,0.6068,0.6065,0.605,0.6068,0.607076472645522,0.606275,0.605,0.607076472645522,True,0.001594489658309061,0.00021082983498932236,0,0.6078936827286245,0.6078308380851715,0.593929037899585,0.0,0.6149548838949045,0.6149218104854337,39.697771812718386,61.019871649006824,0,1
2023-06-29 10:54:00,2023-06-29 10:56:59,0.6064,0.6054,0.6048,0.6064,0.6066757363227611,0.60575,0.6048,0.6066757363227611,True,0.0016020261112869878,6.36988652452422e-05,0,0.6078622604068981,0.6077901492073969,-4.765807354620179,-0.0,0.6148632930103781,0.614827066102494,17.794522909882172,40.07946936624334,0,1
2023-06-29 10:57:00,2023-06-29 10:59:59,0.6051,0.6064,0.605,0.6068,0.6062128681613805,0.6058250000000001,0.605,0.6068,True,0.0016161671033379187,3.559370577306642e-05,0,0.6078262048071476,0.6077446315543471,-4.226423916364546,-0.0,0.6147733597465933,0.6147432146984891,10.035709653808308,22.509334792136332,0,1
2023-06-29 11:00:00,2023-06-29 11:02:59,0.6062,0.6046,0.6046,0.6064,0.6060189340806903,0.60545,0.6046,0.6064,True,0.001629298024528069,-0.00010635387158103223,0,0.6077854181807474,0.6076930515732711,-8.384071249831145,-0.0,0.614680589997871,0.6146422871890515,2.804504058082474,10.211578873924363,-1,1
2023-06-29 11:03:00,2023-06-29 11:05:59,0.6047,0.6048,0.6036,0.6052,0.6057344670403452,0.604575,0.6036,0.6057344670403452,True,0.001627205308490345,-0.00017821440441658724,0,0.6077392348770093,0.6076310491416983,-10.330239432640987,-10.330239432640987,0.6145800368635639,0.6145443539831903,1.0525459699653226,4.63091989395208,0,1
2023-06-29 11:06:00,2023-06-29 11:08:59,0.6048,0.6069,0.6048,0.6072,0.6051547335201726,0.605925,0.6048,0.6072,True,0.0016824049293124603,-7.095844960033963e-05,0,0.6076851420093539,0.607570528879848,-4.8040964929543435,-0.0,0.6144939170937772,0.614468290759477,13.743955777695973,5.867001935247969,0,2
2023-06-29 11:09:00,2023-06-29 11:11:59,0.607,0.6074,0.607,0.6077,0.6055398667600863,0.607275,0.607,0.6077,True,0.0016193760057901434,3.7687788974704694e-05,0,0.607627835444601,0.6075208532096787,0.09730609633089671,0.0,0.6144220870729437,0.6143979595081389,38.20846837571378,17.668323374458403,0,2
2023-06-29 11:12:00,2023-06-29 11:14:59,0.6074,0.6077,0.6074,0.6083,0.6064074333800431,0.6077,0.6074,0.6083,True,0.0015679920053765545,0.00012857907737611604,0,0.6075743443271399,0.6074829723427038,4.122671808582815,4.122671808582815,0.6143552006344069,0.6143313131448739,65.64401322675062,39.198812460053496,1,2
2023-06-29 11:15:00,2023-06-29 11:17:59,0.6076,0.6067,0.6061,0.6077,0.6070537166900216,0.607025,0.6061,0.6077,True,0.001570278290706804,0.0001145576314475815,0,0.6075286583349219,0.6074500062924253,2.9754021470976397,0.0,0.6142822633146615,0.6142553796807457,75.52862273292875,59.79370144513109,0,1
2023-06-29 11:18:00,2023-06-29 11:20:59,0.6067,0.6071,0.6064,0.6078,0.6070393583450109,0.607,0.6064,0.6078,True,0.001558115555656315,0.00012914939259967446,0,0.6074893323136736,0.6074209643674725,3.550319126749365,3.550319126749365,0.6142098029831723,0.6141841818729771,74.45236899334107,71.87500165100685,0,2
2023-06-29 11:21:00,2023-06-29 11:23:59,0.6072,0.6067,0.6067,0.6072,0.6070196791725054,0.60695,0.6067,0.6072,True,0.0014825358731094314,0.00010651732873894555,0,0.6074551483405731,0.6073948681393023,2.3093155326475454,0.0,0.6141375661375685,0.6141097124016042,69.89222697208514,73.29107289945169,0,1
2023-06-29 11:24:00,2023-06-29 11:26:59,0.6067,0.6085,0.6067,0.6088,0.6069848395862527,0.607675,0.6067,0.6088,True,0.0015266404536016143,0.00021151829299638717,0,0.6074250082399377,0.6073762443978146,6.914045400585337,6.914045400585337,0.6140732619968962,0.6140538943677574,78.87923204351796,74.4079426696481,0,2
2023-06-29 11:27:00,2023-06-29 11:29:59,0.6084,0.6092,0.6077,0.6093,0.6073299197931263,0.6086499999999999,0.6077,0.6093,True,0.0015318804212014945,0.00031854968064105773,0,0.6074006263188761,0.6073703211131934,11.470180382965175,11.470180382965175,0.6140192991909569,0.6140055969113618,88.82430651842117,79.19858851134147,0,2
2023-06-29 11:30:00,2023-06-29 11:32:59,0.6092,0.6094,0.609,0.6101,0.6079899598965631,0.609425,0.609,0.6101,True,0.0015010318196871013,0.0003872825128906957,1,0.6073854737160348,0.6073797549517974,14.931015149484068,14.931015149484068,0.6139735847711464,0.6139597700764229,99.28223702197359,88.99525852797093,0,2
2023-06-29 11:33:00,2023-06-29 11:35:59,0.6094,0.6094,0.6089,0.6098,0.6087074799482816,0.609375,0.6089,0.6098,True,0.0014581009754237376,0.00041382160908114797,0,0.6073826143339162,0.6074008717821783,17.23823832716333,17.23823832716333,0.6139278277087469,0.6139143992298913,99.51309956429684,95.87321436823056,0,2
2023-06-29 11:36:00,2023-06-29 11:38:59,0.6095,0.61,0.6093,0.61,0.6090412399741407,0.6097,0.6093,0.61,True,0.001403950905750616,0.00045235684203279137,0,0.6073917430580472,0.6074332716758595,20.25140113388686,20.25140113388686,0.6138857597713464,0.6138754499838227,99.51309956429684,99.43614538352246,0,2
2023-06-29 11:39:00,2023-06-29 11:41:59,0.6101,0.6107,0.6101,0.6108,0.6093706199870703,0.610425,0.6101,0.6108,True,0.0013608115553398593,0.0005030363923873569,0,0.6074125073669534,0.6074793067779113,23.686605380339586,23.686605380339586,0.613851324350736,0.6138438534665708,99.51309956429684,99.5130995642969,0,2
2023-06-29 11:42:00,2023-06-29 11:44:59,0.6107,0.6097,0.6097,0.611,0.6098978099935352,0.6102750000000001,0.6097,0.611,True,0.0013564678728155814,0.00044189949484705314,0,0.6074459070724324,0.6075347319661276,19.634240626594746,19.634240626594746,0.6138157390338133,0.613802621093769,98.5586207405679,99.19493995638724,0,1
2023-06-29 11:45:00,2023-06-29 11:47:59,0.6098,0.61,0.6098,0.6114,0.6100864049967676,0.6102500000000001,0.6098,0.6114,True,0.0013810058819001853,0.00039963615130041304,0,0.60749031951928,0.6075969982328975,17.93761527827226,17.93761527827226,0.613780259043427,0.6137647840679604,96.11094607771365,98.06088879419285,0,1
2023-06-29 11:48:00,2023-06-29 11:50:59,0.6101,0.6092,0.609,0.6102,0.6101682024983839,0.609625,0.609,0.6102,True,0.0013680768903358848,0.00029539163743172014,0,0.6075436588760887,0.6076599351514493,12.492875665572221,12.492875665572221,0.6137389131822985,0.6137193633309658,81.33088428846,92.0001503689139,0,1
2023-06-29 11:51:00,2023-06-29 11:53:59,0.6092,0.6103,0.6092,0.6104,0.609896601249192,0.609775,0.6092,0.6104,True,0.0013560713981690422,0.0002855582077204231,0,0.607601797013769,0.6077239974241929,12.873253920595559,12.873253920595559,0.6136994712600865,0.6136853398152348,69.66421751658704,82.36868262758695,0,2
2023-06-29 11:54:00,2023-06-29 11:56:59,0.6103,0.6097,0.6097,0.6109,0.609835800624596,0.61015,0.6097,0.6109,True,0.0013449234411569662,0.00022016828892455537,0,0.607662897218981,0.6077910790596861,10.158527303894324,10.158527303894324,0.6136641531380956,0.6136456846926951,63.16221788352316,71.38577322952345,0,1
2023-06-29 11:57:00,2023-06-29 11:59:59,0.6097,0.6116,0.6097,0.6116,0.6099929003122979,0.61065,0.6097,0.6116,True,0.0013845717667886124,0.0002928643861294637,0,0.6077269881393336,0.60786350814108,13.587478419732605,13.587478419732605,0.6136341615645823,0.613625329621126,74.21478905797052,69.01374148602696,0,2
2023-06-29 12:00:00,2023-06-29 12:02:59,0.6116,0.6132,0.6116,0.6133,0.6103214501561489,0.612425,0.6116,0.6133,True,0.0014071023548751346,0.0004305238388887286,0,0.6077952481402068,0.6079518287513639,18.431954133545403,18.431954133545403,0.6136221301062282,0.6136210974855925,87.32283508927556,74.8999473435898,0,2
2023-06-29 12:03:00,2023-06-29 12:05:59,0.6131,0.6144,0.6131,0.6146,0.6113732250780745,0.6138,0.6131,0.6146,True,0.0014137379009554862,0.0005758719937046829,0,0.6078735384457853,0.6080614888630531,23.043296306815392,23.043296306815392,0.6136238999559175,0.6136288477593677,96.27250938519369,85.93671117747998,0,2
2023-06-29 12:06:00,2023-06-29 12:08:59,0.6144,0.6162,0.6144,0.6172,0.6125866125390372,0.6155499999999999,0.6144,0.6172,True,0.0015127566223158103,0.000759867952215834,0,0.6079675136544191,0.6081992041903483,27.620760958681515,27.620760958681515,0.6136430651304855,0.6136544313637521,99.99999999999996,94.53178149148978,0,2
2023-06-29 12:09:00,2023-06-29 12:11:59,0.6162,0.6156,0.6156,0.6167,0.6140683062695186,0.616025,0.6156,0.6167,True,0.0014832740064361087,0.000794777826567119,0,0.6080833589223837,0.6083613217177363,28.001812711419888,28.001812711419888,0.6136667659749583,0.613673790255655,99.99999999999996,98.75750312839791,0,2
2023-06-29 12:12:00,2023-06-29 12:14:59,0.6157,0.616,0.6152,0.616,0.6150466531347594,0.615725,0.6152,0.616,True,0.0014344687202621027,0.0007990054336553438,0,0.60822234032006,0.6085394806511841,28.74273102489576,28.74273102489576,0.6136872459155059,0.6136969366212705,95.85416011911782,98.61805337303929,0,2
2023-06-29 12:15:00,2023-06-29 12:17:59,0.616,0.6135,0.6135,0.616,0.6153858265673797,0.61475,0.6135,0.616,True,0.0015105780973862345,0.0005830445632502381,0,0.608380910485622,0.6087223571998082,20.13628820407837,20.13628820407837,0.6136978205830134,0.6136949770528995,79.08327773346788,91.64581261752859,0,1
2023-06-29 12:18:00,2023-06-29 12:20:59,0.6136,0.613,0.613,0.6138,0.6150679132836898,0.61335,0.613,0.6150679132836898,True,0.0014598225190015051,0.00037061225167856664,0,0.608551633842715,0.6088980877435803,13.066626428326174,13.066626428326174,0.6136943596816898,0.6136880618583433,47.13451309362512,74.02398364873699,0,1
2023-06-29 12:21:00,2023-06-29 12:23:59,0.6131,0.6115,0.6113,0.6131,0.6142089566418449,0.61225,0.6113,0.6142089566418449,True,0.0014841209105013991,0.00010082252886541325,0,0.6087248607931477,0.609059439319253,4.8677916211834,0.0,0.6136799879435636,0.6136662900985589,17.947019641173927,48.054936822755685,0,1
2023-06-29 12:24:00,2023-06-29 12:26:59,0.6116,0.6118,0.6112,0.6118,0.6132294783209224,0.6116,0.6112,0.6132294783209224,True,0.0014209694168941594,-7.067354497326296e-05,0,0.6088921500562003,0.6092039034975664,0.40262688422210147,0.0,0.6136592915461152,0.613647720047827,1.384568693490536,22.15536714276324,0,1
2023-06-29 12:27:00,2023-06-29 12:29:59,0.6118,0.6115,0.6114,0.6136,0.61165,0.612075,0.6114,0.6136,True,0.0014766144585445751,-0.00021194741380057983,0,0.6090480267768834,0.6093373399364267,-3.3387886627626813,-3.3387886627626813,0.6136435274511289,0.6136263496990924,2.39080856674398,7.240798967136194,0,1
2023-06-29 12:30:00,2023-06-29 12:32:59,0.6116,0.6107,0.6107,0.6118,0.6118625,0.6112000000000001,0.6107,0.6118625,True,0.0014497134257913905,-0.0003612784712139984,0,0.6091926833566551,0.6094551752120548,-7.796963676358686,-7.796963676358686,0.6136192137451476,0.6135972317916387,2.39080856674398,2.0553952756595453,0,1
2023-06-29 12:33:00,2023-06-29 12:35:59,0.6108,0.6106,0.6098,0.611,0.6115312500000001,0.6105499999999999,0.6098,0.6115312500000001,True,0.0014318767525205755,-0.0004605242455742956,0,0.609323929284355,0.609555459415597,-11.01384385685057,-11.01384385685057,0.6135886743048974,0.6135674085897319,2.39080856674398,2.390808566744026,0,1
2023-06-29 12:36:00,2023-06-29 12:38:59,0.6107,0.6105,0.6101,0.6108,0.611040625,0.610525,0.6101,0.611040625,True,0.0013795998416262511,-0.0005221805421721862,0,0.609439694349976,0.6096410659537848,-13.438260085780854,-13.438260085780854,0.6135581899834556,0.6135368871112271,-3.2270482582437886e-14,1.5938723778293558,0,1
2023-06-29 12:39:00,2023-06-29 12:41:59,0.6104,0.6106,0.61,0.6112,0.6107828125,0.6105499999999999,0.61,0.6112,True,0.0013667712815100888,-0.0005421990234352914,0,0.6095403801518804,0.6097147008375121,-14.37126474974498,-14.37126474974498,0.6135282577448142,0.6135076643539015,0.13642805439303363,0.8424122070457071,0,1
2023-06-29 12:42:00,2023-06-29 12:44:59,0.6107,0.6103,0.6097,0.6107,0.61066640625,0.6103500000000001,0.6097,0.6107,True,0.0013405733328307968,-0.0005609419420360107,0,0.6096275404946963,0.6097770329271875,-16.0908343884539,-16.0908343884539,0.613496633289642,0.6134757472956537,0.13642805439303363,0.09095203626205824,0,1
2023-06-29 12:45:00,2023-06-29 12:47:59,0.6104,0.6138,0.6104,0.6138,0.610508203125,0.6121000000000001,0.6104,0.6138,True,0.0014948180947714584,-0.0003165313993830773,0,0.609702286710942,0.6098420454442584,-3.858979141137617,-3.858979141137617,0.6134827364409888,0.6134789736907218,8.924343211540348,3.0657331067755185,0,2
2023-06-29 12:48:00,2023-06-29 12:50:59,0.6138,0.6127,0.6126,0.6141,0.6113041015625,0.6133000000000001,0.6126,0.6141,True,0.0014951882308592076,-0.00022786940834990132,0,0.6097721660776002,0.6099169555018201,0.08806363537949125,0.0,0.6134809181679441,0.6134712227087246,22.26612263228152,10.44229796607168,0,2
2023-06-29 12:51:00,2023-06-29 12:53:59,0.6127,0.6138,0.6126,0.614,0.61230205078125,0.613275,0.6126,0.614,True,0.0014883890715121184,-9.265519166201685e-05,0,0.6098445607897102,0.60999897247337,5.193419450455686,0.0,0.6134788692309496,0.6134744941245581,36.63442167027424,22.60829583803208,0,2
2023-06-29 12:54:00,2023-06-29 12:56:59,0.6139,0.6144,0.6139,0.6152,0.612788525390625,0.61435,0.6139,0.6152,True,0.0014820755664041068,3.245118109438381e-05,0,0.6099217666315401,0.6100933976878604,9.792114906466558,0.0,0.6134875371988009,0.6134837031382441,52.0754161462502,36.9919868162687,0,2
2023-06-29 12:57:00,2023-06-29 12:59:59,0.6144,0.6132,0.613,0.6148,0.6135692626953124,0.61385,0.613,0.6148,True,0.0015047844545181008,2.1923949558981656e-05,0,0.6100075821597002,0.6101935136101583,8.277377944442208,0.0,0.6134911437938377,0.6134808802214456,66.05615202922242,51.588663281915665,0,1
2023-06-29 13:00:00,2023-06-29 13:02:59,0.6132,0.6132,0.6126,0.6133,0.6137096313476562,0.613075,0.6126,0.6137096313476562,True,0.0014472998506239452,6.4280120940407755e-06,0,0.6101005478849292,0.6102921056408513,7.26755330309264,0.0,0.6134870030595707,0.6134780853933716,70.58597331259126,62.905847162688,0,1
2023-06-29 13:03:00,2023-06-29 13:05:59,0.6132,0.616,0.6132,0.616,0.6133923156738281,0.6146,0.6132,0.616,True,0.0015439212898650937,0.00018040489539651637,0,0.6101963267628903,0.6103992845765713,12.575177775191314,12.575177775191314,0.6134980776559928,0.6135031790710495,76.12448022974121,70.922201857185,0,2
2023-06-29 13:06:00,2023-06-29 13:08:59,0.6161,0.6164,0.616,0.6167,0.6139961578369141,0.6163000000000001,0.616,0.6167,True,0.001483641197731875,0.0003042045833319244,0,0.6102978056697308,0.6105241524894173,16.688310406096875,16.688310406096875,0.6135259574803114,0.6135320031598948,81.99887020496807,76.23644124910021,0,2
2023-06-29 13:09:00,2023-06-29 13:11:59,0.6164,0.6154,0.6152,0.6164,0.6151480789184571,0.6158499999999999,0.6152,0.6164,True,0.0014633811121795967,0.00029350816454592837,0,0.610410979079574,0.6106590028531198,15.391758166821859,15.391758166821859,0.6135490822815023,0.6135505901931296,92.34032772719121,83.48789272063352,0,2
2023-06-29 13:12:00,2023-06-29 13:14:59,0.6154,0.6159,0.6154,0.6161,0.6154990394592286,0.6157,0.6154,0.6161,True,0.0014088538898810565,0.0002987140887646051,0,0.6105349909663469,0.610799758094161,15.624265074854591,15.624265074854591,0.6135704844478554,0.6135739674051383,90.42232032162336,88.25383941792758,0,2
2023-06-29 13:15:00,2023-06-29 13:17:59,0.616,0.6153,0.6144,0.6161,0.6155995197296142,0.6154499999999999,0.6144,0.6161,True,0.0014296500406038406,0.00023805136126908146,0,0.6106673745302539,0.6109424812901494,13.290275778454046,13.290275778454046,0.6135891860951405,0.6135911418588185,82.54024634659899,88.43429813180455,0,1
2023-06-29 13:18:00,2023-06-29 13:20:59,0.6153,0.6159,0.615,0.616,0.615524759864807,0.6155499999999999,0.615,0.616,True,0.0013989607519892806,0.00021942322571816926,0,0.6108049279102016,0.6110864607443485,13.381014225319205,13.381014225319205,0.6136086966812585,0.613614115571666,79.33315374763255,84.09857347195167,0,1
2023-06-29 13:21:00,2023-06-29 13:23:59,0.616,0.6141,0.6139,0.6163,0.6155373799324035,0.6150749999999999,0.6139,0.6163,True,0.0014704635554186145,6.387843532960598e-05,0,0.6109456943272751,0.611227182402153,7.072372860391603,0.0,0.613623286764032,0.6136189502425947,72.65177086599967,78.17505698674375,0,1
2023-06-29 13:24:00,2023-06-29 13:26:59,0.6142,0.6164,0.6142,0.6164,0.6153061899662018,0.6153,0.6142,0.6164,True,0.001529716158602997,0.00010783504573240498,0,0.611086438364714,0.6113659174129997,8.708189691802588,0.0,0.6136399704778227,0.6136466223794843,61.70404891227565,71.22965784196931,0,2
2023-06-29 13:27:00,2023-06-29 13:29:59,0.6165,0.6151,0.6151,0.6165,0.6153030949831009,0.6158,0.6151,0.6165,True,0.0015204507187027878,3.176865675812461e-05,0,0.6112261778888568,0.6115055669847436,6.1569346572541335,0.0,0.6136614633088892,0.6136610838483452,54.87495227610068,63.07692401812535,0,1
2023-06-29 13:30:00,2023-06-29 13:32:59,0.6152,0.6123,0.612,0.6152,0.6155515474915505,0.613675,0.612,0.6155515474915505,True,0.0016404185245097302,-0.0002213900599113837,0,0.6113658724368002,0.6116303986922761,-0.8705406247874876,-0.0,0.613661598002333,0.6136475407254761,33.706926013028216,50.09530906713487,0,1
2023-06-29 13:33:00,2023-06-29 13:35:59,0.6123,0.6129,0.6123,0.6132,0.6146132737457752,0.612675,0.6123,0.6146132737457752,True,0.0015875314870447503,-0.0003441737675995318,0,0.6114981355645381,0.6117358466493744,-3.9434286433348973,-3.9434286433348973,0.6136517811067874,0.6136401025093022,19.203388608443262,35.928422299190736,0,1
2023-06-29 13:36:00,2023-06-29 13:38:59,0.6129,0.6126,0.6119,0.613,0.6136441368728875,0.6126,0.6119,0.6136441368728875,True,0.001552707809398696,-0.0004383056723724101,0,0.6116169911069562,0.6118247955785522,-6.561172445527582,-6.561172445527582,0.6136413156231378,0.6136297532306028,-2.842170943040401e-14,17.636771540490503,0,-2
2023-06-29 13:39:00,2023-06-29 13:41:59,0.6126,0.6131,0.6122,0.6132,0.6131220684364438,0.612775,0.6122,0.6132,True,0.001513228680155932,-0.0004541142350912538,0,0.6117208933427541,0.6119013451088753,-6.682740912391544,-6.682740912391544,0.6136326955671862,0.6136244820541789,1.4822826318170084,6.895223746753433,0,-2
2023-06-29 13:42:00,2023-06-29 13:44:59,0.613,0.6128,0.6123,0.6131,0.6129485342182219,0.6128,0.6123,0.6131,True,0.0014622837744305097,-0.00047269031917622473,0,0.6118111192258147,0.6119677788206811,-7.534848218416357,-7.534848218416357,0.6136244100391546,0.6136162782526448,3.1876359939736036,1.5566395419302133,0,-2
2023-06-29 13:45:00,2023-06-29 13:47:59,0.6128,0.6126,0.6117,0.6131,0.612874267109111,0.6125499999999999,0.6117,0.6131,True,0.001457834933399756,-0.00048459278012561433,0,0.6118894490232478,0.6120240772056488,-8.662597916336075,-8.662597916336075,0.6136137193919988,0.6136061660312254,3.1876359939736036,2.6191848732547576,0,-2
2023-06-29 13:48:00,2023-06-29 13:50:59,0.6127,0.6121,0.6108,0.6128,0.6127121335545554,0.6121000000000001,0.6108,0.6128,True,0.0014965610095854878,-0.0005114263999029854,0,0.6119567631144482,0.6120689222311677,-10.847240429273349,-10.847240429273349,0.6135986575075013,0.6135911793045465,1.7053533621565666,2.693541783367943,0,-2
2023-06-29 13:51:00,2023-06-29 13:53:59,0.6123,0.6131,0.6121,0.6136,0.6124060667772777,0.612775,0.6121,0.6136,True,0.001496806651757957,-0.000443016571438818,0,0.612012842672808,0.6121090734795186,-7.763763360357096,-7.763763360357096,0.6135904619104118,0.6135862919482824,7.061260374040074,3.9847499100567667,-1,-1
2023-06-29 13:54:00,2023-06-29 13:56:59,0.613,0.6121,0.6114,0.613,0.6125905333886388,0.612375,0.6114,0.613,True,0.001511320462346669,-0.00045251996453809,0,0.6120609580761632,0.6121425093784465,-8.941246990147171,-8.941246990147171,0.6135783677620494,0.6135715029736726,10.829218237508558,6.531943991235084,0,-2
2023-06-29 13:57:00,2023-06-29 13:59:59,0.6122,0.6118,0.6114,0.6128,0.6124827666943193,0.61205,0.6114,0.6128,True,0.0015033690007504753,-0.0004632311494160128,0,0.6121017337273048,0.6121681989840968,-10.594305517144626,-10.594305517144626,0.613563160122626,0.6135538760784122,11.648855459858103,9.84644469046893,0,-2
2023-06-29 14:00:00,2023-06-29 14:02:59,0.6118,0.6107,0.6104,0.6119,0.6122663833471597,0.6112000000000001,0.6104,0.6122663833471597,True,0.001503128357839723,-0.0005283431454136543,0,0.6121349663557007,0.6121817817166133,-14.445072751597202,-14.445072751597202,0.6135396460915551,0.6135254793015126,4.587595085817999,9.021889594394905,0,-2
2023-06-29 14:03:00,2023-06-29 14:05:59,0.6107,0.6119,0.6107,0.6119,0.6117331916735799,0.6113,0.6107,0.6119,True,0.0014814763322797413,-0.00046712664862441665,0,0.612158374036157,0.6121864255371254,-11.476266683371307,-11.476266683371307,0.6135173610558182,0.6135093053781144,1.8963620676617152,6.044270871112624,0,-1
2023-06-29 14:06:00,2023-06-29 14:08:59,0.6119,0.6108,0.6103,0.6119,0.6115165958367899,0.611225,0.6103,0.6119,True,0.0014899423085454773,-0.0004839350397852995,0,0.6121723997866413,0.6121834852480458,-12.491587597160432,-12.491587597160432,0.6134945514930737,0.6134823471156456,1.6066212555071342,2.6968594696623014,0,-2
2023-06-29 14:09:00,2023-06-29 14:11:59,0.6107,0.6115,0.6105,0.6117,0.6113707979183949,0.6111,0.6105,0.6117,True,0.0014692321436493704,-0.0004262155776099521,0,0.6121779425173436,0.6121737364767255,-10.293557839396797,-10.293557839396797,0.6134707251100581,0.6134626222687238,1.6066212555071342,1.7032015262253462,0,-1
2023-06-29 14:12:00,2023-06-29 14:14:59,0.6114,0.6117,0.6109,0.6117,0.6112353989591974,0.611425,0.6109,0.6117,True,0.001421429847674417,-0.00035649291496285697,0,0.6121758394970346,0.6121609240720206,-8.01169855253167,-8.01169855253167,0.6134503696363262,0.6134450837386868,11.782834819928894,4.998692443647739,0,-1
2023-06-29 14:15:00,2023-06-29 14:17:59,0.6117,0.6114,0.6111,0.612,0.6113301994795988,0.61155,0.6111,0.612,True,0.0013841848585548165,-0.00031584390606437376,0,0.6121683817845277,0.6121466451868618,-7.624961398577284,-7.624961398577284,0.613431460485716,0.6134247346467595,26.84759543735774,13.412350504264609,0,-1
2023-06-29 14:18:00,2023-06-29 14:20:59,0.6115,0.6129,0.6115,0.6129,0.6114400997397994,0.6122000000000001,0.6115,0.6129,True,0.00139245736865804,-0.00017187272691789979,0,0.6121575134856948,0.6121357693909178,-1.588860025081516,-0.0,0.6134192071475496,0.6134195134064933,60.180928770691075,32.93711967599259,0,-1
2023-06-29 14:21:00,2023-06-29 14:23:59,0.613,0.6126,0.6126,0.6133,0.6118200498698998,0.6128750000000001,0.6126,0.6133,True,0.001342996128039603,-9.071257680217295e-05,0,0.6121466414383063,0.6121322787084102,1.0604339457663414,0.0,0.6134137921510566,0.6134113590442396,82.26132369429045,56.429949300779775,0,-1
2023-06-29 14:24:00,2023-06-29 14:26:59,0.6126,0.6134,0.6125,0.6134,0.6123475249349499,0.612975,0.6125,0.6134,True,0.0013113535474653384,2.177106874599779e-05,0,0.6121394600733583,0.6121353124337882,5.432298238422469,0.0,0.6134094260600014,0.6134112460189238,99.99999999999996,80.81408415499385,0,-1
2023-06-29 14:27:00,2023-06-29 14:29:59,0.6133,0.6126,0.6125,0.6134,0.612661262467475,0.61295,0.6125,0.6134,True,0.0012819711512178072,3.9706196530874585e-05,0,0.6121373862535733,0.612143290530209,4.562255622895208,0.0,0.6134048546564193,0.613403173919233,99.52083192434446,93.92738520621164,0,-1
2023-06-29 14:30:00,2023-06-29 14:32:59,0.6125,0.6124,0.6111,0.6127,0.6128056312337375,0.612175,0.6111,0.6128056312337375,True,0.0013046874975593957,3.678559330357815e-05,0,0.6121403383918912,0.6121497893023125,3.0948108762512376,0.0,0.6133926172966538,0.613393192089191,85.10113802614009,94.87398998349484,0,-1
2023-06-29 14:33:00,2023-06-29 14:35:59,0.6124,0.6131,0.6124,0.6131,0.6124903156168688,0.61275,0.6124,0.6131,True,0.0012614955334480048,8.216647826346296e-05,0,0.6121450638471019,0.6121590239149818,5.0188719452205035,0.0,0.613386223094697,0.6133902747549702,80.61177086114951,88.41124693721137,0,-1
2023-06-29 14:36:00,2023-06-29 14:38:59,0.6131,0.6133,0.613,0.6135,0.6126201578084345,0.613225,0.613,0.6135,True,0.0012071029953445798,0.00012231838119477304,0,0.6121520438810418,0.612173608120051,7.076419435412426,7.076419435412426,0.6133846188847996,0.6133893764987018,81.090938936805,82.26794927469821,0,-1
2023-06-29 14:39:00,2023-06-29 14:41:59,0.6135,0.6145,0.6135,0.6151,0.6129225789042172,0.6141500000000001,0.6135,0.6151,True,0.0012494527813913972,0.00022565857376670133,0,0.6121628260005464,0.6121986505173863,12.189405961566244,12.189405961566244,0.6133922346172891,0.6134004274788143,95.51063283500939,85.73778087765464,1,2
2023-06-29 14:42:00,2023-06-29 14:44:59,0.6146,0.6149,0.6142,0.6152,0.6135362894521086,0.614725,0.6142,0.6152,True,0.0012316347255777258,0.0003099866011601147,0,0.6121807382589664,0.612235700017056,16.551474353605187,16.551474353605187,0.6134054959643808,0.6134153485984281,99.99999999999996,92.20052392393812,0,2
2023-06-29 14:45:00,2023-06-29 14:47:59,0.615,0.614,0.6136,0.6153,0.6141306447260543,0.614475,0.6136,0.6153,True,0.0012650893880364542,0.00028858756771237974,0,0.6122082191380112,0.6122802333279996,13.971265793278228,13.971265793278228,0.6134161377955809,0.6134211660253094,96.97442388187115,97.49501890562682,0,2
2023-06-29 14:48:00,2023-06-29 14:50:59,0.614,0.6147,0.6138,0.6148,0.6143028223630271,0.614325,0.6138,0.6148,True,0.0012461544317481361,0.00030903664815702057,0,0.6122442262330053,0.6123293239907974,14.578793984011,14.578793984011,0.6134251812006,0.6134338907414755,92.11152399513442,96.36198262566849,0,2
2023-06-29 14:51:00,2023-06-29 14:53:59,0.6145,0.6134,0.6132,0.6145,0.6143139111815136,0.6139,0.6132,0.6145,True,0.0012642862580518447,0.00021797628654610167,0,0.6122867751119013,0.6123787499226345,8.969899327180258,8.969899327180258,0.6134299057657682,0.6134335535201673,80.85216659869366,89.97937149189973,0,1
2023-06-29 14:54:00,2023-06-29 14:56:59,0.6135,0.613,0.613,0.6135,0.6141069555907568,0.6132500000000001,0.613,0.6141069555907568,True,0.001209694382476717,0.00012026848755362137,0,0.6123327625172679,0.6124236410084367,3.767189991031195,0.0,0.6134281156586461,0.6134292395547924,63.63060631653096,78.86476563678634,0,1
2023-06-29 14:57:00,2023-06-29 14:59:59,0.613,0.6132,0.6128,0.6142,0.6136784777953784,0.6133,0.6128,0.6142,True,0.0012232876408712343,6.359629800048379e-05,0,0.6123782017628523,0.6124649968306485,1.285735165454767,0.0,0.613426840875973,0.6134269585641975,43.38673057328557,62.62316782950339,0,1
2023-06-29 15:00:00,2023-06-29 15:02:59,0.6131,0.6114,0.6113,0.6132,0.6134892388976891,0.61225,0.6113,0.6134892388976891,True,0.0012716242379518614,-0.0001012473360381133,0,0.6124215992967503,0.6124960814534145,-5.940731489214301,-5.940731489214301,0.6134151310165106,0.6134067898222652,21.312754636393,42.77669717540317,0,-2
2023-06-29 15:03:00,2023-06-29 15:05:59,0.6115,0.6127,0.6111,0.6127,0.6128696194488445,0.6120000000000001,0.6111,0.6128696194488445,True,0.0012950796495267319,-0.0001158892472099109,0,0.6124588403750824,0.612517150949188,-5.168125094227307,-5.168125094227307,0.6134010501108736,0.6133997570877152,8.226557703351183,24.30868097100991,0,-2
2023-06-29 15:06:00,2023-06-29 15:08:59,0.6127,0.6143,0.6126,0.6143,0.6124348097244223,0.613475,0.6126,0.6143,True,0.0013240025317033885,-1.2003119100665677e-05,0,0.6124879956621352,0.612540310974511,-0.0007032466144423211,-0.0,0.613401785930666,0.6134087147286335,16.614600516658,15.384637618800722,0,-1
2023-06-29 15:09:00,2023-06-29 15:11:59,0.6143,0.6148,0.6141,0.6152,0.6129549048622112,0.6146,0.6141,0.6152,True,0.0013080023508674314,8.844176517416684e-05,0,0.612514153318323,0.6125726766824444,4.620018792566334,0.0,0.613413708458719,0.6134225583631744,42.667294745116784,22.502817655041984,0,2
2023-06-29 15:12:00,2023-06-29 15:14:59,0.6148,0.6174,0.6146,0.6177,0.6137774524311056,0.616125,0.6146,0.6177,True,0.0014360021829483286,0.0003260076149327536,0,0.6125434150003837,0.6126225311476445,11.999430295116802,11.999430295116802,0.6134406864840054,0.6134621348968742,76.00062807845012,45.094174446741626,0,2
2023-06-29 15:15:00,2023-06-29 15:17:59,0.6175,0.6155,0.6154,0.618,0.6149512262155528,0.6166,0.6154,0.618,True,0.0015191448841663084,0.00033245645872945196,0,0.6125829730740141,0.612689071584928,10.820457161522427,10.820457161522427,0.6134721224393884,0.613482412161582,92.71936089512542,70.46242790623076,0,2
2023-06-29 15:18:00,2023-06-29 15:20:59,0.6155,0.6166,0.6153,0.6166,0.6157756131077764,0.616,0.6153,0.6166,True,0.0015034916781544348,0.0003943630428949296,0,0.6126360223294711,0.6127641758291363,12.001531727845261,12.001531727845261,0.6134972754499418,0.6135134329360936,94.17138408680773,87.6304576867944,0,2
2023-06-29 15:21:00,2023-06-29 15:23:59,0.6166,0.6171,0.6164,0.6173,0.6158878065538882,0.6168499999999999,0.6164,0.6173,True,0.001460385129714833,0.00044755855943373385,0,0.6127000990793038,0.6128513390277214,13.64322185899568,13.64322185899568,0.613530635893226,0.6135491201705603,92.62553532420809,93.1720934353804,0,2
2023-06-29 15:24:00,2023-06-29 15:26:59,0.6171,0.6173,0.6166,0.6176,0.616368903276944,0.61715,0.6166,0.6176,True,0.0014275004775923452,0.0004714315975326215,0,0.6127757190535126,0.612949456612695,15.105558324231822,15.105558324231822,0.6135666494664277,0.6135864423579179,92.50382607853828,93.10024849651802,0,2
2023-06-29 15:27:00,2023-06-29 15:29:59,0.6174,0.6175,0.6168,0.6177,0.616759451638472,0.6173500000000001,0.6168,0.6177,True,0.0013898218720500358,0.0004745052207622165,0,0.6128625878331038,0.6130568976848255,16.49074084935542,16.49074084935542,0.6136042947453687,0.6136253832299784,98.33244199173053,94.48726779815895,0,2
2023-06-29 15:30:00,2023-06-29 15:32:59,0.6176,0.6153,0.6152,0.6176,0.617054725819236,0.616425,0.6152,0.6176,True,0.0014619774526178954,0.00029864725517897623,0,0.6129597427589647,0.6131645955602434,9.63467393506918,9.63467393506918,0.6136323614643202,0.6136420460834114,90.80613835083011,93.8808021403663,0,1
2023-06-29 15:33:00,2023-06-29 15:35:59,0.6153,0.6137,0.6136,0.6153,0.616739862909618,0.614475,0.6136,0.616739862909618,True,0.0014789790631451832,5.565547347905647e-05,0,0.6130621691596041,0.6132583776229806,1.585340073712871,0.0,0.6136407459273618,0.6136426227392979,67.07328260262467,85.40395431506175,0,1
2023-06-29 15:36:00,2023-06-29 15:38:59,0.6136,0.6143,0.6136,0.6147,0.615607431454809,0.61405,0.6136,0.615607431454809,True,0.0014519091300633836,-6.906426358243547e-05,0,0.6131602733912924,0.6133376442718734,-1.785811072708114,-0.0,0.6136448181071891,0.6136491638065686,40.55166003834696,66.14369366393389,0,1
2023-06-29 15:39:00,2023-06-29 15:41:59,0.6143,0.6143,0.6142,0.6148,0.6148287157274045,0.6144000000000001,0.6142,0.6148287157274045,True,0.0013910584779160023,-0.000152747940709914,0,0.6132489588315829,0.6134073403520695,-4.033245170322104,-4.033245170322104,0.6136523323548787,0.6136556397885928,25.523083731134452,44.38267545736867,0,1
2023-06-29 15:42:00,2023-06-29 15:44:59,0.6144,0.6153,0.6144,0.6157,0.6146143578637022,0.6149499999999999,0.6144,0.6157,True,0.001391697158064864,-0.00013732250959975177,0,0.6133281495918262,0.6134727968519008,-1.978665559835754,-0.0,0.6136652444707505,0.6136720015817412,28.984538242845847,31.686427337442396,0,1
2023-06-29 15:45:00,2023-06-29 15:47:59,0.6153,0.6166,0.6153,0.6168,0.614782178931851,0.616,0.6153,0.6168,True,0.0013994330753459492,-3.771694785080081e-05,0,0.6134004732218635,0.6135416705157345,2.921273939288156,0.0,0.6136884758690515,0.6137011358943607,37.89842311450294,30.802015029494388,0,2
2023-06-29 15:48:00,2023-06-29 15:50:59,0.6166,0.6166,0.616,0.6168,0.6153910894659256,0.6165,0.616,0.6168,True,0.0013566164271069543,2.2760280400483356e-05,0,0.613471071868799,0.6136161925219724,6.187900272037432,6.187900272037432,0.6137164512335386,0.6137299803133223,47.86123883594359,38.24806673109743,0,2
2023-06-29 15:51:00,2023-06-29 15:53:59,0.6166,0.6158,0.6158,0.6177,0.6159455447329628,0.6164750000000001,0.6158,0.6177,True,0.0013954295394564586,3.3023661520290015e-07,0,0.6135436321953858,0.6136944786811067,4.938639518842763,4.938639518842763,0.613743899479971,0.613750577524135,53.85389706846118,46.53785300630255,0,1
2023-06-29 15:54:00,2023-06-29 15:56:59,0.6159,0.6169,0.6159,0.6169,0.6162102723664815,0.6164000000000001,0.6159,0.6169,True,0.0013743274294952823,5.559034179481728e-05,0,0.6136190554382462,0.613774676678222,7.480726730177238,7.480726730177238,0.6137703283408668,0.6137819150612083,56.223117651696974,52.646084518700555,0,2
2023-06-29 15:57:00,2023-06-29 15:59:59,0.6168,0.6155,0.6151,0.617,0.6163051361832408,0.6161,0.6151,0.617,True,0.0014118754702456202,-1.2920890566985315e-05,0,0.6136968660582341,0.6138537713162375,4.058498013095615,0.0,0.6137935091533955,0.6137990104337335,51.680677037751316,53.91923058596979,0,1
2023-06-29 16:00:00,2023-06-29 16:02:59,0.6155,0.6155,0.6145,0.6165,0.6162025680916203,0.6155,0.6145,0.6165,True,0.001453884365228076,-6.235697172205868e-05,0,0.6137753186872359,0.6139273379604643,1.777012201707862,0.0,0.6138104891618194,0.6138159357030496,40.805482794038504,49.56975916116224,0,1
2023-06-29 16:03:00,2023-06-29 16:05:59,0.6156,0.6155,0.6149,0.616,0.6158512840458101,0.6155,0.6149,0.616,True,0.001428606910568927,-9.713899723412143e-05,0,0.61385132832385,0.61399604763089,0.25602166078269306,0.0,0.6138273002149356,0.6138326925617257,30.768353410064265,41.084837747284666,0,1
2023-06-29 16:06:00,2023-06-29 16:08:59,0.6155,0.6154,0.6149,0.616,0.615675642022905,0.61545,0.6149,0.616,True,0.0014051349883854314,-0.0001275836337936789,0,0.61392368797737,0.6140601188971024,-1.2205772174885396,-0.0,0.6138434464814536,0.613848287660614,23.587933851299223,31.720590018467306,0,1
2023-06-29 16:09:00,2023-06-29 16:11:59,0.6153,0.6152,0.6152,0.6164,0.6155628210114525,0.615525,0.6152,0.6164,True,0.001390482489215042,-0.00016050595661548184,0,0.6139919034372362,0.6141206132977939,-3.2115821020478705,-3.2115821020478705,0.61386017835726,0.6138617375346377,28.179028991890274,27.511772084417895,0,-2
2023-06-29 16:12:00,2023-06-29 16:14:59,0.6152,0.6157,0.6151,0.616,0.6155439105057263,0.6155,0.6151,0.616,True,0.0013554480256996826,-0.00014528998380555953,0,0.614056258367515,0.6141777050245969,-1.3921199526838777,-0.0,0.6138764949905211,0.6138800287034473,33.990910682481484,28.585957841890302,0,-2
2023-06-29 16:15:00,2023-06-29 16:17:59,0.6158,0.6157,0.6152,0.6159,0.6155219552528632,0.61565,0.6152,0.6159,True,0.001308630309578279,-0.0001336828015235951,0,0.6141169816960559,0.6142327552518768,-0.17914518644121102,-0.0,0.6138941418065358,0.6138981378705771,43.683810789422246,35.28458348793131,0,-2
2023-06-29 16:18:00,2023-06-29 16:20:59,0.6158,0.6159,0.615,0.6162,0.6155859776264316,0.615725,0.615,0.6162,True,0.0013008710017512577,-0.00011099740823805723,0,0.6141748684739664,0.614286335068882,2.0114877871327437,0.0,0.6139123593009981,0.6139180568967405,47.180876016489975,41.6185324961312,0,-1
2023-06-29 16:21:00,2023-06-29 16:23:59,0.6159,0.6163,0.6153,0.6163,0.6156554888132157,0.61595,0.6153,0.6163,True,0.0012793802159118822,-6.827263429878372e-05,0,0.6142306017714242,0.6143399333462917,5.978426938948047,5.978426938948047,0.613932634332829,0.6139417578231411,51.477023851246315,47.447236885719484,0,-1
2023-06-29 16:24:00,2023-06-29 16:26:59,0.6163,0.6151,0.6151,0.6165,0.6158027444066079,0.61575,0.6151,0.6165,True,0.001287995914775324,-0.00012411286266200325,0,0.6142852675588579,0.6143918062038317,0.4633251077527021,0.0,0.6139507175732983,0.6139532826209207,42.8006529998061,47.152850955847434,0,-2
2023-06-29 16:27:00,2023-06-29 16:29:59,0.6152,0.6169,0.6152,0.6169,0.615776372203304,0.61605,0.6152,0.6169,True,0.001324567635148517,-3.525435105631008e-05,0,0.6143385368813449,0.6144440230422461,5.025331019582133,0.0,0.6139716059556536,0.6139826031918568,47.10942180673751,47.129032885929945,0,2
2023-06-29 16:30:00,2023-06-29 16:32:59,0.6169,0.6167,0.6163,0.6178,0.615913186101652,0.616925,0.6163,0.6178,True,0.0013370985183521983,6.081460646554333e-06,0,0.6143912799617955,0.6145021558667113,6.963233417933445,6.963233417933445,0.61400099296107,0.6140096419660672,62.27703877474901,50.72903786043084,0,2
2023-06-29 16:33:00,2023-06-29 16:35:59,0.6168,0.6157,0.6151,0.6173,0.616419093050826,0.616225,0.6151,0.6173,True,0.0013987343384698969,-4.003057327329703e-05,0,0.6144467179142534,0.6145597447911756,3.4606690394735935,0.0,0.614023122384343,0.614026461448992,64.99852712787673,58.128329236454384,0,-2
2023-06-29 16:36:00,2023-06-29 16:38:59,0.6157,0.6162,0.6156,0.6166,0.616322046525413,0.616025,0.6156,0.6166,True,0.0013702533142934757,-3.7687481251333496e-05,0,0.6145032313527145,0.6146151381653855,3.3428888048195375,0.0,0.6140430415645983,0.6140480886982558,49.97434518390938,59.08330369551167,0,-2
2023-06-29 16:39:00,2023-06-29 16:41:59,0.6162,0.6162,0.6155,0.6163,0.6161735232627066,0.61605,0.6155,0.6163,True,0.001329520934701078,-3.8346050741739995e-05,0,0.61455918475905,0.6146685944365704,3.2643686483835026,0.0,0.614063011300274,0.6140695007510094,22.7060378503953,45.892970054060434,0,-2
2023-06-29 16:42:00,2023-06-29 16:44:59,0.6163,0.6161,0.616,0.6166,0.6161117616313533,0.61625,0.616,0.6166,True,0.0012774122965081472,-4.7710254921474625e-05,0,0.6146138895978103,0.6147215310587447,2.6005410329504244,0.0,0.6140847723818633,0.6140897047236362,22.787586722307093,31.82265658553722,0,-2
2023-06-29 16:45:00,2023-06-29 16:47:59,0.6161,0.615,0.615,0.6163,0.6161808808156766,0.6156,0.615,0.6163,True,0.00127902570390042,-0.0001307760190474924,0,0.6146677103282775,0.6147692356648219,-3.194325406136315,-3.194325406136315,0.6140998492735861,0.6140987623880777,17.35715265171001,20.950259074804098,0,-2
2023-06-29 16:48:00,2023-06-29 16:50:59,0.615,0.6155,0.615,0.6157,0.6158904404078382,0.6153000000000001,0.615,0.6158904404078382,True,0.0012376667250503925,-0.00014783481697944786,0,0.6147184729965497,0.614810435444462,-3.906984750420378,-3.906984750420378,0.6141117910718589,0.6141127050508829,11.292126651890753,17.145622008635915,0,-2
2023-06-29 16:51:00,2023-06-29 16:53:59,0.6156,0.6137,0.6133,0.6156,0.6155952202039192,0.61455,0.6133,0.6156,True,0.0013135476732610844,-0.000278925108180155,0,0.6147644542205059,0.6148410854566009,-10.138349177764326,-10.138349177764326,0.6141161513597011,0.6141085985329636,-3.315866100213801e-14,9.549759767866874,-1,-2
2023-06-29 16:54:00,2023-06-29 16:56:59,0.6135,0.6151,0.6135,0.6158,0.6150726101019597,0.6144750000000001,0.6135,0.6158,True,0.0013840085537424334,-0.00025797060463509096,0,0.6148027698385533,0.6148627046911554,-7.875738651874748,-7.875738651874748,0.614119721992938,0.614118463224178,-3.315866100213801e-14,3.7640422172968595,0,-2
2023-06-29 16:57:00,2023-06-29 16:59:59,0.6151,0.6158,0.6146,0.6159,0.6147738050509799,0.6153500000000001,0.6146,0.6159,True,0.0013780079427608287,-0.00018723412480199593,0,0.6148327372648543,0.6148830690305995,-3.926428242079922,-3.926428242079922,0.6141319635651475,0.6141351949333901,12.62093003470568,4.2069766782351685,0,-1
2023-06-29 17:00:00,2023-06-29 17:02:59,0.6157,0.6143,0.6142,0.6159,0.61506190252549,0.6150249999999999,0.6142,0.6159,True,0.001401007375420772,-0.0002380394514349344,0,0.6148579031477269,0.6149000758156467,-5.986831462292869,-5.986831462292869,0.6141408494998227,0.6141368347847992,21.382667888655657,11.334532641120399,0,-2
2023-06-29 17:03:00,2023-06-29 17:05:59,0.6142,0.6142,0.6136,0.6143,0.615043451262745,0.614075,0.6136,0.615043451262745,True,0.0013509354200335684,-0.0002687555852951725,0,0.6148789894816867,0.6149078044795815,-7.632274955196543,-7.632274955196543,0.614140194280919,0.6141374632944032,21.382667888655657,18.46208860400563,0,-2
2023-06-29 17:06:00,2023-06-29 17:08:59,0.6143,0.6149,0.6143,0.615,0.6145592256313726,0.614625,0.6143,0.615,True,0.0013115828900311724,-0.00022980842184222865,0,0.614893396980634,0.6149119489715674,-5.753032271890106,-5.753032271890106,0.6141450182184224,0.6141450507243097,15.885780687035881,19.550372154782362,0,-1
2023-06-29 17:09:00,2023-06-29 17:11:59,0.6149,0.6156,0.6149,0.6156,0.6145921128156863,0.6152500000000001,0.6149,0.6156,True,0.001267898397886091,-0.00014719525485778156,0,0.6149026729761007,0.6149175313488149,-1.908045835525435,-0.0,0.6141560130620202,0.6141595278315305,21.453317180050465,19.573921918580634,0,-1
2023-06-29 17:12:00,2023-06-29 17:14:59,0.6156,0.615,0.6141,0.616,0.6149210564078431,0.615175,0.6141,0.616,True,0.0013130485123227997,-0.00012896238083465585,0,0.6149101021624578,0.6149236929024363,-1.8237834192579996,-0.0,0.6141661522355324,0.6141678907386794,40.988030811529285,26.10904289287184,0,-1
2023-06-29 17:15:00,2023-06-29 17:17:59,0.6149,0.6144,0.614,0.615,0.6150480282039216,0.6145749999999999,0.614,0.6150480282039216,True,0.0012906879042997427,-0.00015296140504417508,0,0.614916897532447,0.6149261515328008,-3.9902509557613186,-3.9902509557613186,0.6141702203724922,0.6141702002835682,44.263604251106095,35.56831741422858,0,-2
2023-06-29 17:18:00,2023-06-29 17:20:59,0.6144,0.6156,0.6144,0.6163,0.6148115141019608,0.6151749999999999,0.6144,0.6163,True,0.0013342101968497621,-7.950883273011556e-05,0,0.6149215245326239,0.6149297945949039,-0.5996502437067477,-0.0,0.6141802181797311,0.6141844271464182,50.455309541848244,45.235648201494506,0,-1
2023-06-29 17:21:00,2023-06-29 17:23:59,0.6157,0.6167,0.6156,0.6172,0.6149932570509804,0.6163000000000001,0.6156,0.6172,True,0.0013531951827890601,4.692397683694133e-05,0,0.614925659563764,0.6149420638695621,4.798192709429337,4.798192709429337,0.6142013105361517,0.6142094577220757,64.25392924370276,52.990947678885654,1,-1
2023-06-29 17:24:00,2023-06-29 17:26:59,0.6167,0.6169,0.6167,0.6177,0.6156466285254902,0.617,0.6167,0.6177,True,0.0013279669554469846,0.00014014266021986023,0,0.6149338617166631,0.6149658431861827,8.910185481183063,8.910185481183063,0.6142291581925083,0.6142362292870301,87.18764630437336,67.29896169664141,0,-1
2023-06-29 17:27:00,2023-06-29 17:29:59,0.6169,0.6194,0.6163,0.6198,0.6163233142627451,0.6181,0.6163,0.6198,True,0.0014831121729150614,0.00036518754699528213,0,0.614949852451423,0.6150060684581967,16.052708583384216,16.052708583384216,0.6142676740313888,0.6142876100901443,99.99999999999999,83.81385851602533,0,2
2023-06-29 17:30:00,2023-06-29 17:32:59,0.6194,0.6171,0.6168,0.6195,0.6172116571313726,0.6182,0.6168,0.6195,True,0.0015700327319925595,0.0003356189719095323,0,0.6149779604548099,0.6150596518647519,12.58645312700446,12.58645312700446,0.614306801652967,0.6143155940693469,99.99999999999999,95.72921543479107,0,2
2023-06-29 17:33:00,2023-06-29 17:35:59,0.617,0.6175,0.6163,0.6176,0.6177058285656862,0.6171,0.6163,0.6177058285656862,True,0.0015507446797073823,0.0003273574759190969,0,0.6150188061597809,0.6151158374156092,11.16635083260558,11.16635083260558,0.6143345946713454,0.6143472797004976,89.08777552188924,96.3625918406297,0,2
2023-06-29 17:36:00,2023-06-29 17:38:59,0.6176,0.6177,0.6176,0.618,0.6174029142828431,0.617725,0.6176,0.618,True,0.001475691488299708,0.00031899383623178515,0,0.6150673217876951,0.6151779743250106,10.704327795780351,10.704327795780351,0.6143683300477499,0.6143806401014877,82.00459486001067,90.36412346063327,0,2
2023-06-29 17:39:00,2023-06-29 17:41:59,0.6177,0.6173,0.6169,0.6181,0.6175639571414215,0.6174999999999999,0.6169,0.6181,True,0.0014559992391354416,0.00026927600446481615,0,0.6151226480563529,0.6152428267162889,8.856518724165028,8.856518724165028,0.6143994909427972,0.6144096884586868,72.81034727402073,81.30090588530685,0,1
2023-06-29 17:42:00,2023-06-29 17:44:59,0.6172,0.6168,0.6168,0.6178,0.6175319785707107,0.61715,0.6168,0.6178,True,0.0014234278649114817,0.0001877568736048051,0,0.6151827373863209,0.6153069706969606,5.714799708161905,5.714799708161905,0.6144268591921226,0.6144334726531278,71.25531011457579,75.35675074953569,0,1
2023-06-29 17:45:00,2023-06-29 17:47:59,0.6168,0.6169,0.6164,0.6174,0.6173409892853554,0.616875,0.6164,0.6174,True,0.0013931830174178045,0.00013017358729052288,0,0.6152448540416408,0.6153682300526045,4.0303034295423785,0.0,0.6144512188021513,0.6144580152137932,59.90811151423878,67.99125630094507,0,1
2023-06-29 17:48:00,2023-06-29 17:50:59,0.617,0.617,0.6163,0.6174,0.6171079946426776,0.616925,0.6163,0.6174,True,0.001372241373316532,9.04384009377565e-05,0,0.6153065420471227,0.6154271410715242,3.3737067084765684,0.0,0.6144758335404383,0.6144833085947504,51.11731497332435,60.76024553404628,0,1
2023-06-29 17:51:00,2023-06-29 17:53:59,0.617,0.6166,0.6163,0.6171,0.6170164973213388,0.6167499999999999,0.6163,0.6171,True,0.00133136698950821,2.9593217537684765e-05,0,0.6153668415593234,0.61548259835008,0.8567783177476542,0.0,0.614498462062424,0.6145043702007728,43.44283911376365,51.489421867108895,0,1
2023-06-29 17:54:00,2023-06-29 17:56:59,0.6167,0.6166,0.6165,0.6178,0.6168832486606693,0.6169,0.6165,0.6178,True,0.0013291264902576213,-1.4788144645654566e-05,0,0.6154247199547017,0.6155359851381705,-0.8211739427382838,-0.0,0.6145223579623004,0.614525222238576,43.37518909892281,45.97844772867024,0,1
2023-06-29 17:57:00,2023-06-29 17:59:59,0.6165,0.6166,0.6163,0.617,0.6168916243303346,0.6166,0.6163,0.617,True,0.0012841888838106507,-4.6508365920447164e-05,0,0.6154803525464362,0.6155853172053761,-1.9398087830622472,-0.0,0.6145430310174018,0.614545866793416,32.411540860238226,39.74318969097487,0,1
2023-06-29 18:00:00,2023-06-29 18:02:59,0.6166,0.6141,0.614,0.617,0.6167458121651673,0.615425,0.614,0.617,True,0.0014067468206813186,-0.00023997123821438687,0,0.6155328348759062,0.6156230567422987,-11.301482255163783,-11.301482255163783,0.6145518068281739,0.6145414303079094,19.21994502402126,31.66889166106074,0,-2
2023-06-29 18:03:00,2023-06-29 18:05:59,0.6141,0.6126,0.6125,0.6147,0.6160854060825837,0.613475,0.6125,0.6160854060825837,True,0.001463407762061223,-0.0004603563792058639,0,0.6155779458091025,0.6156380313914895,-19.46575212020459,-19.46575212020459,0.6145410923323712,0.6145221125934028,4.384640967744358,18.672042284001257,-1,-2
2023-06-29 18:06:00,2023-06-29 18:08:59,0.6125,0.6135,0.6124,0.6141,0.6147802030412919,0.613125,0.6124,0.6147802030412919,True,0.001480307207628273,-0.0005229297171733655,0,0.6156079886002961,0.6156325789702419,-19.985229906444093,-19.985229906444093,0.6145270018614023,0.6145119423188417,-2.0724163126336254e-14,7.868195330588509,0,-2
2023-06-29 18:09:00,2023-06-29 18:11:59,0.6135,0.6154,0.6134,0.6155,0.613952601520646,0.6144499999999999,0.6134,0.6155,True,0.001524570978511975,-0.0004112382869632874,0,0.6156202837852691,0.6156201724912821,-13.141888781386399,-13.141888781386399,0.6145262356737267,0.614520778713679,9.61638533854457,4.667008768762945,0,-1
2023-06-29 18:12:00,2023-06-29 18:14:59,0.6154,0.6153,0.6142,0.6156,0.614201300760323,0.615125,0.6142,0.6156,True,0.0015156730514754105,-0.0003283655144601102,0,0.6156202281382757,0.6156070073732586,-8.89673140234752,-8.89673140234752,0.6145321935277195,0.6145285321593141,26.113812764308317,11.910066034284265,0,-1
2023-06-29 18:15:00,2023-06-29 18:17:59,0.6154,0.6165,0.6154,0.6172,0.6146631503801615,0.616125,0.6154,0.6172,True,0.0015431249763700249,-0.00017816674062023338,0,0.6156136177557672,0.6156001963635401,-2.4841529796630653,-0.0,0.6145480423483392,0.6145481487547438,49.11846904316064,28.28288904867115,0,-1
2023-06-29 18:18:00,2023-06-29 18:20:59,0.6165,0.6174,0.616,0.6179,0.6153940751900808,0.61695,0.616,0.6179,True,0.0015686160494864526,-1.1463808430462824e-05,0,0.6156069070596537,0.6156040950961046,3.919253138313003,3.919253138313003,0.6145719424244751,0.6145765253840498,68.95708623772155,48.06312268173014,0,-1
2023-06-29 18:21:00,2023-06-29 18:23:59,0.6173,0.6203,0.6173,0.6206,0.6161720375950404,0.6188750000000001,0.6173,0.6206,True,0.0016922863316659975,0.00029558651948141814,0,0.6156055010778793,0.6156296064818039,12.443688068276082,12.443688068276082,0.614614758917764,0.6146334753802284,85.79299214529112,67.95618247539107,1,2
2023-06-29 18:24:00,2023-06-29 18:26:59,0.6202,0.6195,0.6194,0.6213,0.6175235187975202,0.6201,0.6194,0.6213,True,0.0017071230222612842,0.0004253929260364509,0,0.6156175537798416,0.6156803634288172,15.140452125470418,15.140452125470418,0.61466933843102,0.6146818985107734,96.12166919977214,83.62391586092825,0,2
2023-06-29 18:27:00,2023-06-29 18:29:59,0.6195,0.623,0.619,0.6241,0.6188117593987601,0.6214000000000001,0.619,0.6241,True,0.001949471377814049,0.0007289402926507914,0,0.6156489586043294,0.6157595675196642,20.589379723282235,20.589379723282235,0.6147363101879253,0.6147646656897706,99.99999999999996,93.9715537816877,0,2
2023-06-29 18:30:00,2023-06-29 18:32:59,0.623,0.6265,0.6227,0.628,0.6201058796993801,0.62505,0.6227,0.628,True,0.002188794850827329,0.001129997744667567,0,0.6157042630619969,0.6158856677042613,26.125545513301148,26.125545513301148,0.61483893396715,0.6148814351853948,99.99999999999996,98.70722306659064,0,2
2023-06-29 18:33:00,2023-06-29 18:35:59,0.6265,0.6277,0.6263,0.6284,0.62257793984969,0.627225,0.6263,0.6284,True,0.0021824523614825194,0.0014165326107973462,0,0.6157949653831292,0.6160627471449356,30.29691657977385,30.29691657977385,0.6149621784052878,0.6150089830939979,99.99999999999996,99.9999999999999,0,2
2023-06-29 18:36:00,2023-06-29 18:38:59,0.6277,0.6282,0.6272,0.629,0.624901469924845,0.628025,0.6272,0.629,True,0.002155134335662341,0.001565847582330197,0,0.6159288562640324,0.6162842368099265,33.27969799381195,33.27969799381195,0.6150921567296133,0.6151402369935601,99.99999999999996,99.9999999999999,0,2
2023-06-29 18:39:00,2023-06-29 18:41:59,0.6283,0.6353,0.6283,0.6363,0.6264632349624225,0.6320499999999999,0.6283,0.6363,True,0.002579767597400745,0.0020697566966223968,0,0.6161065465369795,0.6165667870826386,36.97461680967531,36.97461680967531,0.6152608914885226,0.6153408316503406,99.99999999999996,99.9999999999999,0,2
2023-06-29 18:42:00,2023-06-29 18:44:59,0.6353,0.6324,0.6317,0.6362,0.6292566174812112,0.6339,0.6317,0.6362,True,0.0027169270547292594,0.0020912038079645636,0,0.616336666809809,0.6169081651732806,33.48758680872169,33.48758680872169,0.615446355254806,0.6155105746189939,99.99999999999996,99.9999999999999,0,2
2023-06-29 18:45:00,2023-06-29 18:47:59,0.6323,0.6329,0.632,0.6338,0.6315783087406056,0.63275,0.632,0.6338,True,0.0026514322651057425,0.002029490180469024,0,0.6166224159915448,0.6172856263789608,31.45776883845167,31.45776883845167,0.6156185308244099,0.6156836037272626,96.79036676171262,98.93012225390413,0,2
2023-06-29 18:48:00,2023-06-29 18:50:59,0.6329,0.6306,0.6301,0.6329,0.6321641543703028,0.6316250000000001,0.6301,0.6329,True,0.0026620442461696195,0.0017214679521504687,0,0.6169540211852528,0.6176811875931827,25.663906607423073,25.663906607423073,0.6157777991744158,0.6158320255807227,89.21085864738741,95.33374180303328,0,1
2023-06-29 18:51:00,2023-06-29 18:53:59,0.6307,0.6295,0.6293,0.6321,0.6318945771851514,0.6304,0.6293,0.6321,True,0.002671898228586077,0.0013475043971390836,0,0.6173176043892177,0.6180798802980799,19.8811304580189,19.8811304580189,0.6159232937099938,0.6159680253261881,76.67319208779064,87.55813916563018,0,1
2023-06-29 18:54:00,2023-06-29 18:56:59,0.6294,0.6281,0.628,0.6298,0.6311472885925757,0.628825,0.628,0.6311472885925757,True,0.0026096197836870732,0.0009249265204875779,0,0.6176987423436487,0.6184674968167001,13.6791566513171,13.6791566513171,0.6160516688969591,0.6160887414920967,59.59274027013146,75.15893033510314,0,1
2023-06-29 18:57:00,2023-06-29 18:59:59,0.6281,0.6287,0.6281,0.6302,0.6299861442962879,0.628775,0.6281,0.6302,True,0.002573218370566567,0.0006255236539876819,0,0.6180831195801744,0.6188433904612625,10.493981467436178,10.493981467436178,0.616178269206442,0.6162142266513793,43.965305786387724,60.07707938143657,0,1
2023-06-29 19:00:00,2023-06-29 19:02:59,0.6287,0.6275,0.6261,0.6296,0.6293805721481439,0.627975,0.6261,0.6296,True,0.0026394170583832447,0.0002947499453568722,0,0.6184632550207183,0.6192019867237136,6.150745033776836,0.0,0.6162956496123481,0.6163265229036043,23.169639012651174,42.242561689723416,0,1
2023-06-29 19:03:00,2023-06-29 19:05:59,0.6275,0.6273,0.6252,0.6288,0.628677786074072,0.6272,0.6252,0.6288,True,0.0027080301256415876,2.663529559651049e-05,0,0.6188326208722159,0.6195391869596831,2.875271799830138,0.0,0.6164041506112302,0.6164357117304341,10.126390735264366,25.753778511434387,0,1
2023-06-29 19:06:00,2023-06-29 19:08:59,0.6272,0.6267,0.6258,0.6276,0.627938893037036,0.6268250000000001,0.6258,0.627938893037036,True,0.0026431708309529044,-0.00021640261149358762,0,0.6191859039159495,0.6198546555025156,-0.5372131687476625,-0.0,0.6165078406548996,0.6165378439520218,-4.500103993147301e-14,11.098676582638463,0,1
2023-06-29 19:09:00,2023-06-29 19:11:59,0.6268,0.6269,0.6263,0.6277,0.627381946518518,0.626925,0.6263,0.6277,True,0.0025543729144562734,-0.00037710527751615847,0,0.6195202797092325,0.620151536187164,-2.222326128229298,-0.0,0.6166114939817166,0.61664094998235,0.3217173697291326,3.4827027016644494,0,1
2023-06-29 19:12:00,2023-06-29 19:14:59,0.6269,0.6275,0.6263,0.6277,0.627153473259259,0.6271,0.6263,0.6277,True,0.00247191770628083,-0.0004493162144678601,0,0.6198359079481982,0.6204329462892308,-1.4934096486637856,-0.0,0.6167158572256796,0.6167490002312818,1.2379063895764297,0.5198745864351376,0,1
2023-06-29 19:15:00,2023-06-29 19:17:59,0.6276,0.6279,0.6276,0.6291,0.6271267366296295,0.62805,0.6276,0.6291,True,0.002409637870117917,-0.0004740531241662141,0,0.6201344271187145,0.6207067635305547,0.2275118690999136,0.0,0.6168286347657226,0.6168599554528611,5.346941573115565,2.302188444140341,0,1
2023-06-29 19:18:00,2023-06-29 19:20:59,0.6279,0.6293,0.627,0.6293,0.6275883683148147,0.628375,0.627,0.6293,True,0.0024018065936809206,-0.00039764059234098084,0,0.6204205953246344,0.6209749540273735,5.038302225164934,0.0,0.6169435239720338,0.6169837369906436,10.201613920619993,5.595487294437294,0,1
2023-06-29 19:21:00,2023-06-29 19:23:59,0.6294,0.6291,0.628,0.6298,0.6279816841574073,0.6290749999999999,0.628,0.6298,True,0.0023588204084179993,-0.0003683276934781832,0,0.620697774676004,0.621241677221079,7.403256240515688,0.0,0.6170642351762922,0.6171042968215824,16.743831178683894,10.764128890806449,0,1
2023-06-29 19:24:00,2023-06-29 19:26:59,0.629,0.6307,0.6279,0.6308,0.6285283420787036,0.6295999999999999,0.6279,0.6308,True,0.002397476093531,-0.0002467523157229897,0,0.6209697259485415,0.6215090172502841,12.423265482721924,12.423265482721924,0.6171889691546375,0.6172395774502234,23.82572803212108,16.92372437714162,0,2
2023-06-29 19:27:00,2023-06-29 19:29:59,0.6304,0.6308,0.6298,0.6316,0.6290641710393517,0.63065,0.6298,0.6316,True,0.002354799229707359,-0.00017343918928387292,0,0.6212393715994128,0.6217822127981468,15.953974176107977,15.953974176107977,0.617322909760064,0.6173745070278331,37.7048307032181,26.091463304674324,0,2
2023-06-29 19:30:00,2023-06-29 19:32:59,0.6309,0.6331,0.6309,0.634,0.6298570855196759,0.632225,0.6309,0.634,True,0.002415170713299689,1.651961338543879e-05,0,0.6215107921987798,0.6220689501999932,21.51212160511585,21.51212160511585,0.6174711892649389,0.6175309795947204,63.579757758640234,41.703438831326444,0,2
2023-06-29 19:33:00,2023-06-29 19:35:59,0.6331,0.6326,0.6307,0.6341,0.631041042759838,0.632625,0.6307,0.6341,True,0.0024855156623497083,8.133768315747277e-05,0,0.6217898711993864,0.6223671263005892,22.875578424966122,22.875578424966122,0.6176219734513575,0.6176809200962654,85.72215905499725,62.335582505618504,0,2
2023-06-29 19:36:00,2023-06-29 19:38:59,0.6326,0.6299,0.629,0.6327,0.631833021379919,0.6310500000000001,0.629,0.6327,True,0.002572264543610446,-8.865169985302875e-05,0,0.6220784987499878,0.6226614561890476,14.831870635348494,14.831870635348494,0.6177555856558216,0.6178025029808797,81.20559114882217,76.83583598748652,0,1
2023-06-29 19:39:00,2023-06-29 19:41:59,0.6299,0.6306,0.6293,0.6316,0.6314415106899596,0.63035,0.6293,0.6316,True,0.0025528170762097054,-0.00016953151807850035,0,0.6223699774695176,0.6229459357671714,11.169777336493148,0.0,0.617880903211485,0.6179298412596769,54.89850072961864,73.94208364447933,0,1
2023-06-29 19:42:00,2023-06-29 19:44:59,0.6306,0.6302,0.63,0.6315,0.6308957553449798,0.630575,0.63,0.6315,True,0.0024776158564804368,-0.00026431972132579234,0,0.6226579566183444,0.6232222520335353,7.581741129205014,0.0,0.6180072126322663,0.6180519323914214,30.09778281230128,55.400624896914,0,1
2023-06-29 19:45:00,2023-06-29 19:47:59,0.6301,0.6312,0.63,0.6312,0.6307353776724899,0.630625,0.63,0.6312,True,0.0023863575810175465,-0.0002674127819738657,0,0.6229401043259398,0.6234905884968748,7.848482420519666,0.0,0.6181327627553284,0.6181827589347904,24.44390528260212,36.48006294150732,0,1
2023-06-29 19:48:00,2023-06-29 19:50:59,0.6311,0.632,0.6307,0.632,0.630680188836245,0.6314500000000001,0.6307,0.632,True,0.002308760610944862,-0.00022436094724398187,0,0.6232153464114073,0.623756461709028,9.881743403746967,0.0,0.6182652725786584,0.6183202439205139,31.741068002757476,28.76091869922027,0,1
2023-06-29 19:51:00,2023-06-29 19:53:59,0.632,0.6322,0.6305,0.6324,0.6310650944181225,0.631775,0.6305,0.6324,True,0.0022795634244488013,-0.00019418451812729196,0,0.6234859040602176,0.6240208012588431,11.70083215930476,0.0,0.6183996977271294,0.6184583509461804,39.18238751523905,31.789120266866195,0,1
2023-06-29 19:54:00,2023-06-29 19:56:59,0.6322,0.6333,0.631,0.6333,0.6314200472090612,0.63245,0.631,0.6333,True,0.002281023179845313,-0.0001116559713051921,0,0.6237533526595304,0.624286750912925,15.258208613510234,15.258208613510234,0.6185395017298446,0.6186060290462184,48.51202185895105,39.81182579231584,0,2
2023-06-29 19:57:00,2023-06-29 19:59:59,0.6333,0.6329,0.6326,0.634,0.6319350236045306,0.6332,0.6326,0.634,True,0.002218092952713502,-0.00010166038849122091,0,0.6240200517862277,0.6245572893135629,15.667281525599634,15.667281525599634,0.6186853773345228,0.6187482576129227,58.380763672881734,48.69172434902393,0,1
2023-06-29 20:00:00,2023-06-29 20:02:59,0.6328,0.6302,0.6301,0.6337,0.6325675118022653,0.6317,0.6301,0.6337,True,0.002316800598948255,-0.00029655667814426027,0,0.6242886705498952,0.6248192926903015,7.1372514552415325,0.0,0.6188148760675126,0.6188622052983663,42.40682874438419,49.76653809207232,0,1
2023-06-29 20:03:00,2023-06-29 20:05:59,0.6302,0.6308,0.63,0.6316,0.6321337559011326,0.63065,0.63,0.6321337559011326,True,0.0022656005561662402,-0.00038840150143548214,0,0.6245539816200982,0.6250655746442667,3.363624348236357,0.0,0.6189326384947016,0.6189809893252483,24.19214744821581,41.659913288493904,0,1
2023-06-29 20:06:00,2023-06-29 20:08:59,0.6308,0.6307,0.6307,0.6329,0.6313918779505663,0.631275,0.6307,0.6329,True,0.0022609148021543644,-0.0004568626270594362,0,0.6248097781321824,0.6253020774200695,0.5608301333470322,0.0,0.6190554480619185,0.6190975963966389,4.422509870030792,23.673828687543587,0,-2
2023-06-29 20:09:00,2023-06-29 20:11:59,0.6308,0.6321,0.6305,0.6325,0.6313334389752832,0.631475,0.6305,0.6325,True,0.00224227803057191,-0.00040352867046624784,0,0.625055927776126,0.6255306305322704,3.09556446546879,0.0,0.6191790256931432,0.619226973546921,10.261012678388491,12.958556665545018,0,-2
2023-06-29 20:12:00,2023-06-29 20:14:59,0.6321,0.6321,0.6317,0.6333,0.6314042194876416,0.6323000000000001,0.6317,0.6333,True,0.0021964010283881973,-0.00036918622828594145,0,0.6252932791541982,0.6257570170783616,4.785387353549957,0.0,0.6193095826514203,0.6193550633623746,21.81411276168866,12.165878436702634,0,-2
2023-06-29 20:15:00,2023-06-29 20:17:59,0.6322,0.6331,0.6321,0.6333,0.6318521097438208,0.6326749999999999,0.6321,0.6333,True,0.0021252295263604675,-0.000279490105516424,0,0.6255251481162799,0.625982717518057,8.672654358203168,0.0,0.6194425718787694,0.6194918289010574,34.671013049859276,22.248712829978796,0,-1
2023-06-29 20:18:00,2023-06-29 20:20:59,0.633,0.6326,0.6318,0.6339,0.6322635548719103,0.6328250000000001,0.6318,0.6339,True,0.002123427417334719,-0.00026043413908549825,0,0.6257539328171685,0.6262073583958409,8.912559541598888,0.0,0.6195757303675379,0.6196222584642309,47.369036310001,34.6180540405163,0,-2
2023-06-29 20:21:00,2023-06-29 20:23:59,0.6326,0.6324,0.6321,0.6333,0.6325442774359552,0.6326,0.6321,0.6333,True,0.0020574683160965233,-0.00026690814301835297,0,0.6259806456065047,0.6264280800584814,8.112493168279897,0.0,0.6197053250902489,0.6197494001710545,50.881616809067076,44.30722205630911,0,-2
2023-06-29 20:24:00,2023-06-29 20:26:59,0.6323,0.6316,0.63,0.6327,0.6325721387179777,0.63165,0.63,0.6327,True,0.0021033634363753456,-0.00033030447350281466,0,0.626204362832493,0.6266376836998503,4.022402067240662,0.0,0.6198241775769131,0.6198673165872629,34.75242151034691,44.33435820980498,0,-2
2023-06-29 20:27:00,2023-06-29 20:29:59,0.6316,0.6323,0.6314,0.6329,0.6321110693589889,0.63205,0.6314,0.6329,True,0.002060266048062825,-0.00032426004929774583,0,0.6264210232661717,0.6268398403663836,4.282485321056846,0.0,0.6199458275512721,0.619991024879927,21.581604250027407,35.73854752314712,0,-2
2023-06-29 20:30:00,2023-06-29 20:32:59,0.6324,0.6304,0.63,0.6336,0.6320805346794944,0.6315999999999999,0.63,0.6336,True,0.002170247044629769,-0.00045134774388335113,0,0.6266304318162776,0.6270316594889792,-1.9411202149987261,-0.0,0.6200617894661848,0.620094596771669,6.515923667661165,20.94998314267848,0,-2
2023-06-29 20:33:00,2023-06-29 20:35:59,0.6305,0.6283,0.6268,0.6305,0.6318402673397472,0.629025,0.6268,0.6318402673397472,True,0.0022795151128704944,-0.0006717808420544057,0,0.6268310456526285,0.6271963564689371,-9.854956349730763,-9.854956349730763,0.6201509756406507,0.620176242574936,5.365708808179882,11.154412241956138,0,-2
2023-06-29 20:36:00,2023-06-29 20:38:59,0.6282,0.6258,0.6257,0.6282,0.6304326336698736,0.6269750000000001,0.6257,0.6304326336698736,True,0.002302406890522597,-0.0009689993912917777,0,0.6270137010607829,0.6273245048187226,-17.658262247078447,-17.658262247078447,0.6202188763805447,0.6202322003602599,-4.026408835973901e-14,3.9605441586136547,0,-2
2023-06-29 20:39:00,2023-06-29 20:41:59,0.6258,0.6275,0.6253,0.6284,0.6287038168349368,0.6267499999999999,0.6253,0.6287038168349368,True,0.0023593778269138397,-0.0010129355391037343,0,0.6271691029397528,0.6274214552017015,-17.23103008877093,-17.23103008877093,0.620283862685216,0.6203045167745858,-4.026408835973901e-14,1.7885696027265865,-1,-2
2023-06-29 20:42:00,2023-06-29 20:44:59,0.6276,0.6279,0.6271,0.6282,0.6277269084174684,0.6277,0.6271,0.6282,True,0.002269422267848565,-0.000978633302314142,0,0.6272952790707272,0.6274996960335719,-15.747745125756843,-15.747745125756843,0.6203576550963084,0.6203800937221023,5.970513089688592,1.9901710298961566,0,-2
2023-06-29 20:45:00,2023-06-29 20:47:59,0.6279,0.6281,0.627,0.6283,0.6277134542087341,0.627825,0.627,0.6283,True,0.002200177820145094,-0.0009074041723118903,0,0.6273974875521496,0.6275635275218983,-14.100168713187045,-14.100168713187045,0.6204319570356486,0.6204569087099421,12.71068016701586,6.227064418901456,0,-2
2023-06-29 20:48:00,2023-06-29 20:50:59,0.628,0.6271,0.6261,0.628,0.6277692271043671,0.6273000000000001,0.6261,0.628,True,0.0021858794044204446,-0.0008963029560900471,0,0.627480507537024,0.6276119744225058,-15.077279408709607,-15.077279408709607,0.6205002957716123,0.6205230091207884,17.190696265431487,11.957296507378631,0,-2
2023-06-29 20:51:00,2023-06-29 20:53:59,0.6272,0.6259,0.6259,0.6276,0.6275346135521835,0.62665,0.6259,0.6276,True,0.0021511737326761295,-0.0009368256326797759,0,0.627546240979765,0.627643516840497,-17.77459762418698,-17.77459762418698,0.6205614868584619,0.6205765115175965,13.005312509728293,14.302229647391867,0,-2
2023-06-29 20:54:00,2023-06-29 20:56:59,0.6259,0.6254,0.6252,0.6268,0.6270923067760918,0.6258250000000001,0.6252,0.6270923067760918,True,0.0021118041803421237,-0.0009593758395787277,0,0.627594878910131,0.6276558734485518,-20.334427053230392,-20.334427053230392,0.6206138601235518,0.6206245064278691,6.265145432401024,12.153718069186922,0,-2
2023-06-29 20:57:00,2023-06-29 20:59:59,0.6251,0.625,0.6241,0.6251,0.626458653388046,0.624825,0.6241,0.626458653388046,True,0.0020538181674605413,-0.0009608703656176969,-1,0.6276253761793414,0.6276461790905808,-22.659318981203718,-22.659318981203718,0.6206557620128696,0.6206680436773431,1.7851293339853995,7.018529092038226,0,-2
2023-06-29 21:00:00,2023-06-29 21:02:59,0.6251,0.6272,0.625,0.6282,0.6256418266940229,0.626375,0.625,0.6282,True,0.0021356882983562158,-0.0007688301660202,0,0.6276357776349611,0.6276298250139583,-15.63328384172518,-15.63328384172518,0.6207126698535376,0.6207330382676183,9.540131046213803,5.8634686042000626,0,-1
2023-06-29 21:03:00,2023-06-29 21:05:59,0.6272,0.6269,0.6267,0.6279,0.6260084133470114,0.627175,0.6267,0.6279,True,0.002068853419902199,-0.0006304593933140568,0,0.6276328013244598,0.6276138287511356,-11.78278254530997,-11.78278254530997,0.6207769716460397,0.6207944010709255,25.490244668297155,12.27183501616544,0,-1
2023-06-29 21:06:00,2023-06-29 21:08:59,0.6269,0.6281,0.6269,0.6282,0.6265917066735057,0.627525,0.6269,0.6282,True,0.002013935318480611,-0.0004291136490243224,0,0.6276233150377977,0.6276006253212211,-5.634670459031817,-5.634670459031817,0.6208441162067757,0.620867093597583,43.546404968041664,26.192260227517526,0,-1
2023-06-29 21:09:00,2023-06-29 21:11:59,0.6281,0.6291,0.6281,0.6303,0.6270583533367529,0.6289,0.6281,0.6303,True,0.0020272256528748515,-0.00020910636281100143,0,0.6276119701795094,0.6275991452601308,0.8582016579768492,0.0,0.6209242742544695,0.6209490130642736,62.62676781535367,43.88780581723082,0,-1
2023-06-29 21:12:00,2023-06-29 21:14:59,0.6291,0.6301,0.6291,0.6314,0.6279791766683764,0.629925,0.6291,0.6314,True,0.0020467095348123596,1.342970151433574e-05,0,0.6276055577198202,0.6276139378346061,7.186016099199186,0.0,0.621013833714624,0.621040067660649,80.00998752660365,62.06105343666632,0,-1
2023-06-29 21:15:00,2023-06-29 21:17:59,0.6301,0.6326,0.629,0.6329,0.6289520883341881,0.6311500000000001,0.629,0.6329,True,0.0021790874251829064,0.0003304444999816808,1,0.6276097477772131,0.6276498452794529,14.744975924162915,14.744975924162915,0.6211146910905979,0.6211550918630306,95.28716056019248,79.30797196738325,0,-1
2023-06-29 21:18:00,2023-06-29 21:20:59,0.6325,0.6311,0.6308,0.6326,0.6300510441670941,0.63175,0.6308,0.6326,True,0.0021520097519555576,0.00041948415928552186,0,0.627629796528333,0.6277062468850565,14.644879886564283,14.644879886564283,0.6212205150598457,0.6212540461728512,99.99999999999996,91.765716028932,1,-1
2023-06-29 21:21:00,2023-06-29 21:23:59,0.631,0.6285,0.6282,0.631,0.6309005220835471,0.629675,0.6282,0.631,True,0.002205437626815876,0.00028101976977483326,0,0.6276680217066947,0.6277641600058658,8.42346384005107,8.42346384005107,0.6213046392881059,0.6213261452159073,89.77315178784308,95.02010411601181,0,-2
2023-06-29 21:24:00,2023-06-29 21:26:59,0.6286,0.6272,0.6269,0.6289,0.6302877610417735,0.6279,0.6269,0.6302877610417735,True,0.002190763510614742,9.036786616002273e-05,0,0.6277160908562802,0.6278106874199789,2.027564284205731,0.0,0.6213702647678262,0.621384591532167,72.59224116381334,87.45513098388544,-1,-2
2023-06-29 21:27:00,2023-06-29 21:29:59,0.6272,0.6289,0.6272,0.6289,0.6290938805208868,0.62805,0.6272,0.6290938805208868,True,0.002155708974142263,8.010176482767499e-05,0,0.6277633891381296,0.6278489607191179,1.5536386358511223,0.0,0.621436729795012,0.6214593717159265,56.05321234863519,72.80620176676385,0,-1
2023-06-29 21:30:00,2023-06-29 21:32:59,0.6287,0.6277,0.627,0.6287,0.6285719402604434,0.628025,0.627,0.6287,True,0.0021374440474178167,-1.2066387564744447e-05,0,0.6278061749286238,0.6278803013733689,-1.0701750525405345,-0.0,0.6215022847224247,0.6215214675197481,49.64172469607518,59.42905940284121,0,-2
2023-06-29 21:33:00,2023-06-29 21:35:59,0.6277,0.6284,0.6277,0.6293,0.6282984701302217,0.6282749999999999,0.6277,0.6293,True,0.002099055186887968,-2.2743146718669585e-05,0,0.6278432381509964,0.6279076841431935,-1.178665027886801,-0.0,0.6215696749241917,0.6215899106290044,51.38452248077172,52.359819841827345,0,-1
2023-06-29 21:36:00,2023-06-29 21:38:59,0.6283,0.6283,0.6279,0.63,0.6282867350651108,0.628625,0.6279,0.63,True,0.002099122673538827,-3.507387200184426e-05,0,0.627875461147095,0.6279341643400661,-1.4901515183421594,-0.0,0.621639877163752,0.6216566776874223,54.20122871310923,51.74249196331869,0,-1
2023-06-29 21:39:00,2023-06-29 21:41:59,0.6283,0.6279,0.6278,0.6293,0.6284558675325553,0.628325,0.6278,0.6293,True,0.0020563281968574783,-6.843447772561119e-05,0,0.6279048127435806,0.6279576939335554,-2.753993716475101,-0.0,0.6217063957989386,0.6217188002974977,49.54573619375188,51.71049579587759,0,-2
2023-06-29 21:42:00,2023-06-29 21:44:59,0.6279,0.6262,0.6258,0.6282,0.6283904337662777,0.627025,0.6258,0.6283904337662777,True,0.002080876182796227,-0.00020292484919523748,0,0.627931253338568,0.6279698196757121,-7.357527049438687,-7.357527049438687,0.6217593172337751,0.6217633893492639,31.650515699751747,45.1324935355376,0,-2
2023-06-29 21:45:00,2023-06-29 21:47:59,0.6261,0.6283,0.626,0.6293,0.6277077168831389,0.6274249999999999,0.626,0.6293,True,0.0021679564554536374,-0.00013585763237225124,0,0.6279505365071401,0.6279756283154154,-4.386806502225824,-4.386806502225824,0.6218156921866729,0.6218284302512612,15.584991068827962,32.26041432077717,0,-1
2023-06-29 21:48:00,2023-06-29 21:50:59,0.6282,0.6295,0.6282,0.63,0.6275663584415694,0.628975,0.6282,0.63,True,0.002141673851492665,-2.9809230862569295e-06,0,0.6279630824112777,0.6279870582508565,0.13374640457760734,0.0,0.6218869290803378,0.6219047642786119,19.443006536008184,22.226171101529275,0,-1
2023-06-29 21:51:00,2023-06-29 21:53:59,0.6293,0.6293,0.6293,0.6311,0.6282706792207846,0.62975,0.6293,0.6311,True,0.002117268576386048,7.048261139672952e-05,0,0.6279750703310671,0.6280081527746371,2.5458466004786047,0.0,0.6219651685919763,0.6219783487136505,40.719620036388115,25.249205880408066,0,-1
2023-06-29 21:54:00,2023-06-29 21:56:59,0.6294,0.6273,0.6272,0.6302,0.6290103396103923,0.628525,0.6272,0.6302,True,0.002180320820929902,-2.1308298253701975e-05,0,0.6279916115528521,0.6280283067631734,-0.9698544678429997,-0.0,0.622030440546285,0.6220313004677436,49.028540256850626,36.39705560974895,0,-2
2023-06-29 21:57:00,2023-06-29 21:59:59,0.6272,0.6261,0.6221,0.6272,0.6287676698051962,0.62565,0.6221,0.6287676698051962,True,0.0023960121908634794,-0.00016092810841548505,0,0.6280099591580128,0.6280278564264419,-5.577594738562269,-5.577594738562269,0.6220664560632374,0.6220717850402039,33.13101984041132,40.95972671121667,0,-2
2023-06-29 22:00:00,2023-06-29 22:02:59,0.6261,0.6276,0.6256,0.6287,0.6272088349025982,0.627,0.6256,0.6287,True,0.0024462970343732304,-0.00013979652545826533,0,0.6280189077922275,0.6280204496849916,-4.43316776693937,-4.43316776693937,0.622115546052658,0.6221267921542317,23.897223341370097,35.352261146210665,0,-1
2023-06-29 22:03:00,2023-06-29 22:05:59,0.6276,0.627,0.6261,0.6278,0.6271044174512991,0.627125,0.6261,0.6278,True,0.0023929901033465733,-0.00015945477161248323,0,0.6280196787386095,0.6280084745682409,-5.0369155991039705,-5.0369155991039705,0.6221653913655668,0.6221752817845378,25.163368311993437,27.39720383125827,0,-2
2023-06-29 22:06:00,2023-06-29 22:08:59,0.6268,0.624,0.6238,0.6277,0.6271147087256496,0.625575,0.6238,0.6277,True,0.002500633667393248,-0.00036891337007246373,0,0.6280140766534252,0.6279823502511542,-10.391426597683406,-10.391426597683406,0.6221993178196408,0.6221934381846917,27.67644919460029,25.57901361598793,0,-2
2023-06-29 22:09:00,2023-06-29 22:11:59,0.6241,0.6254,0.6241,0.6271,0.6263448543628247,0.6251749999999999,0.6241,0.6271,True,0.0025434455482937295,-0.00038936284965138086,0,0.6279982134522898,0.6279425209843491,-10.17481761226589,-10.17481761226589,0.6222289265975548,0.6222253442724063,15.633632193261583,22.824483233285093,0,-2
2023-06-29 22:12:00,2023-06-29 22:14:59,0.6255,0.6255,0.6253,0.6265,0.6257599271814123,0.6256999999999999,0.6253,0.6265,True,0.002447485151987033,-0.00037520117067522084,0,0.6279703672183194,0.6278957770436957,-9.761404291458277,-9.761404291458277,0.6222634646413602,0.6222579279114868,7.678214766311288,16.99609871805771,0,-2
2023-06-29 22:15:00,2023-06-29 22:17:59,0.626,0.6278,0.6259,0.6283,0.6257299635907061,0.627,0.6259,0.6283,True,0.0024726647839879608,-0.00018782843245562092,0,0.6279330721310076,0.6278528292273411,-4.150629492817792,-0.0,0.6223105943464212,0.6223130729073925,22.262524885091423,15.191457281554753,0,-1
2023-06-29 22:18:00,2023-06-29 22:20:59,0.6277,0.6275,0.6266,0.6279,0.626364981795353,0.627425,0.6266,0.6279,True,0.0023889030137031037,-7.486115122889438e-05,0,0.6278929506791744,0.6278160807460098,-1.185802214192094,-0.0,0.6223614839549145,0.6223646841222443,43.02692248646722,24.322554045956633,0,-1
2023-06-29 22:21:00,2023-06-29 22:23:59,0.6276,0.6273,0.627,0.628,0.6268949908976765,0.627475,0.627,0.628,True,0.0022896956555814537,-8.091910902936522e-06,0,0.6278545157125921,0.6277848082315757,0.21430453262400562,0.0,0.622412364711582,0.6224137917429186,59.07353062225578,41.45432599793813,0,-1
2023-06-29 22:24:00,2023-06-29 22:26:59,0.6272,0.6262,0.6261,0.6278,0.6271849954488382,0.6268250000000001,0.6261,0.6278,True,0.002247574537325638,-3.588999530309428e-05,0,0.6278196619720839,0.6277536018558441,-1.9010116918544284,-0.0,0.6224562715303722,0.6224514654569193,57.44138930627989,53.180614138334285,0,-2
2023-06-29 22:27:00,2023-06-29 22:29:59,0.6261,0.6254,0.6253,0.6261,0.6270049977244192,0.625725,0.6253,0.6270049977244192,True,0.0021513192132309503,-0.00010295064831590821,0,0.627786631913964,0.6277151144906911,-5.224781060134006,-0.0,0.6224887961917616,0.6224808041090892,43.1527452827498,53.222555070428484,0,-2
2023-06-29 22:30:00,2023-06-29 22:32:59,0.6251,0.6249,0.6238,0.6261,0.6263649988622095,0.6249750000000001,0.6238,0.6263649988622095,True,0.0021619392694287374,-0.00017164535612784976,0,0.6277508732023275,0.6276660130180187,-8.576505942637603,-8.576505942637603,0.6225135345381122,0.6225048757099938,22.797149971978385,41.130428187002686,0,-2
2023-06-29 22:33:00,2023-06-29 22:35:59,0.625,0.626,0.6234,0.6264,0.6256699994311048,0.6252,0.6234,0.6264,True,0.0022218007501838277,-0.00012831775517159374,0,0.627708443110173,0.6276104356114515,-6.65690738057048,-0.0,0.622540265537733,0.6225396530661133,12.595345364421469,26.181746873049878,0,-1
2023-06-29 22:36:00,2023-06-29 22:38:59,0.6259,0.6265,0.6254,0.6267,0.6254349997155524,0.626125,0.6254,0.6267,True,0.002155957839456417,-5.5442981968633416e-05,0,0.6276594393608123,0.6275564874604049,-3.716773187535715,-0.0,0.6225759345373576,0.6225790595032663,27.302906168584116,20.898467168327986,0,-1
2023-06-29 22:39:00,2023-06-29 22:41:59,0.6265,0.6273,0.6252,0.6273,0.6257799998577762,0.626575,0.6252,0.6273,True,0.002151960850923815,5.392496173004587e-05,0,0.6276079634106085,0.6275072796539349,0.6879690741690325,0.0,0.6226157262335033,0.6226260340355722,54.954714074357845,31.617655202454472,0,-1
2023-06-29 22:42:00,2023-06-29 22:44:59,0.6274,0.6281,0.6274,0.6281,0.626177499928888,0.62775,0.6274,0.6281,True,0.0020553922187149724,0.00018188841906583927,0,0.6275576215322717,0.6274702033215414,5.722333884451601,5.722333884451601,0.6226668135346625,0.6226805013586013,83.02460232983701,55.094074190926314,0,-1
2023-06-29 22:45:00,2023-06-29 22:47:59,0.6282,0.6283,0.628,0.6309,0.626963749964444,0.62885,0.628,0.6309,True,0.002115721345949618,0.00027468932930706247,0,0.6275139124269065,0.6274504797368847,9.586466935887394,9.586466935887394,0.6227283377780987,0.6227364167679684,95.17462128116199,77.71797922845228,0,-1
2023-06-29 22:48:00,2023-06-29 22:50:59,0.6281,0.6249,0.6249,0.6281,0.6279068749822221,0.6265000000000001,0.6249,0.6281,True,0.002207455535524642,9.328438973542634e-05,0,0.6274821960818956,0.6274284299181798,1.480589029561564,0.0,0.622765866755431,0.6227579449593319,81.39384471084377,86.53102277394758,0,-2
2023-06-29 22:51:00,2023-06-29 22:53:59,0.6247,0.6231,0.6228,0.6247,0.6272034374911111,0.6238250000000001,0.6228,0.6272034374911111,True,0.002199780140130024,-0.00014769632955450077,-1,0.6274553130000377,0.6273863465794864,-6.653248602455243,-0.0,0.6227764053946805,0.6227613484920749,48.06051137751044,74.87632578983872,0,-2
2023-06-29 22:54:00,2023-06-29 22:56:59,0.6232,0.6227,0.6205,0.6238,0.6255142187455556,0.62255,0.6205,0.6255142187455556,True,0.002278367272977877,-0.0003201339348173597,0,0.627420829789762,0.6273200315901585,-12.602149495649911,-12.602149495649911,0.6227741526046837,0.6227607380593179,14.727178044177103,48.060511377510416,0,-2
2023-06-29 22:57:00,2023-06-29 22:59:59,0.6227,0.6231,0.6223,0.624,0.6240321093727779,0.623025,0.6223,0.6240321093727779,True,0.0022370553249080314,-0.0003851344115343579,0,0.6273704306899602,0.6272383528483708,-14.944036556612431,-14.944036556612431,0.622776648598667,0.6227641138000212,3.1815323316930777,21.98974058446019,0,-2
2023-06-29 23:00:00,2023-06-29 23:02:59,0.623,0.6255,0.6226,0.6261,0.6235285546863889,0.6243,0.6226,0.6261,True,0.0023272656588431686,-0.00023998345898549353,0,0.6273043917691655,0.6271538863751736,-9.075359493185118,-9.075359493185118,0.6227918063240534,0.6227913365482797,14.492914528939325,10.800541634936485,0,-1
2023-06-29 23:03:00,2023-06-29 23:05:59,0.6254,0.6222,0.6219,0.6254,0.6239142773431945,0.623725,0.6219,0.6254,True,0.0024181752546400806,-0.0003559454888803429,0,0.6272291390721696,0.6270638595197735,-11.230274133622459,-11.230274133622459,0.6228010918332668,0.6227854526025256,23.178278088595047,13.617574983075798,0,-2
2023-06-29 23:06:00,2023-06-29 23:08:59,0.6222,0.6225,0.621,0.6228,0.6238196386715973,0.622125,0.621,0.6238196386715973,True,0.002374019879308648,-0.0003880803183454911,0,0.6271464992959715,0.626959094914786,-11.873060005156965,-11.873060005156965,0.6227943645513437,0.6227826122781224,21.94074847664406,19.870647031392792,0,-2
2023-06-29 23:09:00,2023-06-29 23:11:59,0.6224,0.6239,0.622,0.6241,0.6229723193357987,0.6231,0.622,0.6241,True,0.002354447030786601,-0.00028851333638392463,0,0.6270527971053788,0.6268501355093856,-8.742009086045044,-8.742009086045044,0.6227974057000866,0.6227937305639122,18.868545722295384,21.329190762511477,0,-1
2023-06-29 23:12:00,2023-06-29 23:14:59,0.624,0.6246,0.6234,0.6247,0.6230361596678993,0.624175,0.6234,0.6247,True,0.0022791293857304207,-0.00015579641375708083,0,0.6269514663073822,0.6267459967287401,-5.043453734333127,-0.0,0.6228111131060559,0.6228117033941221,24.89811173057637,21.902468643171918,0,-1
2023-06-29 23:15:00,2023-06-29 23:17:59,0.6248,0.6254,0.6247,0.6262,0.6236055798339497,0.625275,0.6247,0.6262,True,0.0022306201438925285,-4.942543222782696e-07,0,0.6268487315180612,0.6266539149324601,-0.7966149273884611,-0.0,0.6228356293935577,0.6228374575892054,43.797444427389564,29.188033960087086,0,-1
2023-06-29 23:18:00,2023-06-29 23:20:59,0.6256,0.6246,0.6246,0.6271,0.6244402899169749,0.625475,0.6246,0.6271,True,0.0022498615621859156,5.272372330977532e-05,0,0.6267513232252607,0.6265733296765041,-0.24661561227490836,-0.0,0.6228618917876517,0.6228549953246362,57.496860310689065,42.064138822884985,0,-1
2023-06-29 23:21:00,2023-06-29 23:23:59,0.6246,0.6256,0.6245,0.6261,0.6249576449584875,0.6252,0.6245,0.6261,True,0.0022034428791726313,0.00016089426567313754,0,0.6266623264508825,0.6265004618356983,2.5945276746212897,0.0,0.6228851565459835,0.622882308803993,63.146266408293464,54.81352371545734,0,-1
2023-06-29 23:24:00,2023-06-29 23:26:59,0.6255,0.6249,0.6249,0.6262,0.6250788224792437,0.625375,0.6249,0.6262,True,0.0021389112449460125,0.0001829025736739872,0,0.6265813941432904,0.6264353706071002,2.3014280099879514,0.0,0.6229099311077151,0.6229023853333064,63.74716825579329,61.46343165825859,0,-1
2023-06-29 23:27:00,2023-06-29 23:29:59,0.625,0.6258,0.625,0.6262,0.6252269112396218,0.6255,0.625,0.6262,True,0.0020789890131641523,0.00025763190069319356,0,0.6265083823751953,0.6263777061879665,4.4881544746803215,4.4881544746803215,0.622935702937489,0.6229312173200398,75.14190626292954,67.34511364233875,0,-1
2023-06-29 23:30:00,2023-06-29 23:32:59,0.6258,0.6255,0.6254,0.6269,0.6253634556198109,0.6259,0.6254,0.6269,True,0.0020376326550810026,0.000280385448345143,0,0.6264430442815809,0.6263290290127792,4.849322374371724,4.849322374371724,0.6229651984306483,0.6229567773467061,88.11090393072176,75.66665948314818,0,-1
2023-06-29 23:33:00,2023-06-29 23:35:59,0.6255,0.6252,0.6248,0.6262,0.6256317278099055,0.625425,0.6248,0.6262,True,0.0019920874654323563,0.00026805570352653435,0,0.6263860366471801,0.6262845025299969,3.9257688349890216,3.9257688349890216,0.6229896740681543,0.622979097970122,95.42328301744999,86.22536440370042,0,-1
2023-06-29 23:36:00,2023-06-29 23:38:59,0.6251,0.6257,0.6248,0.6259,0.6255283639049527,0.625375,0.6248,0.6259,True,0.0019283669321871874,0.000288016617419131,0,0.6263352695885884,0.6262432063623862,5.093904371160001,5.093904371160001,0.6230134086545408,0.6230061716221605,89.92361883050354,91.15260192622509,0,-1
2023-06-29 23:39:00,2023-06-29 23:41:59,0.6258,0.6248,0.6247,0.6261,0.6254516819524764,0.62535,0.6247,0.6261,True,0.0018906264370309566,0.00023148799514883741,0,0.6262892379754873,0.6262045652536676,2.152396345592109,0.0,0.6230366583196697,0.623024020660746,84.13766300516896,89.82818828437416,0,-2
2023-06-29 23:42:00,2023-06-29 23:44:59,0.6246,0.6249,0.6246,0.6257,0.6254008409762382,0.62495,0.6246,0.6257,True,0.0018341531201001731,0.00019623805499576494,0,0.6262469016145774,0.6261655351852002,0.6437512058271864,0.0,0.6230556965453447,0.6230426871218331,78.22126129855567,84.09418104474273,0,-2
2023-06-29 23:45:00,2023-06-29 23:47:59,0.625,0.6246,0.6239,0.6257,0.625175420488119,0.6248,0.6239,0.6257,True,0.001831713611521591,0.00014857912450396034,0,0.6262062183998889,0.6261254375142443,-1.6851900509702062,-0.0,0.6230730527986248,0.6230581827723621,71.44033839553504,77.93308756641989,0,-2
2023-06-29 23:48:00,2023-06-29 23:50:59,0.6246,0.6246,0.6227,0.6247,0.6249877102440595,0.62415,0.6227,0.6249877102440595,True,0.0018437340678414773,0.00011536604101617526,0,0.6261658279570667,0.6260803147337541,-3.237817555501799,-0.0,0.6230837686911758,0.6230735242373138,49.85669025302777,66.50609664903949,0,-2
2023-06-29 23:51:00,2023-06-29 23:53:59,0.6245,0.6265,0.6244,0.6266,0.6245688551220298,0.6255,0.6244,0.6266,True,0.0018691816344242353,0.0002230812010687366,0,0.6261230713454105,0.6260408076751264,3.8378534066477314,3.8378534066477314,0.6231078107937511,0.6231076185235096,56.906843915541394,59.401290854701394,0,-1
2023-06-29 23:54:00,2023-06-29 23:56:59,0.6264,0.6258,0.6256,0.6269,0.6250344275610149,0.626175,0.6256,0.6269,True,0.0018285258033939305,0.00023842466534907292,0,0.6260819395102685,0.6260106241920892,4.921667967451029,4.921667967451029,0.6231383300893357,0.6231344083889473,69.18743100550849,58.65032172469254,0,2
2023-06-29 23:57:00,2023-06-29 23:59:59,0.6258,0.626,0.6242,0.626,0.6256047137805074,0.6255,0.6242,0.626,True,0.0018264882460086516,0.0002546831313290845,0,0.6260462818511788,0.6259833570986374,6.389460297817934,6.389460297817934,0.6231618292924269,0.623162921738311,85.35556973098369,70.48328155067784,1,2
